a,b,cross source,similarity,votes,inliers,scale,alignment,overlap,duplicate
(0001)aria_d_26,(0018)aria_d_26,False,-0.264,2,2,1.1504922174475065,0.003523831022903323,0.937748502994012,False
(0001)aria_d_26,1160,True,0.034,1,2,0.24237032288994542,,,False
(0001)aria_d_26,1505,True,0.073,1,2,0.5075648062682157,,,False
(0001)aria_d_26,1507,True,0.0,0,0,,,,False
(0001)aria_d_26,1608,True,0.523,0,3,0.5441571076784689,,,False
(0001)aria_d_26,1630,True,0.03,2,2,3.6579021013502593,,,False
(0001)aria_d_26,1708,True,0.542,0,0,,,,False
(0001)aria_d_26,574,True,0.063,3,3,2.064583561216191,,,False
(0001)aria_d_26,817,True,0.094,1,4,0.7205561391756856,0.026020249351859093,0.41282105048093726,False
(0001)aria_d_26,aria_c_25_1,False,0.53,0,0,,,,False
(0001)aria_d_26,aria_d_4_5,False,0.486,0,2,0.36284805800632547,,,False
(0001)aria_d_27,1482,True,-0.147,1,2,1.837182561606453,,,False
(0001)aria_d_27,1665,True,0.313,1,3,1.3545965973402811,0.022363878786563873,0.9126666176960848,False
(0001)aria_d_27,1774,True,0.125,1,3,1.4503257192572268,0.002441153861582279,1.0,False
(0001)aria_d_27,648,True,-0.143,1,4,1.159420831198457,0.025618666782975197,0.890553777782607,False
(0001)aria_d_27,9,True,-0.183,1,2,2.639348347821644,,,False
(0001)aria_d_27,961,True,0.421,0,2,2.6190314575070994,,,False
(0001)aria_d_27,aria_c_4_1,False,0.423,0,3,0.8564931190442608,0.025745244696736336,0.693339309599021,False
(0001)aria_d_27,aria_d_24_6,False,0.176,1,3,0.48486119510255415,,,False
(0001)aria_d_27,aria_d_6_3,False,0.481,0,2,0.4820283516145111,,,False
(0003)aria_d_29,123,True,0.023,1,0,,,,False
(0003)aria_d_29,131,True,0.144,1,0,,,,False
(0003)aria_d_29,1684,True,0.618,0,0,,,,False
(0003)aria_d_29,1730,True,0.611,0,0,,,,False
(0003)aria_d_29,1754,True,0.322,1,0,,,,False
(0003)aria_d_29,1897,True,0.667,0,0,,,,False
(0003)aria_d_29,960,True,0.582,0,0,,,,False
(0004)aria_d_28,1891,True,0.314,0,0,,,,False
(0004)aria_d_28,191,True,-0.028,1,0,,,,False
(0004)aria_d_28,309,True,-0.061,1,0,,,,False
(0004)aria_d_28,326,True,-0.139,1,3,1.1593569903185745,0.007655761670321226,0.9516796104368997,False
(0004)aria_d_28,365,True,-0.039,1,0,,,,False
(0004)aria_d_28,aria_a_11_6,False,0.31,0,0,,,,False
(0004)aria_d_28,aria_c_34_1,False,0.407,0,0,,,,False
(0007)aria_d_28,1115,True,-0.084,1,2,1.663259814528841,,,False
(0007)aria_d_28,1552,True,0.433,0,0,,,,False
(0007)aria_d_28,639,True,0.419,0,2,1.218772834718551,-0.012386688031256199,0.7281993022053757,False
(0007)aria_d_28,648,True,-0.068,1,0,,,,False
(0007)aria_d_28,aria_c_46_12,False,0.48,0,0,,,,False
(0007)aria_d_28,im0362,True,-0.075,1,0,,,,False
(0007)aria_d_28,im0381,True,0.153,1,0,,,,False
(0018)aria_d_26,(0026)aria_d_27,False,0.376,0,0,,,,False
(0018)aria_d_26,1302,True,-0.117,1,0,,,,False
(0018)aria_d_26,1432,True,0.1,1,3,2.262953022220489,,,False
(0018)aria_d_26,1653,True,0.504,0,0,,,,False
(0018)aria_d_26,1655,True,0.503,0,3,1.0622227097494485,0.024555599316954613,0.6391558015627338,False
(0018)aria_d_26,aria_c_44_12,False,0.041,1,3,2.983289814235161,,,False
(0018)aria_d_26,aria_d_18_2,False,0.41,0,2,0.6161924281881697,,,False
(0018)aria_d_26,aria_d_7_17,False,0.563,0,2,0.7336476343070476,0.016895418986678123,0.16518607870983842,False
(0018)aria_d_26,im0027,True,0.247,1,3,2.104055924139394,,,False
(0018)aria_d_26,im0251,True,0.042,1,2,0.9892364511342773,0.0012349978787824512,0.6653330720576548,False
(0024)aria_d_30,1212,True,-0.097,1,2,3.566099831264576,,,False
(0024)aria_d_30,1269,True,-0.115,1,3,0.2189973832974361,,,False
(0024)aria_d_30,1735,True,0.041,1,3,0.37691752721995314,,,False
(0024)aria_d_30,1835,True,0.575,0,0,,,,False
(0024)aria_d_30,259,True,0.558,0,0,,,,False
(0024)aria_d_30,58,True,0.055,1,0,,,,False
(0024)aria_d_30,777,True,0.102,1,0,,,,False
(0024)aria_d_30,811,True,0.544,0,0,,,,False
(0024)aria_d_30,917,True,0.051,1,2,0.2980044540369144,,,False
(0024)aria_d_30,aria_c_45_2,False,-0.023,2,0,,,,False
(0024)aria_d_30,aria_d_8_23,False,0.036,1,0,,,,False
(0024)aria_d_30,im0011,True,0.433,0,2,0.9746761076609914,0.009546816349029541,0.5491424285170506,False
(0026)aria_d_27,1164,True,-0.018,1,2,0.3284225248485203,,,False
(0026)aria_d_27,431,True,0.376,0,3,1.6473244679231165,,,False
(0026)aria_d_27,489,True,0.377,0,2,0.44298932809385655,,,False
(0026)aria_d_27,61,True,0.126,1,2,0.9662412019850052,-0.005970733240246773,0.48228898917645546,False
(0026)aria_d_27,im0045,True,-0.068,2,2,0.6034013662355306,,,False
(0026)aria_d_27,im0349,True,0.094,2,2,1.0461717969223967,-0.03985784202814102,0.41779608256309564,False
(0031)aria_c_37,1457,True,-0.041,2,2,1.4653010813101157,-0.0274164117872715,0.41912793596500164,False
(0031)aria_c_37,1846,True,0.021,1,3,0.6046151860803285,,,False
(0031)aria_c_37,433,True,-0.016,2,4,0.2284255659630718,,,False
(0031)aria_c_37,964,True,0.392,0,2,0.5992619126538419,,,False
(0031)aria_c_37,aria_d_12_2,False,-0.038,1,0,,,,False
(0031)aria_c_37,im0018,True,-0.111,1,0,,,,False
(0031)aria_c_37,im0253,True,0.355,0,0,,,,False
(0031)aria_c_37,im0346,True,0.437,0,3,0.09271132977712314,,,False
1,1545,False,0.057,2,2,2.077151049498159,,,False
1,1713,False,0.054,1,0,,,,False
1,1815,False,0.025,2,3,2.939814186643977,,,False
1,391,False,0.499,0,2,1.8380824743593491,,,False
1,408,False,0.545,0,0,,,,False
1,418,False,0.201,1,0,,,,False
1,478,False,0.558,0,3,2.5397077066283256,,,False
1,85,False,0.053,1,3,0.0,,,False
1,im0037,True,-0.265,1,2,4.314530393264575,,,False
10,1295,False,0.693,0,2,1.2322324772651772,0.013890188187360764,0.9973356538928461,False
10,1338,False,0.714,0,3,0.4552332888358492,,,False
10,1394,False,0.527,2,2,1.250339238799541,-0.0024227791000157595,0.8910895873377216,False
10,1540,False,-0.033,1,3,1.2486550086526924,0.020792677998542786,0.9783751991457432,False
10,1636,False,-0.059,1,3,0.46629210500212415,,,False
10,1766,False,0.067,1,0,,,,False
10,443,False,0.757,0,2,0.27585486072689325,,,False
10,726,False,0.048,1,2,1.277767709145242,-0.009766011498868465,0.7066786955144212,False
10,aria_a_13_22,True,0.336,0,2,4.298319734448531,,,False
10,im0225,True,0.536,0,2,0.7503401274041598,-0.010676677338778973,0.25243035521832374,False
10,im0372,True,0.117,1,0,,,,False
100,102,False,0.516,0,0,,,,False
100,108,False,0.407,0,0,,,,False
100,1081,False,0.209,1,0,,,,False
100,123,False,0.458,1,0,,,,False
100,132,False,0.685,0,0,,,,False
100,1479,False,0.443,0,0,,,,False
100,167,False,0.61,0,0,,,,False
100,183,False,0.54,1,0,,,,False
100,23,False,0.639,0,0,,,,False
100,279,False,0.359,1,0,,,,False
100,550,False,0.532,1,3,3.2190214204600145,,,False
1000,1002,False,0.065,10,16,1.0235379669371891,0.1250782608985901,0.544463248998479,False
1000,1052,False,0.626,2,3,0.8692616293876075,0.025436043739318848,0.7544603590005321,False
1000,1316,False,0.84,0,0,,,,False
1000,1462,False,0.819,0,2,0.09764521536758113,,,False
1000,331,False,0.89,0,5,1.0012778115312955,-0.00028379340074025095,0.9939277314517854,False
1000,663,False,0.848,0,0,,,,False
1000,712,False,0.803,2,0,,,,False
1000,741,False,0.854,0,2,1.1808021832373066,0.021133141592144966,0.9972148129104134,False
1000,825,False,0.882,0,3,1.0045533737862773,-0.01848350465297699,0.9918811019348877,False
1000,866,False,0.644,2,3,0.9444104713764062,0.03015049733221531,0.8669667281250376,False
1000,874,False,0.827,0,0,,,,False
1000,912,False,0.755,0,0,,,,False
1000,aria_c_36_44,True,0.141,1,0,,,,False
1000,im0060,True,0.562,0,0,,,,False
1000,im0289,True,0.632,0,0,,,,False
1001,1053,False,0.759,0,2,0.947665540840823,-0.00917377881705761,0.867289899768697,False
1001,1066,False,0.78,0,3,0.3250238711501178,,,False
1001,1077,False,0.811,1,4,0.9526124701093183,0.02747475355863571,0.9089312189776316,False
1001,1081,False,0.864,0,3,1.0190119542618963,0.009383069351315498,0.9996993014127464,False
1001,1083,False,0.717,0,2,5.158852648341728,,,False
1001,1100,False,0.92,0,4,0.9952819675881253,0.04495702683925629,0.9889687088008179,False
1001,1106,False,0.9,0,5,0.962910679134325,0.008153190836310387,0.9267823149314959,False
1001,1124,False,0.861,1,5,0.9596397984194327,-0.00643943389877677,0.9220828766092807,False
1001,1133,False,0.899,0,3,1.044958804977357,0.04142710939049721,1.0,False
1001,1198,False,0.885,0,2,1.1553788788694235,-0.01919024996459484,0.9552408784219347,False
1001,1247,False,0.75,0,3,1.0382960983218212,0.03071315586566925,0.9943783459033805,False
1001,1319,False,0.856,0,4,1.02112078312436,-0.010870521888136864,0.9937893866683843,False
1001,1332,False,0.864,0,2,4.7076045430162905,,,False
1001,1371,False,0.85,0,3,0.3883826680723409,,,False
1001,1450,False,0.904,0,4,1.0109405624895447,0.027105972170829773,0.9977900196859897,False
1001,1691,False,0.278,1,0,,,,False
1001,260,False,0.904,0,4,0.9808076832371888,-0.005017803981900215,0.9627133220457417,False
1001,350,False,0.848,0,4,0.9773682341758361,0.00871077086776495,0.8839908562106935,False
1001,356,False,0.906,0,3,1.6751303860329314,,,False
1001,674,False,0.881,0,4,1.0064765563217128,0.02811548300087452,0.9928763917071967,False
1001,756,False,0.865,0,5,0.9764379239699083,-0.02249244973063469,0.9801649700681399,False
1001,787,False,0.919,0,4,1.0030768911011911,0.021605398505926132,0.9974853221093268,False
1001,880,False,0.845,0,2,0.9002991158264105,0.012540692463517189,0.7674622278578951,False
1001,905,False,0.872,1,6,0.9364020626897578,-0.03203967213630676,0.8768555535310447,False
1001,im0274,True,-0.015,1,0,,,,False
1002,1074,False,0.847,0,3,0.8995312768663976,-0.013529426418244839,0.8106384120171674,False
1002,1082,False,0.905,1,3,0.961961086402185,-0.0072190831415355206,0.9240389615262968,False
1002,1180,False,0.727,1,0,,,,False
1002,1208,False,0.887,0,4,0.5702186613532905,,,False
1002,1210,False,0.823,0,4,0.9987701366515619,0.026339806616306305,0.9928114287553579,False
1002,1339,False,0.784,0,0,,,,False
1002,1383,False,0.721,0,3,0.9239937827813491,0.011265887878835201,0.8532209576980889,False
1002,1394,False,0.788,0,2,0.8228413682904844,-0.01204574853181839,0.62142021110956,False
1002,1397,False,0.845,0,2,0.6756902290301253,0.012958315201103687,0.4493882509783684,False
1002,1480,False,0.816,0,0,,,,False
1002,1637,False,0.148,2,0,,,,False
1002,1719,False,0.231,1,4,0.08098406224736623,,,False
1002,178,False,0.526,2,4,0.9947904497760631,-0.027241142466664314,0.9830007746347197,False
1002,1850,False,0.041,1,3,0.7199963771078229,-0.009317304007709026,0.5203249409955754,False
1002,351,False,0.877,0,3,1.0117444629784913,0.05658551678061485,0.9776844527851416,False
1002,414,False,0.14,2,4,1.126113080378965,-0.010136481374502182,0.7430142080261376,False
1002,584,False,0.765,1,0,,,,False
1002,755,False,0.859,0,4,1.0169058903033357,-0.026352407410740852,0.9746656489206158,False
1002,904,False,0.85,0,4,0.9883063826464686,0.009412196464836597,0.9788000494647591,False
1003,1022,False,0.796,0,3,0.2607257027188631,,,False
1003,1050,False,0.363,0,0,,,,False
1003,16,False,0.355,1,0,,,,False
1003,1906,False,0.203,1,0,,,,False
1003,307,False,0.771,0,0,,,,False
1003,618,False,0.788,0,3,0.9829013148250954,0.004391002934426069,0.3841844222343628,False
1003,864,False,0.443,0,0,,,,False
1003,aria_c_1_8,True,0.048,1,0,,,,False
1003,aria_d_20_17,True,0.022,1,3,0.6916115792209823,-0.005263073369860649,0.5883628956522889,False
1004,238,False,0.624,1,2,1.2952699535714427,0.015805575996637344,0.9592758726024534,False
1004,715,False,0.737,0,0,,,,False
1004,797,False,0.739,0,0,,,,False
1004,841,False,0.734,0,0,,,,False
1004,im0164,True,-0.112,1,2,0.6096355565278798,,,False
1004,im0178,True,0.227,1,0,,,,False
1004,im0243,True,0.02,1,2,0.3345907982691784,,,False
1005,1039,False,0.522,0,0,,,,False
1005,1079,False,0.379,1,0,,,,False
1005,1409,False,0.379,2,0,,,,False
1005,269,False,0.512,0,2,1.1372450684151572,-0.015871776267886162,0.40808183868542586,False
1005,349,False,0.515,0,2,1.0580390639596033,-0.001292708097025752,0.7600796148363324,False
1005,485,False,0.152,1,0,,,,False
1005,im0282,True,-0.023,1,0,,,,False
1006,117,False,0.513,1,0,,,,False
1006,1193,False,0.689,0,4,0.980451849971848,-0.008206868544220924,0.9608207352688541,False
1006,1270,False,0.239,1,2,1.337916797544484,-0.004493348300457001,0.9653290477756985,False
1006,1295,False,0.665,0,3,0.6062499319033048,,,False
1006,178,False,0.283,3,3,0.9165078907447257,-0.00589810311794281,0.4328605390389187,False
1006,209,False,0.664,0,0,,,,False
1006,aria_c_1_8,True,0.08,1,3,0.5988474994918115,,,False
1006,im0099,True,-0.464,1,0,,,,False
1007,1268,False,0.497,0,0,,,,False
1007,270,False,0.504,0,0,,,,False
1007,808,False,0.503,0,0,,,,False
1007,831,False,0.318,1,0,,,,False
1007,965,False,0.342,1,0,,,,False
1007,im0096,True,-0.043,1,0,,,,False
1007,im0124,True,0.148,1,0,,,,False
1008,1362,False,0.836,0,0,,,,False
1008,1431,False,0.732,0,0,,,,False
1008,1911,False,-0.048,1,0,,,,False
1008,217,False,0.831,0,0,,,,False
1008,300,False,0.667,2,0,,,,False
1008,364,False,0.834,0,3,0.9939158993258148,-0.008265976794064045,0.9623317085740053,False
1008,667,False,0.877,0,0,,,,False
1008,743,False,0.879,0,0,,,,False
1008,798,False,0.916,0,0,,,,False
1008,830,False,0.493,1,0,,,,False
1008,834,False,0.7,0,0,,,,False
1009,1488,False,0.638,0,0,,,,False
1009,1602,False,0.213,1,0,,,,False
1009,1654,False,0.181,2,0,,,,False
1009,246,False,0.696,0,0,,,,False
1009,313,False,0.255,1,3,0.0974429028768245,,,False
1009,54,False,0.206,1,0,,,,False
1009,649,False,0.646,0,2,0.9924475497462998,0.011159501038491726,0.5730597680642283,False
1009,678,False,0.451,1,2,0.22638494207724177,,,False
1009,im0044,True,0.025,1,0,,,,False
101,1151,False,0.338,2,2,2.6751357406543423,,,False
101,1195,False,0.249,2,0,,,,False
101,1221,False,0.627,0,0,,,,False
101,168,False,0.618,0,3,0.32794140502260394,,,False
101,1900,False,-0.119,1,3,0.8973271892043752,-0.00330511387437582,0.8509924453508747,False
101,203,False,0.298,1,4,0.26113474457064606,,,False
101,479,False,0.047,1,2,0.9622260189921549,0.017300061881542206,0.7110312777736136,False
101,63,False,0.174,1,6,1.0205119798963078,0.0312797948718071,0.9467360124393448,False
101,709,False,0.685,0,0,,,,False
101,im0246,True,0.006,2,0,,,,False
1010,105,False,0.763,0,2,2.635646421358531,,,False
1010,19,False,0.145,1,3,0.4455079966890777,,,False
1010,265,False,0.796,0,3,0.9683978163257845,-0.005090573336929083,0.9409886464766323,False
1010,697,False,0.649,1,3,0.9168766242764556,0.005726202856749296,0.8071093283722531,False
1010,805,False,0.872,0,5,0.9974934752354045,0.0291967261582613,0.987972194765568,False
1010,823,False,0.646,1,2,1.0554671094854824,0.01348747406154871,0.5606353917962617,False
1010,836,False,0.857,0,4,0.9852359694796126,0.0072157252579927444,0.9750039132288726,False
1010,867,False,0.85,1,5,0.974217540337321,0.003133127698674798,0.9503646808235977,False
1010,934,False,0.836,0,3,1.2770264972421526,0.004697106778621674,0.8692125463990072,False
1010,im0230,True,0.084,1,0,,,,False
1010,im0248,True,0.063,1,3,1.24654751857641,-0.002674707444384694,0.9261145813785153,False
1011,1031,False,-0.009,1,0,,,,False
1011,109,False,0.348,2,0,,,,False
1011,1254,False,0.57,0,0,,,,False
1011,191,False,0.615,0,0,,,,False
1011,371,False,0.499,2,0,,,,False
1011,749,False,0.57,0,0,,,,False
1012,1042,False,0.281,1,0,,,,False
1012,247,False,0.801,0,0,,,,False
1012,383,False,0.403,1,0,,,,False
1012,609,False,0.633,0,0,,,,False
1012,629,False,0.812,0,0,,,,False
1012,846,False,0.709,1,0,,,,False
1012,849,False,0.794,0,0,,,,False
1013,1474,False,0.494,0,0,,,,False
1013,335,False,0.579,0,0,,,,False
1013,353,False,0.606,0,0,,,,False
1013,933,False,0.071,1,0,,,,False
1014,127,False,0.62,0,3,0.18429879167199933,,,False
1014,1270,False,0.814,0,2,1.1663496473574373,-0.018115004524588585,0.9498837830112873,False
1014,1283,False,0.813,0,3,1.1153441074154176,-0.001377200591377914,0.8865486830295962,False
1014,1319,False,0.799,0,4,0.9583297540009147,0.00825698021799326,0.9167230291904195,False
1014,1339,False,0.295,1,0,,,,False
1014,333,False,0.272,1,2,0.7292196927453817,0.003481535706669092,0.21285876578140742,False
1014,390,False,0.753,0,2,1.1968658500093756,0.005562434438616037,0.9307123019376796,False
1014,418,False,0.745,0,2,2.9371555281122723,,,False
1014,520,False,0.756,1,2,0.6992932325745159,-0.004247271455824375,0.487565227640447,False
1014,53,False,0.727,0,2,0.2973561747289371,,,False
1014,83,False,0.363,1,2,0.9691853738986491,0.0005254562711343169,0.8250736055173301,False
1014,847,False,0.23,2,4,0.42521701394159905,,,False
1014,aria_d_3_2,True,0.135,1,3,0.711379529950765,0.002752016531303525,0.5563508491907125,False
1014,im0350,True,0.052,1,2,0.11175051721412961,,,False
1015,1321,False,0.16,2,2,0.1730484824353472,,,False
1015,1378,False,0.618,0,0,,,,False
1015,1438,False,0.681,0,2,1.5427437910009008,,,False
1015,1475,False,0.189,1,3,0.18509948475237503,,,False
1015,234,False,0.221,1,3,0.8484425222758316,0.0004469793348107487,0.2071088389613884,False
1015,458,False,0.676,0,0,,,,False
1015,98,False,0.704,0,0,,,,False
1015,aria_c_24_12,True,0.547,0,3,1.983309168993112,,,False
1016,1077,False,0.878,0,5,0.9139424455395525,0.006645616609603167,0.8370506456950085,False
1016,1117,False,0.865,0,0,,,,False
1016,1147,False,0.838,0,4,0.9953742811874741,0.004936670418828726,0.9901900113544027,False
1016,1176,False,0.834,0,0,,,,False
1016,1297,False,0.859,0,4,1.0206495882878515,0.01331194769591093,0.9932202297170977,False
1016,1310,False,0.775,1,4,1.3761309184099249,0.03211040794849396,1.0,False
1016,1375,False,0.749,0,3,2.4060751954630706,,,False
1016,1409,False,0.826,0,2,0.24218571033624745,,,False
1016,1437,False,0.686,1,3,0.6952330491863995,0.0008905501454137266,0.4519388576025744,False
1016,1449,False,0.862,0,4,0.9110899655983872,0.005292304791510105,0.8193507463890038,False
1016,1611,False,0.246,1,3,0.567745877275111,,,False
1016,1859,False,0.823,0,4,0.9358615268036825,0.004219159483909607,0.858979925491142,False
1016,191,False,0.768,0,2,0.825085282742164,0.010117290541529655,0.6163871272360472,False
1016,258,False,0.855,0,4,0.9586657060920504,-0.00930148083716631,0.9199609198857658,False
1016,342,False,0.652,1,3,0.9969566507333233,0.012201827950775623,0.9487671835359869,False
1016,553,False,0.276,1,0,,,,False
1016,650,False,0.785,0,3,0.9365853424264106,0.008122899569571018,0.8771577033831502,False
1016,85,False,0.794,0,3,0.43064580867452285,,,False
1016,903,False,0.694,1,3,0.7311666547745445,-0.01190293487161398,0.5345554930181448,False
1016,97,False,0.359,1,3,0.9311630004392967,0.019482208415865898,0.7715787215787215,False
1016,973,False,0.839,0,3,0.9354204737373373,0.014341014437377453,0.7803042915527677,False
1016,988,False,0.829,0,3,0.9786710955830406,-0.001965078292414546,0.9297550858113118,False
1017,1247,False,0.323,1,2,0.03875808032374777,,,False
1017,1277,False,0.855,0,2,2.6039027375349018,,,False
1017,1348,False,0.774,2,2,0.45188965730366787,,,False
1017,263,False,0.795,2,3,0.9468360286429984,0.012178690172731876,0.8979479063279594,False
1017,269,False,0.801,0,5,1.0113878521214121,0.019339025020599365,0.9935130490817313,False
1017,317,False,0.851,0,4,0.9929385417011891,0.009801128879189491,0.9793566172526977,False
1017,818,False,0.827,0,2,2.123833593889903,,,False
1017,im0222,True,0.112,1,2,1.2158746421253945,0.004708495922386646,0.8398323370047727,False
1018,1038,False,0.516,0,3,0.17527344812114082,,,False
1018,1160,False,0.526,2,2,1.2211547397471454,-0.004177473485469818,0.5556296878194712,False
1018,1224,False,0.84,0,2,1.2522537973558419,0.013977832160890102,0.90843760749914,False
1018,1670,False,0.327,1,0,,,,False
1018,1807,False,0.118,1,2,0.444537576216905,,,False
1018,275,False,0.011,1,4,0.468101466104081,,,False
1018,928,False,0.851,0,2,1.7924832793275751,,,False
1018,975,False,0.833,0,3,0.823229457798374,-0.0023125919979065657,0.46185174837198306,False
1018,991,False,0.735,0,2,0.44524667572217563,,,False
1018,im0198,True,0.055,2,2,0.9194779633206059,-0.007591736037284136,0.7463796434409762,False
1019,259,False,0.569,0,0,,,,False
1019,388,False,0.542,0,0,,,,False
1019,745,False,0.76,0,0,,,,False
1019,746,False,0.747,0,0,,,,False
1019,919,False,0.77,0,0,,,,False
102,1191,False,0.035,1,0,,,,False
102,148,False,0.363,2,2,2.4940849295612884,,,False
102,1482,False,0.191,1,2,0.7723395330375479,0.0025795099791139364,0.27941762419099514,False
102,437,False,0.514,0,2,0.9172827198197154,0.008170627057552338,0.65395866199631,False
102,510,False,0.522,0,2,0.32170761747713905,,,False
102,56,False,0.427,1,2,1.5959949431991527,,,False
1020,1166,False,0.731,0,0,,,,False
1020,1270,False,0.758,0,0,,,,False
1020,190,False,0.734,0,2,0.9229242499332839,0.002956978278234601,0.5842208332215575,False
1020,529,False,0.313,2,0,,,,False
1020,584,False,0.346,1,0,,,,False
1020,im0307,True,-0.023,1,0,,,,False
1021,1331,False,0.761,0,0,,,,False
1021,194,False,0.828,0,0,,,,False
1021,341,False,0.812,0,0,,,,False
1021,61,False,0.222,1,0,,,,False
1021,844,False,0.786,0,0,,,,False
1022,110,False,0.704,0,0,,,,False
1022,1129,False,0.825,0,0,,,,False
1022,1232,False,0.687,0,0,,,,False
1022,186,False,0.695,1,4,1.0099579837794013,-0.0024411773774772882,0.9996081020867221,False
1022,198,False,0.873,0,0,,,,False
1022,307,False,0.839,0,0,,,,False
1022,618,False,0.876,0,5,1.0073901270477972,0.0450068823993206,0.9911356064744887,False
1022,620,False,0.803,0,0,,,,False
1022,692,False,0.825,0,3,1.0230657109099621,0.020668772980570793,0.9526728118012322,False
1022,723,False,0.821,0,0,,,,False
1022,761,False,0.781,1,0,,,,False
1022,890,False,0.75,0,0,,,,False
1022,986,False,0.565,0,0,,,,False
1023,1102,False,0.779,0,2,0.6547939628830858,,,False
1023,1222,False,0.792,0,4,0.9972684258416774,0.008473950438201427,0.9846403327299371,False
1023,1238,False,0.404,1,0,,,,False
1023,1309,False,0.781,0,2,0.08073264321084815,,,False
1023,1325,False,0.91,0,3,0.9989512907039655,0.02072238177061081,0.9752824555374173,False
1023,1348,False,0.412,1,0,,,,False
1023,1465,False,0.677,1,2,0.9537954080261641,-0.001591955777257681,0.9075660952114886,False
1023,219,False,0.228,1,0,,,,False
1023,279,False,0.875,0,0,,,,False
1023,319,False,0.901,0,5,0.990654440589289,0.07912256568670273,0.9735119239272758,False
1023,604,False,0.892,0,3,1.0050294185081419,0.057637229561805725,0.9854642571187524,False
1023,742,False,0.858,0,4,1.0145563359889178,0.015503456816077232,0.9932516522186937,False
1024,1193,False,0.839,0,4,0.9951853177230854,0.048903584480285645,0.9721697302868922,False
1024,1253,False,0.868,0,4,0.9807464606680556,-0.00421299459412694,0.9605717471959511,False
1024,1329,False,0.798,0,3,0.7276158932214833,0.000836361141409725,0.5247254368598668,False
1024,1370,False,0.866,0,3,0.03581688751026631,,,False
1024,1481,False,0.262,1,2,0.9450590682373142,-0.014449132606387138,0.7231094448418867,False
1024,1484,False,0.47,2,3,0.917361302464592,-0.015183265320956707,0.8299920454056843,False
1024,1596,False,0.223,1,4,0.8909592050856149,-0.005862480029463768,0.5445468836300293,False
1024,255,False,0.591,1,2,0.38817364125489634,,,False
1024,312,False,0.854,0,3,0.9393352293738003,0.046483103185892105,0.8827481914853683,False
1024,581,False,0.832,0,3,1.0358722865932968,0.017880193889141083,0.9986724905789653,False
1024,766,False,0.884,0,6,1.0035834797740188,-0.002719799755141139,0.9940732960726208,False
1024,836,False,0.868,0,3,1.0052481028549238,0.0023577213287353516,0.9847141183900167,False
1024,854,False,0.851,0,5,1.0357159238635316,-0.009058182127773762,0.9972524235445342,False
1024,940,False,0.792,0,4,0.996858189903196,0.00938788428902626,0.9840058102001291,False
1024,956,False,0.873,0,4,0.9408974494526688,0.00039836560608819127,0.5754350678684363,False
1024,im0366,True,-0.064,1,2,0.558871140515662,,,False
1025,1069,False,0.458,1,2,1.2138517307082,0.0065521723590791225,0.7260492933193875,False
1025,1601,False,0.03,1,0,,,,False
1025,1681,False,0.149,1,4,0.5451444113900082,,,False
1025,1738,False,0.032,1,2,1.7215073762074842,,,False
1025,745,False,0.583,0,2,1.074915155974687,-0.004243419039994478,0.6468306904490393,False
1025,749,False,0.595,0,3,0.11245316421195772,,,False
1025,763,False,0.606,0,0,,,,False
1025,910,False,0.43,1,0,,,,False
1026,1048,False,0.371,1,2,0.5118006584560424,,,False
1026,1089,False,0.589,0,2,0.43537645348233583,,,False
1026,1411,False,0.242,2,0,,,,False
1026,1464,False,0.419,1,0,,,,False
1026,349,False,0.498,1,3,1.5018614958181022,,,False
1026,496,False,0.011,1,2,1.7451608268648038,,,False
1026,656,False,0.567,0,3,0.9753367759514818,-0.008915809914469719,0.6164565432693595,False
1026,729,False,0.555,0,3,1.050722858403493,0.002228392753750086,0.9488993584280684,False
1026,760,False,0.257,1,2,0.932147826101995,-0.003156384453177452,0.772004903120363,False
1027,1215,False,0.821,0,0,,,,False
1027,1220,False,0.746,0,2,0.8425528210944648,-0.0015319689409807324,0.4133556661459256,False
1027,1231,False,0.799,0,0,,,,False
1027,1324,False,0.812,0,0,,,,False
1027,1337,False,0.499,1,0,,,,False
1027,1441,False,0.624,0,0,,,,False
1027,221,False,0.232,1,0,,,,False
1027,254,False,0.465,1,0,,,,False
1027,329,False,0.832,0,0,,,,False
1027,369,False,0.799,0,0,,,,False
1027,616,False,0.738,0,0,,,,False
1027,624,False,0.795,0,0,,,,False
1027,707,False,0.794,0,0,,,,False
1028,1056,False,0.555,1,0,,,,False
1028,1068,False,0.545,0,3,0.910362058839514,0.005059364717453718,0.6840895913415079,False
1028,1076,False,0.752,0,0,,,,False
1028,1100,False,0.556,1,3,1.2119956267473695,-0.0013242887798696756,0.8398095084349019,False
1028,1335,False,0.812,0,0,,,,False
1028,1890,False,-0.361,1,0,,,,False
1028,359,False,0.434,1,0,,,,False
1028,711,False,0.729,0,2,0.9860222837482434,-0.002228406025096774,0.9678957525844134,False
1028,im0015,True,-0.063,2,2,0.5939214885831614,,,False
1028,im0278,True,0.21,1,0,,,,False
1029,183,False,0.645,0,0,,,,False
1029,236,False,0.654,0,0,,,,False
1029,629,False,0.642,0,0,,,,False
1029,661,False,0.546,2,3,0.8897270362525679,0.00505323288962245,0.43102909314333143,False
1029,706,False,0.371,1,0,,,,False
1029,995,False,0.551,1,0,,,,False
1029,im0166,True,0.012,2,0,,,,False
103,146,False,0.754,0,0,,,,False
103,1659,False,-0.013,1,0,,,,False
103,73,False,0.708,0,0,,,,False
103,968,False,0.725,0,0,,,,False
103,98,False,0.429,1,2,0.27283285179702094,,,False
1030,332,False,0.166,1,2,0.5049748372559137,,,False
1030,369,False,0.619,0,3,0.7995037152167416,0.020152876153588295,0.6392806959207972,False
1030,485,False,0.473,0,0,,,,False
1030,644,False,0.287,1,0,,,,False
1030,761,False,0.457,1,3,0.40828570966616085,,,False
1030,929,False,0.644,0,0,,,,False
1030,980,False,0.638,0,2,1.2917747748219592,-0.00491506839171052,0.6182460359209438,False
1031,1754,False,0.42,0,0,,,,False
1031,221,False,0.445,0,0,,,,False
1031,644,False,0.078,1,0,,,,False
1031,aria_d_13_2,True,-0.072,1,0,,,,False
1031,im0084,True,0.366,0,2,2.549032671922298,,,False
1031,im0097,True,-0.095,1,2,1.1237390528625548,0.00043381546856835485,0.8329818988416354,False
1031,im0246,True,0.46,0,2,3.43751754516793,,,False
1032,1224,False,0.834,0,3,0.8599520444413972,0.007188211195170879,0.48930383556931545,False
1032,1256,False,0.67,0,2,0.548329000648829,,,False
1032,435,False,0.747,0,2,0.1769750516942183,,,False
1032,440,False,0.061,2,3,1.356588682257126,-0.0037921969778835773,0.4388834748712237,False
1032,475,False,0.129,1,3,0.05758054114690685,,,False
1032,768,False,0.689,1,2,2.0851558210945482,,,False
1032,793,False,0.753,1,3,0.8837229493048349,0.010929606854915619,0.7597214099062602,False
1032,872,False,0.819,2,3,0.9857099608872981,-0.021143022924661636,0.9673648528866661,False
1032,892,False,0.701,0,2,2.8536372726253494,,,False
1032,900,False,0.834,0,5,0.9931812220292191,0.008250154554843903,0.9815425888665326,False
1032,aria_c_9_1,True,0.386,1,3,0.08851476273990698,,,False
1032,aria_d_22_2,True,0.37,1,0,,,,False
1033,141,False,0.607,0,0,,,,False
1033,1491,False,0.124,1,0,,,,False
1033,286,False,0.572,0,0,,,,False
1033,600,False,0.576,0,0,,,,False
1033,893,False,0.246,1,0,,,,False
1034,1143,False,0.258,1,0,,,,False
1034,1192,False,0.506,1,0,,,,False
1034,1270,False,0.796,0,0,,,,False
1034,1354,False,0.217,1,0,,,,False
1034,170,False,0.792,1,0,,,,False
1034,246,False,0.54,1,0,,,,False
1034,319,False,0.629,2,0,,,,False
1034,600,False,0.795,0,3,0.0,,,False
1035,1045,False,0.799,0,3,1.096547281907455,-0.006431436166167259,0.8992217250954716,False
1035,123,False,0.804,0,3,1.0473718287154743,-0.016647610813379288,0.7498246421897505,False
1035,1241,False,0.561,1,2,1.1700743178812503,0.00310696242377162,1.0,False
1035,206,False,0.671,1,3,0.9886180857098286,0.007783751934766769,0.7824180771580787,False
1035,548,False,0.419,1,2,0.32285377015933137,,,False
1035,550,False,0.802,0,2,1.010043217672003,-0.03969897702336311,0.8880654161066278,False
1035,81,False,0.404,1,3,0.8149525667981341,-0.0020428630523383617,0.23882895940185797,False
1035,aria_a_43_9,True,0.005,1,3,0.7703476289976557,-0.009329259395599365,0.8007255895415025,False
1036,1156,False,0.818,0,3,1.008258157275623,0.05822722986340523,0.9127709963428584,False
1036,1450,False,0.759,2,3,1.0179885094549233,0.01900835521519184,0.9958267847468446,False
1036,1693,False,0.227,1,2,0.23020524817140084,,,False
1036,1801,False,0.149,1,2,0.5596968716355836,,,False
1036,1847,False,0.475,2,4,0.4549358056190948,,,False
1036,261,False,0.855,0,2,1.342465735892743,0.009178000502288342,0.705230805539762,False
1036,574,False,0.823,0,0,,,,False
1036,725,False,0.378,1,3,1.3399700562345342,0.006523695774376392,0.985825005098919,False
1037,1144,False,0.1,1,0,,,,False
1037,1191,False,0.185,1,0,,,,False
1037,1480,False,0.725,0,0,,,,False
1037,1596,False,0.319,2,2,0.8584729590922219,0.0017758861649781466,0.6033297118822037,False
1037,292,False,0.209,2,0,,,,False
1037,936,False,0.704,0,0,,,,False
1037,989,False,0.728,0,2,1.2109721290115292,-0.010497012175619602,0.318761833756175,False
1037,aria_c_29_2,True,0.485,0,0,,,,False
1038,1068,False,0.257,2,0,,,,False
1038,1348,False,0.15,1,0,,,,False
1038,1438,False,0.07,1,3,0.8789325774339036,0.015755880624055862,0.5495816988553736,False
1038,158,False,0.252,1,2,0.6501431445769198,,,False
1038,1603,False,0.139,1,2,0.16257025045553805,,,False
1038,460,False,-0.089,1,0,,,,False
1038,669,False,0.547,0,3,0.6389355007939256,,,False
1038,681,False,0.5,0,0,,,,False
1038,750,False,0.154,1,0,,,,False
1038,im0334,True,0.136,2,0,,,,False
1039,1115,False,0.37,1,3,0.3480940733887389,,,False
1039,1820,False,0.108,1,3,1.090286769866229,0.004428253974765539,0.722754165988167,False
1039,20,False,0.233,2,3,0.044089053192404984,,,False
1039,387,False,0.702,0,2,0.24181350104900545,,,False
1039,581,False,0.812,0,3,0.14263091938906572,,,False
1039,611,False,0.831,0,3,1.0357656992908317,-0.02162628248333931,0.9910380399742101,False
1039,755,False,0.517,1,3,0.7617289943798842,-0.031205203384160995,0.5804216478885353,False
1039,954,False,0.808,0,3,1.0427041334425164,0.003835042007267475,0.9998443796920864,False
104,1240,False,0.503,1,3,0.5041567486855728,,,False
104,1627,False,0.026,1,0,,,,False
104,1687,False,0.037,1,3,0.6420525461309001,,,False
104,410,False,0.478,1,0,,,,False
104,492,False,0.661,0,2,5.399236283953257,,,False
104,75,False,0.746,0,0,,,,False
104,81,False,0.637,0,2,0.8840777384576475,-0.004865068476647139,0.41424972857914527,False
104,aria_a_5_9,True,0.032,1,4,0.2843455748021854,,,False
104,im0341,True,-0.156,1,0,,,,False
1040,1311,False,0.797,0,2,1.188126943042593,0.005817439407110214,0.93609801668689,False
1040,626,False,0.845,0,3,1.0540667330960343,0.014413147233426571,0.9999194557355571,False
1040,839,False,0.813,0,2,1.8523632594814665,,,False
1040,942,False,0.817,0,2,1.0274122069222984,-0.005216929595917463,0.9823303347145587,False
1040,946,False,0.235,1,3,0.3457067015570023,,,False
1040,954,False,0.605,1,3,0.7495576189215412,0.012197094038128853,0.5628410902007502,False
1040,im0057,True,0.107,2,2,5.2074001014004985,,,False
1041,1065,False,0.324,1,2,1.3357592012111947,0.0074374014511704445,0.6640068778377798,False
1041,1167,False,0.679,0,0,,,,False
1041,1187,False,0.263,1,0,,,,False
1041,119,False,0.664,1,2,2.2212846588017583,,,False
1041,1226,False,0.604,0,3,1.0508583051127354,-0.0187633465975523,0.8761098459477562,False
1041,134,False,0.768,1,5,1.0296219273753264,0.01564859412610531,0.9996132608555529,False
1041,1378,False,0.642,0,0,,,,False
1041,1391,False,0.633,0,0,,,,False
1041,140,False,0.832,0,4,0.2539900917390776,,,False
1041,1438,False,0.711,0,0,,,,False
1041,1747,False,-0.074,1,0,,,,False
1041,1776,False,-0.134,1,3,1.3818551258255132,0.03243843838572502,0.7525573768734896,False
1041,203,False,0.685,3,4,0.986715768446924,-0.008837862871587276,0.9733549321091635,False
1041,36,False,0.687,0,2,5.246927445099939,,,False
1041,734,False,0.204,1,0,,,,False
1041,844,False,0.867,0,3,0.15119605567691705,,,False
1041,98,False,0.801,0,2,8.866671027103655,,,False
1041,aria_d_12_20,True,-0.042,1,0,,,,False
1042,1120,False,0.094,1,0,,,,False
1042,1175,False,0.226,4,0,,,,False
1042,1270,False,0.718,0,3,1.02988900189149,0.01584847830235958,0.9925254410043737,False
1042,190,False,0.715,0,0,,,,False
1042,264,False,0.511,1,2,0.07117036262050067,,,False
1042,764,False,0.714,0,2,0.822020302455139,0.003609089646488428,0.4824894786567036,False
1042,im0103,True,-0.049,1,0,,,,False
1043,1080,False,0.796,0,0,,,,False
1043,1122,False,0.78,0,3,0.23956178374698608,,,False
1043,1200,False,0.893,0,0,,,,False
1043,1489,False,0.673,0,0,,,,False
1043,1526,False,0.193,2,0,,,,False
1043,1773,False,0.722,0,0,,,,False
1043,1831,False,0.659,0,0,,,,False
1043,363,False,0.503,1,0,,,,False
1043,448,False,0.619,0,0,,,,False
1043,983,False,0.617,1,0,,,,False
1043,aria_a_5_9,True,0.561,0,0,,,,False
1043,im0064,True,-0.124,1,0,,,,False
1044,1047,False,0.343,1,2,0.3321617601828888,,,False
1044,1419,False,0.191,1,0,,,,False
1044,1469,False,0.116,1,3,1.793813616008822,,,False
1044,1774,False,0.107,1,2,0.40929148725061765,,,False
1044,657,False,0.599,0,0,,,,False
1044,708,False,0.596,0,0,,,,False
1044,774,False,0.593,0,0,,,,False
1045,1094,False,0.441,0,3,0.4436837784507441,,,False
1045,118,False,0.794,0,3,0.9317721496133028,0.05319933220744133,0.867016594748932,False
1045,119,False,0.834,0,2,1.7179256429951546,,,False
1045,123,False,0.845,0,3,0.9979771911063001,-0.007979623973369598,0.9869994270752459,False
1045,1277,False,0.714,1,2,1.116600978063019,0.005998547188937664,0.9451748372075517,False
1045,1701,False,0.047,1,2,0.37631572433479454,,,False
1045,172,False,0.772,0,3,1.1050840761981546,-0.004357696045190096,0.9253044364572716,False
1045,1792,False,-0.162,1,0,,,,False
1045,1841,False,-0.053,1,2,0.36327278018517467,,,False
1045,357,False,0.683,0,4,0.9934162989651307,-0.012485370971262455,0.9644272802853542,False
1045,734,False,0.342,1,3,1.0033197488061325,0.022398436442017555,0.3574341962149228,False
1045,743,False,0.59,1,3,0.9554087295531442,0.035671036690473557,0.8989714495072764,False
1045,844,False,0.815,0,3,0.03454276706241372,,,False
1045,884,False,0.536,0,2,0.8106607425502396,0.005568228662014008,0.6475693139980464,False
1045,94,False,0.084,1,2,0.5481893394945576,,,False
1046,1062,False,0.838,0,2,3.2803410085727758,,,False
1046,1104,False,0.817,0,3,0.6738316125836191,0.04233195632696152,0.41446448189930063,False
1046,1159,False,0.646,0,2,0.2728198477304728,,,False
1046,1161,False,0.89,0,3,1.0649361877028074,0.014771013520658016,0.9853327954820492,False
1046,1185,False,0.447,2,2,0.794976125468903,0.02282625623047352,0.1706412777334269,False
1046,1337,False,0.817,0,3,1.200356355498659,-0.029332170262932777,0.9597284776042394,False
1046,1385,False,0.878,1,5,1.065356318271686,-0.00280019361525774,0.9838891030583398,False
1046,1728,False,-0.03,1,3,0.40718619497324315,,,False
1046,278,False,0.876,0,3,0.110373535763519,,,False
1046,284,False,0.785,1,4,1.1031482910414938,-0.01571250706911087,0.9861261570473974,False
1046,449,False,0.759,0,2,15.947546423171335,,,False
1046,651,False,0.858,0,2,1.1736157497661215,-0.008631385862827301,0.9539970442026064,False
1046,660,False,0.854,0,3,1.57616482369529,,,False
1046,675,False,0.865,1,3,0.9242011054894594,-0.002801391528919339,0.7568569072429931,False
1046,714,False,0.879,0,3,0.9520413516840287,0.02849470265209675,0.9157018300068748,False
1046,818,False,0.905,0,4,0.9733168915366639,0.001517558703199029,0.9445510998616459,False
1046,88,False,0.211,1,2,2.80271819587225,,,False
1046,im0267,True,0.314,1,3,0.7376068189270857,0.014084243215620518,0.25464738017784594,False
1047,1190,False,0.695,0,2,0.9191460986793677,0.027045896276831627,0.24273306622926133,False
1047,1361,False,0.742,0,0,,,,False
1047,171,False,0.307,1,0,,,,False
1047,44,False,0.158,1,0,,,,False
1047,734,False,0.517,1,2,0.24824380439864333,,,False
1047,941,False,0.709,0,0,,,,False
1048,1077,False,0.824,0,4,1.0538418250523403,0.01798352040350437,0.9999677689679624,False
1048,1099,False,0.402,1,2,0.7431378425958788,-0.00282278168015182,0.428101099939847,False
1048,1103,False,0.753,1,2,1.3794306396088667,0.03173132613301277,0.9993873339352509,False
1048,117,False,0.587,1,0,,,,False
1048,1266,False,0.188,2,0,,,,False
1048,1437,False,0.743,0,3,0.9934556237702548,0.0028347058687359095,0.8813301153124162,False
1048,216,False,0.808,0,3,1.7796971046159549,,,False
1048,279,False,0.812,0,0,,,,False
1048,695,False,0.811,0,2,0.9831411646524449,0.019872013479471207,0.26552014547873337,False
1048,821,False,0.599,0,3,0.8574067265056688,0.02506840042769909,0.6933486250823986,False
1048,903,False,0.643,2,2,0.9124602457791284,-0.008135803043842316,0.6834660019833293,False
1048,965,False,0.522,1,3,0.7525819266405166,0.020288219675421715,0.512541918175721,False
1049,1478,False,0.83,1,3,0.9902661396702165,-3.81110621674452e-05,0.9787886436008828,False
1049,1872,False,0.095,1,2,4.0735277018221945,,,False
1049,280,False,0.833,0,4,0.9995060717572682,0.008090728893876076,0.9571010672495821,False
1049,413,False,0.271,1,3,0.5311819201123228,,,False
1049,519,False,0.648,1,3,0.9916185604867257,-0.010190194472670555,0.1817056307682413,False
1049,615,False,0.828,0,4,0.12126473253111987,,,False
1049,700,False,0.234,1,2,2.475525344506278,,,False
1049,87,False,0.299,1,4,0.9574199684611064,-0.01152973622083664,0.6923595974958631,False
1049,886,False,0.498,1,3,0.9817738188053081,0.018590839579701424,0.8852351869709633,False
1049,aria_d_16_22,True,0.134,1,3,0.2657013173804085,,,False
105,1585,False,0.276,1,3,1.1861498130568058,0.01819622330367565,0.972289545004119,False
105,18,False,0.62,0,3,1.2100220319467345,0.0024613963905721903,0.9990250435248427,False
105,436,False,0.475,0,3,0.021666138938660488,,,False
105,440,False,0.211,1,3,1.2703333796930252,-0.016771500930190086,0.9301609569603444,False
105,471,False,0.774,0,2,0.7635658717062676,-0.00987421814352274,0.5811164366669883,False
105,90,False,0.803,0,2,0.270808786249254,,,False
105,aria_c_38_2,True,0.107,1,2,0.7030336958562411,0.0018161836778745055,0.4475199381510417,False
105,im0242,True,0.042,2,0,,,,False
1050,1092,False,0.233,2,0,,,,False
1050,1269,False,0.388,0,2,1.132211598240263,0.006883679423481226,0.8286767704956743,False
1050,1426,False,0.374,0,0,,,,False
1050,1437,False,0.142,1,0,,,,False
1050,1515,False,0.138,1,0,,,,False
1050,1539,False,0.234,2,0,,,,False
1050,759,False,0.233,1,2,0.2713178490362338,,,False
1050,772,False,0.19,2,3,1.6419457900050918,,,False
1050,84,False,0.026,2,0,,,,False
1050,im0149,True,0.217,1,2,0.30468429250216655,,,False
1051,1189,False,0.558,0,0,,,,False
1051,1342,False,0.508,0,0,,,,False
1051,1517,False,-0.161,1,3,0.7044272242114455,-0.005366753786802292,0.35698707227772003,False
1051,159,False,0.673,0,0,,,,False
1051,1809,False,0.245,1,0,,,,False
1051,1840,False,0.538,0,0,,,,False
1051,302,False,0.692,0,0,,,,False
1051,441,False,0.42,0,0,,,,False
1051,999,False,0.64,0,0,,,,False
1051,aria_d_21_2,True,-0.164,1,0,,,,False
1051,im0130,True,-0.051,1,0,,,,False
1051,im0190,True,-0.204,1,0,,,,False
1052,1086,False,0.733,0,0,,,,False
1052,1198,False,0.225,1,0,,,,False
1052,120,False,0.193,1,0,,,,False
1052,653,False,0.694,0,2,1.228205788377955,0.022080518305301666,0.9848412438449435,False
1052,866,False,0.691,0,3,1.0625075854943609,-0.008041421882808208,0.9996083535181904,False
1052,912,False,0.717,0,0,,,,False
1052,im0168,True,0.35,0,0,,,,False
1052,im0220,True,-0.129,1,3,1.7266415435877287,,,False
1053,1073,False,0.785,0,3,1.1721013257590447,0.007020679768174887,0.9999678116768507,False
1053,1450,False,0.758,0,2,0.42513692829927374,,,False
1053,523,False,0.266,1,0,,,,False
1053,614,False,0.666,2,2,0.28381996784568064,,,False
1053,64,False,0.26,3,3,1.7385067641426017,,,False
1053,669,False,0.571,1,2,0.6262432584842396,,,False
1053,im0064,True,-0.105,1,0,,,,False
1053,im0104,True,0.179,1,3,1.3989846545547622,0.010135973803699017,0.9582022409249973,False
1053,im0351,True,0.018,1,0,,,,False
1053,im0372,True,-0.151,1,0,,,,False
1054,1063,False,-0.023,1,2,0.6157457231525338,,,False
1054,1328,False,0.127,1,2,0.45876395406886006,,,False
1054,1601,False,0.308,1,2,1.5694590115455849,,,False
1054,1753,False,0.195,1,3,0.43561641548158303,,,False
1054,189,False,0.687,0,0,,,,False
1054,735,False,0.679,0,0,,,,False
1054,974,False,0.679,0,2,0.5928446840729726,,,False
1054,im0192,True,0.11,1,0,,,,False
1054,im0206,True,-0.049,1,0,,,,False
1055,1088,False,0.537,0,0,,,,False
1055,1171,False,0.434,0,0,,,,False
1055,1178,False,0.611,0,3,1.0011308739751568,0.006243286654353142,0.9933547487987431,False
1055,1515,False,-0.025,1,0,,,,False
1055,167,False,0.568,0,3,0.9529451116349658,-0.00573961716145277,0.9115884223575702,False
1055,303,False,0.57,0,0,,,,False
1055,362,False,0.396,1,0,,,,False
1055,425,False,0.123,1,0,,,,False
1056,1123,False,0.627,1,0,,,,False
1056,1150,False,0.778,0,0,,,,False
1056,1236,False,0.823,0,0,,,,False
1056,1249,False,0.734,1,0,,,,False
1056,1269,False,0.761,0,0,,,,False
1056,153,False,0.786,0,0,,,,False
1056,164,False,0.831,0,0,,,,False
1056,165,False,0.813,0,0,,,,False
1056,761,False,0.817,0,3,1.0247484276061216,0.011786336079239845,0.999742889281697,False
1056,996,False,0.761,0,0,,,,False
1056,aria_d_7_22,True,0.197,1,0,,,,False
1057,1170,False,0.467,0,0,,,,False
1057,264,False,0.142,1,0,,,,False
1057,791,False,0.481,0,0,,,,False
1057,861,False,0.466,0,0,,,,False
1058,1343,False,0.726,0,2,0.795934899492729,0.016235506162047386,0.5054252506127879,False
1058,1471,False,0.611,2,3,0.7632786849184637,-0.02697105146944523,0.3646506984956716,False
1058,1716,False,0.298,1,0,,,,False
1058,1792,False,-0.035,2,3,1.1328973191052352,0.007821444422006607,0.8945375849222003,False
1058,292,False,0.723,0,2,0.12444685070264028,,,False
1058,897,False,0.471,1,3,0.976402274417478,-0.006649707444012165,0.9383396965981077,False
1058,958,False,0.724,2,4,1.00697030948587,0.006885312031954527,0.9958832275066958,False
1058,im0138,True,-0.013,1,0,,,,False
1059,1121,False,0.438,0,2,0.364213655155907,,,False
1059,310,False,0.627,0,3,0.6365824221337414,,,False
1059,558,False,0.685,1,2,1.2978693081835868,0.0042416974902153015,1.0,False
1059,694,False,0.633,0,5,1.0051182602446438,0.03233567997813225,0.9655165018978791,False
1059,832,False,0.506,2,3,0.9938587369743126,0.011226579546928406,0.895052707363987,False
1059,aria_c_35_27,True,-0.013,1,2,0.33321162296729917,,,False
106,1176,False,0.549,1,2,0.9234691901183778,-0.010866811498999596,0.784487900820584,False
106,1265,False,0.699,1,2,1.0865528385608128,0.019035102799534798,0.6142909886722993,False
106,1460,False,0.759,0,3,0.9073452915131079,0.0038450059946626425,0.8077613255394137,False
106,1461,False,0.282,1,2,0.7042498791352427,-0.004338492173701525,0.3571175789293068,False
106,1885,False,-0.038,1,2,0.7955943978443306,-3.128194293822162e-05,0.6275093573796124,False
106,314,False,0.704,1,3,0.8367992170399486,-0.008854756131768227,0.48460201300512906,False
106,37,False,0.738,0,3,0.9538466720005487,-0.03178934007883072,0.8978950355825198,False
106,397,False,0.782,0,2,0.9467056582568532,0.003922824747860432,0.8952141895552087,False
106,53,False,0.583,2,2,0.5022693672773345,,,False
106,7,False,0.52,0,2,0.9601499111277385,-0.010561341419816017,0.21216674537414673,False
106,850,False,0.373,1,3,0.23152542395854842,,,False
106,92,False,0.79,0,4,0.9399644063131493,0.009194603189826012,0.8846740168976586,False
106,951,False,0.007,2,2,2.805394740103052,,,False
1060,1073,False,0.874,0,5,1.02649040071479,0.08823105692863464,0.9994688926680365,False
1060,1456,False,0.768,1,3,0.8674024885404678,0.0007888232939876616,0.7342986347572962,False
1060,1568,False,-0.003,1,3,0.35307537806019784,,,False
1060,240,False,0.148,2,2,0.8028156146514835,-0.012559853494167328,0.6278612946335128,False
1060,268,False,0.177,1,0,,,,False
1060,587,False,0.528,1,0,,,,False
1060,831,False,0.852,0,2,0.9505103711619961,0.017971469089388847,0.6461086006847918,False
1060,975,False,0.836,0,5,0.8975121181255417,-0.01877075619995594,0.8053257108469987,False
1060,aria_d_3_33,True,-0.067,1,2,0.312101834074514,,,False
1060,im0001,True,-0.052,1,3,0.39758172129304603,,,False
1061,1385,False,0.792,0,0,,,,False
1061,1619,False,-0.095,1,3,0.5716712946728026,,,False
1061,290,False,0.637,1,3,1.016315274416113,-0.010600089095532894,0.9406296344761407,False
1061,303,False,0.379,1,0,,,,False
1061,704,False,0.816,0,4,0.9783430024225327,-0.006623220629990101,0.958741660977406,False
1061,818,False,0.8,0,3,0.32204088870350095,,,False
1061,850,False,0.714,1,3,0.3830493388502377,,,False
1061,aria_a_15_35,True,0.027,1,2,0.9251039797805394,-0.028611501678824425,0.26805393415830026,False
1061,im0187,True,0.182,1,0,,,,False
1062,1158,False,0.767,1,0,,,,False
1062,1282,False,0.686,1,0,,,,False
1062,1493,False,0.722,0,0,,,,False
1062,212,False,0.295,1,0,,,,False
1062,231,False,0.343,2,3,1.0962188353493079,0.004626812878996134,0.9981259229426769,False
1062,27,False,0.494,0,0,,,,False
1062,598,False,0.61,2,3,0.44935528452654105,,,False
1062,818,False,0.835,0,0,,,,False
1062,859,False,0.716,0,0,,,,False
1062,938,False,0.84,2,3,1.075733411042552,0.04126841202378273,0.9944990366605664,False
1062,aria_d_21_2,True,0.043,1,2,0.9735828215747429,0.021402109414339066,0.6327687861271676,False
1062,im0204,True,0.165,1,0,,,,False
1063,1071,False,0.73,0,3,0.9600151428130156,-0.0010470390552654862,0.9212235041588409,False
1063,1138,False,0.727,2,3,1.1823837445503702,-0.009307708591222763,0.7429879763275581,False
1063,1462,False,0.825,0,2,1.6515598609623425,,,False
1063,220,False,0.726,2,2,1.1692172401928418,-0.010179040022194386,0.9996132629328636,False
1063,308,False,0.186,1,2,9.443457349572602,,,False
1063,553,False,0.774,0,4,1.0642945836169608,0.0017378662014380097,0.987430085211581,False
1063,741,False,0.822,0,4,0.9901284952243115,-0.00013964435493107885,0.9593523368790907,False
1063,825,False,0.832,0,2,0.8870644319112158,-0.0047223689034581184,0.4304359273329071,False
1063,910,False,-0.066,1,2,1.1614277247821299,-0.005324452184140682,0.6634570460391707,False
1063,aria_c_25_10,True,-0.201,1,2,0.48155451219659323,,,False
1064,1283,False,0.294,2,2,2.5407467934562207,,,False
1064,1335,False,0.474,2,2,0.7343870159966077,0.0009113543783314526,0.5008138874907635,False
1064,1472,False,0.787,0,3,1.0375565912789906,-0.016466809436678886,0.998657227873801,False
1064,829,False,0.79,0,3,1.136752145590899,0.007405614946037531,1.0,False
1064,843,False,0.73,0,2,1.8058583114777238,,,False
1064,863,False,0.702,0,2,1.0301106378114087,0.025286363437771797,0.5221596395236563,False
1064,911,False,0.787,0,3,0.765755576935476,-0.008638229221105576,0.5872666455482118,False
1064,aria_a_20_6,True,0.063,1,3,0.28500272830308654,,,False
1064,aria_c_6_5,True,-0.197,3,5,1.0875935232903324,0.048562705516815186,0.5109872219970364,False
1065,1074,False,0.843,0,3,0.7341893110500987,-0.0024959298316389322,0.527607296137339,False
1065,1414,False,0.448,1,2,2.5057797014845513,,,False
1065,1459,False,0.803,0,3,0.9523954089768226,0.04302602633833885,0.9062484895679493,False
1065,345,False,0.48,0,0,,,,False
1065,508,False,0.569,1,3,0.057532779931925716,,,False
1065,904,False,0.792,0,0,,,,False
1065,aria_c_32_2,True,0.045,2,0,,,,False
1066,1494,False,-0.106,1,0,,,,False
1066,1586,False,0.136,1,0,,,,False
1066,1627,False,0.015,1,0,,,,False
1066,379,False,0.609,1,3,1.3839999914189949,0.001021494739688933,0.825285971010126,False
1066,905,False,0.795,0,0,,,,False
1066,977,False,0.816,0,2,1.00270237701191,0.020762182772159576,0.9923807989690722,False
1067,1235,False,0.459,1,0,,,,False
1067,1285,False,0.475,0,0,,,,False
1067,1380,False,0.177,1,0,,,,False
1067,175,False,0.295,4,0,,,,False
1067,507,False,0.307,1,0,,,,False
1067,709,False,0.444,0,0,,,,False
1067,aria_a_12_34,True,0.256,0,0,,,,False
1068,1757,False,0.534,0,0,,,,False
1068,493,False,0.158,1,0,,,,False
1068,717,False,0.544,0,2,0.3548397279356518,,,False
1068,747,False,0.61,0,0,,,,False
1068,aria_d_10_19,True,0.004,1,0,,,,False
1068,im0289,True,0.146,1,3,2.7678671639980004,,,False
1068,im0360,True,-0.148,1,0,,,,False
1069,1103,False,0.833,0,3,1.026469662918298,0.035411592572927475,0.9933466615073735,False
1069,1164,False,0.76,0,2,0.889757814448984,0.006684948690235615,0.2938091762028469,False
1069,1258,False,0.803,0,3,0.9614253614188893,0.005720372777432203,0.8561298438776827,False
1069,1276,False,0.724,0,3,0.3989628273654977,,,False
1069,1286,False,0.265,1,0,,,,False
1069,1379,False,0.862,0,2,2.1620392209282073,,,False
1069,1399,False,0.819,0,3,1.0254283577574745,0.07991007715463638,0.9750363171465176,False
1069,1413,False,0.835,0,2,1.97332335614715,,,False
1069,144,False,0.757,0,3,0.9757663835927423,-0.022445451468229294,0.951545606658658,False
1069,1448,False,0.83,1,2,2.1313573832133534,,,False
1069,1452,False,0.796,0,3,0.8649822594755728,0.0420645996928215,0.7497433802862318,False
1069,238,False,0.832,0,3,2.9127131617064914,,,False
1069,257,False,0.468,1,3,0.09963674014968975,,,False
1069,264,False,0.805,0,3,0.9723982805768803,0.033903561532497406,0.9328946093993823,False
1069,344,False,0.76,0,3,0.6252507326721788,,,False
1069,504,False,0.185,2,2,6.965616767313484,,,False
1069,626,False,0.887,0,3,0.9265709349053631,0.004634555894881487,0.8588971879312474,False
1069,705,False,0.845,0,3,1.0258132617212303,-0.03183961287140846,0.9836896202287314,False
1069,810,False,0.857,0,3,1.117742078534347,0.017990941181778908,1.0,False
1069,839,False,0.842,0,3,1.0229674312422026,0.03410910442471504,0.9830000267716114,False
1069,917,False,0.795,0,3,0.8620120703911366,-0.005759961437433958,0.657463242585535,False
1069,aria_c_3_2,True,0.51,0,3,0.7629532144694335,0.012178284116089344,0.9175565732480125,False
107,44,False,0.554,0,2,1.8045185989542372,,,False
107,446,False,0.557,0,0,,,,False
107,506,False,0.375,1,3,0.09170036979538268,,,False
107,534,False,0.562,0,0,,,,False
107,815,False,0.227,1,0,,,,False
1070,1175,False,0.623,0,3,0.9206394588437818,0.0009380060364492238,0.8467339517545509,False
1070,1238,False,0.854,0,4,1.0015047311352299,-0.013743693009018898,0.9074049215801032,False
1070,1243,False,0.567,0,2,0.7967180537794493,0.0241999588906765,0.6299818597511888,False
1070,1333,False,0.832,2,5,0.988377055088444,0.022040599957108498,0.9642588128954505,False
1070,1397,False,0.645,2,2,1.1572281900221617,0.006310184486210346,0.26048789403517825,False
1070,1408,False,0.784,0,3,0.9950614847274492,0.012526106089353561,0.9369033083944256,False
1070,1583,False,0.321,1,2,8.4341431112362,,,False
1070,1746,False,-0.004,1,0,,,,False
1070,581,False,0.808,0,3,0.4612908607892128,,,False
1070,936,False,0.676,1,2,1.033594575932313,-0.007553929463028908,0.5912683719956857,False
1070,956,False,0.714,1,4,1.0349641519656267,0.017124677076935768,0.9997095962312045,False
1071,120,False,-0.009,1,0,,,,False
1071,272,False,0.043,1,0,,,,False
1071,310,False,0.686,0,0,,,,False
1071,526,False,0.098,1,0,,,,False
1071,635,False,0.701,0,3,1.0041656014095344,0.005685537122189999,0.9792680437841729,False
1071,834,False,0.126,1,0,,,,False
1071,851,False,0.17,1,0,,,,False
1071,aria_c_33_4,True,0.377,0,0,,,,False
1071,im0307,True,-0.015,1,0,,,,False
1071,im0341,True,0.426,0,0,,,,False
1072,1085,False,0.727,0,2,0.6134792461346743,,,False
1072,1422,False,0.657,0,3,1.3903140898451367,-0.013971151784062386,0.99118595754257,False
1072,256,False,0.807,0,5,0.9946655968048734,0.026611821725964546,0.9797723653948222,False
1072,298,False,0.768,0,3,3.3581196729255094,,,False
1072,693,False,0.252,1,2,2.099445132579059,,,False
1072,740,False,0.818,0,4,0.40632642393590224,,,False
1072,775,False,0.813,0,3,0.9615153020209928,0.0057131266221404076,0.8886083684430579,False
1072,796,False,0.622,0,2,1.9961058949015544,,,False
1072,833,False,0.735,0,3,9.679701485021605,,,False
1072,935,False,-0.028,2,2,2.7297533862379275,,,False
1072,94,False,0.106,1,2,0.9128775995998207,-0.004808549303561449,0.4460222697061129,False
1072,999,False,0.699,0,5,1.0751027121340033,-0.01406792737543583,0.968464191650172,False
1073,1130,False,0.931,0,4,1.0046470394495455,0.012669382616877556,0.9740009448345466,False
1073,1160,False,0.656,0,2,1.1546857941072084,0.011539644561707973,0.9627395697698193,False
1073,1187,False,0.859,0,2,5.849310725975172,,,False
1073,1201,False,0.855,0,4,0.9924026142195153,0.008254851214587688,0.9820033354962221,False
1073,1209,False,0.915,0,4,1.0024468489195724,-0.0064829145558178425,0.9925325562334942,False
1073,1251,False,0.786,0,3,1.0314742831460215,0.019620828330516815,0.9970827108515551,False
1073,1383,False,0.421,2,3,1.5599531178147361,,,False
1073,1387,False,0.593,0,0,,,,False
1073,1395,False,0.804,0,0,,,,False
1073,1456,False,0.85,2,3,1.033709703731499,0.01663222536444664,0.9955100594004104,False
1073,1470,False,0.792,0,3,1.552103797598391,,,False
1073,1483,False,0.839,0,2,0.9706423614874208,0.03758944571018219,0.8140906385876121,False
1073,1487,False,0.829,0,3,1.0890112364631712,-0.0007702320581302047,0.9241567745787235,False
1073,191,False,0.655,1,3,0.5214859543469694,,,False
1073,270,False,0.768,1,4,0.8743436149730112,-0.06606425344944,0.7661021505376344,False
1073,414,False,0.786,0,2,1.499391863397808,-0.008224698714911938,0.8688820583367367,False
1073,460,False,0.277,2,4,1.1350317391525362,-0.0061199557967484,0.32112899084139346,False
1073,569,False,0.836,0,3,0.9185330602512956,0.051418282091617584,0.8441991263000848,False
1073,703,False,0.898,0,2,0.1787560542567867,,,False
1073,793,False,0.831,1,3,0.0776208288711058,,,False
1073,831,False,0.913,0,7,0.9800840019991381,0.05057379975914955,0.9597711636094325,False
1073,895,False,0.841,0,2,1.4615213848457023,0.002250703750178218,1.0,False
1073,983,False,0.871,0,4,1.0090839727525633,-0.02260243147611618,0.9990229027305036,False
1074,1096,False,0.882,0,3,0.3182742134322344,,,False
1074,1107,False,0.833,0,3,1.264554759634224,-0.011222857050597668,0.7929831903466555,False
1074,1142,False,0.744,2,3,0.18454300036064214,,,False
1074,1163,False,0.709,0,2,0.8087420454247686,-0.016801735386252403,0.11366843291665447,False
1074,1231,False,0.785,0,2,0.6625466541974195,,,False
1074,1333,False,0.778,0,3,0.5886629653294525,,,False
1074,1360,False,0.746,0,0,,,,False
1074,1432,False,0.766,0,2,1.2327143823273408,0.026196179911494255,0.8092016020502812,False
1074,1459,False,0.835,0,3,2.0941208370523032,,,False
1074,1466,False,0.781,0,0,,,,False
1074,1468,False,0.789,0,3,0.6345154631168938,,,False
1074,1475,False,0.813,0,2,0.7033962057344546,-0.0034989099949598312,0.49398229235293173,False
1074,1558,False,0.16,1,0,,,,False
1074,1893,False,0.484,1,2,0.9635565230350136,-0.014856294728815556,0.2380766223612197,False
1074,53,False,0.266,1,0,,,,False
1074,748,False,0.817,0,3,1.0045045493829514,0.02608853206038475,0.994612364167656,False
1074,830,False,0.581,1,2,0.6725135383307551,-0.019514553248882294,0.45328708558522224,False
1074,904,False,0.869,0,6,0.9741837004834826,0.04183889180421829,0.9494868031248824,False
1074,im0307,True,-0.048,1,2,1.3716355587342333,-0.0055879149585962296,0.4054211846919721,False
1075,1238,False,0.812,0,3,0.9980545242224887,0.033326320350170135,0.9844609940883049,False
1075,1339,False,0.787,0,4,1.0235500811327074,0.050120383501052856,0.9992440610541328,False
1075,1408,False,0.731,1,4,1.008127005829521,-0.02189117856323719,0.9986822360034638,False
1075,1553,False,-0.055,1,0,,,,False
1075,1650,False,0.246,3,3,0.02708588163388299,,,False
1075,1776,False,-0.059,1,3,0.7322341307070266,0.003962302580475807,0.4319756506641946,False
1075,1882,False,0.165,1,3,1.2800904476859445,0.016361333429813385,0.5432344612353927,False
1075,50,False,0.278,2,3,1.1810495008515884,-0.008525123819708824,0.5129316580491333,False
1075,687,False,0.77,0,3,0.9551790191991575,0.007441384252160788,0.7352235175078847,False
1075,725,False,0.449,1,3,1.0149088935863348,0.01749432273209095,0.9920939918631987,False
1075,906,False,0.586,1,2,0.4470868549150679,,,False
1076,1182,False,0.844,0,0,,,,False
1076,1335,False,0.768,0,0,,,,False
1076,1366,False,0.606,0,0,,,,False
1076,176,False,0.624,1,0,,,,False
1076,199,False,0.819,0,0,,,,False
1076,285,False,0.896,0,0,,,,False
1076,597,False,0.897,0,0,,,,False
1076,641,False,0.766,1,0,,,,False
1076,645,False,0.89,2,0,,,,False
1076,710,False,0.607,0,0,,,,False
1076,711,False,0.882,0,0,,,,False
1076,715,False,0.766,0,0,,,,False
1076,749,False,0.911,0,4,0.9964631325420529,0.046998172998428345,0.9855121402154687,False
1076,799,False,0.626,0,0,,,,False
1076,879,False,0.628,1,0,,,,False
1077,1106,False,0.879,0,8,1.0081735175764395,0.12758536636829376,0.9931683513419309,False
1077,1117,False,0.849,0,2,2.100621056200243,,,False
1077,1147,False,0.86,0,4,1.012759799843931,0.025885993614792824,0.999445732950907,False
1077,1322,False,0.743,0,3,0.6671736355518733,,,False
1077,1375,False,0.752,0,4,1.0044593727787754,0.034164510667324066,0.9946647037647957,False
1077,1393,False,0.807,0,2,1.1488237698017703,0.01495346985757351,1.0,False
1077,1421,False,0.757,0,0,,,,False
1077,1433,False,0.802,1,4,0.9380600433651514,0.007229217328131199,0.8796286839997635,False
1077,1458,False,0.813,0,3,1.0203889247266023,0.005766507238149643,0.9818327300847413,False
1077,1522,False,-0.003,1,0,,,,False
1077,258,False,0.84,0,4,0.9637576928633224,0.03306553140282631,0.927878937536235,False
1077,270,False,0.848,2,3,0.8753594150350549,0.005374652333557606,0.766774193548387,False
1077,290,False,0.424,1,2,0.9708718090866406,0.04984508827328682,0.8744929337869668,False
1077,375,False,0.491,1,0,,,,False
1077,693,False,0.84,0,3,0.9757373476701975,-0.013353877700865269,0.949186730183254,False
1077,855,False,0.695,1,4,0.9862423225744957,-0.011551214382052422,0.9604449209327258,False
1077,949,False,0.801,0,2,0.22133334770990878,,,False
1077,961,False,-0.151,1,3,0.03818689682232982,,,False
1077,969,False,0.893,0,4,0.9789099203516755,0.015066467225551605,0.9561065936720071,False
1077,973,False,0.826,0,3,0.9975147679460431,0.025224214419722557,0.990451281665709,False
1077,988,False,0.83,0,4,0.9337323291846994,-0.0049166553653776646,0.8604397493901325,False
1077,im0349,True,-0.118,1,3,1.6779334407038546,,,False
1078,165,False,0.679,0,0,,,,False
1078,675,False,0.671,0,0,,,,False
1078,916,False,0.694,0,0,,,,False
1078,im0049,True,0.316,0,0,,,,False
1078,im0143,True,-0.099,1,0,,,,False
1079,1231,False,0.756,0,0,,,,False
1079,1243,False,0.566,0,0,,,,False
1079,1264,False,0.453,1,0,,,,False
1079,1333,False,0.835,0,2,0.8405198587363663,0.006646893918514252,0.2710745491326992,False
1079,1681,False,0.146,1,0,,,,False
1079,259,False,0.573,0,0,,,,False
1079,696,False,0.663,1,4,0.7999735429629441,0.004975023679435253,0.5970918796662039,False
1079,760,False,0.578,0,0,,,,False
1079,81,False,0.412,1,0,,,,False
1079,994,False,0.795,0,0,,,,False
1079,im0038,True,0.008,1,0,,,,False
108,1266,False,0.058,1,3,0.5780423213629279,,,False
108,14,False,0.402,0,0,,,,False
108,1458,False,0.18,1,0,,,,False
108,23,False,0.421,0,0,,,,False
108,im0014,True,0.037,1,0,,,,False
108,im0223,True,-0.078,1,3,2.8274398355762664,,,False
1080,1145,False,0.762,1,0,,,,False
1080,1200,False,0.792,0,0,,,,False
1080,473,False,0.06,1,0,,,,False
1080,578,False,0.77,0,0,,,,False
1080,644,False,0.673,1,3,1.0493310548504973,0.006656088400632143,0.999741728589031,False
1080,771,False,0.637,0,0,,,,False
1081,1126,False,0.129,2,3,0.7420365808796525,0.002730341861024499,0.5503572214558318,False
1081,1141,False,0.854,0,6,1.0085810791312946,-0.012494545429944992,0.9821895547926778,False
1081,302,False,0.137,1,3,0.766100053480135,0.011380444280803204,0.37323261254798246,False
1081,831,False,0.845,0,3,1.0729417136431665,0.03232526034116745,0.995014329107946,False
1081,986,False,0.304,1,2,1.0081130732537424,0.010116534307599068,0.7340670329788492,False
1081,im0124,True,0.009,1,2,0.3295976691905784,,,False
1082,1090,False,0.734,0,3,0.9555359983554523,0.02372024580836296,0.8799892660673554,False
1082,1091,False,0.826,0,4,0.987987669897246,0.02726125530898571,0.9640008379393139,False
1082,1109,False,0.85,0,3,0.9950913375634346,0.05903147906064987,0.9860231996601255,False
1082,1148,False,0.724,1,5,1.4336566061839984,-0.02304101176559925,0.9606864392177135,False
1082,1154,False,0.685,3,2,0.2080676579823466,,,False
1082,1220,False,0.652,1,5,0.9830308886944907,-0.0201667919754982,0.9618355854042185,False
1082,1238,False,0.839,0,3,1.025432257824287,-0.024535128846764565,0.9933580683093411,False
1082,1243,False,0.586,0,2,1.2980179884289544,-0.0001082074231817387,0.9984704228073377,False
1082,1266,False,0.636,0,0,,,,False
1082,1339,False,0.799,0,3,0.9750611801155892,-0.03281508758664131,0.9504994022184932,False
1082,1364,False,0.809,0,0,,,,False
1082,1383,False,0.724,0,3,0.8677431645133508,0.0131617970764637,0.6075477775391883,False
1082,1397,False,0.842,0,4,0.9921829640014417,-0.0007444759248755872,0.9858082828022191,False
1082,1403,False,0.714,0,4,0.43380954381898523,,,False
1082,1459,False,0.806,2,3,1.1565422476410738,0.012266169302165508,0.999887221073548,False
1082,1608,False,-0.036,2,2,1.7199477777405103,,,False
1082,351,False,0.881,0,5,1.0061152821624224,0.017316197976469994,0.9744527313692067,False
1082,38,False,0.134,2,0,,,,False
1082,692,False,0.568,1,0,,,,False
1082,704,False,0.875,0,4,0.9810414703230077,-0.020454220473766327,0.9630690828553459,False
1082,735,False,0.852,1,5,1.0173606846214838,0.020274920389056206,0.997249884516635,False
1082,766,False,0.91,0,5,1.0093346001626802,-0.0013249790063127875,0.9989872088225364,False
1082,837,False,0.258,1,0,,,,False
1082,909,False,0.767,1,5,1.0295265443948889,0.002945549553260207,0.9959615570262472,False
1082,936,False,0.85,0,4,0.9955254843175269,-0.003001278266310692,0.9738190677033866,False
1082,989,False,0.791,0,4,0.9830580990318073,0.04119568690657616,0.9516512280287711,False
1082,im0010,True,-0.063,1,0,,,,False
1083,1100,False,0.727,0,4,0.9789079561371087,0.041938360780477524,0.9575322194419781,False
1083,1132,False,0.74,0,0,,,,False
1083,1416,False,0.658,1,2,0.9794738324312074,0.01235578116029501,0.9003529468645748,False
1083,1443,False,0.159,1,0,,,,False
1083,328,False,0.621,2,0,,,,False
1083,915,False,0.625,1,2,0.6889459334527854,0.009011343121528625,0.3451230169580579,False
1083,im0309,True,-0.063,1,0,,,,False
1084,1336,False,0.778,0,2,0.5794157783311152,,,False
1084,68,False,0.227,1,0,,,,False
1084,696,False,0.798,0,4,1.0141984416670076,0.02693728543817997,0.9995069165670674,False
1084,717,False,0.072,1,0,,,,False
1084,889,False,0.836,0,0,,,,False
1084,92,False,0.298,1,0,,,,False
1084,929,False,0.255,1,0,,,,False
1084,im0366,True,0.03,1,0,,,,False
1085,1147,False,0.264,1,2,3.2418458242976333,,,False
1085,1499,False,0.153,2,3,0.6771807068222014,-0.008107834495604038,0.14908402125975348,False
1085,1689,False,-0.03,1,3,0.587596658512051,,,False
1085,1857,False,0.002,1,3,0.8843774679928064,0.002298881998285651,0.6076234744750695,False
1085,256,False,0.694,0,3,1.1765428121056247,0.02399902604520321,0.9997909149881786,False
1085,292,False,0.691,0,3,12.509709965343756,,,False
1085,546,False,0.274,1,2,1.4188253699130835,0.010239928960800171,0.9074576889642516,False
1085,555,False,0.268,1,3,0.760885694667668,0.006475972943007946,0.4042976394078951,False
1085,871,False,0.172,1,2,1.1246970166448742,0.008118226192891598,0.4792806544195896,False
1085,946,False,0.654,0,3,2.1905477399884945,,,False
1085,aria_a_11_30,True,0.048,1,3,0.9425336994182134,-0.0010216415394097567,0.8067581522225737,False
1086,1174,False,0.611,0,2,0.6414114839003972,,,False
1086,1228,False,0.365,1,3,1.065607561093097,0.013977895490825176,0.9982320891884218,False
1086,1272,False,0.595,1,2,0.6251197224110435,,,False
1086,1834,False,0.203,1,3,0.20874386174146156,,,False
1086,553,False,0.795,0,4,0.9601436320032531,-0.02913520857691765,0.9166653260187584,False
1086,593,False,0.703,1,3,0.0441244954318466,,,False
1086,653,False,0.777,0,3,1.0370224099975311,0.01458495482802391,0.9361323961359401,False
1086,654,False,0.156,1,2,10.468095996509778,,,False
1086,694,False,0.793,0,3,1.9225932936944685,,,False
1086,778,False,0.571,0,2,0.9099811513268177,0.025557516142725945,0.20139011888468453,False
1086,853,False,0.574,0,3,0.2670278266080256,,,False
1086,aria_d_12_2,True,-0.097,1,3,1.0273966357238342,-0.014572988264262676,0.9240069488719781,False
1086,im0057,True,0.062,2,3,3.207690436390688,,,False
1087,1109,False,0.763,0,2,1.5936072705800175,,,False
1087,1274,False,0.001,1,3,0.019935536064851704,,,False
1087,1392,False,0.693,1,3,0.9774748380600827,0.012990427203476429,0.9522834037624145,False
1087,1634,False,0.121,1,0,,,,False
1087,1829,False,0.038,1,0,,,,False
1087,279,False,0.36,1,2,0.422717323548165,,,False
1087,576,False,0.799,0,4,0.3299230748079431,,,False
1087,668,False,0.577,2,3,2.8096928992903822,,,False
1087,795,False,0.627,1,3,0.9302179601127658,0.011210177093744278,0.8636287971132005,False
1087,836,False,0.774,0,3,1.4486210000544173,-0.010728915221989155,1.0,False
1088,1277,False,0.139,1,3,2.044753663992682,,,False
1088,1459,False,0.126,1,2,0.6487953989851982,,,False
1088,1692,False,-0.174,1,4,0.9928099078144322,0.003271894995123148,0.6301212522420065,False
1088,1919,False,0.221,1,3,0.037265712074425236,,,False
1088,377,False,0.639,0,3,0.057347109882436006,,,False
1088,397,False,0.108,1,0,,,,False
1088,628,False,0.548,0,0,,,,False
1089,1261,False,0.476,1,0,,,,False
1089,1624,False,0.3,1,0,,,,False
1089,317,False,0.835,0,0,,,,False
1089,514,False,0.131,2,0,,,,False
1089,550,False,0.717,2,2,0.7502955970521064,-0.028780389577150345,0.48843062390558145,False
1089,618,False,0.834,0,3,1.0701208210641409,-0.02061585523188114,1.0,False
1089,748,False,0.797,0,0,,,,False
1089,904,False,0.824,0,0,,,,False
1089,aria_d_7_22,True,0.281,2,0,,,,False
109,1143,False,0.18,1,0,,,,False
109,1309,False,0.143,1,3,0.38540155762504497,,,False
109,132,False,0.583,1,2,0.22678038082110125,,,False
109,145,False,0.706,0,2,1.1172397441219601,0.014011161401867867,0.6159813559776057,False
109,1691,False,0.209,1,3,0.7206408867907149,0.02902589738368988,0.5478353337782956,False
109,392,False,0.679,0,3,0.8077924456199161,0.005866176448762417,0.5776172315625504,False
109,427,False,0.583,0,2,0.6757393490932572,-0.0025602474343031645,0.3030160099908346,False
109,438,False,0.619,0,2,1.091480680973817,-0.005084932316094637,0.6329361151094535,False
109,71,False,0.633,0,3,0.44082157810261763,,,False
109,73,False,0.718,0,2,0.6968298093289422,-0.02715696394443512,0.47328701870069256,False
109,834,False,0.24,1,2,0.6892422168369389,-0.006148120388388634,0.47952618278435255,False
109,968,False,0.681,0,0,,,,False
1090,1107,False,0.788,0,0,,,,False
1090,137,False,0.357,1,0,,,,False
1090,1533,False,0.035,1,0,,,,False
1090,525,False,0.292,1,0,,,,False
1090,706,False,0.62,1,0,,,,False
1090,812,False,0.317,1,3,1.2572528893193164,0.014349092729389668,0.98997611053719,False
1090,904,False,0.736,0,3,1.0140553427260606,-0.030816463753581047,0.9975590216730917,False
1091,1136,False,0.42,1,0,,,,False
1091,1411,False,0.499,1,3,1.5480766410670057,,,False
1091,312,False,0.743,1,2,2.168981567197966,,,False
1091,351,False,0.825,0,4,1.0794117548995947,0.005056965630501509,0.9516962504503439,False
1091,938,False,0.835,0,3,0.8446318613719526,-0.0002424590493319556,0.7082879392049632,False
1092,1124,False,0.84,1,5,1.0070944686249128,0.032918523997068405,0.9977647387538419,False
1092,137,False,0.761,1,5,1.0123043169220487,0.013135730288922787,0.9569831649831649,False
1092,1603,False,0.293,1,2,0.8263373825339576,0.009281002916395664,0.6627509039660622,False
1092,672,False,0.744,1,4,1.0004014399845247,0.019734783098101616,0.9731816468042556,False
1092,787,False,0.856,0,4,0.7819249339386071,-0.007261490449309349,0.09884989678560896,False
1092,797,False,0.84,1,3,0.9911370600102068,0.011945433914661407,0.9812780009788578,False
1092,im0132,True,-0.062,1,0,,,,False
1093,1142,False,0.778,0,3,1.1007972351819528,0.03402474522590637,0.9995661256628636,False
1093,1420,False,0.665,2,4,0.33749068479843647,,,False
1093,1637,False,0.021,1,2,1.9790180519969627,,,False
1093,1645,False,0.061,1,3,0.2756051327676019,,,False
1093,351,False,0.776,0,0,,,,False
1093,425,False,0.134,2,0,,,,False
1093,938,False,0.793,0,0,,,,False
1093,950,False,0.49,1,0,,,,False
1093,im0260,True,-0.03,1,0,,,,False
1094,127,False,0.265,1,3,1.8169003528874446,,,False
1094,1667,False,-0.139,1,0,,,,False
1094,1672,False,-0.022,1,0,,,,False
1094,1843,False,-0.019,2,4,2.0880054531809478,,,False
1094,461,False,0.014,1,0,,,,False
1094,482,False,0.437,0,0,,,,False
1094,550,False,0.441,0,2,1.3054985982738794,-0.010685800574719906,0.7922760157007224,False
1094,871,False,0.263,1,2,1.171652337919179,0.013033226132392883,0.9716808737060486,False
1095,1276,False,0.227,2,0,,,,False
1095,1387,False,0.281,1,0,,,,False
1095,1749,False,0.513,0,0,,,,False
1095,406,False,0.52,0,0,,,,False
1095,484,False,0.506,0,0,,,,False
1095,510,False,0.522,0,0,,,,False
1095,aria_d_9_3,True,0.053,1,0,,,,False
1095,im0310,True,-0.076,1,0,,,,False
1096,1215,False,0.872,0,5,1.0668881218445583,0.05693766847252846,0.9998019261345082,False
1096,1324,False,0.857,0,0,,,,False
1096,1466,False,0.774,0,0,,,,False
1096,1473,False,-0.051,1,0,,,,False
1096,351,False,0.872,0,3,0.8731877522490296,0.01912384107708931,0.7634551995225011,False
1096,899,False,0.8,0,0,,,,False
1096,904,False,0.855,0,0,,,,False
1096,938,False,0.789,1,3,2.7077619298851734,,,False
1096,aria_d_23_4,True,0.674,0,0,,,,False
1096,im0233,True,0.002,2,0,,,,False
1097,112,False,0.504,2,3,2.394543826056313,,,False
1097,1200,False,0.824,0,0,,,,False
1097,1608,False,-0.012,1,3,4.1097650082685355,,,False
1097,703,False,0.847,0,2,0.8594725067153846,-0.004543631337583065,0.5013825826859762,False
1097,788,False,0.768,0,2,0.09552656529973474,,,False
1097,852,False,0.812,0,3,0.753353315769958,0.005673548206686974,0.5670493352520458,False
1097,im0366,True,-0.094,2,0,,,,False
1098,1487,False,0.387,1,0,,,,False
1098,1498,False,0.224,2,3,0.8646809484118089,-0.018621018156409264,0.716237791401283,False
1098,1851,False,-0.028,2,0,,,,False
1098,508,False,0.365,1,0,,,,False
1098,648,False,0.854,0,3,0.9531304452907622,-0.018630243837833405,0.9185930904092621,False
1098,704,False,0.854,2,4,0.9977431764154887,0.03047979436814785,0.9849642248539159,False
1098,836,False,0.838,2,3,0.9918336380581493,0.010769895277917385,0.9801207973271298,False
1098,974,False,0.856,0,3,1.0070758474096613,0.046155694872140884,0.9948746021778916,False
1098,aria_c_2_8,True,-0.086,1,2,0.4438787210627732,,,False
1098,im0356,True,0.013,1,3,0.8846151365848424,0.014492732472717762,0.418964614511977,False
1099,1156,False,0.358,1,3,0.563268817654974,,,False
1099,1370,False,0.711,1,2,0.6610422034841831,,,False
1099,1381,False,0.869,0,3,1.03879021928671,-0.04515589401125908,0.9862467298976175,False
1099,1443,False,0.457,0,3,0.4688961550392153,,,False
1099,1570,False,0.041,3,4,1.2927180589320295,0.018048716709017754,0.7660275275048671,False
1099,1784,False,-0.078,1,2,1.6443241459877915,,,False
1099,2,False,0.078,1,3,0.7089198570799868,0.014002838172018528,0.5002567201856942,False
1099,395,False,0.673,0,2,0.9828335485199072,-0.0093069514259696,0.5126340256429482,False
1099,542,False,0.461,0,2,0.933345266887905,0.03588050976395607,0.12144416024537641,False
1099,704,False,0.849,0,3,0.6982666497215367,0.006353129167109728,0.13856351096369804,False
1099,818,False,0.877,0,2,0.2721476463107544,,,False
1099,970,False,0.84,0,2,1.2498421216625764,-0.02766736038029194,0.19896794840815976,False
11,1235,False,0.738,2,0,,,,False
11,1271,False,0.443,0,0,,,,False
11,1799,False,0.531,0,0,,,,False
11,389,False,0.539,0,0,,,,False
11,501,False,0.637,0,0,,,,False
11,505,False,0.647,0,0,,,,False
11,506,False,0.68,0,0,,,,False
11,507,False,0.696,0,0,,,,False
11,514,False,0.666,0,0,,,,False
110,15,False,0.468,2,0,,,,False
110,1781,False,0.151,1,0,,,,False
110,4,False,0.718,0,0,,,,False
110,467,False,0.756,0,0,,,,False
110,528,False,0.649,2,0,,,,False
110,6,False,0.704,0,0,,,,False
110,712,False,0.282,1,0,,,,False
110,im0300,True,-0.148,1,0,,,,False
1100,1130,False,0.887,0,3,0.9410190576676137,-0.011472238227725029,0.8831518821533638,False
1100,1133,False,0.884,1,2,0.7470210222458551,0.026990029960870743,0.1685440312691271,False
1100,1207,False,0.821,0,3,0.636009493981467,,,False
1100,1371,False,0.831,0,4,1.0046621068365742,0.0266399085521698,0.9977410975039127,False
1100,167,False,0.396,1,3,1.0412698870265569,0.031287893652915955,0.7936721823963779,False
1100,363,False,0.747,1,3,1.655281805316089,,,False
1100,604,False,0.904,0,4,0.9999803197239157,-0.0029363357461988926,0.970068729076322,False
1100,688,False,0.513,2,2,1.446569141746933,0.005709839519113302,0.8457375702620432,False
1100,756,False,0.859,0,3,0.9355920124410342,0.024183234199881554,0.8803773897210958,False
1100,886,False,0.605,1,2,0.4452729943935635,,,False
1100,aria_c_23_23,True,0.05,1,0,,,,False
1100,im0223,True,0.045,2,2,0.8559945378878538,0.005825929343700409,0.6544887551027038,False
1101,1193,False,0.682,1,3,1.0227268365657909,0.013853510841727257,0.6617312317471225,False
1101,1336,False,0.803,0,3,0.3828553260395884,,,False
1101,1435,False,0.682,1,3,0.3716114851777929,,,False
1101,1517,False,0.176,1,2,0.14624263735762158,,,False
1101,1794,False,-0.016,1,3,0.42966600870821414,,,False
1101,320,False,0.831,0,2,0.8889194167889606,-0.014009839855134487,0.15032346661803045,False
1101,407,False,0.454,1,0,,,,False
1101,559,False,0.338,1,3,0.6282358023802267,,,False
1101,690,False,0.796,0,0,,,,False
1101,aria_c_25_10,True,0.256,1,2,0.6004158987291666,,,False
1101,im0022,True,0.107,1,0,,,,False
1102,1112,False,0.295,6,10,0.985525503594139,0.4624088406562805,0.5074321933013738,True
1102,1116,False,0.628,0,0,,,,False
1102,1194,False,0.763,2,3,0.8380788674153734,0.010939243249595165,0.7003930906146264,False
1102,1195,False,0.787,0,0,,,,False
1102,1387,False,0.594,0,0,,,,False
1102,183,False,0.796,0,0,,,,False
1102,321,False,0.653,1,0,,,,False
1102,414,False,0.56,2,0,,,,False
1102,788,False,0.747,1,4,0.9959333620715664,0.031953759491443634,0.9888427357032458,False
1103,1389,False,0.517,2,2,1.1019015433561372,0.0002364365936955437,0.42136104844773875,False
1103,1648,False,0.01,2,0,,,,False
1103,169,False,0.26,1,0,,,,False
1103,626,False,0.828,0,3,1.1144272367205006,0.04136504977941513,0.9593788426326161,False
1103,743,False,0.543,1,2,8.571653028641563,,,False
1103,839,False,0.814,0,3,0.9927880315092125,-0.004984082654118538,0.9743795679061923,False
1103,895,False,0.681,1,2,0.8240200792452993,-0.0079714460298419,0.48962425897161654,False
1104,1191,False,0.368,1,0,,,,False
1104,1385,False,0.816,1,0,,,,False
1104,743,False,0.825,0,0,,,,False
1105,1145,False,0.567,0,0,,,,False
1105,1157,False,0.383,1,0,,,,False
1105,1221,False,0.559,0,0,,,,False
1105,1890,False,-0.038,1,0,,,,False
1105,401,False,-0.046,2,3,0.5240481239953652,,,False
1105,539,False,0.214,1,0,,,,False
1105,647,False,0.551,0,3,1.0871567647815288,0.0038986022118479013,0.5890368602348857,False
1105,750,False,0.511,0,0,,,,False
1105,897,False,-0.062,1,2,0.02910411833577572,,,False
1105,im0090,True,-0.087,1,3,1.066609876019409,0.01732029765844345,0.33711477151965996,False
1106,1126,False,0.101,1,2,6.568651520047525,,,False
1106,1309,False,0.776,0,2,1.410416523803702,-0.0036779451183974743,0.9298562601835869,False
1106,1373,False,0.783,0,2,0.5684167343057314,,,False
1106,1384,False,0.757,0,3,2.0028797132300293,,,False
1106,1405,False,0.639,0,3,0.7467035755560476,-0.016480671241879463,0.29269405412368366,False
1106,1413,False,0.818,0,3,1.1712561099986478,0.001576803857460618,0.9997214230993823,False
1106,1421,False,0.764,0,2,0.18406965478985302,,,False
1106,1433,False,0.873,0,5,1.0160890462347818,0.024047018960118294,0.9714794050773754,False
1106,1649,False,0.066,2,2,1.9659427128287947,,,False
1106,261,False,0.869,0,6,0.9961021348347515,-0.03865605220198631,0.9823690957657938,False
1106,270,False,0.832,0,3,0.8906553866835941,0.004359658807516098,0.7948172043010753,False
1106,356,False,0.89,0,3,1.0084643089935275,-0.005113261751830578,0.9850799289520427,False
1106,374,False,0.87,0,3,0.9707856894890385,-0.015165532007813454,0.9396577137680965,False
1106,580,False,0.871,0,7,0.9884978955103475,-0.043668996542692184,0.9669965403491834,False
1106,586,False,0.89,0,2,1.0747087976581495,-0.012642944231629372,0.889171228571582,False
1106,614,False,0.872,0,3,1.1471496296347745,-0.041683994233608246,1.0,False
1106,626,False,0.882,0,4,1.0935522340987502,-0.0017348532564938068,0.9707516927719577,False
1106,669,False,0.762,0,2,0.2995275540735977,,,False
1106,681,False,0.839,0,2,1.5232140316005667,,,False
1106,783,False,0.577,2,4,1.6493289578137889,,,False
1106,787,False,0.868,1,2,1.590719244211508,,,False
1106,826,False,0.607,2,4,0.9862235556598079,0.0008464103448204696,0.9625659274673337,False
1106,831,False,0.893,0,3,0.9909958422800559,0.0025820268783718348,0.9816834286818295,False
1106,900,False,0.852,0,4,0.9453164191363349,-0.010458487085998058,0.8938913480885312,False
1106,910,False,0.714,2,3,0.9835852417927085,0.018826626241207123,0.9520705006685963,False
1106,984,False,0.848,1,3,1.0232417331149029,-0.007083521224558353,0.9956136818765067,False
1107,1183,False,0.709,0,3,1.2448068298049717,0.05044155940413475,0.9570193615230201,False
1107,1320,False,0.759,0,3,0.13916533713948478,,,False
1107,1459,False,0.83,0,3,0.891705437865858,0.004286518786102533,0.7959453290727961,False
1107,1658,False,0.112,1,3,0.18228717935886216,,,False
1107,1734,False,0.088,1,3,0.9956969844221285,-0.02283092960715294,0.8732449675315437,False
1107,706,False,0.699,0,2,0.9353630436061442,0.011188722215592861,0.4496825814206829,False
1107,766,False,0.841,0,3,0.9780905148221372,-0.0004926742985844612,0.9553460905724681,False
1107,820,False,0.415,1,2,0.8475852061139985,-0.016053663566708565,0.7021729570878514,False
1107,840,False,0.782,1,2,0.17189441831421726,,,False
1107,990,False,0.69,0,3,0.38483805144624017,,,False
1107,aria_a_12_34,True,-0.066,1,0,,,,False
1108,1594,False,0.151,1,3,0.7513078520629828,-0.004018500912934542,0.5392889563862039,False
1108,166,False,0.46,2,0,,,,False
1108,189,False,0.364,1,3,1.0329037644735557,0.004785178694874048,0.843192805670471,False
1108,288,False,0.814,0,3,0.9859869200681346,0.001595960697159171,0.9717962495298479,False
1108,332,False,0.688,0,3,2.776876974597532,,,False
1108,345,False,0.155,1,2,0.03555040755008256,,,False
1108,40,False,0.154,3,3,0.5541295022776322,,,False
1108,46,False,0.63,1,4,1.2215265741084622,-0.016745319589972496,0.6765640273704789,False
1108,797,False,0.81,0,3,1.017930518828151,0.004567830357700586,0.9704836740511265,False
1108,802,False,0.352,1,0,,,,False
1108,975,False,0.825,0,4,0.9903912275080847,0.04277775064110756,0.9802327580648628,False
1108,im0229,True,0.149,1,2,0.5962757097343176,,,False
1109,1154,False,0.761,0,2,0.8444427615013981,0.012290273793041706,0.20134870100212246,False
1109,1388,False,0.823,0,3,0.5935729492556048,,,False
1109,1920,False,0.033,1,2,0.6081382317683802,,,False
1109,312,False,0.85,0,4,1.0040335789056254,0.031496815383434296,0.9925836153132525,False
1109,714,False,0.762,1,3,0.9791925865360629,0.006523186806589365,0.6886151092875304,False
1109,836,False,0.867,0,4,1.0071456690834937,0.016736501827836037,0.9792571881966222,False
1109,847,False,0.608,0,4,0.8479168624005216,-0.016544600948691368,0.5883995669000118,False
1109,879,False,0.476,1,2,3.8542553394419783,,,False
1109,936,False,0.849,0,4,1.0067252712463985,0.04597506299614906,0.9958788776380817,False
1109,im0299,True,0.008,1,2,0.6601314246589666,,,False
111,1348,False,0.773,0,3,0.9624850491064486,-0.008996042422950268,0.8576236794640557,False
111,214,False,0.214,1,0,,,,False
111,349,False,0.589,1,0,,,,False
111,467,False,0.6,2,3,0.7798661922838698,0.0012338404776528478,0.462694102923562,False
111,557,False,0.564,1,2,2.4979998927847995,,,False
111,584,False,0.771,0,2,0.467927883715237,,,False
111,80,False,0.307,1,3,0.18720393843091418,,,False
111,818,False,0.77,0,3,0.9066661216874574,-0.010064983740448952,0.8207187979279057,False
111,861,False,0.672,2,3,0.8848258393692665,-0.008035648614168167,0.2967988061863523,False
111,98,False,0.457,1,3,0.7293353579747006,0.0034407232888042927,0.51245721264845,False
111,aria_d_10_19,True,-0.069,1,3,0.9660678886965696,0.003771053161472082,0.902069836613291,False
1110,1661,False,0.161,1,0,,,,False
1110,400,False,0.461,2,3,0.29788607631962416,,,False
1110,57,False,0.128,1,0,,,,False
1110,590,False,0.054,2,2,1.8395935542419002,,,False
1110,631,False,0.722,0,3,0.9909291409775497,0.0011113410582765937,0.9677857197587486,False
1110,826,False,0.749,0,2,0.35341982120402343,,,False
1110,979,False,0.744,0,0,,,,False
1111,1488,False,0.257,1,0,,,,False
1111,1597,False,-0.004,1,0,,,,False
1111,522,False,-0.13,1,0,,,,False
1111,584,False,0.756,0,0,,,,False
1111,660,False,0.742,0,0,,,,False
1111,764,False,0.374,1,0,,,,False
1111,818,False,0.759,0,0,,,,False
1112,1354,False,0.639,0,0,,,,False
1112,1374,False,0.722,0,0,,,,False
1112,1447,False,0.269,1,0,,,,False
1112,185,False,0.34,1,0,,,,False
1112,330,False,0.776,0,0,,,,False
1112,376,False,0.388,1,0,,,,False
1112,380,False,0.404,1,0,,,,False
1112,713,False,0.812,0,0,,,,False
1112,857,False,0.531,0,0,,,,False
1112,877,False,0.798,0,3,0.9937847693662014,0.009922090917825699,0.9856958064291044,False
1113,1250,False,0.86,0,2,0.3243797497943199,,,False
1113,1307,False,0.793,1,3,0.9342505254552684,0.029368789866566658,0.831095944800352,False
1113,1381,False,0.872,0,3,0.6916936501064666,-0.01709449663758278,0.2392046249744313,False
1113,1526,False,0.389,1,2,0.47764081885251813,,,False
1113,1602,False,0.458,1,3,3.666097231813569,,,False
1113,271,False,0.855,0,2,1.3942800184672346,0.006895424332469702,0.9977568488556172,False
1113,358,False,-0.009,1,2,3.2471824573089614,,,False
1113,430,False,0.01,1,2,1.064103627047883,0.01798611879348755,0.9975052443519269,False
1113,569,False,0.459,2,0,,,,False
1113,610,False,0.882,0,4,1.0379494451526086,0.038439370691776276,0.9994639478099587,False
1113,795,False,0.812,0,3,0.9491366727551174,-0.01026138011366129,0.1501178669043694,False
1113,850,False,0.843,0,3,0.3634999101773463,,,False
1113,859,False,0.567,2,3,1.1587659248139268,0.004023109562695026,1.0,False
1113,902,False,0.731,0,2,2.095071927925733,,,False
1113,im0043,True,0.041,1,3,0.2666111562984988,,,False
1114,1224,False,0.817,0,2,0.6279773878210335,,,False
1114,1319,False,0.757,1,4,0.9467920853338143,0.01783152110874653,0.889057081816913,False
1114,1332,False,0.743,2,4,0.9863185577403772,0.02251765877008438,0.9605980594195432,False
1114,1412,False,0.288,1,0,,,,False
1114,520,False,0.571,1,2,1.6616539859470727,,,False
1114,759,False,0.255,1,2,0.614246255213581,,,False
1114,779,False,0.668,1,3,1.0196926491146867,-0.01367939729243517,0.9812283207508672,False
1114,831,False,0.823,0,3,0.9405199383361006,0.030014410614967346,0.8841435272145717,False
1114,975,False,0.827,0,5,0.9924973436031352,0.022413741797208786,0.9773582067097939,False
1115,1208,False,0.483,0,0,,,,False
1115,1245,False,0.506,0,0,,,,False
1115,581,False,0.525,0,0,,,,False
1115,aria_d_14_20,True,0.18,1,0,,,,False
1115,im0054,True,-0.147,1,0,,,,False
1116,1218,False,0.371,2,2,2.434647341719564,,,False
1116,1481,False,0.609,0,0,,,,False
1116,1665,False,-0.081,1,0,,,,False
1116,1747,False,0.126,1,0,,,,False
1116,183,False,0.661,0,0,,,,False
1116,750,False,0.585,4,0,,,,False
1116,892,False,0.335,1,0,,,,False
1117,1449,False,0.864,0,2,0.9085064942555201,-0.01632530242204666,0.8252745539673921,False
1117,1463,False,-0.218,1,3,0.9149063959955889,0.0937504768371582,0.5164113785557987,False
1117,1907,False,-0.011,1,2,0.8793148628755839,0.011947198770940304,0.2362879030613731,False
1117,222,False,0.258,1,3,0.19559624068931758,,,False
1117,353,False,0.205,1,2,1.8432103820402665,,,False
1117,573,False,0.005,1,3,51.627553975704785,,,False
1117,992,False,0.2,1,3,0.9305837693828626,0.009632744826376438,0.5439013479500487,False
1117,aria_a_13_2,True,0.163,2,2,0.8867771644244171,0.0006764004938304424,0.48014666690095886,False
1118,1217,False,0.839,0,0,,,,False
1118,607,False,0.626,0,0,,,,False
1118,637,False,0.797,0,0,,,,False
1118,679,False,0.727,0,0,,,,False
1118,747,False,0.697,0,0,,,,False
1119,1322,False,0.382,2,0,,,,False
1119,272,False,0.259,1,0,,,,False
1119,281,False,0.164,1,0,,,,False
1119,301,False,0.56,0,0,,,,False
1119,490,False,0.558,0,0,,,,False
1119,572,False,0.56,0,0,,,,False
1119,829,False,0.562,0,0,,,,False
1119,953,False,0.094,2,0,,,,False
1119,im0017,True,0.031,1,0,,,,False
112,1130,False,0.759,0,3,1.1445514297738053,0.018319763243198395,0.9835512894844209,False
112,1359,False,0.368,1,3,3.6309593424886275,,,False
112,287,False,0.321,1,3,1.1163947366132483,-0.015041408129036427,0.263054035134137,False
112,353,False,0.224,1,0,,,,False
112,356,False,0.76,0,3,1.063806720888794,0.01729419454932213,0.9390010226599924,False
112,506,False,0.129,1,0,,,,False
112,513,False,0.304,1,2,0.8607082614127041,0.004439208190888166,0.5678779558893441,False
112,560,False,0.254,1,2,0.15247767154291206,,,False
112,604,False,0.76,0,3,0.9921250551921056,0.01388265285640955,0.9813211673733025,False
1120,1346,False,0.517,0,2,0.25347400529467,,,False
1120,509,False,-0.003,1,0,,,,False
1120,655,False,0.519,0,3,1.0173663699486786,0.008962377905845642,0.807303123625165,False
1120,656,False,0.506,0,2,0.7223642250397789,-0.0003908584185410291,0.5212987499665409,False
1120,931,False,0.182,1,0,,,,False
1120,aria_c_2_2,True,0.21,1,3,0.341294154294259,,,False
1120,im0213,True,0.013,1,0,,,,False
1121,1132,False,0.134,1,3,0.7547498030998914,0.014154068194329739,0.5127093108346605,False
1121,1487,False,0.093,1,2,0.24163617970749526,,,False
1121,1633,False,0.033,1,2,4.950140313082997,,,False
1121,273,False,0.19,1,0,,,,False
1121,310,False,0.439,0,0,,,,False
1121,741,False,0.436,0,2,0.690998996346966,-0.00042854069033637643,0.4667598633115875,False
1121,760,False,0.153,1,0,,,,False
1122,1200,False,0.867,0,0,,,,False
1122,123,False,0.503,1,0,,,,False
1122,191,False,0.774,0,0,,,,False
1122,196,False,0.86,0,0,,,,False
1122,199,False,0.797,0,0,,,,False
1122,305,False,0.813,0,0,,,,False
1122,583,False,0.79,0,0,,,,False
1122,724,False,0.815,0,0,,,,False
1122,726,False,0.805,0,3,0.9892205410350439,0.0018301471136510372,0.9721993996316165,False
1122,749,False,0.848,0,0,,,,False
1122,788,False,0.761,0,0,,,,False
1122,903,False,0.843,1,0,,,,False
1122,932,False,0.706,1,0,,,,False
1123,113,False,0.776,0,2,0.583623444168555,,,False
1123,1260,False,0.539,0,0,,,,False
1123,131,False,0.809,0,0,,,,False
1123,1420,False,0.355,1,0,,,,False
1123,173,False,0.704,0,0,,,,False
1123,175,False,0.602,0,0,,,,False
1123,200,False,0.745,0,0,,,,False
1123,203,False,0.763,0,0,,,,False
1123,330,False,0.513,1,0,,,,False
1123,549,False,0.796,0,3,4.833155162572237,,,False
1123,665,False,0.7,0,0,,,,False
1123,801,False,0.722,0,0,,,,False
1123,922,False,0.706,0,0,,,,False
1124,130,False,0.185,1,3,1.028655692726996,0.006079303566366434,0.33594068542243394,False
1124,1368,False,0.69,0,3,0.9064805208077057,0.0006897267885506153,0.8036672125426186,False
1124,1476,False,0.72,2,4,1.0240766869922449,0.005783896427601576,0.9133553431050985,False
1124,343,False,0.279,1,2,1.719069436547632,,,False
1124,674,False,0.861,0,3,0.9675307850462724,0.007024854421615601,0.9327739663520899,False
1124,708,False,0.64,2,3,1.674328826512235,,,False
1124,841,False,0.577,1,3,0.43418632444528626,,,False
1124,90,False,0.411,2,4,0.7556784685268654,-0.015943387523293495,0.49166921882471776,False
1124,913,False,0.676,0,3,0.2602655725674904,,,False
1124,92,False,0.862,0,5,0.9339131440522949,-0.0034213897306472063,0.8703743464771495,False
1124,aria_c_47_2,True,0.102,1,2,0.4323073129014246,,,False
1125,1734,False,0.134,1,3,0.49433479813523923,,,False
1125,190,False,0.307,2,2,0.5692699951426687,,,False
1125,257,False,0.706,0,3,0.2074363674101958,,,False
1125,309,False,0.025,1,2,0.6794681888069014,0.007508556358516216,0.4570556900208911,False
1125,798,False,0.714,0,4,0.6122990938203838,,,False
1125,909,False,0.729,0,3,1.0320897704452303,0.026248035952448845,0.9986538523420824,False
1126,1139,False,0.795,0,3,2.5795150027726472,,,False
1126,1173,False,0.453,2,3,3.0940345093432935,,,False
1126,1287,False,0.571,0,2,1.4869703723503898,0.010888411663472652,0.8220730757872694,False
1126,1396,False,0.143,1,3,0.9810074892862167,-0.010341659188270569,0.489398884772357,False
1126,1530,False,0.053,2,3,2.0222915812859665,,,False
1126,732,False,0.816,0,3,1.077979590152332,0.004125054460018873,0.999865649183147,False
1126,740,False,0.823,0,3,0.640782577004818,,,False
1126,829,False,0.804,0,3,0.34581554575233914,,,False
1126,833,False,0.749,0,4,0.8515530223971665,0.08104512095451355,0.724095048698253,False
1126,945,False,0.094,3,3,2.101919145950196,,,False
1126,958,False,0.722,2,5,1.0123524947700044,0.004200143273919821,0.9827224372151939,False
1127,1204,False,0.4,0,0,,,,False
1127,124,False,0.12,1,5,0.7691603987217864,0.006903806701302528,0.5912492958124312,False
1127,1246,False,0.015,1,2,0.7919819007474913,-0.0005150369252078235,0.6247105692361167,False
1127,1476,False,0.69,0,0,,,,False
1127,1897,False,-0.002,2,0,,,,False
1127,556,False,0.285,1,0,,,,False
1127,708,False,0.676,1,2,0.9091433902309124,0.01637456752359867,0.4858089922047502,False
1127,905,False,0.738,0,2,1.3447925074053695,-0.018158601596951485,0.7761331604162871,False
1128,1155,False,0.715,0,2,0.8665196293967335,-0.004788145888596773,0.20551433534192526,False
1128,1243,False,0.483,1,3,0.1465339869310112,,,False
1128,1650,False,0.415,2,2,0.10444573330803363,,,False
1128,410,False,0.277,1,0,,,,False
1128,590,False,0.427,1,0,,,,False
1128,735,False,0.723,0,2,2.1618911880735876,,,False
1128,802,False,0.593,1,2,1.8138327705491077,,,False
1128,830,False,0.445,1,3,0.8592911564750885,0.0010580457746982574,0.6750396601328278,False
1128,938,False,0.71,0,3,1.0323733219621862,0.007087887730449438,0.9958139010685286,False
1129,1386,False,0.319,2,0,,,,False
1129,1610,False,0.229,1,0,,,,False
1129,198,False,0.791,0,3,0.9067772492368049,0.015683695673942566,0.8336060805410724,False
1129,242,False,0.705,1,0,,,,False
1129,618,False,0.756,0,0,,,,False
1129,86,False,0.595,0,0,,,,False
1129,im0093,True,0.375,0,0,,,,False
1129,im0227,True,0.036,2,0,,,,False
113,1279,False,0.767,0,0,,,,False
113,131,False,0.848,2,0,,,,False
113,175,False,0.597,1,0,,,,False
113,254,False,0.656,0,0,,,,False
113,304,False,0.826,0,0,,,,False
113,450,False,0.237,1,0,,,,False
113,589,False,0.488,0,0,,,,False
113,761,False,0.803,0,0,,,,False
113,791,False,0.732,0,0,,,,False
113,80,False,0.53,1,0,,,,False
1130,1133,False,0.895,0,4,1.1207204132754194,0.04185042902827263,0.9946900469251667,False
1130,1162,False,0.887,0,3,0.2562662892532653,,,False
1130,1209,False,0.912,0,6,0.8267329051570709,0.008949615061283112,0.681819399283254,False
1130,1340,False,0.875,0,4,1.0388880707369554,0.0490814745426178,0.9937033107188408,False
1130,1395,False,0.809,0,0,,,,False
1130,1402,False,0.874,0,2,2.8035954587772625,,,False
1130,1515,False,0.054,3,0,,,,False
1130,1628,False,0.12,2,0,,,,False
1130,1742,False,0.02,1,0,,,,False
1130,281,False,0.687,0,0,,,,False
1130,414,False,0.802,0,0,,,,False
1130,492,False,0.53,2,0,,,,False
1130,638,False,0.693,1,3,0.8974829548372437,0.009036538191139698,0.651529238524665,False
1130,644,False,0.91,0,4,1.0015847895955015,-0.004692336544394493,0.9892817364447865,False
1130,645,False,0.921,0,3,1.007838962306955,0.025008639320731163,0.99971171053562,False
1130,767,False,0.837,0,8,0.9756384087385072,0.03575754165649414,0.951812597985525,False
1130,816,False,0.9,0,4,1.024252155962778,0.026741880923509598,0.9993114059154535,False
1130,875,False,0.31,1,0,,,,False
1130,939,False,0.881,0,2,0.7358411940193713,0.011350128799676895,0.47819988499384664,False
1130,941,False,0.871,0,6,1.001839122030849,0.0008150768117047846,0.9888344255789259,False
1130,976,False,0.806,1,5,0.9913547471113789,-0.003226609667763114,0.9791649820759548,False
1130,aria_d_21_21,True,0.069,1,0,,,,False
1131,1192,False,0.375,0,0,,,,False
1131,1506,False,0.048,1,0,,,,False
1131,159,False,0.165,1,0,,,,False
1131,322,False,0.387,0,0,,,,False
1131,799,False,0.256,2,3,2.104249092165988,,,False
1131,981,False,0.429,0,0,,,,False
1132,1290,False,0.832,0,3,0.6058579902286602,,,False
1132,1373,False,0.799,0,2,3.540694557418424,,,False
1132,1736,False,0.029,1,3,0.7654673447807234,-0.007178795523941517,0.3319417486878524,False
1132,261,False,0.854,0,2,0.843644951519627,-0.009258992969989777,0.6265380778184236,False
1132,356,False,0.858,0,4,0.835563496590654,0.0278081763535738,0.6614349534420583,False
1132,977,False,0.846,0,3,0.6712390982089176,-0.024076208472251892,0.4496509879725086,False
1132,im0247,True,0.196,1,3,1.8570708686246722,,,False
1133,1144,False,0.112,1,0,,,,False
1133,1207,False,0.911,65,83,0.9985460910531448,0.6976861953735352,0.9813486678003015,True
1133,1483,False,0.752,1,3,1.3762046493195177,-0.00017883357941173017,0.5743053061049426,False
1133,1503,False,0.301,13,42,0.9853182913292096,0.5931333303451538,0.9158581910133334,True
1133,688,False,0.431,1,2,0.8726042443594857,0.03239619731903076,0.7072320915674811,False
1133,im0054,True,0.056,2,0,,,,False
1133,im0159,True,-0.003,1,2,2.3348397505260383,,,False
1134,1214,False,0.82,0,3,0.9750545854830217,-0.0077355303801596165,0.9497852464297218,False
1134,1250,False,0.829,0,3,0.9765176390812069,-0.008649238385260105,0.945875693471034,False
1134,1255,False,0.799,0,3,1.0725889846086738,0.009761705063283443,0.8292480109871834,False
1134,131,False,0.293,2,3,1.0126412730625247,0.03160660341382027,0.994501283569771,False
1134,1343,False,0.23,2,3,0.3073534511613444,,,False
1134,1392,False,0.861,0,3,2.1514143595708526,,,False
1134,1688,False,0.046,1,3,0.8800629329166231,0.004961665254086256,0.7933867335594766,False
1134,199,False,0.306,3,4,0.7146291926224078,-0.0011313526192680001,0.37886036009492535,False
1134,407,False,0.654,0,3,1.072992943027769,-0.016109120100736618,1.0,False
1134,680,False,0.827,0,4,0.9956020157350616,0.02095620706677437,0.9849649486306885,False
1134,893,False,0.815,0,5,1.1976890458870852,-0.005938359536230564,1.0,False
1134,966,False,0.704,0,4,0.9422060185960214,-6.218900671228766e-05,0.8767627189637951,False
1134,im0182,True,-0.112,1,3,0.16259914841477793,,,False
1135,1508,False,0.169,1,0,,,,False
1135,1759,False,-0.059,1,0,,,,False
1135,316,False,0.631,0,3,0.9026153059877072,0.010991244576871395,0.8163896613421285,False
1135,532,False,0.599,1,3,0.7427689701209634,0.007773308549076319,0.49044736137155104,False
1135,574,False,0.767,0,2,0.8996580743793182,-0.009086742997169495,0.5019625555161252,False
1135,693,False,0.768,0,0,,,,False
1135,734,False,0.446,2,4,0.9855458271678277,-0.00798011850565672,0.9777354796606482,False
1135,953,False,0.715,2,3,0.7003509375333353,0.012244231067597866,0.17108638483008598,False
1135,984,False,0.763,0,0,,,,False
1135,aria_c_21_12,True,0.085,1,3,0.17380737421644682,,,False
1135,aria_d_18_21,True,-0.085,1,2,0.057702749316480506,,,False
1136,1225,False,0.737,0,2,0.6572749355619006,,,False
1136,1399,False,0.72,0,0,,,,False
1136,39,False,0.261,1,0,,,,False
1136,539,False,0.489,1,0,,,,False
1136,583,False,0.53,2,0,,,,False
1136,66,False,0.627,0,2,2.3844476690520184,,,False
1136,942,False,0.697,0,0,,,,False
1137,1215,False,0.708,0,0,,,,False
1137,1327,False,0.765,0,4,1.029061162521301,0.02125067450106144,0.9993725397659627,False
1137,1451,False,0.688,0,0,,,,False
1137,189,False,0.573,1,0,,,,False
1137,409,False,0.597,0,0,,,,False
1137,480,False,0.601,0,0,,,,False
1137,599,False,0.465,1,2,2.1952600623680074,,,False
1137,847,False,0.392,1,2,0.7355115297501066,0.0065307351760566235,0.307570673556244,False
1137,aria_a_10_27,True,0.418,0,0,,,,False
1137,im0050,True,0.454,0,0,,,,False
1137,im0118,True,-0.042,1,0,,,,False
1138,1462,False,0.709,0,3,3.0484725208516883,,,False
1138,1763,False,0.304,0,3,0.3309890966110524,,,False
1138,531,False,0.707,0,2,0.28812936834411473,,,False
1138,778,False,0.371,2,2,4.255314414919689,,,False
1138,im0026,True,0.324,0,3,0.3382458769156656,,,False
1138,im0099,True,0.578,0,2,0.7057960133988749,0.006524691358208656,0.49202783204944606,False
1138,im0295,True,0.345,1,2,0.3488562309368833,,,False
1138,im0327,True,-0.034,1,0,,,,False
1139,1246,False,0.409,0,2,0.41411166192449417,,,False
1139,1366,False,-0.023,1,3,0.5793815558058023,,,False
1139,1562,False,0.151,1,0,,,,False
1139,420,False,-0.298,1,2,0.1098144222039824,,,False
1139,478,False,-0.123,1,2,0.1334998326202423,,,False
1139,740,False,0.783,0,3,0.904900741009617,-0.0022745912428945303,0.8200070920461627,False
1139,754,False,0.524,0,3,1.9024594679648077,,,False
1139,829,False,0.8,0,0,,,,False
1139,im0335,True,-0.09,1,0,,,,False
114,1296,False,0.58,0,0,,,,False
114,132,False,0.599,0,0,,,,False
114,1491,False,0.587,0,0,,,,False
114,989,False,0.447,2,0,,,,False
1140,1173,False,0.6,0,4,0.6352809905787612,,,False
1140,1252,False,0.301,1,2,1.9034827707503716,,,False
1140,1277,False,0.263,1,3,0.8839337924617297,0.014806509017944336,0.4766928532636458,False
1140,1305,False,0.668,0,3,0.1265160132521328,,,False
1140,1343,False,0.535,2,3,0.2662253055728124,,,False
1140,1472,False,0.377,2,3,1.0778153052973263,0.00043454093975014985,0.8733551041454061,False
1140,1766,False,-0.137,2,0,,,,False
1140,292,False,0.617,0,3,0.9795735064161346,-0.03577237203717232,0.9485898391221139,False
1140,518,False,0.22,1,4,1.0209624967029396,0.012813851237297058,0.7262503746841947,False
1140,865,False,0.513,0,3,0.7835186899576192,0.01331400964409113,0.6146251090966529,False
1140,946,False,0.681,0,3,0.9895137795136769,-0.002506449120119214,0.9785127415110084,False
1140,im0176,True,0.403,0,0,,,,False
1141,1162,False,0.908,0,4,0.9866756920901454,0.033001016825437546,0.920324740218571,False
1141,1465,False,0.846,1,3,1.0190144405454482,0.002323351101949811,0.9873370117066829,False
1141,394,False,0.555,2,6,0.9901551391983054,0.22828060388565063,0.9720753052077673,False
1141,548,False,0.327,1,0,,,,False
1141,678,False,0.854,0,2,0.8504118545330841,0.01234089769423008,0.7238271902442852,False
1141,925,False,0.829,0,0,,,,False
1141,aria_c_21_12,True,0.168,1,0,,,,False
1141,aria_c_38_42,True,0.091,1,0,,,,False
1142,1180,False,0.733,1,0,,,,False
1142,1210,False,0.758,1,2,0.5236366088487534,,,False
1142,1451,False,0.816,0,3,1.0645465072260851,0.0031632387544959784,0.6607113165954206,False
1142,189,False,0.86,0,3,1.0201011003929412,0.007694063242524862,0.9840477761859536,False
1142,351,False,0.893,0,3,1.0236718579963384,0.046095892786979675,0.9900198420166803,False
1142,395,False,0.682,19,34,0.9857645666256876,0.3713338375091553,0.9707312631883375,True
1142,466,False,0.113,2,0,,,,False
1142,647,False,0.435,2,0,,,,False
1142,840,False,0.854,0,0,,,,False
1142,859,False,0.702,0,0,,,,False
1143,284,False,0.702,0,2,3.4265748298196583,,,False
1143,540,False,-0.032,1,2,0.0736261217185961,,,False
1143,755,False,0.736,0,0,,,,False
1143,840,False,0.702,0,0,,,,False
1144,1857,False,0.567,0,0,,,,False
1144,1865,False,0.465,0,0,,,,False
1144,616,False,0.239,1,3,1.0361376190124176,0.023726528510451317,0.5701948257968068,False
1144,757,False,0.517,0,0,,,,False
1144,913,False,0.094,1,2,1.460554840436308,0.005220458842813969,0.6770032856328237,False
1144,aria_d_16_21,True,0.101,1,2,2.9718737827774278,,,False
1145,1219,False,0.788,0,0,,,,False
1145,1244,False,0.791,0,0,,,,False
1145,1489,False,0.648,0,2,0.29892261878752857,,,False
1145,578,False,0.807,0,0,,,,False
1145,aria_c_30_2,True,0.097,1,2,2.761680887502247,,,False
1145,aria_d_10_19,True,-0.011,1,0,,,,False
1146,148,False,0.498,0,0,,,,False
1146,204,False,0.499,0,0,,,,False
1146,631,False,0.434,1,0,,,,False
1146,644,False,0.415,1,0,,,,False
1146,716,False,0.505,0,0,,,,False
1147,1363,False,0.672,1,4,1.0035524429293468,0.032561469823122025,0.9500932136199027,False
1147,1481,False,0.724,0,4,0.9014841488883804,-0.0029755576979368925,0.7454749853424488,False
1147,1486,False,0.662,2,2,10.1377806037979,,,False
1147,46,False,0.585,1,3,0.3453154262904159,,,False
1147,532,False,0.755,0,2,1.6730493839105192,,,False
1147,817,False,0.745,0,3,0.9509102068636264,0.013010191731154919,0.9030114360372276,False
1147,969,False,0.846,0,5,0.8849718306226475,0.029733095318078995,0.7810374902718514,False
1147,im0081,True,0.102,1,2,0.9812161189216038,0.011415248736739159,0.8256045672429579,False
1148,1245,False,0.769,0,2,0.7263365654395788,-0.0010870118858292699,0.44002324180080915,False
1148,1341,False,0.797,0,4,1.0434012452880133,0.015620272606611252,0.9997583062099191,False
1148,172,False,0.389,1,2,1.1404838189545823,0.01480842474848032,0.4591706453516442,False
1148,1893,False,0.195,1,3,1.8870052157700843,,,False
1148,867,False,0.78,0,3,1.1320748172753894,0.024279212579131126,0.9607510918909615,False
1148,aria_d_15_22,True,0.336,0,2,1.1949643268804582,0.0007524557295255363,0.849284862213975,False
1149,1330,False,0.786,0,0,,,,False
1149,548,False,0.76,0,0,,,,False
1149,600,False,0.749,0,0,,,,False
1149,635,False,0.418,1,0,,,,False
115,1455,False,0.52,0,2,0.6128918581534442,,,False
115,1548,False,-0.07,1,2,0.6801869821744227,-0.006714370101690292,0.41332129819530056,False
115,220,False,0.504,0,0,,,,False
115,38,False,0.153,1,2,2.111106180707796,,,False
115,588,False,0.024,1,3,0.31805196948544434,,,False
115,652,False,0.486,0,3,0.17498585522484958,,,False
115,aria_d_3_33,True,-0.161,2,2,0.8284361106574742,0.013597673736512661,0.3901260721297923,False
115,im0402,True,-0.071,1,2,0.9983455366384614,0.003659064881503582,0.539845974869584,False
1150,1226,False,0.638,0,0,,,,False
1150,140,False,0.785,0,0,,,,False
1150,844,False,0.729,0,0,,,,False
1150,im0196,True,-0.056,1,0,,,,False
1151,1327,False,0.782,0,2,1.3464883189277301,-0.0546896792948246,0.2803031115592119,False
1151,1357,False,0.126,1,3,1.0185100364215713,-0.005599030759185553,0.7243981160751207,False
1151,1393,False,0.184,1,2,0.7968939246247055,0.008223694749176502,0.6346586848228536,False
1151,1398,False,0.732,0,3,0.5993818047904258,,,False
1151,345,False,0.325,1,2,0.6360333956914197,,,False
1151,520,False,-0.07,2,0,,,,False
1151,560,False,0.74,0,3,0.43445526000748746,,,False
1151,564,False,0.665,0,2,1.5083637370339231,,,False
1151,612,False,0.436,2,3,0.23945834975991476,,,False
1152,1428,False,0.344,1,0,,,,False
1152,235,False,0.532,0,0,,,,False
1152,551,False,0.551,0,0,,,,False
1152,762,False,0.52,0,0,,,,False
1153,1242,False,0.764,0,2,0.9233482406344002,-0.007559133227914572,0.614174581103064,False
1153,1296,False,0.618,1,2,0.9028560041754096,-0.010126782581210136,0.6735703162755732,False
1153,597,False,0.872,0,3,1.0138399107148177,-0.0055479551665484905,0.9977786025096951,False
1153,62,False,0.583,0,0,,,,False
1153,661,False,0.863,0,2,1.6733085351570796,,,False
1153,684,False,0.75,0,0,,,,False
1153,745,False,0.899,0,5,0.9995373410844269,-0.02184554748237133,0.9902908965724982,False
1153,783,False,0.603,0,4,0.45344334518548585,,,False
1153,891,False,0.658,0,2,1.1546504386383178,0.00036407759762369096,0.36820701014555735,False
1153,aria_d_3_32,True,-0.081,1,0,,,,False
1153,im0150,True,-0.012,4,0,,,,False
1154,1459,False,0.764,0,3,0.5688508128522348,,,False
1154,1477,False,0.324,1,2,1.2955289313436202,-0.00012433435767889023,0.8286639115429426,False
1154,1884,False,0.391,2,2,0.43915898866013514,,,False
1154,206,False,0.786,0,3,1.0261001310621327,-0.014258001931011677,0.9813911608013807,False
1154,30,False,0.41,0,2,1.2538374682904947,-0.008214455097913742,0.8866502251769247,False
1155,1214,False,0.827,0,3,0.9746933926894927,0.009155567735433578,0.9471384086760443,False
1155,1289,False,0.631,1,3,0.4014804858263403,,,False
1155,1301,False,0.777,0,3,0.7841351673909699,-0.0020105380099266768,0.6154692278800236,False
1155,1381,False,0.864,0,3,1.0291259259070757,-0.00250776344910264,0.9997846846167925,False
1155,1482,False,0.841,1,5,1.0285827186917988,0.026981212198734283,0.9997307804137366,False
1155,1707,False,0.068,1,0,,,,False
1155,262,False,0.749,1,3,0.32705763598249726,,,False
1155,282,False,0.784,1,0,,,,False
1155,482,False,0.153,1,0,,,,False
1155,766,False,0.865,0,2,2.539749904720622,,,False
1155,802,False,0.862,0,3,1.023727953305652,0.014223046600818634,0.9996506446949053,False
1155,840,False,0.865,0,5,0.9996696166151336,0.0468989796936512,0.9880508001887844,False
1155,850,False,0.854,0,2,5.202482924815368,,,False
1155,908,False,0.863,0,3,1.2578250348230502,-0.00850385706871748,0.973741864810877,False
1155,91,False,0.785,0,3,0.638786982368624,,,False
1155,934,False,0.846,0,2,0.8463960068840211,-0.0007595292991027236,0.6722551394790419,False
1156,1224,False,0.875,0,2,0.4515688158784439,,,False
1156,1310,False,0.891,0,0,,,,False
1156,1410,False,0.825,0,4,0.9590913679227538,-0.008345437236130238,0.9172929503467615,False
1156,1415,False,0.765,0,2,3.5715316100048793,,,False
1156,1449,False,0.867,0,4,1.2519805069852294,0.025596003979444504,1.0,False
1156,261,False,0.887,1,3,1.0738548240328591,0.013289602473378181,0.768454251906841,False
1156,288,False,0.9,1,4,0.9893216559074139,-0.0030796488281339407,0.9779270324001934,False
1156,356,False,0.838,1,3,0.9790405958361506,0.0007668755133636296,0.8990096345336133,False
1156,519,False,0.788,0,4,2.4825660210369187,,,False
1156,574,False,0.855,0,2,1.0134504940291822,0.004700351040810347,0.998365433213967,False
1156,701,False,0.886,0,3,0.970233293517172,-0.014067276380956173,0.939506285444488,False
1156,806,False,0.745,0,3,0.9959338073637228,0.009629114530980587,0.9887338506858242,False
1156,808,False,0.775,1,3,0.971331297771536,-0.004518511239439249,0.946193610289084,False
1156,831,False,0.901,0,5,1.022220785273694,0.0180323775857687,0.9994525958762223,False
1156,860,False,0.841,0,0,,,,False
1156,872,False,0.842,0,5,1.018762020210811,-0.00971927773207426,0.99667470682088,False
1156,942,False,0.848,0,3,0.1263429512265031,,,False
1156,943,False,0.303,1,2,0.9198760913352836,0.01605895161628723,0.8295642285493595,False
1156,965,False,0.828,1,4,1.0417969861768224,0.015552900731563568,0.9998283031522468,False
1156,975,False,0.899,0,4,0.9895684442798884,0.030987374484539032,0.9802327580648628,False
1156,984,False,0.854,0,3,0.9519926400889712,0.08478152006864548,0.905970654082175,False
1156,998,False,0.85,0,5,1.0646529532457751,0.0038250263314694166,0.9966014291151386,False
1156,aria_c_27_3,True,0.136,1,0,,,,False
1156,aria_c_2_3,True,0.613,0,2,0.5485002187137614,,,False
1157,1386,False,0.665,0,3,1.1314753993921833,0.008666308596730232,0.5186636067673587,False
1157,1678,False,-0.007,1,0,,,,False
1157,483,False,0.403,2,0,,,,False
1157,613,False,0.337,2,2,0.1904492014219909,,,False
1157,641,False,0.758,0,4,0.978164945712228,0.017955036833882332,0.9516008137916265,False
1157,709,False,0.468,1,0,,,,False
1157,822,False,0.845,0,4,0.9990268277274176,0.08178270608186722,0.976315091551697,False
1157,827,False,0.779,0,2,1.0115949629895165,-0.041698433458805084,0.8963169781217828,False
1157,im0298,True,0.087,1,0,,,,False
1158,1246,False,0.161,1,2,3.950495157999497,,,False
1158,1385,False,0.826,0,4,0.1490525002072731,,,False
1158,1415,False,0.31,1,2,0.37733595251272833,,,False
1158,151,False,0.309,1,3,0.4005512061895309,,,False
1158,230,False,0.445,1,3,0.3241916469040147,,,False
1158,346,False,0.716,1,2,3.2846203467189663,,,False
1158,541,False,0.563,1,3,1.4811568140491782,0.0042844535782933235,0.28416395044757203,False
1158,677,False,0.827,0,2,0.9264227047551212,-0.0022297361865639687,0.8501367365542388,False
1158,828,False,0.784,1,3,1.04834367529372,0.02943156100809574,0.9253959537883437,False
1158,938,False,0.833,0,3,0.11250847979369834,,,False
1159,1202,False,0.636,0,0,,,,False
1159,1337,False,0.635,0,0,,,,False
1159,1360,False,0.446,1,2,0.4352636147643928,,,False
1159,1624,False,0.116,1,0,,,,False
1159,1689,False,0.018,1,0,,,,False
1159,350,False,0.256,1,3,0.6870373404623952,0.004534033592790365,0.47143102449075963,False
1159,405,False,0.178,1,0,,,,False
1159,906,False,0.448,1,0,,,,False
1159,im0379,True,-0.022,1,2,0.4204101530241619,,,False
116,1286,False,0.208,1,3,0.6109825375288163,,,False
116,1553,False,-0.008,1,0,,,,False
116,168,False,0.289,2,3,1.0019753225378702,-0.00705765513703227,0.5420692019708792,False
116,343,False,0.024,1,0,,,,False
116,555,False,0.581,0,0,,,,False
116,636,False,0.621,0,0,,,,False
116,866,False,0.432,1,2,1.272209546277583,0.0108405826613307,0.9789595459310944,False
116,im0251,True,0.566,0,0,,,,False
116,im0363,True,0.485,0,2,0.6374511784228671,,,False
1160,1456,False,0.526,1,0,,,,False
1160,1471,False,0.045,1,0,,,,False
1160,189,False,0.246,1,2,0.6915256538776531,0.006708952598273754,0.28723661123899363,False
1160,644,False,0.611,1,0,,,,False
1160,703,False,0.67,0,0,,,,False
1160,835,False,0.656,0,0,,,,False
1161,1337,False,0.803,0,0,,,,False
1161,396,False,0.687,0,0,,,,False
1161,637,False,0.113,1,3,0.611740695318392,,,False
1161,675,False,0.836,0,3,0.2507168096849845,,,False
1161,818,False,0.848,0,0,,,,False
1161,aria_a_11_6,True,-0.075,1,0,,,,False
1161,im0082,True,0.017,1,2,0.11630172167000405,,,False
1161,im0089,True,0.642,0,3,17.70896526446561,,,False
1162,1209,False,0.879,0,3,0.9696780440545066,-0.0092598432675004,0.9303877821049192,False
1162,1340,False,0.878,0,0,,,,False
1162,1402,False,0.868,0,5,0.9759641871666109,0.02217184752225876,0.9507594895885964,False
1162,156,False,0.731,0,0,,,,False
1162,171,False,0.539,2,0,,,,False
1162,236,False,0.218,1,0,,,,False
1162,925,False,0.847,0,0,,,,False
1162,im0102,True,-0.136,1,0,,,,False
1162,im0128,True,0.029,1,0,,,,False
1163,1231,False,0.689,1,0,,,,False
1163,1536,False,0.064,2,0,,,,False
1163,48,False,-0.024,2,0,,,,False
1163,904,False,0.72,0,0,,,,False
1163,999,False,0.014,1,0,,,,False
1163,aria_d_4_5,True,-0.043,1,0,,,,False
1164,1211,False,0.137,2,0,,,,False
1164,1399,False,0.784,0,2,1.0519298891728086,0.011092216707766056,0.9987349303943693,False
1164,1842,False,0.088,1,4,1.1316670433699054,-0.003753805533051491,0.8348230743338908,False
1164,698,False,0.79,0,3,2.893051520098738,,,False
1164,aria_c_31_20,True,0.071,1,2,0.7633813411315955,-0.0061094085685908794,0.5621858486918417,False
1164,aria_c_47_15,True,0.163,1,3,0.6245800925267431,,,False
1164,im0158,True,-0.067,1,2,0.274442787178449,,,False
1165,1191,False,0.484,0,3,1.049141960340146,-0.001338716596364975,0.9842323917681215,False
1165,1218,False,0.274,1,0,,,,False
1165,1645,False,0.036,2,0,,,,False
1165,250,False,0.198,1,2,2.780117587608906,,,False
1165,386,False,-0.154,1,0,,,,False
1165,739,False,0.284,1,0,,,,False
1165,78,False,0.483,0,0,,,,False
1165,846,False,0.419,0,0,,,,False
1166,1402,False,0.397,1,3,0.9831317439154335,-0.00790358241647482,0.9610472678799866,False
1166,1691,False,0.284,1,0,,,,False
1166,190,False,0.74,0,2,0.8566719017062837,0.016748502850532532,0.3252353998444081,False
1166,657,False,0.748,0,2,1.5737086358176793,,,False
1166,im0042,True,0.082,1,0,,,,False
1166,im0068,True,0.059,1,0,,,,False
1167,1169,False,0.103,81,80,0.9922806915530181,0.6642363667488098,0.5365314326504543,True
1167,1482,False,0.272,2,0,,,,False
1167,1773,False,0.234,1,3,1.460324253911426,0.011060710996389389,0.5096819256393724,False
1167,844,False,0.648,0,0,,,,False
1167,98,False,0.681,0,0,,,,False
1167,aria_c_21_12,True,0.118,1,0,,,,False
1168,120,False,0.799,0,3,0.6276120946781986,,,False
1168,1227,False,0.752,0,3,1.0181386364768497,0.004467115271836519,0.9567109334708612,False
1168,1278,False,0.652,0,3,0.11779858133213433,,,False
1168,1283,False,0.807,0,3,0.7766664580043674,0.03045164793729782,0.603688914446636,False
1168,148,False,0.816,0,2,1.30137086405789,0.011562512256205082,0.9774939629729005,False
1168,1518,False,0.056,1,0,,,,False
1168,179,False,0.782,0,2,0.04054076940561242,,,False
1168,1798,False,0.728,0,0,,,,False
1168,1861,False,-0.108,1,4,0.23451279469200034,,,False
1168,204,False,0.843,0,2,0.14387987490323423,,,False
1168,826,False,0.789,0,3,0.9585771686070402,0.04452282562851906,0.9121871039509438,False
1168,928,False,0.396,2,2,4.153705108806291,,,False
1168,im0016,True,0.598,0,0,,,,False
1168,im0377,True,0.162,2,0,,,,False
1169,333,False,0.04,1,0,,,,False
1169,344,False,-0.27,1,0,,,,False
1169,358,False,0.723,0,0,,,,False
1169,634,False,0.691,0,3,0.6941143938620495,0.027425985783338547,0.4810248661855239,False
1169,715,False,-0.0,1,0,,,,False
1169,874,False,0.679,0,0,,,,False
1169,im0024,True,0.411,0,0,,,,False
1169,im0071,True,0.484,0,2,0.5754940897076556,,,False
117,1362,False,0.344,1,3,0.40583427782905507,,,False
117,574,False,0.778,0,3,0.18553541297037443,,,False
117,659,False,0.777,0,2,0.3955481423444169,,,False
117,984,False,0.776,0,3,0.14346393663313264,,,False
117,aria_a_20_6,True,0.052,2,3,0.4778924808401236,,,False
117,aria_d_11_22,True,-0.309,1,3,1.5111384777665546,,,False
117,im0401,True,0.049,1,2,1.173958697631869,0.007519889622926712,0.3538281637948986,False
1170,1447,False,0.446,0,0,,,,False
1170,181,False,0.697,0,0,,,,False
1170,186,False,0.698,0,0,,,,False
1170,223,False,0.443,1,0,,,,False
1170,630,False,0.725,0,0,,,,False
1170,aria_d_9_3,True,0.014,1,0,,,,False
1170,im0141,True,0.001,1,0,,,,False
1171,121,False,0.17,1,0,,,,False
1171,1235,False,0.434,0,0,,,,False
1171,1439,False,0.271,2,0,,,,False
1171,1466,False,0.202,1,0,,,,False
1171,1561,False,-0.017,1,0,,,,False
1171,183,False,0.445,0,0,,,,False
1171,425,False,0.099,1,0,,,,False
1171,im0186,True,0.039,1,0,,,,False
1172,1196,False,0.64,2,0,,,,False
1172,1216,False,0.878,0,0,,,,False
1172,1609,False,0.17,1,0,,,,False
1172,1702,False,0.35,1,0,,,,False
1172,318,False,0.794,1,0,,,,False
1172,538,False,0.111,1,0,,,,False
1172,596,False,0.721,0,0,,,,False
1172,670,False,0.839,0,0,,,,False
1172,802,False,0.756,2,0,,,,False
1172,858,False,0.23,1,0,,,,False
1172,889,False,0.875,0,0,,,,False
1173,1203,False,0.341,2,3,0.23627827091510498,,,False
1173,177,False,0.224,1,3,2.021007105316393,,,False
1173,292,False,0.617,0,2,1.388288205439535,-0.007203203160315752,1.0,False
1173,559,False,0.613,0,4,1.0150297365849532,0.005262692458927631,0.995325726707609,False
1174,220,False,0.543,1,2,0.9333856585650379,-0.020078258588910103,0.6718643412310056,False
1174,234,False,0.192,1,2,2.126063304270591,,,False
1174,617,False,0.581,0,2,0.5081366109466914,,,False
1174,662,False,0.381,1,2,1.501801286003217,,,False
1174,853,False,0.589,0,2,1.088525511337191,-0.00015527717187069356,0.9966989979100799,False
1174,855,False,0.229,1,0,,,,False
1174,918,False,0.133,1,0,,,,False
1174,im0178,True,-0.012,1,2,6.984589627093313,,,False
1175,1210,False,0.307,1,4,0.17258470138237536,,,False
1175,1275,False,0.46,1,2,2.751910297311203,,,False
1175,1333,False,0.577,0,4,0.9909065965961779,-0.024907918646931648,0.9702847243145526,False
1175,1339,False,0.568,0,0,,,,False
1175,1904,False,0.19,1,0,,,,False
1175,842,False,0.208,1,0,,,,False
1175,999,False,0.062,1,3,1.766963248831528,,,False
1175,im0010,True,0.009,1,2,0.7116711562545723,0.023440515622496605,0.41006775209218244,False
1175,im0061,True,-0.104,1,3,0.7329754700339239,-0.006991601083427668,0.460802225210153,False
1175,im0241,True,-0.074,1,0,,,,False
1176,1219,False,0.791,0,3,0.9984870077863499,-0.008241643197834492,0.9557056050456674,False
1176,1244,False,0.828,0,0,,,,False
1176,279,False,0.838,0,0,,,,False
1176,317,False,0.512,2,3,0.4014397559624407,,,False
1176,426,False,0.24,2,0,,,,False
1176,864,False,0.275,1,0,,,,False
1176,aria_d_8_2,True,0.166,1,3,0.3488069508485447,,,False
1176,im0052,True,0.144,1,4,0.670204781581185,-0.021105118095874786,0.44527398301587645,False
1177,1482,False,0.737,0,2,1.0961273854098206,0.0065118479542434216,0.6581126630124595,False
1177,1657,False,0.002,2,4,0.46489104551181887,,,False
1177,178,False,0.403,1,0,,,,False
1177,317,False,0.642,1,2,0.7175053403438961,0.004102770239114761,0.5146847445991461,False
1177,58,False,0.043,1,0,,,,False
1177,610,False,0.59,2,4,0.9904082497491137,0.0019409642554819584,0.9513479032318587,False
1177,675,False,0.711,0,0,,,,False
1177,704,False,0.707,0,0,,,,False
1177,im0089,True,0.383,1,5,0.9651978014822254,0.0045763421803712845,0.758954757575587,False
1178,1192,False,0.733,0,0,,,,False
1178,1278,False,0.648,0,0,,,,False
1178,1479,False,0.453,0,0,,,,False
1178,212,False,0.677,0,0,,,,False
1178,600,False,0.754,0,0,,,,False
1178,745,False,0.768,0,0,,,,False
1178,995,False,0.781,0,0,,,,False
1179,247,False,0.806,0,0,,,,False
1179,361,False,0.828,0,0,,,,False
1179,618,False,0.807,0,0,,,,False
1179,986,False,0.559,0,0,,,,False
118,119,False,0.818,0,3,1.4838619439446283,-0.015151389874517918,0.9447945713318612,False
118,1193,False,0.459,1,2,0.73370920018223,0.01935219019651413,0.17551215426902594,False
118,1460,False,0.226,2,3,1.5068738064933973,,,False
118,153,False,0.768,1,4,0.9701872538587772,-0.0018212106078863144,0.9338975026630371,False
118,1751,False,0.668,0,2,0.34123088423637427,,,False
118,1812,False,0.617,0,2,0.9160799409284899,-6.988795212237164e-05,0.7821427615555496,False
118,1834,False,0.663,0,3,0.7263769380523969,-0.013873765245079994,0.532947575637612,False
118,229,False,0.778,0,3,0.5131775067458543,,,False
118,432,False,0.78,0,3,0.9491557502754124,-0.020467368885874748,0.8984421007548584,False
118,489,False,0.694,0,3,0.15958824364807178,,,False
118,497,False,0.565,0,3,0.05005937439347391,,,False
118,54,False,0.678,0,3,0.9031109996550848,0.0061144474893808365,0.7084859584859585,False
118,67,False,0.774,0,6,1.0033519675997467,0.013765675947070122,0.9854690413425062,False
118,684,False,0.306,1,2,1.1391132652259393,0.009384872391819954,1.0,False
118,812,False,0.703,0,3,0.3703248815470146,,,False
118,83,False,0.576,1,3,0.17994454847087318,,,False
118,aria_c_38_2,True,-0.073,1,3,0.9736430123664965,-0.026327908039093018,0.3725941975911458,False
118,aria_c_6_5,True,0.032,1,2,1.0531732629436346,0.008434944786131382,0.8809712079631611,False
118,im0104,True,0.116,2,2,0.41586388957928816,,,False
1180,1277,False,0.838,0,0,,,,False
1180,1293,False,0.359,1,0,,,,False
1180,1317,False,0.713,0,2,0.17302529063285696,,,False
1180,1381,False,0.837,0,4,1.0168933669707312,0.02719440497457981,0.9989611032760236,False
1180,1432,False,0.733,0,4,0.8130547403916139,0.01683039404451847,0.6594785294164955,False
1180,1475,False,0.802,0,2,1.3401873122271168,-0.0009178579784929752,0.6368004113573185,False
1180,1510,False,0.007,1,2,6.722425426817822,,,False
1180,1874,False,0.562,0,0,,,,False
1180,262,False,0.773,0,2,0.5481049063005651,,,False
1180,516,False,0.768,0,2,0.6719232731757226,-0.0033174119889736176,0.44597294887358596,False
1180,705,False,0.34,1,2,1.4285590382564832,0.02095816284418106,1.0,False
1180,840,False,0.852,0,3,1.0184727683463735,0.006599497981369495,0.991740678766036,False
1180,873,False,0.073,2,0,,,,False
1180,901,False,0.808,0,2,0.7912327832918988,0.012034210376441479,0.532565445026178,False
1180,aria_d_24_6,True,-0.052,2,3,0.7077153850247307,0.0042045582085847855,0.31113811761245325,False
1181,1240,False,0.547,1,0,,,,False
1181,1534,False,0.119,1,0,,,,False
1181,1582,False,0.108,1,2,5.95876460080822,,,False
1181,1593,False,0.083,1,2,0.3280558638737339,,,False
1181,1714,False,0.059,2,2,0.3304980371593129,,,False
1181,1847,False,0.675,0,3,0.20568948683271426,,,False
1181,1868,False,0.029,1,2,3.331892559759322,,,False
1181,260,False,0.832,0,3,1.1330933293665464,-0.008315863087773323,1.0,False
1181,722,False,0.117,1,3,0.22984176749504215,,,False
1181,810,False,0.825,0,3,1.0158987424990233,-0.011775278486311436,0.9970930389048294,False
1181,817,False,0.597,2,4,0.9383141096790337,0.03009357675909996,0.8665204230312219,False
1181,905,False,0.826,0,0,,,,False
1182,125,False,0.485,2,0,,,,False
1182,1372,False,0.478,1,0,,,,False
1182,157,False,0.581,0,0,,,,False
1182,722,False,0.493,0,0,,,,False
1182,745,False,0.796,0,0,,,,False
1182,749,False,0.791,0,0,,,,False
1182,im0318,True,-0.111,1,0,,,,False
1183,308,False,0.746,0,0,,,,False
1183,37,False,0.089,1,0,,,,False
1183,672,False,0.442,1,0,,,,False
1183,889,False,0.722,0,0,,,,False
1184,1194,False,0.412,1,2,1.53629325163209,,,False
1184,1388,False,0.706,0,0,,,,False
1184,1608,False,-0.045,1,0,,,,False
1184,248,False,0.505,1,3,0.8098716343021211,0.01243030559271574,0.4356418183521528,False
1184,602,False,0.674,0,0,,,,False
1184,753,False,0.722,0,2,0.10285164629051854,,,False
1184,854,False,0.702,0,0,,,,False
1184,969,False,0.399,1,2,0.6988081936082976,-0.017469050362706184,0.47069210745243273,False
1184,aria_c_24_2,True,0.016,1,2,2.41772154448975,,,False
1184,aria_d_25_33,True,-0.0,1,2,0.49965813021274985,,,False
1185,1748,False,0.108,1,2,1.2207124843120623,0.0014089221367612481,1.0,False
1185,1819,False,-0.012,2,3,0.7705276059523652,0.1368439942598343,0.05762153578747465,False
1185,1917,False,0.124,1,4,0.7611957916386982,-0.018176233395934105,0.4301903535313076,False
1185,566,False,0.324,1,2,1.8446685795769675,,,False
1185,626,False,0.811,0,3,0.9474813083524982,-0.014559938572347164,0.8999156970032164,False
1185,666,False,0.811,0,0,,,,False
1185,930,False,0.448,1,3,1.7515242456813163,,,False
1185,966,False,0.44,1,3,0.3289286387145409,,,False
1185,984,False,0.796,0,0,,,,False
1186,1427,False,0.043,2,2,1.4596761600826493,0.020836912095546722,0.9846111009970122,False
1186,1660,False,0.099,2,2,0.6687608106345945,,,False
1186,217,False,0.652,2,3,3.9052231762872056,,,False
1186,840,False,0.856,0,3,1.9849532749285521,,,False
1186,908,False,0.852,0,4,0.9840451024730856,-0.002783870790153742,0.960167106987134,False
1186,926,False,0.834,0,5,1.02059767796247,0.056301552802324295,0.9941648666946066,False
1186,im0325,True,-0.037,3,4,0.7314142334917185,-0.004712788853794336,0.5070451517318367,False
1187,1457,False,0.867,0,2,0.11767543644893584,,,False
1187,1626,False,0.094,1,0,,,,False
1187,277,False,0.469,1,3,0.1979948059544356,,,False
1187,669,False,0.771,0,0,,,,False
1187,85,False,0.771,0,2,1.8800019473558132,,,False
1187,957,False,0.826,0,2,4.370776733201696,,,False
1187,975,False,0.859,0,2,0.9747722441132763,0.01085751038044691,0.9471781039781642,False
1188,1492,False,0.388,1,2,1.2332656785620488,-0.006636742036789656,0.9773819894814958,False
1188,1775,False,-0.037,1,2,0.27985558497072727,,,False
1188,1856,False,0.043,1,2,1.9700921959647242,,,False
1188,216,False,0.389,2,3,0.16004819816986557,,,False
1188,309,False,0.162,1,4,0.8881642815551427,-0.0070447479374706745,0.5114473634998744,False
1188,312,False,0.77,0,3,1.6804468835878077,,,False
1188,545,False,0.141,1,4,0.6898609680002402,-0.008284381590783596,0.47642682572323725,False
1188,766,False,0.773,0,2,0.5351047029063141,,,False
1188,836,False,0.768,0,3,0.9666364564425959,0.02557475119829178,0.9373019771251532,False
1188,885,False,0.379,1,2,0.8876892412556854,-0.009723574854433537,0.4194519093059556,False
1189,1280,False,0.25,1,2,8.980257998271606,,,False
1189,1334,False,0.235,1,2,4.769756519732653,,,False
1189,1764,False,0.12,1,2,1.1696025605490044,-0.008692597970366478,0.897260311585329,False
1189,554,False,0.48,0,2,0.44770192153370775,,,False
1189,594,False,0.196,1,2,0.09017676947882496,,,False
1189,868,False,0.144,1,2,1.276021497167071,0.021716386079788208,0.7419351371684982,False
1189,im0113,True,-0.038,1,2,3.55519212491816,,,False
1189,im0322,True,0.482,0,2,0.8545685079421681,-0.017582418397068977,0.7424396873938158,False
119,123,False,0.822,0,4,0.9818728343087728,0.02037704549729824,0.9536734114724166,False
119,1450,False,0.321,1,3,0.9783959908031769,0.01483382098376751,0.8163302525921674,False
119,1904,False,0.216,1,2,0.2853039935040042,,,False
119,29,False,0.75,0,3,0.7684118485871847,0.014373347163200378,0.5762989972652689,False
119,364,False,0.477,2,2,0.4052171576287333,,,False
119,431,False,0.519,1,2,3.2173415210857264,,,False
119,432,False,0.792,0,3,1.056143562421231,0.02559608779847622,0.9997483805342898,False
119,516,False,0.62,2,4,1.2409602356505918,0.022354967892169952,1.0,False
119,748,False,0.57,1,3,1.0671218443043755,-0.002032535383477807,0.9972497811105083,False
119,812,False,0.694,0,3,0.6492363871234228,,,False
119,aria_c_32_21,True,0.293,1,2,0.6956577961588349,0.0005689620156772435,0.43949961253182773,False
1190,1325,False,0.84,0,0,,,,False
1190,1363,False,0.794,0,0,,,,False
1190,497,False,0.084,1,0,,,,False
1190,779,False,0.88,0,0,,,,False
1190,941,False,0.846,0,0,,,,False
1190,aria_a_18_23,True,0.53,0,0,,,,False
1191,1248,False,0.528,0,0,,,,False
1191,291,False,0.506,0,0,,,,False
1191,612,False,0.298,1,0,,,,False
1191,682,False,0.507,0,0,,,,False
1191,im0178,True,0.344,0,0,,,,False
1191,im0271,True,-0.041,2,0,,,,False
1192,1296,False,0.742,0,0,,,,False
1192,132,False,0.731,0,0,,,,False
1192,1377,False,0.633,0,0,,,,False
1192,287,False,0.395,1,0,,,,False
1192,749,False,0.616,2,0,,,,False
1193,1333,False,0.536,2,3,1.0025175658317904,-0.031521689146757126,0.9885991908061809,False
1193,1377,False,0.241,3,3,0.5375158186159729,,,False
1193,1404,False,0.841,0,3,1.0144325824202294,-0.016625143587589264,0.9846803617390557,False
1193,1604,False,0.139,1,3,5.831864593842795,,,False
1193,1628,False,0.066,1,2,0.9109690787879572,0.04920623451471329,0.6267327069330946,False
1193,313,False,0.767,0,3,0.6716264628694373,-0.003003237769007683,0.4243523735072917,False
1193,576,False,0.707,2,3,2.6933248331147803,,,False
1193,765,False,0.844,2,4,0.8113942006684033,0.005066510755568743,0.6577105623039177,False
1193,963,False,0.13,1,2,0.5954991705837421,,,False
1193,im0222,True,0.174,1,2,1.1308217164739183,0.03019850142300129,0.8841102185107265,False
1194,1254,False,0.761,0,3,1.129893621687827,-0.0010551006998866796,1.0,False
1194,193,False,0.26,1,4,0.10322040617038583,,,False
1194,200,False,0.402,1,2,1.0931213388397758,0.022454192861914635,0.9508759482617475,False
1194,295,False,0.694,1,2,1.3671815512275833,0.0024477283004671335,0.33020260803965945,False
1194,329,False,0.339,1,3,1.5923865683941152,,,False
1194,569,False,0.746,0,0,,,,False
1194,676,False,0.543,1,2,0.4568615122737508,,,False
1194,729,False,0.473,1,2,0.31329380771628523,,,False
1194,817,False,0.561,2,3,0.282166824203726,,,False
1195,1478,False,0.816,0,0,,,,False
1195,152,False,0.258,1,0,,,,False
1195,266,False,0.683,1,0,,,,False
1195,582,False,0.848,0,0,,,,False
1195,645,False,0.851,0,3,0.989093929184352,0.015887131914496422,0.9815277165842594,False
1195,983,False,0.851,0,0,,,,False
1195,im0147,True,0.18,1,0,,,,False
1196,1201,False,0.429,1,0,,,,False
1196,1348,False,0.779,0,0,,,,False
1196,211,False,0.405,1,0,,,,False
1196,357,False,0.679,2,0,,,,False
1196,406,False,0.24,1,0,,,,False
1196,618,False,0.786,0,0,,,,False
1196,620,False,0.685,1,4,1.0038927178031327,0.017240937799215317,0.9892271888807859,False
1196,656,False,0.781,0,3,0.9979842416011221,0.012217292562127113,0.9897481195963489,False
1196,im0319,True,-0.179,2,0,,,,False
1197,129,False,0.367,2,0,,,,False
1197,1469,False,0.824,0,3,0.8628422271543609,0.004646476358175278,0.7072627980477737,False
1197,318,False,0.847,0,3,1.8895283968244432,,,False
1197,351,False,0.878,0,3,0.8350293013430038,-0.006725911051034927,0.6986863401964843,False
1197,704,False,0.869,0,0,,,,False
1197,840,False,0.887,0,4,0.9865841781122533,0.028973357751965523,0.9698427511048183,False
1197,896,False,0.853,0,0,,,,False
1197,im0023,True,-0.13,2,0,,,,False
1197,im0133,True,-0.082,1,0,,,,False
1197,im0359,True,-0.021,1,2,0.4612562266529704,,,False
1198,1605,False,-0.08,2,0,,,,False
1198,1643,False,-0.075,1,0,,,,False
1198,75,False,0.816,0,3,0.9965197051993738,0.0005290507688187063,0.9706550143511974,False
1198,810,False,0.884,0,3,0.9964050718758252,-0.004805249162018299,0.9820199073002406,False
1198,905,False,0.886,0,0,,,,False
1199,1231,False,0.608,1,0,,,,False
1199,1279,False,0.75,0,0,,,,False
1199,304,False,0.813,0,0,,,,False
1199,329,False,0.824,0,0,,,,False
1199,618,False,0.786,0,3,0.9524556038364578,0.0006649823626503348,0.9051483112125205,False
12,1282,False,0.436,1,0,,,,False
12,1296,False,0.318,1,0,,,,False
12,1825,False,-0.095,1,3,0.5517889518253709,,,False
12,1883,False,0.047,2,3,0.3629070611734036,,,False
12,403,False,0.431,0,0,,,,False
12,414,False,0.213,1,2,2.7517368205867,,,False
12,467,False,0.702,0,2,2.0312991977639925,,,False
12,516,False,0.634,0,3,0.5723190679759569,,,False
12,544,False,-0.048,1,3,1.5264101842812519,,,False
12,623,False,0.646,0,0,,,,False
12,698,False,0.376,1,0,,,,False
120,1283,False,0.799,0,4,1.0132981915376147,-0.019661905243992805,0.9940022894486513,False
120,1347,False,0.629,0,2,0.24335549049745067,,,False
120,1459,False,0.273,1,3,0.04774319185656214,,,False
120,1620,False,0.014,1,3,0.929605518158274,0.0024262764491140842,0.4734052535500418,False
120,1734,False,0.048,1,3,0.22425078987024347,,,False
120,1779,False,-0.075,1,2,1.9691422871555617,,,False
120,1798,False,0.699,0,2,0.5187661305765654,,,False
120,26,False,0.78,0,3,0.21648868524772655,,,False
120,492,False,0.796,0,4,0.85968350529517,0.014467502012848854,0.6319845032588106,False
120,aria_d_2_31,True,-0.216,1,3,0.20768027841531192,,,False
120,im0199,True,-0.101,1,2,4.342946099162353,,,False
120,im0323,True,-0.125,1,3,0.1033107538583716,,,False
1200,1315,False,0.568,0,0,,,,False
1200,1773,False,0.764,0,0,,,,False
1200,1831,False,0.74,0,0,,,,False
1200,211,False,0.767,0,0,,,,False
1200,638,False,0.71,0,0,,,,False
1200,726,False,0.818,0,0,,,,False
1200,995,False,0.573,1,0,,,,False
1200,im0058,True,0.439,0,0,,,,False
1200,im0328,True,-0.024,2,0,,,,False
1201,1420,False,0.32,1,3,0.05290224972663706,,,False
1201,1813,False,0.055,2,0,,,,False
1201,274,False,0.816,0,2,0.8807714100225222,0.006700331345200539,0.7732568792506925,False
1201,293,False,0.408,1,2,10.973146832405785,,,False
1201,295,False,0.865,0,3,0.994256581733368,-0.02091437205672264,0.9837536372453928,False
1201,586,False,0.788,1,2,1.0617552779941029,-0.0022805400658398867,0.9999033001509592,False
1201,645,False,0.877,0,5,0.021118074129652508,,,False
1201,783,False,0.615,0,3,1.0605375655271307,-0.006956964265555143,0.8975510663500759,False
1202,1385,False,0.856,0,2,0.5742571424026355,,,False
1202,1638,False,0.432,2,0,,,,False
1202,1857,False,0.073,1,0,,,,False
1202,690,False,0.754,1,0,,,,False
1202,714,False,0.852,0,3,0.959864782756574,-0.002119633601978421,0.9368009253702027,False
1202,743,False,0.907,0,3,0.9797993034557334,0.013350372202694416,0.9636047219573171,False
1202,792,False,0.823,0,0,,,,False
1203,1316,False,0.581,0,0,,,,False
1203,1712,False,0.353,0,2,0.7533698518861721,0.01404582429677248,0.39087604628672423,False
1203,331,False,0.571,0,3,1.4659385987023066,-0.007851230911910534,1.0,False
1203,873,False,0.562,0,2,0.11037468795347823,,,False
1203,960,False,-0.058,2,3,0.8089466096369471,-0.0015393495559692383,0.6865863578262386,False
1203,im0134,True,-0.05,1,3,0.07777233060635354,,,False
1203,im0150,True,0.076,1,2,1.7562959038058805,,,False
1204,1205,False,0.068,1,3,1.9724490663993899,,,False
1204,1263,False,0.173,2,0,,,,False
1204,1502,False,-0.152,1,0,,,,False
1204,1546,False,-0.095,2,3,0.6452654588680499,,,False
1204,223,False,0.402,0,2,1.7330413467567158,,,False
1204,885,False,0.437,0,2,1.7416254531362734,,,False
1205,1220,False,0.707,0,0,,,,False
1205,1360,False,0.699,0,0,,,,False
1205,1619,False,-0.061,1,4,1.4093144139647218,-0.0033917538821697235,0.5970111204899133,False
1205,372,False,0.46,1,4,0.5370281008252489,,,False
1205,707,False,0.698,0,0,,,,False
1206,1229,False,0.635,0,0,,,,False
1206,1428,False,0.437,1,0,,,,False
1206,159,False,0.736,0,0,,,,False
1206,1840,False,0.502,0,0,,,,False
1206,358,False,0.816,0,0,,,,False
1206,634,False,0.828,0,0,,,,False
1206,700,False,0.624,0,2,0.9578303139044606,0.013219309970736504,0.4374865747304206,False
1206,775,False,0.806,0,3,0.2720649288965062,,,False
1206,897,False,0.85,0,0,,,,False
1206,898,False,0.014,1,0,,,,False
1206,999,False,0.712,0,3,0.6610051217672166,,,False
1206,im0292,True,0.073,1,0,,,,False
1207,1384,False,0.674,1,2,0.2745952668083048,,,False
1207,1503,False,0.217,12,48,0.9851983567739643,0.5611600279808044,0.9099240268593054,True
1207,1906,False,0.072,1,3,1.196001043609594,0.03231048211455345,0.9867180081672599,False
1207,1916,False,0.002,1,3,0.15791831781861693,,,False
1207,379,False,0.643,1,4,0.12705314941671322,,,False
1207,604,False,0.833,0,2,0.5804647651000352,,,False
1207,im0317,True,-0.027,1,2,2.7005101669444627,,,False
1208,1275,False,0.663,0,0,,,,False
1208,1324,False,0.872,0,3,0.9598986456883581,0.018349453806877136,0.9104513650412088,False
1208,1394,False,0.794,0,2,0.2913579428782441,,,False
1208,1464,False,0.763,1,3,1.350778822537857,0.011883818544447422,1.0,False
1208,1480,False,0.802,0,0,,,,False
1208,1502,False,0.11,27,38,0.962407967078455,0.5968489646911621,0.7742085240050404,True
1208,1583,False,0.266,1,0,,,,False
1208,1592,False,0.137,1,0,,,,False
1208,1643,False,0.646,0,3,1.1206974336757092,-0.0007544777472503483,1.0,False
1208,1779,False,-0.138,1,2,1.141965999806951,-0.008493334986269474,0.4979237569297288,False
1208,318,False,0.85,0,2,0.5943514993301848,,,False
1208,889,False,0.874,0,4,0.9884729414441359,0.012300501577556133,0.9748541335964649,False
1208,im0282,True,0.021,2,3,1.0228556996502425,0.0029712556861341,0.7775983944698406,False
1208,im0285,True,-0.049,1,4,0.13448354576669327,,,False
1209,1460,False,0.85,0,3,0.7077024274164304,-0.035613901913166046,0.5022726295882404,False
1209,1483,False,0.821,0,3,0.978296622248315,-0.0020720637403428555,0.9489494480514259,False
1209,1487,False,0.83,0,3,0.7095386358431378,0.005300150252878666,0.49363984014887885,False
1209,1864,False,0.011,1,2,0.4276691698854961,,,False
1209,281,False,0.681,0,3,1.7536500482500739,,,False
1209,379,False,0.786,2,4,1.0192689639968397,-0.0030333930626511574,0.9897986634957872,False
1209,583,False,0.634,1,3,0.5987991444252889,,,False
1209,607,False,0.249,2,3,0.6638489471279156,,,False
1209,630,False,0.46,2,0,,,,False
1209,756,False,0.869,0,6,0.9766345256301954,0.039552345871925354,0.9670335733399542,False
1209,797,False,0.829,1,5,1.02272248111622,-0.019544463604688644,0.9990856823230123,False
1209,831,False,0.902,0,4,0.9694090229151622,0.01755514182150364,0.9404510180643361,False
1209,925,False,0.817,0,2,0.7783184265512415,0.018955182284116745,0.5815276901251949,False
1209,941,False,0.82,1,4,1.010434603320178,0.05376765504479408,0.9996245964411743,False
121,134,False,0.619,0,0,,,,False
121,153,False,0.626,0,0,,,,False
121,16,False,0.619,0,0,,,,False
121,242,False,0.056,1,0,,,,False
121,345,False,0.086,1,0,,,,False
121,35,False,0.541,0,0,,,,False
121,796,False,0.282,1,2,0.42859303470396026,,,False
121,950,False,0.298,2,0,,,,False
121,aria_c_1_7,True,-0.155,1,0,,,,False
1210,1385,False,0.823,0,3,0.21297590090587895,,,False
1210,1412,False,0.818,0,0,,,,False
1210,203,False,0.385,1,4,1.3292578384574016,0.002074233256280422,0.4302013314461313,False
1210,543,False,0.11,1,0,,,,False
1210,710,False,0.312,1,0,,,,False
1211,237,False,0.575,0,0,,,,False
1211,266,False,0.591,0,0,,,,False
1211,785,False,0.616,0,0,,,,False
1211,804,False,0.473,0,0,,,,False
1212,1221,False,0.743,0,0,,,,False
1212,1273,False,0.67,0,0,,,,False
1212,1327,False,0.514,1,0,,,,False
1212,1757,False,0.093,1,0,,,,False
1212,419,False,0.58,0,0,,,,False
1212,709,False,0.739,0,0,,,,False
1212,im0021,True,0.385,0,0,,,,False
1212,im0037,True,-0.15,2,0,,,,False
1213,1221,False,0.727,1,0,,,,False
1213,1845,False,0.127,1,3,0.08321550492328876,,,False
1213,1884,False,-0.002,1,0,,,,False
1213,226,False,0.709,0,3,0.007546332357919854,,,False
1213,348,False,0.62,1,2,0.9116007477827034,0.02136397734284401,0.8228918617006784,False
1213,613,False,0.645,0,3,1.113432960657551,0.002907887101173401,1.0,False
1213,695,False,0.689,0,2,1.4332139217894637,-0.011043068952858448,0.9648158181301262,False
1213,783,False,0.359,1,2,1.1741743396797757,-0.006298598367720842,0.9607280874305224,False
1213,854,False,0.327,1,0,,,,False
1214,1339,False,0.69,2,3,0.902189368179446,0.0021872278302907944,0.3033298842501997,False
1214,1392,False,0.829,0,2,0.911364679777486,0.014946291223168373,0.7482839614749351,False
1214,560,False,0.555,1,3,0.6505324452917396,,,False
1214,aria_c_6_5,True,0.162,1,0,,,,False
1215,1216,False,0.689,2,0,,,,False
1215,329,False,0.871,0,0,,,,False
1215,369,False,0.783,0,0,,,,False
1215,41,False,0.705,0,0,,,,False
1215,899,False,0.846,0,0,,,,False
1216,1461,False,0.809,0,0,,,,False
1216,560,False,0.838,0,0,,,,False
1216,612,False,0.65,0,0,,,,False
1216,630,False,0.846,0,0,,,,False
1216,793,False,0.339,1,0,,,,False
1216,828,False,0.787,2,0,,,,False
1216,833,False,0.199,1,0,,,,False
1216,938,False,0.841,0,0,,,,False
1217,331,False,0.742,1,0,,,,False
1217,634,False,0.793,0,0,,,,False
1217,637,False,0.814,0,0,,,,False
1217,863,False,0.706,0,0,,,,False
1217,911,False,0.745,3,0,,,,False
1218,250,False,0.357,1,3,0.9890739086839362,0.01215299405157566,0.9768085323152323,False
1218,261,False,0.692,0,0,,,,False
1218,669,False,0.756,0,0,,,,False
1218,843,False,0.128,1,0,,,,False
1218,895,False,0.723,0,0,,,,False
1218,im0271,True,0.03,1,2,0.8339602591449801,-0.0014157840050756931,0.6511410409911461,False
1219,1456,False,0.64,1,3,0.8879746556740198,0.03270452469587326,0.77851058573316,False
1219,1766,False,0.009,1,0,,,,False
1219,270,False,0.792,0,3,1.0907168685268234,-0.03860919550061226,0.9967258064516129,False
1219,340,False,0.192,1,0,,,,False
1219,900,False,0.798,0,2,1.0447090982562153,0.012697777710855007,0.9982240107310529,False
1219,aria_d_24_6,True,0.008,1,0,,,,False
122,144,False,0.67,2,2,1.7735269906666629,,,False
122,1450,False,0.781,0,3,0.9763319570916439,0.04852268844842911,0.9437045063215093,False
122,1542,False,0.201,2,2,0.7013622761984998,-0.016354640945792198,0.45828553164043995,False
122,1706,False,0.304,2,3,2.191172931354455,,,False
122,314,False,0.787,0,2,5.568417642679073,,,False
122,75,False,0.777,0,3,0.9943864388917251,0.009858042933046818,0.9591579916891574,False
122,im0350,True,-0.013,1,2,1.5068088515185798,,,False
1220,1231,False,0.745,0,3,0.0051595750718896865,,,False
1220,1317,False,0.742,0,3,0.9577926091452215,0.025557667016983032,0.9074083033635987,False
1220,1520,False,0.338,1,2,0.754624508244723,0.034078262746334076,0.5814512525523334,False
1220,748,False,0.654,2,2,3.0127668089118913,,,False
1220,904,False,0.79,0,4,0.7897078833920695,-0.0067099216394126415,0.5509567667252716,False
1220,im0104,True,0.048,3,2,1.0009884179751598,-0.00014310894766822457,0.8077925819898782,False
1221,1273,False,0.68,0,0,,,,False
1221,1298,False,0.669,1,0,,,,False
1221,130,False,0.688,0,0,,,,False
1221,183,False,0.757,0,0,,,,False
1221,226,False,0.806,0,0,,,,False
1221,348,False,0.668,0,0,,,,False
1221,419,False,0.575,0,0,,,,False
1221,499,False,0.513,0,0,,,,False
1221,537,False,0.121,1,0,,,,False
1221,613,False,0.559,0,0,,,,False
1221,686,False,0.549,0,0,,,,False
1221,709,False,0.839,0,0,,,,False
1221,750,False,0.526,0,0,,,,False
1221,785,False,0.699,0,0,,,,False
1222,300,False,0.535,1,0,,,,False
1222,604,False,0.76,0,0,,,,False
1222,695,False,0.769,0,2,0.9931913315948591,-0.010052848607301712,0.6606944571100585,False
1222,995,False,0.719,1,0,,,,False
1223,195,False,0.792,0,0,,,,False
1223,361,False,0.766,0,0,,,,False
1223,786,False,0.792,0,0,,,,False
1223,935,False,0.393,1,0,,,,False
1224,1411,False,0.485,1,3,0.6955576560627723,0.010405532084405422,0.4830364715860899,False
1224,1614,False,0.499,1,2,0.757043971081609,-0.0003827981126960367,0.3727088381656019,False
1224,1645,False,0.108,2,3,1.102527723218118,0.011495294980704784,0.5191546926154965,False
1224,1744,False,0.008,2,2,1.0425980329213256,-6.940244929865003e-05,0.6982089791984579,False
1224,803,False,0.795,2,4,0.9607283901583978,0.021104561164975166,0.9155945189016342,False
1224,831,False,0.88,2,3,0.041087400224773876,,,False
1224,872,False,0.848,0,3,0.9705056290404415,0.01197546161711216,0.30010368038506785,False
1224,928,False,0.867,0,3,0.9809566411266364,-0.0031280468683689833,0.9550202011518955,False
1224,975,False,0.917,0,3,1.0681250340442687,0.015065991319715977,0.9962120398031336,False
1225,1244,False,0.746,0,2,4.822996651739374,,,False
1225,1261,False,0.758,0,3,0.0648639641351705,,,False
1225,1370,False,0.411,1,2,1.6173198711407646,,,False
1225,270,False,0.745,0,3,1.2047918150955494,0.014426114037632942,0.9999516129032258,False
1225,387,False,0.614,1,2,4.9233690073288185,,,False
1225,704,False,0.452,1,3,1.0846786184745567,0.009385524317622185,0.9990323777167339,False
1225,im0122,True,0.465,0,2,0.7728027437589309,-0.010803177021443844,0.32109260009812496,False
1225,im0208,True,-0.034,1,2,0.9340742957163353,-0.0037862379103899,0.5380215986496747,False
1226,1416,False,-0.089,1,0,,,,False
1226,1538,False,-0.22,1,0,,,,False
1226,1791,False,0.148,1,0,,,,False
1226,1834,False,0.62,0,0,,,,False
1226,190,False,0.165,1,2,0.9398458514861014,-0.020801544189453125,0.603449848432009,False
1226,im0084,True,-0.123,2,0,,,,False
1227,1251,False,0.486,2,2,0.3585751291424032,,,False
1227,1379,False,0.499,2,2,0.710023848677698,-0.0034257080405950546,0.5041955412301907,False
1227,1597,False,-0.041,1,0,,,,False
1227,1608,False,-0.041,1,3,0.3873265723610703,,,False
1227,1740,False,-0.227,1,3,0.06862592181957836,,,False
1227,177,False,0.787,1,2,1.635355424114334,,,False
1227,213,False,0.355,1,2,0.29103484878799835,,,False
1227,657,False,0.753,0,2,1.2508885907500462,0.0110896285623312,0.8681768939515826,False
1227,78,False,0.323,1,3,0.9077090360704575,0.007724212948232889,0.29877886062572717,False
1228,1423,False,0.623,0,2,0.4617884465696211,,,False
1228,1699,False,0.034,2,0,,,,False
1228,593,False,0.536,0,3,0.9679516049364048,-0.004199522081762552,0.9341393607061655,False
1228,860,False,0.261,1,3,0.11410246699598195,,,False
1228,964,False,0.559,0,2,4.027036831602446,,,False
1229,1647,False,-0.202,3,2,0.7480110545357394,0.006695607677102089,0.5410356439129373,False
1229,1920,False,-0.093,1,2,1.949453500975207,,,False
1229,220,False,0.637,0,3,0.5231609553555195,,,False
1229,482,False,0.142,1,2,0.6794282822386986,0.006341773550957441,0.46112164144740364,False
1229,531,False,0.626,0,0,,,,False
1229,775,False,0.574,1,4,0.9476492269923642,-0.0027774861082434654,0.8958822457359106,False
1229,778,False,0.512,0,2,0.9695540770215614,0.019129322841763496,0.5937847194267772,False
123,1239,False,0.318,1,4,1.447517459060881,0.025123098865151405,0.5511326739262272,False
123,126,False,0.834,0,3,0.9307421957517764,0.008784279227256775,0.8669879957322925,False
123,1327,False,0.314,1,3,0.23233608257032365,,,False
123,1489,False,0.202,1,2,1.4599812269149626,0.007694031111896038,1.0,False
123,172,False,0.737,0,3,0.5981843512071716,,,False
123,180,False,0.675,0,3,0.8596776439825584,-0.009083786979317665,0.6503692358771963,False
123,458,False,0.418,1,2,4.3361476805526475,,,False
123,550,False,0.871,0,6,1.0043931011191125,0.018658196553587914,0.9929582367210551,False
123,623,False,0.762,0,4,1.00522324314251,0.021935993805527687,0.999295274573937,False
123,793,False,0.432,1,4,1.2473153289374372,0.03137112408876419,1.0,False
123,85,False,0.256,1,2,0.6970477883817386,-0.002931327326223254,0.41411691642173004,False
123,878,False,0.751,0,3,1.0617782817350119,-0.005172121338546276,0.44248514420986523,False
123,95,False,0.224,1,2,0.6666166221322737,,,False
1230,241,False,0.606,0,2,5.430853685540931,,,False
1230,370,False,0.712,0,2,15.137217911962507,,,False
1230,547,False,0.648,0,2,1.0244730425237234,0.017054961994290352,0.252658297696234,False
1230,557,False,0.171,2,0,,,,False
1230,635,False,0.442,1,3,1.0469803503661408,-0.0222710482776165,0.9882160849902786,False
1230,aria_a_26_10,True,0.34,0,0,,,,False
1230,aria_a_39_1,True,0.023,1,0,,,,False
1230,aria_c_32_2,True,0.497,0,0,,,,False
1230,im0197,True,-0.035,1,0,,,,False
1231,1436,False,0.701,0,3,0.3638412868297709,,,False
1231,1441,False,0.64,0,0,,,,False
1231,793,False,0.496,1,3,0.05772265454105547,,,False
1231,904,False,0.806,0,2,0.8282215185615392,0.004797604400664568,0.6827050771273879,False
1231,im0228,True,0.052,1,3,0.4380791851630517,,,False
1232,1263,False,0.143,1,0,,,,False
1232,1450,False,0.421,1,2,1.2601776860262435,0.028529882431030273,0.4316595772071642,False
1232,1523,False,0.112,1,0,,,,False
1232,198,False,0.681,0,2,1.8137307741003852,,,False
1232,242,False,0.771,1,2,0.8632021820018558,0.009072747081518173,0.7422659346214032,False
1232,61,False,-0.054,1,0,,,,False
1232,648,False,0.352,1,2,0.17943696578735388,,,False
1232,im0008,True,0.058,1,2,0.638479628534486,,,False
1233,1340,False,0.503,1,0,,,,False
1233,629,False,0.683,0,0,,,,False
1233,845,False,0.684,0,0,,,,False
1233,849,False,0.678,0,0,,,,False
1234,1273,False,0.333,2,0,,,,False
1234,1345,False,0.622,0,0,,,,False
1234,1826,False,0.174,1,0,,,,False
1234,228,False,0.472,0,0,,,,False
1234,385,False,0.059,1,0,,,,False
1234,428,False,0.564,0,0,,,,False
1234,789,False,0.541,1,0,,,,False
1234,aria_d_5_22,True,0.355,0,0,,,,False
1235,1285,False,0.849,2,0,,,,False
1235,1298,False,0.729,0,0,,,,False
1235,1439,False,0.62,1,0,,,,False
1235,1749,False,0.757,0,0,,,,False
1235,254,False,0.624,1,0,,,,False
1235,286,False,0.619,1,0,,,,False
1235,389,False,0.593,0,0,,,,False
1235,429,False,0.604,0,0,,,,False
1235,446,False,0.749,0,0,,,,False
1235,507,False,0.744,0,0,,,,False
1235,512,False,0.681,0,0,,,,False
1235,77,False,0.618,0,0,,,,False
1235,80,False,0.592,0,0,,,,False
1236,134,False,0.787,0,0,,,,False
1236,1346,False,0.824,0,0,,,,False
1236,140,False,0.86,0,0,,,,False
1236,153,False,0.819,0,0,,,,False
1236,164,False,0.874,0,0,,,,False
1236,185,False,0.613,1,0,,,,False
1236,355,False,0.848,1,0,,,,False
1236,376,False,0.503,0,0,,,,False
1236,689,False,0.649,0,0,,,,False
1236,761,False,0.861,0,0,,,,False
1236,834,False,0.71,0,0,,,,False
1236,844,False,0.839,0,0,,,,False
1236,875,False,0.754,0,0,,,,False
1237,1272,False,0.78,0,2,1.890170528616303,,,False
1237,1689,False,-0.063,1,3,1.0769907171448496,0.025487443432211876,0.8940518343382694,False
1237,1881,False,0.02,1,3,1.38326535672352,-0.03387850522994995,0.9654875353819647,False
1237,1920,False,-0.113,1,3,0.6153044491290666,,,False
1237,593,False,0.777,0,4,1.0512419191086668,-0.007788707036525011,0.9994971245151799,False
1237,610,False,-0.166,2,3,0.5308097302309407,,,False
1237,664,False,0.671,2,4,0.9872625849181507,-0.01838350109755993,0.9173187886054404,False
1237,733,False,0.782,0,3,1.6056925013954018,,,False
1237,im0349,True,0.524,0,3,1.4479350243159794,0.0029113071504980326,0.9565851513555168,False
1238,1408,False,0.791,0,2,0.8934515604778911,-0.0009742832626216114,0.7903034084369167,False
1238,1471,False,0.029,2,2,1.2052410510581437,-0.004338090308010578,1.0,False
1238,436,False,0.222,1,4,0.358441579691583,,,False
1238,590,False,0.758,0,3,1.0675737185380065,-0.00499471602961421,1.0,False
1238,687,False,0.832,0,3,1.039992144092193,0.016179200261831284,0.9279555656020926,False
1238,92,False,0.385,1,0,,,,False
1239,1347,False,0.175,2,2,1.6199542339338335,,,False
1239,1437,False,0.688,0,3,0.9978858814548927,0.04079417884349823,0.9705658353445964,False
1239,520,False,0.298,1,0,,,,False
1239,595,False,0.657,0,2,0.1937305408082579,,,False
1239,650,False,0.744,0,3,1.0365019793379373,0.002163093304261565,0.9996246306633849,False
1239,90,False,0.123,1,3,1.3322429390653887,0.019278382882475853,1.0,False
124,1377,False,0.654,0,3,0.981803133365018,0.018611857667565346,0.9340496062823181,False
124,1458,False,0.463,2,5,0.11408334278168207,,,False
124,1476,False,0.293,1,3,0.8591470298371439,-0.0010972918244078755,0.739727279570702,False
124,1848,False,0.039,3,4,0.1655964470400707,,,False
124,23,False,0.621,0,3,0.8883602149223129,0.03988856449723244,0.7405383731187682,False
124,243,False,0.554,0,3,0.978228361115084,-0.00450414652004838,0.8230812156593407,False
124,26,False,0.266,2,3,0.30666916023446056,,,False
124,471,False,0.088,1,3,0.760366718189899,0.007502268068492413,0.5777388190133067,False
124,720,False,0.322,2,3,1.1870147138043026,0.008654399774968624,0.9721243690258834,False
124,89,False,0.165,1,3,0.182818094309285,,,False
124,891,False,0.605,0,3,0.16686971325975936,,,False
1240,1292,False,0.846,0,2,0.08668892715746178,,,False
1240,250,False,0.641,0,2,2.742262534810091,,,False
1240,279,False,0.809,0,0,,,,False
1240,49,False,0.558,0,0,,,,False
1240,532,False,0.615,1,0,,,,False
1240,749,False,0.832,0,0,,,,False
1240,im0074,True,0.17,2,0,,,,False
1241,1394,False,0.492,1,0,,,,False
1241,1423,False,0.153,1,0,,,,False
1241,317,False,0.774,0,3,1.8617357871953792,,,False
1241,564,False,0.454,1,3,0.9096027335586696,0.01273727510124445,0.7856088320541907,False
1241,642,False,0.75,0,0,,,,False
1241,78,False,0.159,1,4,0.3357538007496555,,,False
1241,954,False,0.746,0,0,,,,False
1242,13,False,-0.058,1,0,,,,False
1242,311,False,0.62,0,2,0.2278423411397142,,,False
1242,449,False,0.296,1,0,,,,False
1242,536,False,0.256,1,2,0.18956680260737602,,,False
1242,547,False,0.393,1,2,1.274215508423927,0.0045452113263309,0.8469085391088426,False
1242,661,False,0.769,0,0,,,,False
1242,855,False,0.759,0,0,,,,False
1242,aria_a_11_30,True,0.196,1,0,,,,False
1242,aria_c_2_3,True,0.327,1,3,0.27984334762890134,,,False
1242,im0010,True,-0.013,2,0,,,,False
1242,im0062,True,-0.094,1,0,,,,False
1242,im0214,True,-0.069,1,0,,,,False
1243,125,False,0.217,1,0,,,,False
1243,1391,False,0.156,1,0,,,,False
1243,509,False,-0.009,1,0,,,,False
1244,1311,False,0.799,0,3,0.9070094842565293,0.01345625426620245,0.6288992451168834,False
1244,1318,False,0.864,0,5,1.1547210414162834,0.027876045554876328,0.9968189720597022,False
1244,1369,False,0.832,0,2,0.31640983974264975,,,False
1244,1449,False,0.879,0,4,0.9743892210139024,-0.010751290246844292,0.9497873987389063,False
1244,171,False,0.835,0,3,0.8709291300140833,0.020609892904758453,0.7531224872688287,False
1244,1773,False,0.707,0,4,0.7364235784545883,0.009118692949414253,0.5402267354395014,False
1244,34,False,0.218,1,3,1.4545833060797915,0.002760313916951418,1.0,False
1244,388,False,0.281,1,2,0.43496181017201463,,,False
1244,408,False,-0.002,1,2,0.2876574703969881,,,False
1244,768,False,0.826,0,3,0.9082023035147975,-0.010655473917722702,0.7711938875017413,False
1244,819,False,0.496,1,0,,,,False
1244,859,False,0.155,1,4,0.6428963868563715,,,False
1244,900,False,0.845,0,3,0.9924409509971598,-0.01372318621724844,0.960338028169014,False
1244,904,False,0.427,1,3,0.9293610993284271,0.007832622155547142,0.5440317004586244,False
1244,948,False,0.609,2,3,1.0360853497334348,0.0035752421244978905,0.6264113998612134,False
1244,957,False,0.808,0,3,1.1013380547265794,-0.00444114301353693,1.0,False
1244,970,False,0.336,1,3,1.1040234300629168,0.0037736142985522747,0.6211747775612009,False
1244,aria_d_17_12,True,-0.02,1,3,0.941456002355542,0.0028430200181901455,0.6548272729936417,False
1244,im0014,True,0.047,1,3,0.9111276938595483,0.027428334578871727,0.5018004484552594,False
1245,1289,False,0.711,0,0,,,,False
1245,1356,False,0.768,0,0,,,,False
1245,1370,False,0.85,0,0,,,,False
1245,1418,False,0.254,1,4,0.7479209827476714,-0.019215207546949387,0.559067566477563,False
1245,1751,False,0.189,1,0,,,,False
1245,1910,False,0.147,1,0,,,,False
1245,449,False,0.51,1,2,2.0534035218157567,,,False
1245,581,False,0.845,0,2,0.2495156611268323,,,False
1245,590,False,0.756,0,2,1.2060587182677345,0.004856410901993513,0.6318682498443304,False
1245,805,False,0.853,0,3,1.005910965117428,0.0038552172482013702,0.9863767243972668,False
1245,im0235,True,-0.01,2,2,1.6771105326979905,,,False
1246,1323,False,0.208,1,0,,,,False
1246,1806,False,0.021,1,0,,,,False
1246,301,False,0.406,0,0,,,,False
1246,723,False,0.413,0,0,,,,False
1246,im0178,True,-0.001,1,0,,,,False
1246,im0306,True,-0.088,2,0,,,,False
1247,1281,False,0.232,1,0,,,,False
1247,1393,False,0.517,1,0,,,,False
1247,1477,False,0.022,2,4,1.1297291676040724,0.008061600849032402,0.7038809874480666,False
1247,252,False,0.752,0,2,0.14539367352760965,,,False
1247,895,False,0.654,1,2,0.6425168966613628,,,False
1247,973,False,0.701,1,2,1.508827582847601,,,False
1247,975,False,0.74,0,4,0.9902285106447823,0.004983064718544483,0.9730974231124675,False
1247,im0041,True,-0.161,1,0,,,,False
1248,1344,False,0.383,1,0,,,,False
1248,247,False,0.843,0,0,,,,False
1248,267,False,0.492,0,0,,,,False
1248,355,False,0.833,0,0,,,,False
1248,388,False,0.566,0,0,,,,False
1248,568,False,0.723,0,0,,,,False
1248,589,False,0.499,0,0,,,,False
1248,694,False,0.723,1,0,,,,False
1248,837,False,0.687,0,0,,,,False
1248,919,False,0.845,0,0,,,,False
1248,971,False,0.666,0,0,,,,False
1249,247,False,0.832,0,6,1.0051301956062326,0.005938038695603609,0.9970560161302431,False
1249,355,False,0.824,0,5,0.9952323017475166,0.028232144191861153,0.9995862936322316,False
1249,594,False,0.682,0,0,,,,False
1249,609,False,0.635,1,0,,,,False
1249,615,False,0.535,2,0,,,,False
1249,636,False,0.652,0,0,,,,False
1249,699,False,0.582,0,0,,,,False
1249,713,False,0.777,1,5,1.0177385890868567,-0.005606357473880053,0.9993748764445964,False
1249,919,False,0.845,0,6,1.0097548761918276,0.021482141688466072,0.999697072967549,False
125,1282,False,0.232,2,0,,,,False
125,139,False,0.736,1,0,,,,False
125,145,False,0.758,0,2,0.6910647736616073,-0.026471583172678947,0.4614931290348504,False
125,1668,False,0.083,1,0,,,,False
125,202,False,0.731,0,3,1.0282871497055202,-0.003015519119799137,0.9836627835090341,False
125,245,False,0.284,1,0,,,,False
125,36,False,0.271,1,2,2.894069420682512,,,False
125,633,False,0.673,2,8,0.9952589782732071,0.49754422903060913,0.9512602671354015,False
125,aria_d_18_2,True,0.213,1,2,0.3828122059988644,,,False
1250,1255,False,0.803,4,5,0.8843770126376238,-0.014265526086091995,0.7813078396343328,False
1250,1295,False,0.81,0,3,0.212035227554269,,,False
1250,1381,False,0.849,0,2,1.8502637633347194,,,False
1250,1392,False,0.859,2,5,0.9600983586217099,-0.0009920626180246472,0.9201934833437011,False
1250,1742,False,0.225,2,2,1.0285480150118693,-0.015859270468354225,0.5520816614772253,False
1250,1816,False,0.689,0,2,1.2723662203935626,0.0034702380653470755,0.8920765320349199,False
1250,348,False,0.367,1,2,0.4675426980476962,,,False
1250,407,False,0.662,0,0,,,,False
1250,443,False,0.78,0,2,1.4059574046981398,0.012688521295785904,0.1219855725203104,False
1250,893,False,0.802,1,3,1.6333985176072288,,,False
1251,1254,False,0.783,0,0,,,,False
1251,1259,False,0.311,2,2,0.9024254948272341,-0.009155414067208767,0.48313671583446544,False
1251,1425,False,0.267,1,0,,,,False
1251,311,False,0.619,0,2,0.8207725320500786,0.011372676119208336,0.5897171567005052,False
1251,577,False,0.744,2,0,,,,False
1251,649,False,0.825,0,0,,,,False
1251,aria_a_46_14,True,0.143,1,3,2.9721744741709135,,,False
1251,im0099,True,-0.373,1,0,,,,False
1252,1282,False,0.697,0,0,,,,False
1252,276,False,0.587,1,2,1.1576822909602014,0.0020826172549277544,0.9499654472306893,False
1252,531,False,0.032,1,0,,,,False
1252,704,False,0.85,0,0,,,,False
1252,735,False,0.844,0,3,0.9770371121479264,0.005253933370113373,0.941737299515507,False
1252,836,False,0.847,0,4,1.0110231347454746,-0.004645446315407753,0.9998002903885701,False
1252,im0148,True,0.152,2,0,,,,False
1252,im0330,True,-0.149,1,0,,,,False
1253,1370,False,0.863,0,2,0.9198089025267799,0.014799550175666809,0.8466599054502917,False
1253,1524,False,0.006,2,2,1.1744790184257845,0.010615008883178234,0.8169672376667929,False
1253,1750,False,0.078,1,4,0.7436977252398315,0.005362373311072588,0.3972349385571858,False
1253,394,False,0.367,1,3,0.09040388425873676,,,False
1253,639,False,0.103,1,3,0.21734520608413488,,,False
1253,668,False,0.597,1,2,6.806125488709414,,,False
1253,766,False,0.848,0,3,1.116238352797822,0.020750144496560097,1.0,False
1253,909,False,0.843,0,4,1.007823883682222,0.0013417965965345502,0.983379635092085,False
1253,943,False,0.656,0,3,0.21500030882283833,,,False
1253,989,False,0.789,0,3,0.7958989719662454,0.0008667626534588635,0.21516115363366714,False
1253,im0027,True,0.017,1,4,1.4704038951226588,0.005679379682987928,0.7588116287448383,False
1254,1267,False,0.868,0,4,1.0677154401092421,-0.06063440814614296,1.0,False
1254,1314,False,0.596,1,2,1.0724229030090289,0.01235207263380289,0.9696720430107527,False
1254,1318,False,0.853,0,5,1.0036294247694895,0.01464498694986105,0.9800311105609051,False
1254,1457,False,0.834,0,3,1.0208915213043588,-0.013207569718360901,0.998724017949529,False
1254,1716,False,0.352,1,2,1.4165714588489917,0.005330938845872879,0.6042972857751883,False
1254,1739,False,0.199,2,3,0.8116659323655382,-0.0026560567785054445,0.6100080601000437,False
1254,1774,False,-0.045,2,4,0.9656698571019205,0.005966889206320047,0.7919217897534677,False
1254,187,False,0.86,0,5,1.0627824173872285,-0.024051938205957413,1.0,False
1254,235,False,0.375,1,3,0.4942610928128668,,,False
1254,274,False,0.84,0,3,0.20806882288616824,,,False
1254,423,False,0.423,1,2,7.948972257120022,,,False
1254,952,False,0.782,0,3,2.051940381258626,,,False
1255,1392,False,0.802,0,5,1.0093171262719602,-0.0029357837047427893,0.9851133657950621,False
1255,1450,False,0.387,2,3,0.6528645032502766,,,False
1255,18,False,0.409,1,3,0.993563830658427,-0.011240902356803417,0.9743993571715548,False
1255,1816,False,0.691,0,2,1.7155077205986686,,,False
1255,211,False,0.296,1,0,,,,False
1255,387,False,0.569,2,2,0.8137320338465063,0.006673804949969053,0.6667639082471665,False
1255,665,False,-0.077,2,3,0.5288037471886279,,,False
1255,im0084,True,-0.137,2,3,10.262560308516246,,,False
1256,339,False,0.659,1,2,0.7992383644107901,0.014369174838066101,0.2684227771540912,False
1256,574,False,0.672,0,3,0.17917192119659534,,,False
1256,666,False,0.675,0,2,0.9727618858280711,0.000479978189105168,0.7301395208743452,False
1256,aria_c_22_1,True,0.083,1,3,0.3822450729912002,,,False
1256,im0135,True,-0.035,1,3,1.3097725067502435,-0.007914640940725803,0.39814560439560437,False
1257,1308,False,0.741,0,4,0.7519162795525868,0.011293936520814896,0.3560089360213173,False
1257,1394,False,0.613,1,2,0.8574791790692232,-0.003189979586750269,0.14838875943603896,False
1257,1459,False,0.816,0,3,1.016877654168756,-0.01333032175898552,0.9823205606723772,False
1257,1798,False,0.245,1,0,,,,False
1257,1911,False,0.061,2,2,0.7348629963662878,0.017298191785812378,0.19948720613966703,False
1257,195,False,0.823,0,4,1.0021336827960945,0.003882634686306119,0.9822413229517772,False
1257,317,False,0.826,0,3,0.751145974224554,0.001159162144176662,0.4736822345697552,False
1257,50,False,0.397,1,2,0.514287993726045,,,False
1257,530,False,0.392,1,4,0.8165481178293698,0.0038950040470808744,0.6676621023172026,False
1257,719,False,0.751,0,3,0.2940985074110321,,,False
1257,854,False,0.839,0,3,2.2456142732860176,,,False
1258,1303,False,0.657,1,3,0.5847278807087478,,,False
1258,1399,False,0.832,0,2,1.1754318196956146,-0.01420108787715435,1.0,False
1258,142,False,0.328,1,2,3.469815933155764,,,False
1258,1557,False,0.203,1,2,0.44554076646627144,,,False
1258,258,False,0.808,0,3,1.2121779099631342,0.002397684147581458,0.8702518734834983,False
1258,im0115,True,0.107,1,3,1.2499900056588436,0.019492214545607567,0.9883001244323782,False
1259,1423,False,0.049,2,2,0.0829147142841298,,,False
1259,230,False,0.531,0,0,,,,False
1259,519,False,0.286,1,2,3.849360858182707,,,False
1259,676,False,0.509,0,0,,,,False
1259,771,False,0.501,0,0,,,,False
1259,aria_d_22_2,True,0.114,1,3,8.677019939780516,,,False
126,1383,False,0.466,1,4,1.267020382488339,0.016824761405587196,1.0,False
126,1614,False,0.033,1,3,2.4090529407961028,,,False
126,168,False,0.614,2,3,0.751640930978209,0.03272102028131485,0.5827144381832962,False
126,1762,False,0.081,2,3,1.182027010384628,0.023530593141913414,0.767641848730474,False
126,203,False,0.757,0,4,0.8171742259409333,0.026971062645316124,0.667563625795827,False
126,21,False,0.57,1,3,0.8100431673336951,0.020681967958807945,0.6546541875620157,False
126,467,False,0.784,0,3,1.0591223209412264,0.053019654005765915,0.9967128055560032,False
126,504,False,0.658,0,0,,,,False
126,524,False,0.719,0,3,1.4997094130192734,0.008331210352480412,0.9788326881628189,False
126,550,False,0.842,0,3,1.014524014085341,0.05064280331134796,0.9980882817562104,False
126,655,False,0.289,1,3,0.07747476631696264,,,False
126,758,False,-0.031,1,3,0.7783815302001355,0.0016580669907853007,0.36130306021717673,False
126,95,False,0.239,1,2,1.6034657007926576,,,False
126,aria_d_12_20,True,-0.009,1,4,0.46840994982840906,,,False
126,im0268,True,0.035,1,4,0.8416333598557045,-0.00045736494939774275,0.5666585755230458,False
1260,1341,False,0.277,1,0,,,,False
1260,200,False,0.477,0,0,,,,False
1260,232,False,0.278,1,2,2.967295440736834,,,False
1260,322,False,0.474,0,2,8.946530864160355,,,False
1260,886,False,0.145,1,2,0.5943623101212523,,,False
1260,993,False,0.133,1,0,,,,False
1261,1267,False,0.853,0,2,0.6490078356663791,,,False
1261,1321,False,0.41,1,3,0.9982535242792999,0.042708028107881546,0.951785541573082,False
1261,1399,False,0.64,1,0,,,,False
1261,1421,False,0.581,1,0,,,,False
1261,1449,False,0.698,1,3,1.0038652665989518,0.052002765238285065,0.9820511855678415,False
1261,1491,False,0.352,1,2,0.6106245299834208,,,False
1261,1780,False,0.201,1,3,0.3539947471493838,,,False
1261,1863,False,0.182,1,2,0.6905806734213846,-0.00416352367028594,0.4773897650466688,False
1261,193,False,0.384,1,0,,,,False
1261,625,False,0.794,0,5,0.9676672513348925,-0.0031665079295635223,0.9371955014701779,False
1261,835,False,0.81,0,2,0.7531055947153097,0.01184551976621151,0.5672900151683256,False
1262,1446,False,0.112,1,2,1.357054517124576,0.0002537669497542083,0.9349845367467033,False
1262,1663,False,0.069,1,2,0.3567647475490937,,,False
1262,1713,False,-0.071,1,0,,,,False
1262,644,False,0.651,0,3,0.3980905879492617,,,False
1262,645,False,0.643,1,5,1.080938354050358,0.0444316640496254,0.9995267701245084,False
1262,674,False,0.666,1,3,1.3391896930226233,-0.03073699027299881,1.0,False
1262,im0186,True,-0.108,1,2,0.9606721452770363,0.006398566998541355,0.8780995890418022,False
1263,1314,False,0.651,0,2,2.2131018443060517,,,False
1263,632,False,0.675,0,3,2.7150839260029076,,,False
1263,786,False,0.653,0,3,0.9817378849881323,0.011135970242321491,0.9648217988804005,False
1263,im0346,True,-0.061,1,3,0.07403882900949962,,,False
1264,1766,False,0.119,2,2,1.8033848955449767,,,False
1264,191,False,0.403,1,2,1.0178670525531195,0.010893340222537518,0.35782120207320606,False
1264,248,False,0.831,0,2,2.7679579932715623,,,False
1264,551,False,0.203,1,3,0.22958436583897468,,,False
1264,610,False,0.836,0,3,0.09226409118521842,,,False
1264,730,False,0.827,0,2,0.017891792411600473,,,False
1265,1382,False,0.784,0,3,0.98992970007782,0.037022169679403305,0.9734746444861819,False
1265,1388,False,0.496,1,0,,,,False
1265,1757,False,0.218,1,3,0.5748029957648971,,,False
1265,1793,False,-0.034,1,0,,,,False
1265,339,False,0.782,0,3,0.6601695041143092,,,False
1265,470,False,0.734,0,2,2.327074004218273,,,False
1265,49,False,0.298,1,2,1.679392270916666,,,False
1265,883,False,0.821,0,4,1.0173535271466108,-0.009997808374464512,0.9974684907896154,False
1265,im0124,True,-0.15,2,2,0.7078882971848126,0.006672086659818888,0.29005740983570427,False
1266,1327,False,0.621,0,2,0.9222059805349526,-0.008008229546248913,0.33999227741250415,False
1266,1370,False,0.615,0,3,0.7639677798717095,-0.0017355807358399034,0.5809226377329534,False
1266,304,False,0.424,2,0,,,,False
1266,im0002,True,0.394,0,0,,,,False
1266,im0223,True,0.229,1,0,,,,False
1266,im0248,True,0.204,2,0,,,,False
1267,1286,False,0.396,1,4,1.8347784406236989,,,False
1267,1311,False,0.827,0,2,1.2381692534884383,-0.034599754959344864,1.0,False
1267,1318,False,0.855,0,3,0.9620932121952207,0.0031209252774715424,0.9286556254676004,False
1267,1434,False,0.698,0,2,0.838303406990752,0.0021515351254493,0.18462381889128962,False
1267,1455,False,0.128,1,3,0.20620059207357475,,,False
1267,1692,False,0.018,1,3,0.25887790736251426,,,False
1267,1702,False,0.122,1,3,3.2822662863460867,,,False
1267,173,False,0.275,1,2,5.01552533471004,,,False
1267,319,False,0.695,2,2,0.9898110954075088,0.01657644286751747,0.934450597806255,False
1267,578,False,0.68,1,5,1.0809080337010954,0.00935574434697628,0.998618873257532,False
1267,625,False,0.821,2,3,1.193508069757554,0.048584964126348495,0.9984064129804906,False
1267,806,False,0.758,0,2,1.1270134541720642,0.046470895409584045,0.6965194491865431,False
1267,952,False,0.793,0,5,0.9909919724088299,0.003962691407650709,0.9733885908268277,False
1267,im0184,True,-0.055,1,4,0.4108843951226607,,,False
1268,1629,False,0.184,1,2,1.0517547456934788,0.008342079818248749,0.9405141291437845,False
1268,170,False,0.424,1,2,0.12486028161205155,,,False
1268,191,False,0.664,0,0,,,,False
1268,305,False,0.66,0,0,,,,False
1268,621,False,0.532,1,0,,,,False
1268,745,False,0.655,0,0,,,,False
1268,im0315,True,-0.239,2,0,,,,False
1269,1385,False,0.749,0,3,0.894581864154965,0.00331840175203979,0.7905315685770582,False
1269,1438,False,0.475,1,0,,,,False
1269,1439,False,0.45,1,0,,,,False
1269,561,False,0.435,1,2,1.4027818556792808,-0.00323118781670928,0.4640960368712988,False
1269,647,False,0.372,1,0,,,,False
1269,675,False,0.753,0,3,0.612849178284541,,,False
1269,im0312,True,0.127,1,0,,,,False
127,1283,False,0.62,0,0,,,,False
127,227,False,0.162,1,0,,,,False
127,50,False,0.3,1,0,,,,False
127,815,False,0.648,0,0,,,,False
127,im0186,True,0.044,2,2,0.725901876457995,-0.0014316270826384425,0.4483775659105792,False
1270,1389,False,0.714,0,0,,,,False
1270,17,False,0.702,0,0,,,,False
1270,1798,False,0.703,0,0,,,,False
1270,1894,False,0.488,1,2,0.2506335583008709,,,False
1270,190,False,0.757,0,0,,,,False
1270,394,False,0.44,2,0,,,,False
1270,515,False,0.782,0,0,,,,False
1270,551,False,0.805,0,3,1.0646859456213562,0.006388471461832523,0.9997963634804696,False
1270,657,False,0.807,0,0,,,,False
1271,1386,False,0.417,1,0,,,,False
1271,340,False,0.467,0,0,,,,False
1271,568,False,0.263,1,0,,,,False
1271,77,False,0.468,0,0,,,,False
1271,790,False,0.398,3,7,0.9585952486637044,0.28420624136924744,0.9065937016669531,False
1271,im0288,True,-0.115,1,0,,,,False
1271,im0356,True,0.397,0,0,,,,False
1272,1294,False,0.61,1,3,0.634092511941878,,,False
1272,1316,False,0.775,1,3,1.0227587075273352,-0.00690963352099061,0.9989215928234954,False
1272,1454,False,0.735,0,3,1.5167549578347745,,,False
1272,1455,False,0.802,0,6,0.7875377344008895,0.0016141074011102319,0.32876257049124086,False
1272,401,False,0.483,0,2,0.7779406826262358,-0.012434476055204868,0.22313881250636522,False
1272,530,False,0.184,1,2,0.37959219874337513,,,False
1272,531,False,0.822,0,3,0.12557878848066917,,,False
1272,559,False,0.477,1,3,0.9180506906721991,-0.004619248677045107,0.8027113997654832,False
1272,637,False,0.853,0,3,0.8644199769896902,-0.00779446866363287,0.7185005280963334,False
1272,693,False,-0.04,1,4,0.34155468207598527,,,False
1272,733,False,0.866,0,2,1.2347402867444819,0.003977668471634388,0.779833054373039,False
1272,aria_c_26_15,True,-0.107,1,2,0.7477728165965326,-0.01393231563270092,0.4163591113269394,False
1273,1274,False,0.107,19,19,0.9954899411699216,0.5035314559936523,0.3642730368878016,True
1273,1816,False,0.168,1,0,,,,False
1273,709,False,0.745,0,0,,,,False
1273,945,False,0.174,2,0,,,,False
1274,1351,False,0.035,1,2,0.3747811367780448,,,False
1274,1530,False,0.168,1,0,,,,False
1274,1550,False,0.46,0,0,,,,False
1274,1862,False,0.149,1,3,1.5549281582430847,,,False
1274,1866,False,0.479,0,2,1.6235318675078543,,,False
1274,284,False,0.046,1,3,1.1291662541956415,-0.00469981087371707,0.5801379339933286,False
1274,505,False,0.129,1,0,,,,False
1274,im0118,True,0.45,0,0,,,,False
1275,1388,False,0.438,1,3,30.778739843576002,,,False
1275,166,False,0.348,1,3,0.08413786714180657,,,False
1275,1679,False,0.333,1,4,0.6448684278045295,,,False
1275,463,False,0.065,1,2,0.1848152298598229,,,False
1275,723,False,0.699,0,2,0.6051615058727595,,,False
1275,729,False,0.663,0,2,0.6066221406631825,,,False
1275,766,False,0.535,1,2,1.5627930939431127,,,False
1275,aria_d_14_20,True,0.041,1,2,1.5067487320288948,,,False
1276,1344,False,0.244,1,0,,,,False
1276,1373,False,0.699,1,0,,,,False
1276,1831,False,0.12,1,0,,,,False
1276,695,False,0.748,0,3,0.9241791685121495,-0.002428816631436348,0.8542906034256165,False
1276,857,False,0.117,1,2,1.3017790995423737,0.0053882598876953125,0.5912958728492709,False
1276,948,False,0.715,0,0,,,,False
1276,im0035,True,0.533,0,2,0.4721996064566335,,,False
1276,im0204,True,0.043,1,0,,,,False
1277,1395,False,0.3,3,3,0.16439874344950303,,,False
1277,1451,False,0.635,1,2,0.8919740305670373,-0.00795899610966444,0.5833686434996219,False
1277,1475,False,0.801,0,2,1.0010158889193967,0.010027897544205189,0.5046518728006042,False
1277,1908,False,-0.05,1,3,0.03905710985098968,,,False
1277,239,False,0.753,0,3,0.7322747617248735,0.023180633783340454,0.5345998595528205,False
1277,317,False,0.834,1,3,0.8946768170051207,0.010855101980268955,0.7947890073584623,False
1277,367,False,0.546,1,2,1.243484099705513,0.012681231833994389,0.9974802151219329,False
1277,516,False,0.775,0,2,1.1767799668714793,0.0030510060023516417,0.9057507815605428,False
1277,818,False,0.851,0,3,1.7701129994254172,,,False
1277,836,False,0.663,1,3,1.0175874491269796,0.014716565608978271,0.9895989075344499,False
1278,1396,False,0.146,1,0,,,,False
1278,1812,False,0.162,1,0,,,,False
1278,204,False,0.657,0,2,0.36980029939679643,,,False
1278,395,False,-0.058,1,0,,,,False
1278,490,False,0.579,0,0,,,,False
1278,531,False,0.388,1,0,,,,False
1278,647,False,0.398,1,0,,,,False
1278,im0259,True,-0.068,1,0,,,,False
1279,329,False,0.755,0,0,,,,False
1279,736,False,0.628,0,0,,,,False
128,1442,False,0.581,0,0,,,,False
128,187,False,0.604,2,0,,,,False
128,244,False,0.834,0,0,,,,False
128,247,False,0.855,0,0,,,,False
128,377,False,0.475,0,0,,,,False
128,919,False,0.887,0,0,,,,False
128,981,False,0.731,1,0,,,,False
1280,1299,False,0.804,0,4,1.0484543528099608,0.013602415099740028,0.9998498216632251,False
1280,1363,False,0.214,1,4,1.0634547706252924,-0.008593535982072353,0.5154391754344612,False
1280,1462,False,0.77,0,3,0.9779092900748848,-0.014437001198530197,0.9550811831070501,False
1280,228,False,0.167,1,2,0.0,,,False
1280,68,False,0.186,1,3,0.47628055285327064,,,False
1280,717,False,0.771,0,3,0.9290298838054185,-0.0030527974013239145,0.7243022756547874,False
1280,im0149,True,-0.068,2,0,,,,False
1281,1397,False,0.187,2,3,1.7247519659996942,,,False
1281,1408,False,0.014,1,3,0.6241795652418308,,,False
1281,1471,False,0.801,0,3,1.1655223600310043,0.06443560123443604,1.0,False
1281,1472,False,0.773,0,3,0.9330612951780429,0.019984735175967216,0.8216744905522553,False
1281,1585,False,-0.033,1,4,0.5013132666908696,,,False
1281,1782,False,0.16,1,4,0.03026913385276337,,,False
1281,1805,False,0.062,2,2,2.6663953419703255,,,False
1281,321,False,0.219,1,2,1.6356470108546508,,,False
1281,447,False,0.175,2,3,0.5768161233772873,,,False
1281,544,False,0.784,0,3,1.3395008301899307,-0.008464621379971504,1.0,False
1281,873,False,0.794,0,0,,,,False
1281,966,False,-0.003,2,3,2.7871637480698017,,,False
1282,1356,False,0.44,1,3,0.4747381874902701,,,False
1282,818,False,0.709,0,0,,,,False
1282,im0361,True,0.081,3,0,,,,False
1282,im0364,True,-0.089,2,0,,,,False
1283,1302,False,0.775,0,2,1.3005637098595386,-0.002550743753090501,1.0,False
1283,1308,False,0.326,2,2,1.556769011552867,,,False
1283,1386,False,0.357,1,2,0.8070683130699379,0.00024895125534385443,0.5578641191225917,False
1283,148,False,0.848,0,3,0.289373316687142,,,False
1283,179,False,0.749,0,3,0.2725787426944883,,,False
1283,189,False,0.23,1,4,1.0946207846644194,0.024190030992031097,0.9997639092338318,False
1283,315,False,0.385,1,2,0.8950885797924992,-0.005411768332123756,0.7496256540990205,False
1283,662,False,0.361,1,3,0.17095008025502909,,,False
1283,759,False,0.605,0,3,0.011341222917114742,,,False
1283,815,False,0.774,0,3,2.590516115155221,,,False
1283,aria_c_34_1,True,0.176,1,3,0.6087289460093456,,,False
1283,aria_c_38_42,True,0.01,1,4,0.6908064171180179,-0.021027758717536926,0.45159912109375,False
1284,1359,False,0.748,0,0,,,,False
1284,1385,False,0.924,0,0,,,,False
1284,195,False,0.891,1,0,,,,False
1284,364,False,0.742,3,0,,,,False
1284,743,False,0.882,0,3,1.0082196476983674,0.01943943090736866,0.981567987241448,False
1284,773,False,0.798,0,0,,,,False
1284,786,False,0.875,0,0,,,,False
1285,1749,False,0.738,0,0,,,,False
1285,226,False,0.6,2,0,,,,False
1285,236,False,0.497,2,0,,,,False
1285,422,False,0.493,0,0,,,,False
1285,45,False,0.749,0,0,,,,False
1285,488,False,0.686,0,0,,,,False
1286,170,False,0.643,0,2,1.1319614325995262,0.004703317768871784,0.6514864010120177,False
1286,1901,False,-0.032,1,3,0.22281295492168413,,,False
1286,202,False,0.643,0,3,0.9726767406594774,-0.0017906595021486282,0.9210717300031718,False
1286,348,False,-0.012,1,3,0.16894107814398485,,,False
1286,548,False,0.692,0,2,0.8218316093232155,-0.014898656867444515,0.4226889136394791,False
1286,969,False,0.286,1,3,0.15975178157506545,,,False
1287,224,False,0.16,1,3,0.7865448393832644,-0.014600355178117752,0.37809216332213313,False
1287,365,False,0.574,0,0,,,,False
1287,740,False,0.583,0,0,,,,False
1287,im0061,True,0.006,1,2,1.6733805827871129,,,False
1287,im0185,True,0.369,0,0,,,,False
1287,im0354,True,0.04,1,0,,,,False
1288,686,False,0.538,0,0,,,,False
1288,697,False,0.81,0,0,,,,False
1288,709,False,0.76,0,0,,,,False
1288,761,False,0.832,0,0,,,,False
1288,849,False,0.807,0,0,,,,False
1288,aria_d_5_22,True,0.291,0,0,,,,False
1289,1291,False,0.612,2,2,3.970085708391636,,,False
1289,335,False,0.272,1,0,,,,False
1289,581,False,0.681,0,2,0.2065661432721481,,,False
1289,591,False,0.326,1,0,,,,False
1289,678,False,0.19,1,3,2.489979882643495,,,False
1289,954,False,0.668,0,2,2.023794338137516,,,False
129,232,False,0.568,1,0,,,,False
129,247,False,0.767,0,0,,,,False
129,338,False,0.552,2,0,,,,False
129,355,False,0.732,0,0,,,,False
129,629,False,0.773,0,0,,,,False
129,728,False,0.427,1,0,,,,False
1290,1337,False,0.351,2,2,0.7735944565433499,0.012832692824304104,0.4172910105233739,False
1290,1355,False,0.754,1,2,0.8379434887895058,-0.0068987892009317875,0.685501775008312,False
1290,1357,False,0.662,1,5,0.9470103462215468,0.024718960747122765,0.8954389469783628,False
1290,1416,False,0.794,0,2,6.340962255340716,,,False
1290,1433,False,0.821,0,3,0.9890980499888141,0.01951085776090622,0.9779510968012427,False
1290,1697,False,-0.061,1,0,,,,False
1290,261,False,0.828,0,2,0.507126367004357,,,False
1290,369,False,0.327,1,3,0.22466405171228868,,,False
1290,60,False,0.173,1,0,,,,False
1290,im0339,True,-0.154,2,0,,,,False
1291,1392,False,0.826,0,2,0.6802264493197449,0.007727451156824827,0.198374053497501,False
1291,143,False,0.754,0,3,0.2660757931084371,,,False
1291,1893,False,0.321,2,2,0.7217152983043191,0.008089968003332615,0.17336347463484833,False
1291,206,False,0.78,2,3,0.93431872524362,0.018714897334575653,0.8718284042062837,False
1291,223,False,0.846,0,2,1.8466706470061085,,,False
1291,333,False,0.627,1,2,1.1931424512182407,0.04209848493337631,0.20310590958780786,False
1291,349,False,0.8,0,4,0.9947403149482346,-0.0018942756578326225,0.9676053686220716,False
1291,6,False,0.417,1,2,0.23122814777984027,,,False
1291,954,False,0.809,0,3,1.0202283456675318,0.016893651336431503,0.9998390134745722,False
1292,197,False,0.843,0,0,,,,False
1292,224,False,0.672,0,0,,,,False
1292,340,False,0.635,2,0,,,,False
1292,499,False,0.182,1,0,,,,False
1292,597,False,0.894,0,0,,,,False
1292,643,False,0.655,0,0,,,,False
1292,671,False,0.901,0,0,,,,False
1292,749,False,0.944,1,0,,,,False
1292,763,False,0.877,2,0,,,,False
1292,948,False,0.868,0,0,,,,False
1293,322,False,0.848,0,0,,,,False
1293,849,False,0.841,0,0,,,,False
1293,980,False,0.69,0,0,,,,False
1293,981,False,0.838,0,0,,,,False
1294,1335,False,0.68,0,0,,,,False
1294,1462,False,0.636,1,0,,,,False
1294,531,False,0.664,0,0,,,,False
1294,573,False,0.652,0,0,,,,False
1294,907,False,0.467,1,0,,,,False
1294,im0026,True,0.138,1,0,,,,False
1294,im0268,True,0.026,1,0,,,,False
1295,1312,False,0.785,2,3,0.9736731945579348,0.02113078348338604,0.931397127902295,False
1295,1319,False,0.274,1,4,0.23425626476665637,,,False
1295,1375,False,0.185,1,2,3.5123754463178853,,,False
1295,1696,False,-0.095,1,3,0.5090272815259475,,,False
1295,222,False,0.056,1,2,0.6480940595653669,,,False
1295,642,False,0.793,0,4,0.38100397490629967,,,False
1295,794,False,0.089,1,2,1.4728903613314708,0.014908195473253727,0.7123704895082476,False
1295,985,False,0.811,0,2,0.676478613518327,0.012611731886863708,0.3758816103993769,False
1295,aria_a_56_1,True,0.006,1,4,1.1943607700117034,-0.008667927235364914,0.6778665015508811,False
1295,aria_d_20_2,True,-0.02,1,3,0.7811239751193082,0.001462019165046513,0.2967302006520901,False
1295,im0043,True,0.026,1,2,0.15163989460384972,,,False
1296,132,False,0.793,0,2,0.9311126817687522,-0.007337605115026236,0.7424505640629692,False
1296,1336,False,0.599,2,4,0.6093698337417431,,,False
1296,1390,False,0.796,0,0,,,,False
1296,167,False,0.803,0,4,1.0455160615345402,0.03362331539392471,0.9991861154530265,False
1296,1786,False,0.201,1,0,,,,False
1296,706,False,0.509,1,2,0.3465833044027298,,,False
1296,759,False,0.382,1,2,4.192554772612593,,,False
1296,aria_c_47_2,True,-0.043,2,3,0.07870201188096337,,,False
1297,1313,False,0.555,1,2,1.7754831051873676,,,False
1297,1658,False,0.25,1,2,0.6330063622633981,,,False
1297,1859,False,0.817,0,3,1.079235948129458,0.0012472168309614062,0.9987724799656937,False
1297,261,False,0.847,0,3,1.3344820177655994,0.050038598477840424,1.0,False
1297,367,False,0.334,1,0,,,,False
1297,544,False,0.001,2,2,2.6826125168745873,,,False
1297,998,False,0.83,0,3,1.0498160888862538,-0.004891055170446634,0.9992388058901415,False
1298,330,False,0.731,0,0,,,,False
1298,709,False,0.727,2,0,,,,False
1299,310,False,0.818,0,2,1.4785438102811588,-0.0017148889601230621,0.9255693975942382,False
1299,378,False,0.183,2,0,,,,False
1299,531,False,0.817,0,3,1.0382319122052008,0.02631065621972084,0.9959533508294558,False
1299,608,False,0.874,0,0,,,,False
1299,858,False,0.807,1,5,1.008006645213349,-0.006327154114842415,0.9938763444651157,False
1299,im0029,True,-0.038,1,0,,,,False
13,1467,False,-0.165,1,2,0.9714029826988686,0.005856688600033522,0.8001567524331521,False
13,1771,False,-0.098,1,4,1.6259963238817696,,,False
13,453,False,0.556,0,0,,,,False
13,521,False,0.556,0,2,0.9122521184045915,-0.005411525722593069,0.31439710387078806,False
13,623,False,0.026,1,3,1.3132630333707176,0.007028812076896429,0.9844960406266139,False
13,801,False,0.546,2,3,0.01812350774101569,,,False
13,aria_c_7_2,True,0.001,1,2,0.7646843758765127,0.012216157279908657,0.4003125431472718,False
130,1491,False,0.284,1,0,,,,False
130,235,False,0.679,0,0,,,,False
130,533,False,0.44,1,0,,,,False
130,693,False,0.389,1,0,,,,False
130,709,False,0.686,0,0,,,,False
1300,1314,False,0.786,0,3,2.3429736290851544,,,False
1300,1338,False,0.617,1,2,1.1576245999806745,0.01721079647541046,0.9270129368603978,False
1300,1477,False,0.677,0,2,0.8925773416585796,-0.005058198235929012,0.31124288320766746,False
1300,277,False,0.783,0,2,0.5405211180499373,,,False
1300,296,False,0.711,0,3,1.4800443590528158,-0.00818505510687828,0.9580038371024985,False
1300,431,False,0.055,1,3,15.230292616755234,,,False
1300,677,False,0.785,0,2,0.708498734135032,0.012178071774542332,0.13890289023540137,False
1300,aria_d_11_1,True,0.012,1,3,0.9887952011098661,-0.0024055896792560816,0.9382867299330307,False
1301,1433,False,0.489,1,2,3.2441149262988804,,,False
1301,1442,False,0.416,1,0,,,,False
1301,1452,False,0.366,2,4,0.9282405936750852,0.013637343421578407,0.8442493000059117,False
1301,1825,False,0.002,2,0,,,,False
1301,312,False,0.781,0,3,0.6269938127670092,,,False
1301,516,False,0.594,2,3,0.34335978850614757,,,False
1301,836,False,0.784,0,3,0.9876016929190107,0.007171719800680876,0.9803259044956253,False
1302,1557,False,0.127,2,3,1.1222825466366655,0.01538137812167406,0.8519960831149425,False
1302,260,False,0.754,2,6,1.0183534341839404,0.05670372024178505,0.9999139993012444,False
1302,774,False,0.776,0,3,0.8713557062381841,0.012218632735311985,0.4425151502127477,False
1302,979,False,0.795,0,0,,,,False
1303,341,False,0.596,2,2,0.3675885304574418,,,False
1303,439,False,0.217,3,3,0.8424276663308675,0.01431990135461092,0.6692812207201178,False
1303,563,False,0.558,1,3,0.7476412616404338,0.029787449166178703,0.5408409808049801,False
1303,573,False,0.082,1,2,0.2602680130686731,,,False
1303,625,False,0.817,0,2,0.8684811391678702,0.006020601838827133,0.7536056918421222,False
1303,659,False,0.811,1,4,1.5907919409119875,,,False
1303,835,False,0.831,1,4,0.9923785297122181,0.03172753006219864,0.9813263441119562,False
1304,147,False,0.703,0,0,,,,False
1304,194,False,0.822,0,0,,,,False
1304,550,False,0.785,0,0,,,,False
1304,744,False,0.749,0,0,,,,False
1304,844,False,0.79,0,0,,,,False
1305,159,False,0.697,0,2,1.8028170885785098,,,False
1305,1816,False,0.075,1,3,5.630003931022016,,,False
1305,309,False,0.728,0,3,1.1146558124452348,0.029297733679413795,0.987737829996634,False
1305,310,False,0.707,0,3,0.1438539208000504,,,False
1305,552,False,0.554,1,3,1.0257926395867507,-0.001417555846273899,0.8630683400081383,False
1305,652,False,0.678,0,3,0.8464047609018522,0.048857107758522034,0.37882485754219974,False
1305,im0073,True,0.034,1,4,0.9830350853254548,-0.004760527517646551,0.7550448930882028,False
1305,im0176,True,0.376,0,0,,,,False
1305,im0325,True,0.077,1,3,1.2440679252303284,-0.015852387994527817,0.9520497559018257,False
1306,160,False,0.679,0,2,1.1938719116986773,0.003360968315973878,0.9885303891092293,False
1306,1685,False,-0.061,2,2,0.8572283055481852,0.002289784839376807,0.6826827392798986,False
1306,1792,False,0.105,1,4,0.7419283258893036,-0.001875508576631546,0.40733618233618235,False
1306,653,False,0.724,0,3,1.3424261930871102,0.01106142159551382,0.999672446289246,False
1306,947,False,0.708,0,3,1.0714743074936715,0.0015869620256125927,0.9976344628192269,False
1306,963,False,0.51,0,2,0.24114784473518,,,False
1306,aria_d_9_24,True,-0.118,1,2,3.9279599019234155,,,False
1306,im0251,True,0.529,0,3,0.5662429911562906,,,False
1307,1381,False,0.828,0,3,0.9865479684926364,-0.007518011610955,0.9632510469710508,False
1307,1451,False,0.573,1,4,0.9981632916384575,0.004698951728641987,0.9236388601341965,False
1307,1477,False,0.679,0,3,0.6062932826347462,,,False
1307,443,False,0.784,0,3,1.004390862261881,0.02752804197371006,0.9555125932511099,False
1307,543,False,0.166,1,3,1.1062482127659812,0.019019003957509995,0.8833991671751394,False
1307,677,False,0.885,0,6,1.004108258896455,0.030353350564837456,0.9913453804493538,False
1307,730,False,0.838,0,4,1.0501209070160773,-0.027413642033934593,0.9803007769085803,False
1307,777,False,0.046,1,3,2.913308509440554,,,False
1307,850,False,0.779,1,3,0.9970943706479211,0.021627839654684067,0.9543832153419246,False
1307,926,False,0.826,0,6,0.9780164218251355,0.02129032276570797,0.9469035107514749,False
1308,1400,False,0.642,1,3,1.258014510664759,-0.0058236028999090195,0.9104982416896985,False
1308,375,False,0.76,0,3,1.0467409766876399,0.010582764632999897,0.999576856741904,False
1308,692,False,0.748,0,2,0.1742121775825933,,,False
1308,830,False,0.633,0,3,1.0007275245885099,0.027529094368219376,0.9458256029684601,False
1308,985,False,0.597,1,2,0.14083760886897667,,,False
1309,483,False,0.249,1,0,,,,False
1309,614,False,0.784,0,0,,,,False
1309,im0017,True,0.182,1,0,,,,False
131,1420,False,0.443,1,0,,,,False
131,162,False,0.711,0,0,,,,False
131,168,False,0.76,0,2,0.17815854651987068,,,False
131,1735,False,-0.012,1,0,,,,False
131,219,False,0.642,0,2,0.6129901649540274,,,False
131,304,False,0.811,0,0,,,,False
131,549,False,0.812,0,3,0.019007929397563617,,,False
131,550,False,0.785,2,0,,,,False
131,aria_c_26_2,True,-0.217,2,0,,,,False
131,aria_c_32_21,True,0.33,1,0,,,,False
131,im0067,True,-0.081,1,0,,,,False
1310,1410,False,0.856,0,2,0.9051103031433653,-0.011218441650271416,0.18922272778550747,False
1310,1450,False,0.887,0,3,1.171181817129051,0.09465360641479492,0.9721714129391129,False
1310,1470,False,0.676,1,2,0.36619095547926345,,,False
1310,1662,False,0.266,1,2,0.2760630603764074,,,False
1310,174,False,0.732,0,2,2.137011651235205,,,False
1310,1867,False,-0.024,1,2,1.2233852963214897,-0.0009683165117166936,0.6607806940096851,False
1310,299,False,0.563,1,3,1.9936926361315481,,,False
1310,324,False,0.685,0,4,0.9907456133295286,-0.02279410883784294,0.9765606134594024,False
1310,752,False,0.703,0,4,0.9673013607381042,0.024188024923205376,0.8934290863121654,False
1310,860,False,0.837,0,2,0.724682458210028,-0.0015957645373418927,0.5117236566643405,False
1310,975,False,0.891,0,3,0.09137903805091567,,,False
1311,1458,False,0.726,2,4,1.215786628574617,0.019691573455929756,0.9834115587442405,False
1311,1833,False,0.034,1,3,3.235055445127638,,,False
1311,293,False,0.353,1,2,1.4826757474197922,0.00845882948487997,0.566446824280052,False
1311,479,False,0.321,1,2,4.9554096454755605,,,False
1312,1364,False,0.687,1,3,0.3359244765349329,,,False
1312,159,False,0.1,2,3,2.8944342730221284,,,False
1312,1865,False,-0.071,1,2,0.6658526964109535,,,False
1312,805,False,0.831,0,5,1.0694036008894017,0.02204977348446846,1.0,False
1312,836,False,0.839,0,2,1.087854677821024,-0.0014145142631605268,0.9716412351769589,False
1312,956,False,0.837,0,4,1.0485346727505178,0.020584527403116226,0.9997633747069073,False
1312,aria_a_15_35,True,-0.126,2,3,0.09833139158943704,,,False
1313,597,False,0.722,0,3,1.7045599665657991,,,False
1313,745,False,0.736,0,0,,,,False
1313,866,False,0.094,1,3,0.030437473425078534,,,False
1313,896,False,0.395,1,0,,,,False
1313,984,False,0.713,0,2,0.9905827459469531,-0.002684365725144744,0.7887587847160704,False
1313,im0124,True,0.033,1,4,1.0702149882053174,-0.006496858783066273,0.45753214840607814,False
1314,1334,False,0.559,1,3,1.078159942128321,0.01361111644655466,0.43547139403706686,False
1314,1361,False,0.332,1,3,0.8781574078349342,0.001529547618702054,0.7467457402936765,False
1314,1813,False,-0.121,1,4,0.06006207494344773,,,False
1314,277,False,0.876,0,2,1.57670101099647,,,False
1314,448,False,0.125,1,2,0.7667035216544759,0.010186182335019112,0.17362177250523378,False
1314,646,False,0.526,1,3,0.11918539291011362,,,False
1314,667,False,0.859,0,2,0.29654796022573354,,,False
1314,714,False,0.858,0,4,1.0465897394356005,0.004866550676524639,1.0,False
1314,aria_c_40_b_14,True,0.013,1,2,1.1445363781369402,0.00157950131688267,0.5237935384114584,False
1315,1541,False,0.1,2,0,,,,False
1315,1834,False,0.001,1,0,,,,False
1315,623,False,0.241,1,0,,,,False
1315,742,False,0.571,0,0,,,,False
1315,749,False,0.546,0,2,0.38897039816538026,,,False
1315,im0034,True,0.181,1,0,,,,False
1316,1454,False,0.782,1,3,0.9901870188768302,-0.01670224778354168,0.9756177323633323,False
1316,1462,False,0.802,0,3,1.3196507551694405,0.00164655945263803,1.0,False
1316,301,False,0.763,0,3,0.012866809112933622,,,False
1316,331,False,0.836,0,3,0.7967554265438221,0.027056122198700905,0.6324513577079325,False
1316,663,False,0.716,1,4,0.9964308932774921,0.038696736097335815,0.9521944161620491,False
1316,741,False,0.843,0,3,0.5099730657021273,,,False
1316,912,False,0.766,0,3,0.9910883931713005,0.0032543225679546595,0.9690876607398848,False
1316,im0181,True,0.242,2,2,0.4918379208441576,,,False
1317,1352,False,0.367,1,0,,,,False
1317,1468,False,0.703,0,0,,,,False
1317,364,False,0.456,1,0,,,,False
1317,799,False,0.265,2,0,,,,False
1318,1332,False,0.813,1,4,1.0324940594601166,0.024827584624290466,0.9989964365447364,False
1318,1421,False,0.757,0,0,,,,False
1318,616,False,0.33,2,3,2.88954295552671,,,False
1318,659,False,0.838,0,3,0.9952027009384153,0.008439037948846817,0.98545122671391,False
1318,669,False,0.773,0,0,,,,False
1318,701,False,0.786,1,0,,,,False
1318,768,False,0.815,0,3,1.2248268492637677,0.024837393313646317,0.9999035545506177,False
1318,969,False,0.866,0,6,1.0029135267045761,0.002394291805103421,0.9911332957625527,False
1318,im0080,True,-0.294,1,0,,,,False
1318,im0322,True,-0.265,1,0,,,,False
1318,im0359,True,-0.023,2,0,,,,False
1319,1843,False,0.072,2,2,0.9107567459608826,0.005952545907348394,0.6383952544489541,False
1319,260,False,0.858,0,3,0.950807980179003,0.019003933295607567,0.9046843505603483,False
1319,421,False,0.267,3,3,1.5192061360924893,,,False
1319,520,False,0.764,0,3,0.9106459320499277,-0.023572586476802826,0.8116675774427551,False
1319,668,False,0.261,1,2,2.815105635871456,,,False
1319,75,False,0.812,0,3,0.4166758988460832,,,False
1319,810,False,0.874,1,6,1.0227440290763308,-0.03278138488531113,0.9925495663783033,False
1319,aria_d_23_1,True,-0.169,2,2,0.30064216935550114,,,False
132,135,False,0.655,1,2,0.30410639221224683,,,False
132,1377,False,0.668,0,2,1.8658947256040759,,,False
132,138,False,0.713,1,0,,,,False
132,170,False,0.788,0,4,0.9998077949542757,0.005343584343791008,0.9910376397688655,False
132,194,False,0.751,2,2,0.071132062187804,,,False
132,234,False,0.797,0,2,0.594683384537987,,,False
132,28,False,0.69,1,2,0.13251876203114601,,,False
132,301,False,0.385,1,4,0.4496297494397866,,,False
132,433,False,0.57,0,0,,,,False
132,571,False,0.632,0,3,0.011094745064830292,,,False
132,637,False,0.442,1,2,1.3212808511907612,-0.021942107006907463,0.6603348720505686,False
132,794,False,0.149,1,3,1.1551553305556366,-0.008792110718786716,0.6777025546762705,False
132,907,False,0.432,1,2,1.1825880900397583,-0.016954390332102776,0.7864009290422478,False
1320,308,False,0.774,0,0,,,,False
1320,860,False,0.193,1,0,,,,False
1320,889,False,0.729,0,0,,,,False
1320,990,False,0.525,1,0,,,,False
1321,1345,False,0.722,0,0,,,,False
1321,1361,False,0.787,0,0,,,,False
1321,1363,False,0.795,0,0,,,,False
1321,1868,False,0.476,0,0,,,,False
1321,187,False,0.549,1,0,,,,False
1321,192,False,0.724,0,0,,,,False
1321,290,False,0.323,1,0,,,,False
1321,767,False,0.578,1,2,0.2183430887369512,,,False
1321,941,False,0.757,0,0,,,,False
1322,1493,False,0.263,3,3,1.3417380334626368,-0.007673139218240976,0.4821816316955274,False
1322,279,False,0.748,0,0,,,,False
1322,749,False,0.749,0,0,,,,False
1322,811,False,0.337,1,3,0.08425127476765026,,,False
1322,im0193,True,-0.094,1,0,,,,False
1323,1802,False,0.544,0,3,0.294445926817198,,,False
1323,1809,False,0.526,0,0,,,,False
1323,27,False,0.032,1,3,0.10982469957772872,,,False
1323,585,False,0.222,1,2,1.614488395373324,,,False
1323,811,False,0.495,0,3,0.19557605530596398,,,False
1323,aria_d_11_22,True,0.201,1,0,,,,False
1323,im0206,True,-0.007,1,3,0.6049778309985057,,,False
1324,380,False,0.599,1,0,,,,False
1324,599,False,0.776,1,3,1.0208032908418643,0.004659588448703289,0.9862639427154344,False
1324,773,False,0.684,1,0,,,,False
1324,780,False,0.742,0,0,,,,False
1324,889,False,0.859,0,4,0.9520693187666611,0.0563223771750927,0.8960004719207173,False
1325,1340,False,0.88,0,0,,,,False
1325,1488,False,0.826,0,0,,,,False
1325,285,False,0.883,0,4,1.0315304097384643,0.02491053193807602,0.9993513107811076,False
1325,319,False,0.914,0,0,,,,False
1325,328,False,0.777,1,5,0.9942868757842727,0.04282797873020172,0.98284496194613,False
1325,604,False,0.923,0,5,0.9859521484560604,0.05325230583548546,0.9721805763784774,False
1325,619,False,0.866,0,3,0.9743190935719359,-0.004853482823818922,0.9479162756275842,False
1325,644,False,0.893,0,0,,,,False
1325,645,False,0.905,0,4,1.0085728503038693,0.015994980931282043,0.9758272003829355,False
1325,671,False,0.906,0,0,,,,False
1325,742,False,0.864,0,5,0.9975940095023631,0.043928783386945724,0.9922216977083512,False
1325,781,False,0.68,2,0,,,,False
1325,793,False,0.846,0,4,0.9927540631604732,0.03612411394715309,0.9825398273299457,False
1325,816,False,0.931,0,0,,,,False
1325,827,False,0.862,0,0,,,,False
1325,888,False,0.887,0,0,,,,False
1325,915,False,0.882,0,0,,,,False
1325,939,False,0.918,0,0,,,,False
1325,im0385,True,-0.045,1,0,,,,False
1326,199,False,0.43,1,2,0.2622389052130202,,,False
1326,532,False,-0.042,1,3,2.059324773678653,,,False
1326,553,False,0.772,0,0,,,,False
1326,617,False,0.742,0,3,1.7056563090997205,,,False
1326,653,False,0.777,0,4,1.1609376825966837,0.011407122015953064,1.0,False
1326,694,False,0.793,0,3,1.1603292433336785,0.0039532240480184555,0.7862902361090262,False
1326,829,False,0.676,1,0,,,,False
1326,913,False,0.134,1,2,1.0971232305427334,0.004473553039133549,0.9979200043446385,False
1326,947,False,0.741,0,0,,,,False
1327,1408,False,0.542,1,2,0.5787123779752562,,,False
1327,1451,False,0.791,0,5,0.9992214415528737,0.02172788418829441,0.9650295264504433,False
1327,1472,False,0.038,1,3,0.24724848405187963,,,False
1327,1709,False,-0.062,1,4,0.7270802478781306,0.00942988134920597,0.411284524678883,False
1327,560,False,0.856,0,2,5.488900557310163,,,False
1328,215,False,0.17,1,0,,,,False
1328,285,False,0.612,0,0,,,,False
1328,352,False,0.558,0,0,,,,False
1328,711,False,0.607,0,0,,,,False
1328,715,False,0.474,1,0,,,,False
1328,753,False,0.241,1,0,,,,False
1328,804,False,0.482,0,0,,,,False
1328,827,False,0.651,0,0,,,,False
1329,1748,False,0.202,2,2,0.679805195419343,0.021601062268018723,0.2036911642822706,False
1329,581,False,0.8,0,4,0.9481412136822172,0.020461466163396835,0.8968236125385406,False
1329,680,False,0.789,0,3,0.0505206963498096,,,False
1329,893,False,0.772,1,4,1.2267089198837824,-0.023555774241685867,1.0,False
1329,aria_c_22_9,True,-0.081,1,0,,,,False
133,1331,False,0.589,0,3,0.17818089245244417,,,False
133,1445,False,0.451,0,2,0.2654527451462376,,,False
133,173,False,0.566,0,0,,,,False
133,194,False,0.557,0,2,3.755497286872762,,,False
133,490,False,0.153,1,2,0.4919133174868092,,,False
133,755,False,0.363,2,0,,,,False
133,im0099,True,-0.207,1,0,,,,False
1330,1390,False,0.822,0,0,,,,False
1330,1637,False,0.066,1,3,0.6094437471386799,,,False
1330,1679,False,-0.106,1,0,,,,False
1330,1799,False,0.105,1,0,,,,False
1330,283,False,0.609,0,2,0.928454938860965,0.07873919606208801,0.33388278188348053,False
1330,463,False,0.192,1,2,1.342538975014749,0.008761575445532799,0.7992960759981171,False
1330,511,False,0.723,0,0,,,,False
1330,548,False,0.842,0,0,,,,False
1330,600,False,0.82,0,4,1.012964046702198,0.028048716485500336,0.9995808029236309,False
1330,934,False,0.131,1,0,,,,False
1331,1360,False,0.511,1,0,,,,False
1331,194,False,0.762,0,0,,,,False
1331,550,False,0.76,0,0,,,,False
1331,986,False,0.583,0,0,,,,False
1331,im0395,True,0.085,1,0,,,,False
1332,1450,False,0.878,0,3,0.9906390365987887,0.02388525754213333,0.9708679536762379,False
1332,1688,False,-0.089,3,3,4.132034049510771,,,False
1332,252,False,0.816,1,2,0.887535903068457,-0.001729023875668645,0.5966658799802613,False
1332,291,False,0.48,1,2,1.0706777372265572,0.008321622386574745,0.6686650461625664,False
1332,524,False,0.263,2,0,,,,False
1332,831,False,0.873,0,0,,,,False
1333,246,False,0.513,1,2,0.3613273183579452,,,False
1333,508,False,0.608,0,2,1.738743017615907,,,False
1333,707,False,0.771,0,3,0.8944474441692019,0.02032426930963993,0.7985914130995359,False
1333,994,False,0.757,0,3,4.635034557285389,,,False
1333,aria_a_43_9,True,0.043,1,2,1.1922717073164824,0.0180064644664526,0.7461437417902046,False
1333,im0348,True,-0.247,1,2,3.3884358551913287,,,False
1334,153,False,0.75,0,3,0.8205607336312205,0.004866384901106358,0.666324148097139,False
1334,1776,False,-0.082,1,3,0.07303326974692201,,,False
1334,1780,False,-0.076,2,0,,,,False
1334,1838,False,-0.053,1,2,1.0271947068529874,0.0039523388259112835,0.9740636653515646,False
1334,261,False,0.285,1,2,1.246262651215697,0.020460061728954315,0.8099327375907828,False
1334,550,False,0.74,0,2,2.6020924395327225,,,False
1334,675,False,0.742,0,2,0.2233653216144134,,,False
1334,727,False,0.159,1,2,0.4052742574877404,,,False
1334,882,False,0.492,1,2,1.5589854341698963,,,False
1334,im0049,True,0.349,0,0,,,,False
1335,149,False,0.566,1,0,,,,False
1335,1565,False,0.244,1,0,,,,False
1335,327,False,0.491,0,0,,,,False
1335,59,False,0.408,1,0,,,,False
1335,607,False,0.597,1,0,,,,False
1335,767,False,0.746,0,3,0.9774862897798168,-0.016575876623392105,0.9573749543629062,False
1335,865,False,0.309,1,0,,,,False
1335,922,False,0.421,1,0,,,,False
1336,1341,False,0.772,0,0,,,,False
1336,217,False,0.816,0,4,0.3473824773318105,,,False
1336,466,False,0.19,1,0,,,,False
1336,471,False,0.49,1,0,,,,False
1336,696,False,0.861,0,0,,,,False
1336,697,False,0.877,2,5,1.0062788277619548,0.046242810785770416,0.9959673299960748,False
1336,798,False,0.858,0,0,,,,False
1337,1396,False,0.765,58,89,1.0020190702011782,0.756126880645752,0.9572729081415919,True
1337,1729,False,0.036,1,2,0.4265375461698313,,,False
1337,367,False,0.703,1,2,0.9481332307248693,0.003145974362269044,0.7629629231653656,False
1337,548,False,0.372,2,3,1.191397417806546,0.018148142844438553,0.9927818711446196,False
1337,714,False,0.798,0,3,1.1710080919819028,0.0010347659699618816,0.14770457992776,False
1337,im0189,True,0.333,1,4,0.3333870990003722,,,False
1338,1381,False,0.706,0,2,2.0438175823782068,,,False
1338,1457,False,0.29,1,2,1.878043369057974,,,False
1338,1464,False,0.702,0,2,0.34070388361079373,,,False
1338,1564,False,0.417,2,3,0.6851214923068739,-0.035330601036548615,0.46119609783684434,False
1338,555,False,0.126,1,2,1.7145130338345709,,,False
1338,876,False,0.21,1,4,0.387190472477622,,,False
1338,im0008,True,0.521,0,2,26.315014090267805,,,False
1338,im0192,True,0.046,2,2,0.6544076772700802,,,False
1339,1380,False,0.783,0,3,1.354679915513036,-0.0023368552792817354,0.7582099162910496,False
1339,1504,False,0.123,1,3,0.7596615593153462,3.7599285860778764e-05,0.3502815904910146,False
1339,1535,False,0.142,2,3,0.5101003448163505,,,False
1339,1788,False,0.119,1,4,0.6184373556532571,,,False
1339,222,False,0.214,1,5,0.035431774671920734,,,False
1339,312,False,0.707,1,3,0.539520112228781,,,False
1339,602,False,0.672,0,3,1.2804495349258116,-0.0017356091411784291,0.9916824865664918,False
1339,847,False,0.608,0,3,0.47915771391101525,,,False
1339,aria_d_14_2,True,0.029,1,3,0.41349747753410615,,,False
1339,im0088,True,-0.17,1,4,0.3829459947385507,,,False
134,140,False,0.82,0,0,,,,False
134,1762,False,0.112,2,3,0.17227224044854075,,,False
134,391,False,0.685,1,2,1.2724442039689223,0.026456287130713463,0.6551420581115102,False
134,689,False,0.503,1,0,,,,False
134,844,False,0.812,0,3,0.7068780001520703,-0.004205111879855394,0.48975905229020933,False
134,98,False,0.762,0,0,,,,False
134,aria_d_2_31,True,0.007,1,0,,,,False
1340,319,False,0.808,1,4,0.7388445736096457,0.01964220590889454,0.5466600124498251,False
1340,831,False,0.798,1,0,,,,False
1340,im0052,True,0.186,1,0,,,,False
1341,1482,False,0.562,3,3,0.5390039142564763,,,False
1341,1696,False,0.038,2,3,14.857380188276498,,,False
1341,88,False,0.311,1,3,0.8914775409847003,0.017592785879969597,0.7895971716305978,False
1341,894,False,0.237,1,2,0.9367983308588506,-0.013121778145432472,0.5940780778199246,False
1341,972,False,0.775,44,62,1.0017999486124858,0.7914307117462158,0.9942407423281331,True
1341,aria_d_11_1,True,0.03,1,3,0.5687442275892285,,,False
1342,1411,False,0.163,1,3,1.3340383608687292,0.013571309857070446,0.8811747780247152,False
1342,159,False,0.509,0,2,0.5318471547382028,,,False
1342,1590,False,-0.045,1,2,0.12816810883241023,,,False
1342,617,False,0.496,0,4,0.7417867748215112,-0.006698450073599815,0.5501141951258833,False
1342,718,False,0.068,1,3,0.016084829169201537,,,False
1342,859,False,0.243,2,2,0.4184847316716584,,,False
1342,868,False,0.297,1,0,,,,False
1342,aria_d_11_22,True,0.213,1,2,2.0573647268516826,,,False
1343,1703,False,0.141,1,2,0.892597122512607,-0.002745826728641987,0.8214475845273829,False
1343,292,False,0.754,0,2,0.9413396884147643,-0.0072038378566503525,0.7959032695575724,False
1343,403,False,0.083,1,0,,,,False
1343,559,False,0.692,0,3,1.0542513932043047,0.021745877340435982,0.970069658986866,False
1343,775,False,0.616,1,3,0.7096245548641859,-0.010938771069049835,0.5033072824537141,False
1343,842,False,0.402,1,2,0.9840620094393855,-0.007634446490556002,0.738605256506096,False
1343,90,False,0.104,1,3,2.4144384390674025,,,False
1344,1556,False,0.14,1,3,1.6853419380532646,,,False
1344,182,False,0.533,0,3,0.11938869017868589,,,False
1344,202,False,0.494,0,2,0.2853837232149878,,,False
1344,206,False,0.271,1,2,4.045951731966865,,,False
1344,435,False,0.137,1,2,0.3493241973859697,,,False
1344,923,False,0.495,0,0,,,,False
1345,1361,False,0.734,0,0,,,,False
1345,228,False,0.472,0,0,,,,False
1345,303,False,0.742,0,0,,,,False
1345,389,False,0.549,0,0,,,,False
1345,428,False,0.491,0,0,,,,False
1345,78,False,0.507,0,0,,,,False
1346,140,False,0.772,0,0,,,,False
1346,144,False,0.431,1,0,,,,False
1346,633,False,0.437,1,0,,,,False
1346,761,False,0.776,0,2,1.2857537790960942,0.01409067865461111,0.9029353473672934,False
1346,834,False,0.704,0,0,,,,False
1346,im0258,True,-0.076,1,0,,,,False
1347,1552,False,-0.01,1,0,,,,False
1347,1844,False,0.161,1,2,0.2644486488352659,,,False
1347,774,False,0.618,0,0,,,,False
1347,784,False,0.614,0,2,0.07002489973526273,,,False
1347,im0240,True,0.045,1,2,0.1817186600402313,,,False
1347,im0276,True,0.012,1,0,,,,False
1348,1385,False,0.818,0,0,,,,False
1348,1464,False,0.712,1,4,0.0,,,False
1348,1772,False,0.791,0,3,1.0398314256463408,0.018509671092033386,0.9996519056825058,False
1348,518,False,0.252,2,2,0.6931416426745328,0.0020799431949853897,0.47832184301802766,False
1348,571,False,0.378,1,3,0.20590334561327045,,,False
1348,584,False,0.826,0,2,0.9416833520180011,0.0016196839278563857,0.7965433026488822,False
1348,618,False,0.828,0,2,0.8498621638543402,0.034656692296266556,0.17601846793285555,False
1348,754,False,0.145,1,2,3.3093566768232514,,,False
1348,820,False,0.327,1,2,7.220723406825079,,,False
1348,861,False,0.751,1,2,1.2345205603437905,0.006228516809642315,0.2706123289980582,False
1348,924,False,0.813,0,3,1.0068616514995838,0.007896654307842255,0.9999031648940463,False
1349,1382,False,0.853,0,2,1.0620607649229987,-0.0036015354562550783,0.26865575529916824,False
1349,1415,False,0.765,0,2,0.3607924454010091,,,False
1349,1456,False,0.844,0,3,0.13290803867697554,,,False
1349,187,False,0.876,0,3,0.9766720361298569,0.011534875258803368,0.9537480835955782,False
1349,295,False,0.881,0,0,,,,False
1349,363,False,0.863,0,2,0.11896587931981803,,,False
1349,645,False,0.915,0,5,1.0003233027392389,-0.016886187717318535,0.9914002708833081,False
1349,892,False,0.564,1,4,0.7651380716793663,0.027209347113966942,0.5048388481181065,False
1349,aria_c_24_2,True,-0.005,1,0,,,,False
135,139,False,0.744,0,0,,,,False
135,1549,False,0.44,1,0,,,,False
135,1593,False,0.064,1,0,,,,False
135,167,False,0.748,0,0,,,,False
135,2,False,0.654,0,0,,,,False
135,33,False,0.681,0,0,,,,False
135,483,False,0.351,1,0,,,,False
135,527,False,0.69,0,4,0.939026067982856,-0.01984197460114956,0.880724996516501,False
135,64,False,0.57,0,3,0.9759697351088698,0.005062012933194637,0.9338445555900654,False
135,717,False,0.3,1,0,,,,False
135,968,False,0.758,0,0,,,,False
1350,1351,False,0.602,0,3,0.6348022275518563,,,False
1350,177,False,0.131,1,2,2.381327568609539,,,False
1350,207,False,0.278,1,2,0.7395712663394934,0.005323979537934065,0.5522223184889967,False
1350,307,False,0.546,0,2,1.6278854936866907,,,False
1350,538,False,0.159,1,3,0.3532842621737039,,,False
1350,879,False,0.544,0,2,1.1537495008851608,0.0012740629026666284,0.6644931036333387,False
1350,im0119,True,0.05,1,2,0.42340302797862905,,,False
1351,1352,False,0.802,0,2,17.81954539779558,,,False
1351,1405,False,0.307,1,0,,,,False
1351,1462,False,0.518,1,2,2.5275531266121742,,,False
1351,1650,False,0.085,1,0,,,,False
1351,254,False,0.438,1,3,0.39832702994001246,,,False
1351,256,False,0.592,1,3,0.5113125927292145,,,False
1351,509,False,0.555,0,2,1.2279517295954945,0.002693399554118514,0.3616988284863359,False
1351,713,False,0.779,0,0,,,,False
1351,877,False,0.752,0,4,0.4050062807908635,,,False
1351,im0098,True,-0.173,1,3,0.35691484202356394,,,False
1352,157,False,0.572,0,0,,,,False
1352,164,False,0.788,0,0,,,,False
1352,1826,False,0.47,0,0,,,,False
1352,565,False,0.611,0,0,,,,False
1352,578,False,0.527,1,0,,,,False
1352,746,False,0.815,0,0,,,,False
1353,213,False,0.591,0,0,,,,False
1353,323,False,0.589,0,0,,,,False
1353,445,False,0.409,0,0,,,,False
1353,790,False,0.597,0,0,,,,False
1354,1538,False,0.021,1,0,,,,False
1354,544,False,0.616,0,0,,,,False
1354,824,False,0.601,0,0,,,,False
1354,982,False,0.176,1,0,,,,False
1355,1457,False,0.776,0,0,,,,False
1355,1488,False,0.773,1,2,2.8092833726214317,,,False
1355,703,False,0.779,0,0,,,,False
1355,771,False,0.605,0,0,,,,False
1355,852,False,0.783,0,0,,,,False
1356,1370,False,0.799,0,2,1.724150202121725,,,False
1356,1372,False,0.762,0,2,1.5317566522581465,,,False
1356,405,False,0.215,2,0,,,,False
1356,714,False,0.675,1,2,4.48701519073252,,,False
1356,969,False,0.387,2,2,0.8687517071847171,-0.012142746709287167,0.7504817110806967,False
1356,im0185,True,-0.037,1,0,,,,False
1357,231,False,0.721,0,4,0.5330066356655312,,,False
1357,269,False,0.423,1,2,0.5218151105581778,,,False
1357,80,False,0.246,1,3,1.1694812419730651,0.002643088810145855,0.7921908079860646,False
1357,894,False,0.165,1,2,0.6224236543764703,,,False
1357,905,False,0.73,0,3,1.0152326174751614,0.054787617176771164,0.9974169623047985,False
1357,92,False,0.72,0,3,1.0708002073300658,-0.015231535769999027,0.999420283631601,False
1358,1508,False,0.114,2,0,,,,False
1358,322,False,0.694,0,3,0.7738525615965636,0.0022762620355933905,0.23847487746084922,False
1358,338,False,0.676,0,0,,,,False
1358,64,False,0.294,3,0,,,,False
1358,954,False,0.687,0,0,,,,False
1358,aria_d_22_22,True,0.062,1,0,,,,False
1359,1385,False,0.781,0,0,,,,False
1359,278,False,0.771,0,3,1.8513978274883494,,,False
1359,390,False,0.313,1,2,2.9876059809209776,,,False
136,1438,False,0.695,0,0,,,,False
136,1473,False,0.264,1,0,,,,False
136,203,False,0.704,0,2,1.1781421235751535,0.0023941127583384514,0.6713900534408249,False
136,463,False,0.636,0,4,0.9501360935119679,0.012617810629308224,0.8965777311823355,False
136,92,False,0.128,1,0,,,,False
136,954,False,0.049,2,0,,,,False
136,99,False,0.662,0,2,0.9010933283906908,-0.01390888076275587,0.7864440447749175,False
1360,1468,False,0.749,0,0,,,,False
1360,904,False,0.754,0,0,,,,False
1360,im0030,True,-0.136,1,0,,,,False
1360,im0310,True,-0.001,2,0,,,,False
1361,514,False,0.197,1,2,0.206348784577547,,,False
1361,551,False,0.83,0,0,,,,False
1361,719,False,0.323,1,0,,,,False
1361,762,False,0.829,0,0,,,,False
1361,779,False,0.813,0,0,,,,False
1361,852,False,0.412,1,0,,,,False
1361,952,False,0.353,1,0,,,,False
1362,1376,False,0.861,0,0,,,,False
1362,1692,False,-0.07,2,0,,,,False
1362,798,False,0.842,1,0,,,,False
1363,266,False,0.787,0,2,1.0065458433716141,0.017071163281798363,0.9922141171769966,False
1363,285,False,0.822,0,3,1.179031152527149,-0.005303644109517336,0.9978931003055809,False
1363,297,False,0.178,1,0,,,,False
1364,1380,False,0.785,0,2,0.5158627457498997,,,False
1364,1381,False,0.795,0,3,0.8248454372460582,-0.06273124366998672,0.08200286369459667,False
1364,1678,False,0.157,1,2,1.7229654041044324,,,False
1364,1795,False,0.252,1,2,9.282272573852136,,,False
1364,243,False,0.21,1,3,0.9953857842704499,-0.0011079396354034543,0.9233613066620879,False
1364,345,False,0.408,1,0,,,,False
1364,447,False,0.166,2,2,1.5998484338429804,,,False
1364,766,False,0.794,0,4,0.916067142483505,0.0037446205969899893,0.836072513704833,False
1365,1470,False,0.511,1,3,0.5342914053251349,,,False
1365,260,False,0.799,0,2,0.4887613891965325,,,False
1365,332,False,0.486,1,3,1.029050515354618,-0.01391467172652483,0.3646073748054318,False
1365,647,False,0.467,1,4,1.0094057634850766,-0.007500019855797291,0.8772790148905585,False
1365,730,False,0.46,1,2,0.9608717364709287,0.009729068726301193,0.7303692329168703,False
1365,854,False,0.381,1,3,0.899251731500215,-0.006411225069314241,0.6073750736436184,False
1365,92,False,0.798,0,5,1.015720417908089,0.02057982049882412,0.9850239938163587,False
1365,928,False,0.815,0,3,0.95944608693634,0.017923887819051743,0.9112922290036963,False
1365,im0056,True,0.179,1,3,1.3039532246409435,0.008829998783767223,0.6565720185854415,False
1365,im0086,True,0.036,2,0,,,,False
1366,1430,False,0.39,2,2,0.12772069169576192,,,False
1366,291,False,0.637,0,0,,,,False
1366,381,False,0.187,1,2,0.11164495599122537,,,False
1366,597,False,0.588,1,3,1.0055017239890431,0.028457675129175186,0.9995212969088689,False
1366,715,False,0.6,0,3,1.2698014668309718,-0.008102604188024998,0.9912320083082266,False
1367,1396,False,0.796,0,0,,,,False
1367,1501,False,0.03,1,0,,,,False
1367,233,False,0.623,1,0,,,,False
1367,257,False,0.831,0,0,,,,False
1367,380,False,0.817,0,0,,,,False
1367,471,False,0.704,2,0,,,,False
1367,516,False,0.522,1,0,,,,False
1367,798,False,0.824,0,0,,,,False
1367,918,False,0.561,0,0,,,,False
1368,649,False,0.699,0,2,0.2228502922294996,,,False
1368,957,False,0.707,0,3,2.8486412065623705,,,False
1368,964,False,0.104,1,0,,,,False
1368,im0354,True,-0.112,1,2,1.130445116721313,-0.010237962007522583,0.9111835691227766,False
1368,im0355,True,0.053,1,0,,,,False
1369,1449,False,0.828,0,3,0.06828029160871715,,,False
1369,1452,False,0.481,1,3,0.7990744286520683,-0.0077199917286634445,0.6393458481348718,False
1369,171,False,0.821,0,3,0.20983524579182963,,,False
1369,1790,False,0.146,1,3,0.6895185816213704,0.008871146477758884,0.40482244394378286,False
1369,1857,False,-0.133,2,5,0.19589499496471247,,,False
137,1486,False,0.576,1,3,0.9256517782655106,0.02500462718307972,0.8567124277067197,False
137,173,False,0.324,1,0,,,,False
137,1885,False,0.169,1,0,,,,False
137,543,False,0.56,0,0,,,,False
137,615,False,0.811,0,4,0.9664758138390064,0.06175387278199196,0.9263376562030318,False
137,678,False,0.824,0,3,0.9776435629990313,-0.019614167511463165,0.9890494790936959,False
137,762,False,0.768,0,3,0.9888664252870203,0.012439528480172157,0.9757266941864465,False
1370,1372,False,0.823,0,4,1.0293877647493375,0.0005104038864374161,0.9998386029471101,False
1370,1388,False,0.824,0,4,0.9765258433601909,0.011380896903574467,0.9532190729670849,False
1370,1403,False,0.737,0,2,0.9039529538837806,0.010291342623531818,0.7044110861937616,False
1370,1485,False,0.843,0,4,2.095390468452955,,,False
1370,1588,False,0.081,1,3,0.7118622472511631,-0.0013204404385760427,0.4532638849572553,False
1370,1657,False,0.054,1,3,0.07724983871462641,,,False
1370,614,False,0.458,1,2,0.2783642747847892,,,False
1370,635,False,0.003,1,2,0.240536390902526,,,False
1370,673,False,0.865,0,4,1.0297533185737981,-0.04081807658076286,0.9993083147007255,False
1370,805,False,0.862,2,4,1.0134354997866848,0.040361255407333374,0.9986032919334737,False
1370,836,False,0.888,0,4,1.0197448604777626,0.0240427628159523,0.9996329661195343,False
1370,90,False,0.831,0,3,0.9860518594946296,0.008234848268330097,0.9726569845849654,False
1370,936,False,0.835,0,3,0.23011842467001703,,,False
1370,989,False,0.788,0,3,0.8232665800444525,0.03519274666905403,0.6775371841426326,False
1370,aria_d_17_2,True,-0.056,1,3,0.9500706407271678,-0.00848318636417389,0.826451097757858,False
1370,im0025,True,-0.022,2,3,4.043487631367881,,,False
1371,1759,False,-0.152,1,0,,,,False
1371,253,False,0.308,2,2,0.9511129375874317,0.005475671961903572,0.3036941281224689,False
1371,496,False,0.133,3,3,1.1351935058296438,0.017761187627911568,0.8877183388554701,False
1371,517,False,0.118,2,16,1.002265867722021,0.3385021388530731,0.8379225070674885,True
1371,975,False,0.826,0,0,,,,False
1371,im0066,True,-0.027,1,0,,,,False
1371,im0200,True,0.636,0,0,,,,False
1371,im0313,True,-0.048,1,5,0.5285892598090004,,,False
1372,1396,False,0.794,0,3,1.0252849614320547,-0.008333679288625717,0.9821853944969915,False
1372,1398,False,0.795,0,2,0.39302907627682415,,,False
1372,1414,False,0.692,0,2,2.766453181852537,,,False
1372,1454,False,-0.084,1,3,0.610423973256167,,,False
1372,1461,False,0.794,0,3,0.890987776228274,0.0033018216490745544,0.15801947494852436,False
1372,1668,False,0.247,2,3,0.06587715746351885,,,False
1372,1671,False,0.239,1,3,1.8166761582735,,,False
1372,1703,False,0.095,1,2,1.1163415134206667,-0.011004619300365448,0.9608767061222179,False
1372,1766,False,0.04,1,2,0.5486802619917377,,,False
1372,1770,False,0.206,1,3,0.4085156994923038,,,False
1372,1869,False,0.064,3,3,1.6393408440747426,,,False
1372,1873,False,0.124,1,3,0.7764143456669697,0.002879162784665823,0.4491787771949437,False
1372,655,False,0.732,0,2,0.3384521094591357,,,False
1372,805,False,0.83,0,5,0.9971025253026431,0.01300184428691864,0.9771315913876831,False
1372,836,False,0.827,0,3,1.0092770384911158,0.0002829731674864888,0.9984077206656268,False
1372,aria_c_36_44,True,-0.358,1,2,0.35617057672666697,,,False
1372,aria_d_13_22,True,-0.188,1,3,0.8318949866999272,0.009177382104098797,0.7295491415833149,False
1373,1384,False,0.774,0,0,,,,False
1373,1467,False,0.716,0,0,,,,False
1373,1538,False,0.338,2,0,,,,False
1373,509,False,0.077,1,0,,,,False
1373,614,False,0.789,0,0,,,,False
1373,im0324,True,0.041,1,0,,,,False
1374,1430,False,0.251,2,2,0.43867941215897766,,,False
1374,257,False,0.237,1,0,,,,False
1374,438,False,0.27,1,4,2.860465680521319,,,False
1374,608,False,0.734,0,4,0.043985924254211606,,,False
1374,652,False,0.653,0,4,0.9749523433784922,0.018926512449979782,0.9393022255671433,False
1374,713,False,0.745,0,2,0.4492912883742262,,,False
1374,732,False,0.651,2,3,1.138338400496036,0.049715105444192886,0.9993604901117799,False
1374,865,False,0.517,0,2,11.349011055810484,,,False
1374,934,False,0.227,1,3,1.347172482248906,0.007099047303199768,0.3741465537154123,False
1374,958,False,0.647,1,3,1.0736079334422899,0.032689861953258514,0.9922226814305114,False
1374,aria_c_29_2,True,-0.083,2,2,0.4465500011198985,,,False
1375,152,False,0.303,1,0,,,,False
1375,154,False,0.494,1,0,,,,False
1375,1619,False,-0.002,1,0,,,,False
1375,1859,False,0.76,0,2,0.317888835442434,,,False
1375,356,False,0.729,1,3,0.908933087702016,0.015081439167261124,0.8244415738199042,False
1375,im0373,True,-0.048,1,3,0.32446081401572424,,,False
1376,1461,False,0.784,0,0,,,,False
1376,1477,False,0.728,0,0,,,,False
1376,714,False,0.854,0,0,,,,False
1376,836,False,0.859,0,0,,,,False
1376,904,False,0.711,1,0,,,,False
1377,1479,False,0.501,0,2,0.21018393580313127,,,False
1377,992,False,0.52,0,2,1.0167695796137417,0.0009744479903019965,0.6938574223486992,False
1377,aria_a_11_6,True,0.174,1,2,0.97157704475787,0.008819554932415485,0.28704081143295607,False
1377,aria_d_21_21,True,-0.018,1,2,0.6068532550532475,,,False
1378,1438,False,0.705,0,3,0.4983639804522378,,,False
1378,1630,False,0.203,1,0,,,,False
1378,1642,False,0.146,1,0,,,,False
1378,420,False,0.021,1,3,1.3622867801744916,-0.005003574304282665,1.0,False
1378,580,False,0.166,1,0,,,,False
1378,659,False,0.205,2,3,2.1459100338165378,,,False
1378,im0381,True,0.136,1,2,0.42731299355703456,,,False
1379,1397,False,0.379,1,2,0.9549529542271964,0.0034734674263745546,0.59355782049628,False
1379,1526,False,0.091,1,2,2.048078331765459,,,False
1379,626,False,0.821,0,3,0.608789294725599,,,False
1379,80,False,0.237,1,3,0.6506028738692404,,,False
1379,839,False,0.796,0,3,1.0123332707892008,0.0015935361152514815,0.9875726179958771,False
138,1418,False,0.74,0,2,0.9562084730176723,-0.0047078500501811504,0.5659720915225983,False
138,167,False,0.785,0,5,0.2668813429157213,,,False
138,182,False,0.782,0,2,1.0710288830120205,0.010208684019744396,0.6483388937475032,False
138,544,False,0.28,1,2,3.294243551610909,,,False
138,571,False,0.605,0,3,0.6993703192634112,0.014421999454498291,0.47422320620344416,False
138,641,False,0.425,1,3,0.7308681471861855,-0.006829584948718548,0.4063390084591498,False
138,aria_d_9_24,True,-0.113,1,3,0.7290295145798088,-0.001734754885546863,0.4804200899177235,False
1380,1459,False,0.806,0,5,1.0355965328124308,0.001981064211577177,0.999774442147096,False
1380,1502,False,0.087,1,2,1.1173061795136718,-0.013673502951860428,0.3843579865067737,False
1380,1525,False,0.191,1,0,,,,False
1380,442,False,0.298,1,0,,,,False
1380,753,False,0.776,0,4,0.9780332954246402,0.019054176285862923,0.9559558807750906,False
1380,764,False,0.386,1,0,,,,False
1380,783,False,0.315,1,2,1.0729446013433865,0.006446761079132557,0.8285532049461063,False
1381,1404,False,0.84,0,4,0.3312956593747848,,,False
1381,1411,False,0.78,0,3,0.8173083564807154,0.00023997911193873733,0.5942012647491438,False
1381,1417,False,0.821,0,3,0.9535825593332989,-0.02087564766407013,0.8836550684681689,False
1381,1464,False,0.854,0,3,0.797043332722095,-0.010986115783452988,0.6323767167802682,False
1381,155,False,0.752,0,2,1.845180156760596,,,False
1381,239,False,0.755,0,3,1.0591227458750694,0.013631388545036316,0.9871828547229384,False
1381,262,False,0.78,0,3,0.528343133028319,,,False
1381,3,False,0.728,0,3,0.2803119550707983,,,False
1381,343,False,0.61,1,3,0.8460459269950075,-0.0012252250453457236,0.7114869974203998,False
1381,417,False,0.615,0,2,0.4650238285701574,,,False
1381,443,False,0.793,0,3,0.7774188243920102,-0.01927189715206623,0.6013966914265211,False
1381,516,False,0.783,0,2,2.0476511103146047,,,False
1381,610,False,0.85,0,5,0.9868501702892742,0.03762342035770416,0.9438860567464848,False
1381,819,False,0.827,0,4,1.1375426895548106,-0.008374997414648533,0.9865533221993695,False
1381,840,False,0.882,0,3,0.6151844471991327,,,False
1381,882,False,0.793,1,2,0.9064007440642007,-0.008260502479970455,0.47618714708254906,False
1381,934,False,0.835,0,3,0.9477242223573403,0.0001912277948576957,0.8963455577818723,False
1381,985,False,0.852,0,3,1.1077654512854036,-0.001747158938087523,0.5964977305078828,False
1381,aria_d_6_3,True,-0.181,2,0,,,,False
1382,1451,False,0.159,1,3,0.5387006579429074,,,False
1382,1456,False,0.79,2,4,0.9657177331435974,-0.012861451134085655,0.9328764621846032,False
1382,1698,False,-0.184,1,4,1.6259187771166665,,,False
1382,174,False,0.63,1,2,0.8722677398612966,-0.015996474772691727,0.7598206672422761,False
1382,227,False,-0.071,1,3,0.21919433614296652,,,False
1382,295,False,0.847,0,3,1.0185260471113518,-0.010707851499319077,0.9999137838129109,False
1382,493,False,0.269,1,3,2.828487737843745,,,False
1382,645,False,0.878,0,4,1.4863135086723431,0.01314626820385456,0.9790201421865397,False
1382,684,False,0.595,1,3,1.043521764280613,0.027743389829993248,0.9976569595288124,False
1382,883,False,0.837,0,3,0.9930735332208774,0.0009144504438154399,0.9801788215016697,False
1382,89,False,0.711,0,3,0.7135927057057717,-0.005982448812574148,0.5081707395429526,False
1382,im0340,True,0.268,1,3,0.23498023072933372,,,False
1383,1397,False,0.722,0,0,,,,False
1383,516,False,0.553,2,3,0.7133126381094869,-0.009045776911079884,0.5089758602537521,False
1383,im0082,True,0.131,1,2,1.3470976981079616,0.0009513552649877965,0.7602820841215148,False
1384,1450,False,0.697,1,0,,,,False
1384,236,False,0.386,1,2,0.7786153109331213,0.0232018381357193,0.6115348363541814,False
1384,905,False,0.788,0,2,0.7423760212575878,0.019735610112547874,0.39191434175410766,False
1384,953,False,0.537,1,0,,,,False
1385,1416,False,0.314,1,0,,,,False
1385,195,False,0.878,0,0,,,,False
1385,278,False,0.907,0,0,,,,False
1385,284,False,0.88,0,0,,,,False
1385,343,False,0.761,0,0,,,,False
1385,584,False,0.89,0,0,,,,False
1385,675,False,0.872,0,0,,,,False
1385,683,False,0.877,0,0,,,,False
1385,725,False,0.857,0,0,,,,False
1385,743,False,0.891,0,0,,,,False
1385,786,False,0.875,0,0,,,,False
1385,811,False,0.112,2,0,,,,False
1385,916,False,0.815,0,0,,,,False
1386,1430,False,0.522,1,0,,,,False
1386,1477,False,0.372,1,4,0.9137686432832961,0.05034274607896805,0.8498109516168033,False
1386,175,False,0.51,3,4,1.0065195007798957,0.008721125312149525,0.9187847933389306,False
1386,822,False,0.678,0,2,0.7489919900404998,0.020113248378038406,0.4884849993775675,False
1386,827,False,0.654,0,3,0.857009296590143,-0.00035245573963038623,0.6866871129269594,False
1386,im0176,True,-0.035,1,0,,,,False
1386,im0177,True,-0.005,1,0,,,,False
1387,1456,False,0.594,0,0,,,,False
1387,1646,False,0.132,2,0,,,,False
1387,325,False,0.173,1,0,,,,False
1388,1408,False,0.757,0,3,0.20743034073328684,,,False
1388,1885,False,0.141,1,4,0.4817540476581665,,,False
1388,30,False,0.411,0,3,0.08809903433853364,,,False
1388,434,False,0.687,0,2,1.0339894077016716,0.0031550470739603043,0.8052656927275647,False
1388,581,False,0.813,0,2,2.1599287316184843,,,False
1388,602,False,0.669,1,2,2.180503369751268,,,False
1388,aria_c_20_18,True,0.1,1,2,0.5260981177033873,,,False
1388,aria_d_14_2,True,0.062,1,3,0.41877475020281196,,,False
1388,im0076,True,0.13,2,0,,,,False
1388,im0262,True,0.103,1,4,1.2144386855572946,-0.01299276016652584,0.973218526478154,False
1389,158,False,0.704,0,0,,,,False
1389,44,False,0.161,2,0,,,,False
1389,551,False,0.74,1,3,0.804500254331557,0.008010524325072765,0.4892045850370029,False
1389,669,False,0.335,1,0,,,,False
139,1418,False,0.825,0,0,,,,False
139,1452,False,0.135,1,0,,,,False
139,154,False,0.811,0,5,1.027371630797553,-0.01717109978199005,0.9998176014591883,False
139,170,False,0.888,3,5,1.0224417674285504,-0.0007239303668029606,0.9978612549448429,False
139,1756,False,0.714,0,0,,,,False
139,202,False,0.885,2,2,0.0956795170824535,,,False
139,28,False,0.775,0,0,,,,False
139,315,False,0.471,1,0,,,,False
139,40,False,0.609,0,0,,,,False
139,518,False,0.737,0,0,,,,False
139,52,False,0.763,0,0,,,,False
139,548,False,0.844,0,4,0.9984043555339526,0.02986343950033188,0.9831809030157642,False
139,600,False,0.866,0,0,,,,False
139,68,False,0.778,0,0,,,,False
139,739,False,0.83,0,0,,,,False
139,8,False,0.625,0,0,,,,False
139,813,False,0.654,0,0,,,,False
139,88,False,0.806,0,0,,,,False
139,968,False,0.841,0,0,,,,False
1390,145,False,0.887,0,0,,,,False
1390,151,False,0.693,0,0,,,,False
1390,167,False,0.86,0,0,,,,False
1390,572,False,0.554,1,0,,,,False
1390,600,False,0.9,2,0,,,,False
1390,622,False,0.76,0,0,,,,False
1390,633,False,0.811,0,0,,,,False
1390,923,False,0.772,0,0,,,,False
1390,968,False,0.833,0,0,,,,False
1391,140,False,0.641,0,0,,,,False
1391,27,False,0.164,1,0,,,,False
1391,793,False,0.274,1,0,,,,False
1391,844,False,0.685,0,0,,,,False
1391,909,False,0.171,1,0,,,,False
1391,aria_a_39_1,True,0.069,1,0,,,,False
1391,im0152,True,-0.054,2,0,,,,False
1392,1411,False,0.801,0,4,1.2429928436173117,-0.0043319459073245525,1.0,False
1392,143,False,0.704,0,2,5.441986330757211,,,False
1392,1874,False,0.569,0,3,0.2347812089195628,,,False
1392,258,False,0.483,2,2,2.8365491204371227,,,False
1392,407,False,0.651,0,2,0.7400376683071855,0.008731895126402378,0.4977292202227935,False
1392,409,False,0.573,0,2,2.668952228332666,,,False
1392,421,False,0.781,0,0,,,,False
1392,49,False,0.354,1,3,0.3930559020130209,,,False
1392,537,False,0.745,0,2,2.022736935760337,,,False
1392,753,False,0.754,1,2,0.7201231338710772,0.0015295518096536398,0.5186583978884574,False
1392,989,False,0.611,1,3,0.4239998422812824,,,False
1393,174,False,0.59,2,0,,,,False
1393,626,False,0.803,0,3,0.9917134028798913,-0.004331497009843588,0.9791229266563928,False
1393,969,False,0.822,0,4,0.9993226393119891,0.019010072574019432,0.9850307275313314,False
1393,aria_a_34_6,True,-0.063,2,0,,,,False
1394,1483,False,0.295,1,2,0.6310308826114122,,,False
1394,1905,False,0.39,1,2,1.080564811080005,0.0018855519592761993,0.6925833144481126,False
1394,249,False,0.339,1,2,0.5049336912648763,,,False
1394,648,False,0.792,0,2,1.6175055078523555,,,False
1395,547,False,0.408,1,2,2.2791409632208763,,,False
1395,57,False,0.067,1,2,0.32494523567963063,,,False
1395,645,False,0.836,0,3,0.3605307062898494,,,False
1395,904,False,0.403,1,3,0.16965316514773093,,,False
1395,im0002,True,-0.168,1,2,2.2492769792445464,,,False
1396,1409,False,0.322,1,3,0.49454303857313753,,,False
1396,1414,False,0.71,0,2,3.5716980960205986,,,False
1396,1572,False,0.031,1,2,1.084945689495269,0.010192724876105785,0.5470626860940349,False
1396,171,False,0.261,1,3,0.5024813800515936,,,False
1396,273,False,0.422,2,3,1.1864822913204196,0.0063726152293384075,0.6902079955329818,False
1396,367,False,0.652,1,3,0.08951262409826884,,,False
1396,714,False,0.77,0,2,0.43988897275032446,,,False
1396,776,False,0.743,1,3,0.8676691434482752,0.011175855994224548,0.6831038422546091,False
1396,aria_a_10_10,True,-0.057,1,2,2.1845175837089785,,,False
1397,318,False,0.842,0,3,0.3074741875027124,,,False
1397,393,False,0.118,2,0,,,,False
1397,aria_d_16_2,True,0.01,1,0,,,,False
1398,1513,False,-0.041,1,0,,,,False
1398,364,False,0.81,0,3,1.1160274664426622,0.006649222690612078,1.0,False
1398,481,False,0.415,0,0,,,,False
1398,492,False,0.212,1,3,1.720613876139777,,,False
1398,540,False,0.341,1,4,1.3124215432766069,-0.009625133126974106,0.8421140058514002,False
1398,776,False,0.744,0,2,0.6364434322486817,,,False
1398,798,False,0.784,0,2,0.495795746706156,,,False
1398,im0029,True,0.022,1,4,1.4227727828219257,0.010658626444637775,0.5472210951091941,False
1398,im0185,True,0.009,2,2,0.8011734712572921,0.005134848412126303,0.5764431325326883,False
1398,im0241,True,0.087,1,2,1.6639970581419952,,,False
1399,1448,False,0.777,0,3,1.141723181572162,0.0011881180107593536,0.5781215576488036,False
1399,1833,False,0.094,1,2,0.853296798108373,0.01997777260839939,0.5898005630399845,False
1399,393,False,-0.109,1,4,0.5337467673964741,,,False
1399,49,False,0.537,0,2,1.4528587424748385,-0.006222311872988939,0.856311615945135,False
1399,539,False,0.673,0,3,0.09254977713831221,,,False
1399,688,False,0.701,0,3,0.9094563570537766,0.01284570898860693,0.7959005084099706,False
1399,im0142,True,-0.066,2,3,1.1050086042571434,0.019360583275556564,0.48950316571192815,False
14,141,False,0.147,1,3,1.5744449534584217,,,False
14,1674,False,-0.005,1,3,0.84111763869322,-0.0081850066781044,0.6643092105263158,False
14,1785,False,-0.111,1,3,1.5803752678301994,,,False
14,1855,False,-0.12,1,2,0.567739591088834,,,False
14,430,False,0.679,0,3,7.265869758575677,,,False
14,462,False,-0.072,1,2,0.23163694056696058,,,False
14,465,False,0.622,0,2,1.4752090389901813,0.01873490959405899,0.45224044300580507,False
14,502,False,0.769,0,2,1.2128652917333427,0.038540784269571304,1.0,False
140,844,False,0.862,0,0,,,,False
140,875,False,0.787,0,2,2.2310560486114794,,,False
140,98,False,0.795,0,0,,,,False
140,aria_d_25_2,True,-0.173,1,0,,,,False
1400,1435,False,0.77,0,4,1.0554190885877297,0.0033761318773031235,1.0,False
1400,1464,False,0.808,0,2,0.9838137189231986,-0.010937119834125042,0.872771609812168,False
1400,1795,False,0.275,1,3,1.8686026032755887,,,False
1400,467,False,0.377,1,2,0.41349570325919194,,,False
1400,647,False,0.472,1,3,1.1868174696970792,-0.007556626107543707,0.7306083701754862,False
1400,868,False,0.816,0,4,1.1073267511453482,-0.004807619843631983,0.9994733589488675,False
1400,885,False,0.519,1,4,0.8375792889526965,-0.005167600233107805,0.6502529112959894,False
1400,904,False,0.813,0,3,0.9182225623996508,-0.018247826024889946,0.7916189493039986,False
1400,aria_c_20_1,True,0.134,1,3,0.4169906137202668,,,False
1400,im0224,True,0.059,1,4,0.13936607341907606,,,False
1401,210,False,0.285,1,2,3.417383964548974,,,False
1401,241,False,0.275,1,3,0.9361666407560189,-0.008521445095539093,0.7787165942969694,False
1401,246,False,0.462,1,4,0.16949707824310922,,,False
1401,29,False,0.355,1,0,,,,False
1401,599,False,0.849,0,3,0.9463603300702885,0.03593629598617554,0.8777496269417815,False
1401,632,False,0.851,0,2,2.7065691506575944,,,False
1401,718,False,0.382,1,3,0.30224923757470934,,,False
1401,932,False,0.435,1,0,,,,False
1401,938,False,0.901,0,4,1.0002349535619166,-0.028699224814772606,0.9917029372460836,False
1401,96,False,0.076,1,0,,,,False
1402,188,False,0.162,1,2,1.2118994116391937,-0.0025284946896135807,0.487309617495115,False
1402,435,False,0.416,1,0,,,,False
1402,645,False,0.861,0,3,0.04335794255462509,,,False
1402,822,False,0.86,0,3,0.6180438223670676,,,False
1402,aria_d_24_6,True,-0.059,1,0,,,,False
1403,218,False,0.334,1,0,,,,False
1403,45,False,0.35,1,0,,,,False
1403,648,False,0.745,0,0,,,,False
1403,752,False,0.25,1,0,,,,False
1404,1470,False,0.411,1,2,3.345973157250632,,,False
1404,1636,False,0.037,1,2,0.17291339449630844,,,False
1404,198,False,0.433,1,0,,,,False
1404,417,False,0.609,0,2,0.5686860650393537,,,False
1404,460,False,0.111,1,3,1.2944901665097575,0.004628798458725214,1.0,False
1404,463,False,0.021,1,2,2.0690854528139004,,,False
1404,554,False,0.166,1,3,0.19956354681552263,,,False
1404,765,False,0.857,0,2,0.5797887857281913,,,False
1405,1484,False,0.645,0,3,0.4111782401499443,,,False
1405,1525,False,0.107,1,2,0.3801032314254824,,,False
1405,229,False,0.138,1,2,20.38587719983869,,,False
1405,356,False,0.641,0,2,2.190294924679504,,,False
1405,im0187,True,-0.023,1,2,0.7442481465956933,-0.0061087897047400475,0.24558983780710575,False
1405,im0226,True,-0.068,1,2,1.2155654021348696,0.02193494513630867,0.5582906559705676,False
1406,187,False,0.539,0,2,0.8233271350266642,-0.01230655424296856,0.3523279270555959,False
1406,1912,False,0.045,2,0,,,,False
1406,255,False,0.551,0,2,0.6428342667796352,,,False
1406,787,False,0.529,0,0,,,,False
1406,im0250,True,-0.071,1,2,0.6450850674451112,,,False
1407,180,False,0.368,1,0,,,,False
1407,186,False,0.573,0,2,2.208932091126242,,,False
1407,625,False,0.434,1,0,,,,False
1407,630,False,0.576,0,2,0.9518752148543842,0.004002288915216923,0.5045325642358971,False
1407,689,False,0.536,1,2,0.9855236147222404,0.004019154701381922,0.6997641762246758,False
1407,697,False,0.578,0,2,0.44164723573529596,,,False
1407,im0084,True,0.019,1,0,,,,False
1408,989,False,0.65,2,3,0.8541546898692378,0.020140526816248894,0.7275701711570128,False
1408,aria_c_33_4,True,-0.263,1,2,0.41220890210897804,,,False
1408,aria_c_45_12,True,0.284,2,2,0.07738398443219648,,,False
1409,1605,False,-0.207,1,3,1.7424521498661927,,,False
1409,258,False,0.813,0,3,0.9247378737832596,-0.012838414870202541,0.8560692276309291,False
1409,261,False,0.838,0,4,0.9024096572987783,0.02479633316397667,0.8146153598592532,False
1409,75,False,0.696,3,3,3.7334475627810746,,,False
1409,aria_c_41_3,True,0.061,1,3,0.4014705561927174,,,False
1409,aria_d_16_2,True,-0.021,1,3,1.4275031355053844,-0.02116607129573822,0.7689896009328225,False
141,237,False,0.614,0,2,0.15278515862751804,,,False
141,395,False,-0.001,1,3,0.022518449653337755,,,False
141,462,False,0.108,1,0,,,,False
141,600,False,0.626,0,3,0.04668499414845202,,,False
141,745,False,0.614,0,2,0.2819245348180026,,,False
141,895,False,0.397,1,3,0.17570177911852095,,,False
141,im0119,True,0.02,1,3,0.9125058535595396,0.0017374871531501412,0.36091414187924,False
1410,1450,False,0.836,0,5,0.7235529898783774,-0.0064983065240085125,0.5226067039645544,False
1410,1637,False,0.047,1,4,1.4465862001198935,-0.009887415915727615,0.6871365723571343,False
1410,568,False,0.28,2,2,0.949952885114807,0.011257329024374485,0.7949584255419719,False
1410,917,False,0.494,1,3,0.9356748741980763,-0.0049818335101008415,0.581279045459662,False
1411,144,False,0.395,1,3,1.8934678822585047,,,False
1411,1554,False,0.408,2,4,1.2950123057861442,0.011870667338371277,0.9734522287227422,False
1411,1800,False,0.287,1,3,0.3616638265099541,,,False
1411,206,False,0.786,0,2,0.9497392515026191,0.015110211446881294,0.717576563153212,False
1411,421,False,0.78,0,2,0.8481091349170468,0.0038707766216248274,0.6774525681313613,False
1411,551,False,0.184,1,3,0.5615955151083919,,,False
1411,83,False,0.717,0,2,1.3385357443505541,-0.0003293246263638139,1.0,False
1411,893,False,0.665,1,2,1.368309842407754,0.0026062552351504564,0.8193990012054417,False
1411,975,False,0.447,1,3,0.6049025358504765,,,False
1411,im0098,True,0.047,1,3,0.8912199228791335,-0.0023733435664325953,0.7965987781162718,False
1411,im0141,True,0.45,0,0,,,,False
1411,im0191,True,0.259,1,0,,,,False
1412,1482,False,0.854,0,2,8.326168168265898,,,False
1412,1860,False,0.148,2,3,0.4419515285337621,,,False
1412,300,False,0.509,1,3,1.4665477466404186,-0.03914070501923561,0.23062755395181253,False
1412,347,False,0.386,1,2,1.0085304137982052,0.010754252783954144,0.47465621399265584,False
1412,364,False,0.682,1,3,0.9833190464509558,0.009229844436049461,0.9665403362607632,False
1412,632,False,0.862,0,0,,,,False
1412,687,False,0.612,2,2,1.4909374976046839,-0.00514648063108325,0.2893133550769098,False
1412,714,False,0.86,0,4,1.2995837326748132,0.05066748335957527,1.0,False
1413,1469,False,0.41,1,0,,,,False
1413,1489,False,0.533,1,2,0.5416794516233668,,,False
1413,329,False,0.213,1,0,,,,False
1413,604,False,0.766,2,0,,,,False
1413,626,False,0.824,0,3,0.8130695253747158,-0.02339096926152706,0.5822974445989701,False
1413,75,False,0.726,2,0,,,,False
1413,95,False,0.653,0,0,,,,False
1413,aria_d_16_2,True,0.123,2,0,,,,False
1414,3,False,0.486,1,2,6.203736553025086,,,False
1414,446,False,0.097,1,4,0.12284927175201571,,,False
1414,906,False,0.683,0,3,0.6259395505863828,,,False
1414,im0007,True,0.24,2,2,0.13120608841364312,,,False
1414,im0032,True,0.221,2,2,1.0908091312834853,0.023757075890898705,0.08442125992963512,False
1415,1823,False,0.098,1,3,0.6185713361199687,,,False
1415,390,False,0.424,1,2,1.250694306855819,0.01703634299337864,0.7077587452440962,False
1415,669,False,0.644,1,3,1.2810400557991517,-0.0018521298188716173,0.9928847381691863,False
1415,689,False,0.287,1,2,4.239900114777247,,,False
1415,969,False,0.791,0,3,2.018288320835652,,,False
1415,im0381,True,0.028,2,2,0.6427215829151699,,,False
1416,1433,False,0.804,0,3,0.9956352419809117,0.00948683824390173,0.9691842120822829,False
1416,1450,False,0.791,0,3,1.4163219645532548,0.00027207608218304813,0.813717970036529,False
1416,153,False,0.212,1,3,2.0069500576692674,,,False
1416,253,False,0.324,1,2,0.9621726898642948,-0.02990497089922428,0.26251535420611377,False
1416,aria_c_24_2,True,0.149,1,3,3.5761902526467186,,,False
1416,aria_d_11_22,True,-0.294,1,3,0.29186629043011664,,,False
1416,im0281,True,-0.076,1,2,0.4896893824448197,,,False
1417,1464,False,0.818,0,2,0.97095690685479,-0.008575747720897198,0.8294955875322946,False
1417,1842,False,-0.035,1,0,,,,False
1417,375,False,0.81,0,2,1.1850526742209304,-0.011290721595287323,0.9491210403967906,False
1417,420,False,0.388,1,0,,,,False
1417,423,False,0.434,1,2,0.547027963427867,,,False
1417,838,False,0.413,2,2,0.8314045895671466,0.0060866535641252995,0.6345595716198126,False
1417,949,False,0.179,1,3,0.6320717937278776,,,False
1417,988,False,0.304,1,2,0.33222860172967267,,,False
1418,170,False,0.821,2,4,1.039226730412562,-0.018369529396295547,0.9908339497636124,False
1418,548,False,0.812,0,2,1.340090370593499,-0.004065854474902153,1.0,False
1418,639,False,0.178,1,2,8.582570321295632,,,False
1418,654,False,0.376,1,2,0.5802503751651444,,,False
1418,66,False,0.236,2,3,0.1414768664623458,,,False
1418,813,False,0.662,0,3,0.10087399067912158,,,False
1418,im0398,True,-0.171,1,4,0.8898505442638064,0.0008295733714476228,0.3940299138746874,False
1419,1460,False,0.823,0,3,0.6705442045053285,0.008541317656636238,0.4236600618928909,False
1419,1612,False,0.043,2,3,0.017692519797693096,,,False
1419,1774,False,-0.181,1,3,2.686750694828412,,,False
1419,187,False,0.827,0,3,1.0017712173099793,0.013298803940415382,0.9929691492509212,False
1419,282,False,0.342,1,2,0.6854836764829007,-0.00013528014824260026,0.289325508759416,False
1419,295,False,0.821,0,3,0.6943089797153514,-0.007258331403136253,0.48403383985343246,False
142,198,False,0.582,0,2,0.683271853516031,-0.01213825587183237,0.3377951514426606,False
142,207,False,0.572,0,4,0.011105601208313675,,,False
142,492,False,0.198,1,3,7.4511479894727,,,False
142,637,False,0.233,1,3,0.28568715955674473,,,False
142,801,False,0.223,2,3,1.1982147862213217,0.024834003299474716,0.36337915416965955,False
142,802,False,0.256,1,2,0.17352677094094085,,,False
142,82,False,0.405,0,0,,,,False
142,87,False,0.558,0,2,0.29307654296587765,,,False
1420,1431,False,0.558,1,3,0.19928874638635785,,,False
1420,1485,False,0.778,0,0,,,,False
1420,1675,False,0.048,2,3,1.2183312742206873,0.013137485831975937,0.9802482399841669,False
1420,1891,False,-0.039,1,2,0.42956915620531444,,,False
1420,282,False,0.772,0,3,0.7166113216146358,-0.0004894158337265253,0.5110127635660171,False
1420,949,False,0.123,1,0,,,,False
1420,956,False,0.775,0,2,1.2653890293933905,0.03322715684771538,0.8618108288338675,False
1420,im0082,True,0.074,1,3,0.3556782245264711,,,False
1421,1790,False,0.229,1,3,0.6845294389991248,0.0018636492313817143,0.1806243965239781,False
1421,238,False,0.609,1,4,0.9619635719772743,-0.014710744842886925,0.9190930186444584,False
1422,159,False,0.723,2,5,0.9882600550662615,0.006862296722829342,0.9595008241111372,False
1422,1756,False,0.121,1,3,1.1787866084984562,-0.0017244177870452404,0.7566902672891085,False
1422,32,False,-0.005,2,3,0.3530232347624469,,,False
1422,489,False,-0.03,1,3,0.22455001762035176,,,False
1422,775,False,0.666,0,3,1.4071286503069425,0.0174159724265337,0.840285594828418,False
1422,829,False,0.491,1,4,1.0516233725251978,-0.01807069405913353,0.9996463837379382,False
1423,1865,False,-0.156,1,3,2.630293949970802,,,False
1423,499,False,0.135,1,2,1.0686154307875133,-0.0009169681579805911,0.8363626489011188,False
1423,531,False,0.534,4,3,1.025724054561519,-0.02382962591946125,0.9976600278005872,False
1423,557,False,0.283,2,3,0.43346275881883944,,,False
1423,593,False,0.584,0,3,1.0404102560908672,0.0035677689593285322,0.9511033837100441,False
1423,639,False,0.523,0,3,0.5700056490521259,,,False
1423,717,False,0.65,0,2,0.6721795079147458,-0.0044266097247600555,0.45221124946328894,False
1423,911,False,0.295,2,2,0.37246981048057093,,,False
1424,293,False,0.408,0,0,,,,False
1424,609,False,0.403,0,0,,,,False
1424,894,False,0.413,0,0,,,,False
1424,aria_a_14_19,True,-0.071,1,0,,,,False
1424,im0072,True,0.064,1,0,,,,False
1424,im0083,True,-0.166,1,0,,,,False
1424,im0091,True,0.107,2,0,,,,False
1425,1432,False,0.472,0,3,0.35885108831093954,,,False
1425,1475,False,0.238,1,0,,,,False
1425,189,False,0.224,1,2,0.7190446878587559,-0.006566510070115328,0.5157134501982625,False
1425,240,False,0.471,0,0,,,,False
1425,268,False,0.471,0,2,1.0288401372345428,0.0016081073554232717,0.8349221837876952,False
1425,333,False,0.493,0,0,,,,False
1425,533,False,-0.047,1,0,,,,False
1425,959,False,0.227,1,2,2.0655620094570826,,,False
1426,1630,False,0.15,2,2,1.5060128113020008,,,False
1426,166,False,0.291,2,3,0.4555073665844686,,,False
1426,263,False,0.176,3,4,1.261793315996099,-0.002942704828456044,0.9537165696504735,False
1426,365,False,0.632,0,5,0.9505633105366035,0.016715331003069878,0.905222146494867,False
1426,716,False,0.615,0,2,0.21894642822480134,,,False
1426,794,False,0.624,0,4,1.144416941093122,-0.008439945057034492,0.9809775203449694,False
1426,809,False,0.366,6,4,5.335470711771655,,,False
1426,im0001,True,-0.035,1,2,1.462938491243379,-0.011502369306981564,0.7504649540857841,False
1426,im0043,True,0.312,0,3,0.3729609497809555,,,False
1427,1553,False,0.103,1,2,0.5907298778858122,,,False
1427,553,False,0.684,0,2,0.5175485537359062,,,False
1427,740,False,0.428,1,3,0.5874660738251682,,,False
1427,741,False,0.7,0,3,0.7791271336119192,-0.0025238515809178352,0.41543743505693564,False
1427,912,False,0.728,0,2,1.495926013065952,-0.009065836668014526,1.0,False
1427,983,False,0.16,1,3,0.3858030270776464,,,False
1427,im0345,True,0.044,1,3,0.6567991502621815,,,False
1428,1490,False,0.56,0,0,,,,False
1428,1520,False,0.069,1,0,,,,False
1428,162,False,0.444,1,0,,,,False
1428,1843,False,0.599,0,0,,,,False
1428,225,False,0.56,0,0,,,,False
1428,549,False,0.618,0,0,,,,False
1428,709,False,0.674,0,0,,,,False
1429,463,False,0.132,1,3,1.425036731335886,0.006497346330434084,0.913886987034105,False
1429,842,False,0.539,0,2,1.1594066873216355,-0.015808457508683205,0.6226491198821131,False
1429,870,False,0.535,0,0,,,,False
1429,891,False,0.11,1,2,1.7733079057622694,,,False
1429,894,False,0.587,0,0,,,,False
1429,998,False,0.056,1,0,,,,False
143,223,False,0.704,0,0,,,,False
143,227,False,0.16,1,3,1.0741757718700373,0.008421368896961212,0.5567524650494082,False
143,269,False,0.61,1,2,1.2283559220291613,-0.020811133086681366,0.4449414670819461,False
143,670,False,0.382,1,2,1.1762246090645185,0.006682572420686483,1.0,False
143,892,False,0.43,1,2,3.6956288249236358,,,False
143,aria_a_10_27,True,0.216,1,3,0.18057527809572554,,,False
143,im0067,True,0.046,1,0,,,,False
1430,184,False,0.583,0,0,,,,False
1430,400,False,0.049,1,0,,,,False
1430,619,False,0.595,0,0,,,,False
1430,827,False,0.597,0,0,,,,False
1431,1447,False,0.418,0,0,,,,False
1431,186,False,0.734,0,0,,,,False
1431,380,False,0.738,0,0,,,,False
1432,1667,False,0.022,1,2,0.33469274350187306,,,False
1432,1778,False,-0.019,1,2,0.7886488078564129,-0.011438908986747265,0.3761582944332195,False
1432,361,False,0.577,1,3,0.05665117538494828,,,False
1432,421,False,0.525,1,2,0.4244691804259392,,,False
1432,748,False,0.729,0,3,1.3389994861834327,0.028210755437612534,1.0,False
1432,aria_a_5_9,True,-0.001,1,3,1.0109928422393912,0.019059017300605774,0.43153776894656776,False
1433,155,False,0.319,1,2,0.6360204191332796,,,False
1433,1734,False,0.154,1,3,0.4869747509131021,,,False
1433,586,False,0.849,0,3,0.1830829616901229,,,False
1433,626,False,0.844,0,3,0.17014312955355368,,,False
1433,885,False,0.726,0,2,0.5234627305788435,,,False
1433,969,False,0.824,2,3,1.436099893964646,-0.005539520177990198,0.739774038590559,False
1433,991,False,0.659,1,2,0.4063596297746031,,,False
1433,aria_c_2_8,True,-0.01,1,2,0.929718236622271,-0.004034634679555893,0.6049591227297205,False
1434,315,False,0.601,1,0,,,,False
1434,352,False,0.121,1,2,3.3126351859942704,,,False
1434,592,False,0.516,1,3,0.4985277308720067,,,False
1434,710,False,0.351,1,2,20.1092125997371,,,False
1434,841,False,0.691,0,2,0.7802167560109466,-0.011982256546616554,0.5494885857490904,False
1434,852,False,0.648,0,2,1.6780619305704756,,,False
1434,aria_c_24_2,True,0.031,1,0,,,,False
1435,1623,False,0.013,1,3,0.7457533059694181,0.009068618528544903,0.2307902217168846,False
1435,1633,False,-0.053,1,2,0.9798812248822503,0.002752638654783368,0.6328782972159049,False
1435,1753,False,0.233,1,3,0.4425315138871755,,,False
1435,217,False,0.765,0,3,0.3187601047416159,,,False
1435,325,False,0.627,0,2,1.6770299135178497,,,False
1435,429,False,0.256,1,4,0.0748557071792201,,,False
1435,560,False,0.763,0,4,0.3335707289474118,,,False
1435,im0233,True,-0.123,1,0,,,,False
1436,1441,False,0.676,0,0,,,,False
1436,1468,False,0.693,0,0,,,,False
1436,1501,False,-0.012,1,2,0.8660731165561417,0.007784038782119751,0.5995908003763276,False
1436,207,False,0.582,0,0,,,,False
1436,538,False,0.519,7,16,0.980127911932602,0.2456301599740982,0.9455142126345254,True
1436,994,False,0.716,0,3,0.08463162078293704,,,False
1436,im0132,True,-0.066,1,0,,,,False
1437,1700,False,0.123,1,0,,,,False
1437,539,False,0.71,4,25,0.9971690067711503,0.5258850455284119,0.9657267904936093,True
1437,595,False,0.791,0,2,0.7350818279201067,-0.004667322617024183,0.5464716948114445,False
1437,647,False,0.712,0,0,,,,False
1437,74,False,0.251,1,2,3.687799972487628,,,False
1437,745,False,0.766,0,2,0.1477802987484655,,,False
1438,405,False,0.671,0,0,,,,False
1438,665,False,0.715,0,0,,,,False
1438,im0011,True,0.037,1,0,,,,False
1439,1466,False,0.265,1,0,,,,False
1439,1529,False,0.232,1,0,,,,False
1439,1749,False,0.592,0,0,,,,False
1439,63,False,0.591,0,0,,,,False
1439,737,False,0.331,1,0,,,,False
1439,im0185,True,0.08,1,0,,,,False
144,1563,False,0.114,1,0,,,,False
144,595,False,0.659,1,4,0.9831673096626237,0.018235446885228157,0.9429904191092834,False
144,688,False,0.697,0,2,2.319913320061928,,,False
144,705,False,0.743,0,2,1.531005020199686,,,False
144,917,False,0.76,0,2,0.7715453326219714,0.03957578167319298,0.30712206731310404,False
144,aria_a_15_35,True,0.116,1,0,,,,False
144,aria_c_1_7,True,0.11,2,0,,,,False
1440,247,False,0.725,0,0,,,,False
1440,661,False,0.719,0,0,,,,False
1440,745,False,0.756,0,0,,,,False
1441,1445,False,0.096,1,0,,,,False
1441,1590,False,-0.018,1,2,1.330663382696224,-0.0027520174626260996,1.0,False
1441,1678,False,0.121,1,0,,,,False
1441,57,False,0.547,0,0,,,,False
1441,im0229,True,0.188,1,0,,,,False
1441,im0361,True,0.042,1,0,,,,False
1442,1494,False,0.041,1,0,,,,False
1442,1523,False,0.051,1,0,,,,False
1442,1729,False,0.042,2,0,,,,False
1442,375,False,0.585,0,0,,,,False
1442,692,False,0.583,0,0,,,,False
1442,929,False,0.198,1,0,,,,False
1442,934,False,0.404,1,0,,,,False
1442,im0152,True,-0.15,2,0,,,,False
1442,im0352,True,-0.138,1,0,,,,False
1443,56,False,0.279,1,0,,,,False
1443,804,False,0.105,2,0,,,,False
1443,854,False,0.46,0,0,,,,False
1443,909,False,0.466,0,0,,,,False
1443,im0323,True,-0.139,1,0,,,,False
1444,1460,False,0.845,0,3,0.8542059313076528,-0.010990163311362267,0.7281655634831944,False
1444,1818,False,-0.164,1,3,0.267218287720278,,,False
1444,273,False,0.37,1,4,0.44512010804396424,,,False
1444,288,False,0.856,0,2,0.5072541509593858,,,False
1444,295,False,0.861,0,4,1.008260584143466,0.052578818053007126,0.9942450695118008,False
1444,301,False,0.023,1,3,0.3220166989872085,,,False
1444,363,False,0.84,2,4,0.41902327571381603,,,False
1444,776,False,0.313,1,3,0.027267752054724922,,,False
1444,909,False,0.41,1,3,0.8851018621286967,0.010927446186542511,0.617324008623926,False
1444,aria_c_31_2,True,0.273,1,3,0.32341209110373276,,,False
1444,aria_d_20_2,True,0.051,1,3,1.0428078214260073,0.03325865790247917,0.30377698051910107,False
1445,268,False,0.29,1,0,,,,False
1445,340,False,0.269,1,2,0.055525184739708425,,,False
1445,392,False,0.148,2,0,,,,False
1445,71,False,0.104,1,0,,,,False
1445,825,False,0.076,1,3,0.5708436720102205,,,False
1445,920,False,0.445,0,0,,,,False
1445,955,False,0.425,0,2,1.1218627201438183,0.003188629634678364,0.9065322287934753,False
1445,aria_d_1_2,True,-0.006,1,0,,,,False
1445,im0376,True,-0.179,1,0,,,,False
1446,152,False,-0.003,2,0,,,,False
1446,697,False,0.234,1,0,,,,False
1446,758,False,0.448,0,2,0.08777452692369433,,,False
1446,772,False,0.39,0,0,,,,False
1446,993,False,0.013,1,0,,,,False
1446,im0011,True,0.432,0,0,,,,False
1447,1654,False,-0.104,1,0,,,,False
1447,525,False,0.114,1,0,,,,False
1447,789,False,0.485,0,0,,,,False
1447,im0204,True,-0.075,1,0,,,,False
1448,238,False,0.826,0,3,1.0058458137086843,0.013607875443994999,0.9560871825377686,False
1448,276,False,0.28,2,2,1.6398692720551509,,,False
1448,509,False,0.059,2,2,3.754401244064456,,,False
1448,95,False,0.645,0,3,0.24946524746512072,,,False
1448,aria_c_1_7,True,-0.017,1,3,0.22453624154273874,,,False
1449,1457,False,0.863,0,4,1.0857698866068741,0.017130311578512192,1.0,False
1449,171,False,0.825,1,4,1.0931304050861161,0.02573421597480774,1.0,False
1449,1788,False,0.072,1,5,0.45122376881679627,,,False
1449,431,False,0.084,1,2,0.6490755563698586,,,False
1449,690,False,0.37,1,2,1.262499553834593,0.003201205050572753,0.8305694466849491,False
1449,693,False,0.732,2,3,1.0607518664493876,-0.016598481684923172,0.8814428565297626,False
1449,768,False,0.839,0,2,0.3428567938471176,,,False
1449,900,False,0.849,0,2,1.176385737158058,-0.0031696211080998182,0.6271871227364185,False
1449,969,False,0.884,0,6,0.9961310351194516,0.005693872459232807,0.9860344041005823,False
1449,im0145,True,0.474,0,0,,,,False
145,150,False,0.726,0,2,1.6747767300069354,,,False
145,151,False,0.75,0,3,0.6158086073350231,,,False
145,167,False,0.828,1,0,,,,False
145,170,False,0.85,1,3,1.001846329335249,0.014796550385653973,0.9952293656664415,False
145,196,False,0.572,1,3,0.9798218080934691,0.0035217865370213985,0.9623534982834142,False
145,202,False,0.831,1,0,,,,False
145,214,False,0.571,0,0,,,,False
145,283,False,0.608,0,2,2.9799309661650946,,,False
145,381,False,0.53,0,0,,,,False
145,600,False,0.897,0,3,0.863366445216377,-0.001120691536925733,0.7455205030364916,False
145,633,False,0.844,0,3,1.018864102167596,-0.011681725271046162,0.988102600826796,False
145,762,False,0.642,1,0,,,,False
145,805,False,0.238,1,0,,,,False
1450,32,False,0.029,1,2,2.065866207023916,,,False
1450,569,False,0.828,0,2,0.1634213113062056,,,False
1450,787,False,0.906,1,4,1.004847046216975,0.04521690681576729,0.9933996407603013,False
1450,831,False,0.905,0,5,1.056338092282358,0.09498685598373413,0.996855109641826,False
1450,835,False,0.735,2,3,1.0128895621275364,-0.007835845462977886,0.9958568495977446,False
1450,860,False,0.861,0,6,0.9700795547973811,-0.008125814609229565,0.9413173009823393,False
1450,880,False,0.828,0,3,1.0263680121030792,0.0034432734828442335,0.9502245911152185,False
1451,1482,False,0.754,1,5,1.0076753876760298,-0.016506938263773918,0.9922464759156158,False
1451,1484,False,0.041,1,2,0.7516769329267204,0.03056400828063488,0.5286419142623726,False
1451,1543,False,0.196,1,3,1.5150640506805535,,,False
1451,1792,False,0.181,1,3,0.1661569424074072,,,False
1451,239,False,0.571,1,3,1.364272707858794,0.002752758329734206,0.47827089151795527,False
1451,351,False,0.821,0,3,0.16059776606703938,,,False
1451,41,False,0.781,0,3,1.4761568579867919,0.006813760381191969,0.8628736389393233,False
1451,480,False,0.672,0,3,0.7495336285793972,-0.00046437291894108057,0.25623628018359607,False
1451,579,False,0.807,0,4,0.9046209512166471,-0.015771305188536644,0.27022372444873655,False
1452,601,False,0.75,0,2,0.5188468540229646,,,False
1452,626,False,0.78,0,4,1.2116923428085902,0.045029137283563614,1.0,False
1452,942,False,0.791,0,3,0.8815158806318867,-0.007250698748975992,0.7747815445391503,False
1452,aria_c_2_8,True,-0.054,2,2,0.24811246829111866,,,False
1452,aria_d_11_1,True,0.586,0,0,,,,False
1452,im0216,True,-0.194,1,4,0.44104972165317924,,,False
1453,1467,False,-0.08,1,0,,,,False
1453,1603,False,-0.178,1,0,,,,False
1453,1605,False,0.593,0,0,,,,False
1453,1650,False,-0.201,2,2,1.9666627361933209,,,False
1453,1693,False,-0.095,1,0,,,,False
1453,220,False,0.625,0,0,,,,False
1453,296,False,-0.089,2,0,,,,False
1453,309,False,0.654,0,0,,,,False
1453,937,False,0.73,0,0,,,,False
1453,im0312,True,0.326,0,0,,,,False
1453,im0349,True,0.51,0,0,,,,False
1454,1756,False,0.298,1,0,,,,False
1454,331,False,0.742,0,2,0.5583403078207629,,,False
1454,335,False,0.284,2,0,,,,False
1454,350,False,-0.028,1,2,1.1959465433786998,-0.013707968406379223,0.6955343536027818,False
1454,566,False,0.327,1,2,1.5992456270370492,,,False
1454,741,False,0.64,1,3,1.1324818532752974,0.02067851647734642,0.8958554273655344,False
1454,aria_c_9_6,True,-0.169,1,0,,,,False
1455,607,False,0.69,0,0,,,,False
1455,637,False,0.816,0,0,,,,False
1455,733,False,0.815,0,0,,,,False
1455,842,False,0.643,0,0,,,,False
1455,937,False,0.694,0,0,,,,False
1456,1899,False,-0.081,1,2,0.7540662322134061,0.007680781185626984,0.5795918599816605,False
1456,281,False,0.695,0,3,0.967369383750736,0.014819212257862091,0.8836201114920512,False
1456,408,False,0.037,1,2,9.510391871846302,,,False
1456,645,False,0.847,0,2,1.7853034207754694,,,False
1456,734,False,0.718,0,2,0.25491119200099577,,,False
1456,820,False,0.707,1,3,0.8985969573571413,-0.011310210451483727,0.8062625352596072,False
1456,931,False,0.722,1,3,1.014431002290835,0.023991819471120834,0.9743004457811912,False
1457,1461,False,0.319,1,3,1.4176929753467027,0.010253499262034893,0.5659960535346603,False
1457,264,False,0.567,1,3,0.4717643981423474,,,False
1457,33,False,0.323,1,2,1.2904715213551834,0.020068055018782616,0.6086756056893788,False
1457,908,False,0.449,1,3,0.8235463876617535,-0.020985111594200134,0.10330884721953734,False
1457,aria_d_9_3,True,-0.016,1,3,0.08252738042321403,,,False
1458,371,False,0.536,2,3,0.6103863936637967,,,False
1458,814,False,0.294,1,2,4.304430701698027,,,False
1458,969,False,0.818,1,2,1.0726332134968455,-0.0032521774992346764,0.47115369132920054,False
1458,973,False,0.843,0,3,0.9592454089441546,0.0066307904198765755,0.8930146130835701,False
1458,984,False,0.706,1,4,1.0097477985463148,0.021771209314465523,0.9993181610750506,False
1458,aria_d_18_2,True,-0.076,2,3,0.5783110515755343,,,False
1459,431,False,0.156,1,4,0.22736178414046282,,,False
1459,699,False,0.312,2,3,1.1883791366058685,0.011829282157123089,0.4451188425396723,False
1459,719,False,0.765,0,3,0.19249384443015355,,,False
1459,990,False,0.699,0,4,0.9836970355565741,-0.014194623567163944,0.9606062554244752,False
1459,aria_c_44_3,True,-0.021,2,2,1.173013844050934,-0.027396921068429947,0.6900990804036459,False
1459,im0246,True,0.018,2,3,1.0069466834019425,-0.018696416169404984,0.7221810898804947,False
146,152,False,0.799,0,2,0.8322905881582767,-0.012289264239370823,0.48327482743443584,False
146,247,False,0.472,1,0,,,,False
146,474,False,0.673,0,0,,,,False
146,5,False,0.701,0,0,,,,False
146,629,False,0.506,2,0,,,,False
146,70,False,0.609,0,0,,,,False
146,im0106,True,0.272,1,0,,,,False
146,im0143,True,0.012,1,0,,,,False
1460,259,False,0.242,1,2,0.72847871682395,-0.010221288539469242,0.41911669751624986,False
1460,37,False,0.745,0,2,1.1318313579231436,0.006239184178411961,0.9999892904379676,False
1460,392,False,0.127,1,4,0.6835887661781238,-0.022625163197517395,0.46715904818176934,False
1460,975,False,0.849,0,5,1.0175324246352162,-0.02493501454591751,0.9911506802209374,False
1461,18,False,0.577,0,3,0.04763646647912073,,,False
1461,645,False,0.368,1,3,0.45275390815519334,,,False
1461,724,False,0.341,2,2,0.5225282932597893,,,False
1461,aria_c_9_6,True,-0.237,1,0,,,,False
1462,1499,False,0.022,1,3,1.0927978268538534,0.010667560622096062,0.6589618907610539,False
1462,1746,False,0.144,1,2,0.3853485557329873,,,False
1462,1898,False,-0.039,1,0,,,,False
1462,818,False,-0.104,1,3,1.1252858217303872,-0.007771911099553108,0.9007925867930802,False
1462,879,False,0.344,1,0,,,,False
1462,im0026,True,0.342,0,0,,,,False
1462,im0273,True,0.502,0,0,,,,False
1463,1728,False,0.117,1,4,0.6972324319274888,-0.00021749928419012576,0.45261099934831267,False
1463,1841,False,0.037,1,3,0.1135521005377491,,,False
1463,634,False,0.775,0,4,1.0669271416569994,0.0014998839469626546,0.9913308579664486,False
1463,637,False,0.764,0,3,0.2844676125586813,,,False
1463,690,False,0.04,1,3,1.3592482472624308,-0.004930730909109116,0.999279453675324,False
1463,829,False,0.783,0,3,1.0291050857976956,-0.00791748333722353,0.9936563385714975,False
1463,aria_c_21_3,True,-0.152,1,0,,,,False
1463,im0040,True,0.536,0,2,3.3130116461155086,,,False
1463,im0280,True,0.503,0,2,0.8351604379421996,0.0049827625043690205,0.6547095530142746,False
1464,258,False,0.356,1,2,4.965979769447083,,,False
1464,351,False,0.845,0,3,0.4246699576744563,,,False
1464,786,False,0.762,1,3,1.2817457013030047,0.004773406777530909,0.3220460088751356,False
1464,840,False,0.859,0,3,0.8435781582220828,-0.005309613421559334,0.6124769382588922,False
1465,1847,False,0.705,0,2,0.571922751787113,,,False
1465,41,False,-0.17,2,3,0.4330272985125432,,,False
1465,705,False,0.615,1,3,1.0471883484381672,-0.005081038922071457,0.8810071471848242,False
1465,747,False,0.115,1,0,,,,False
1465,755,False,0.134,2,3,0.46099767301543254,,,False
1465,810,False,0.829,0,3,0.916571644320796,-0.005812305491417646,0.8416083031422096,False
1465,905,False,0.836,0,3,1.5773956289214368,,,False
1465,963,False,0.247,1,2,1.4550543738867472,-0.003994860220700502,0.9929730948444311,False
1465,aria_d_22_2,True,0.698,0,2,2.6766743554829,,,False
1465,im0035,True,0.52,0,3,0.4292288063178794,,,False
1465,im0170,True,0.6,0,3,0.6950127434226818,-0.0012627732940018177,0.2611616298829634,False
1466,219,False,0.47,1,3,0.2475721748618577,,,False
1466,508,False,0.591,0,0,,,,False
1466,590,False,0.587,26,45,0.9977499073366587,0.5368168950080872,0.9307162948489468,True
1466,796,False,0.047,1,3,0.20514721591573848,,,False
1466,852,False,0.303,1,4,0.5550333013205216,,,False
1466,904,False,0.788,0,3,0.9117708574422542,0.0017518351087346673,0.8302606040077208,False
1467,591,False,0.736,3,12,1.012301249459565,0.3827378749847412,0.9759652551108057,True
1467,731,False,0.41,1,0,,,,False
1467,765,False,0.35,1,0,,,,False
1467,79,False,0.136,1,3,0.6851528550083291,-0.00019689042528625578,0.2220117811341348,False
1467,817,False,0.717,1,3,1.0607255585512283,0.015091875568032265,0.9856229602507648,False
1467,aria_c_46_12,True,0.025,2,0,,,,False
1467,im0050,True,-0.039,1,0,,,,False
1468,1767,False,0.686,0,2,1.0987479440680117,-0.004146386403590441,0.9416537412419105,False
1468,1809,False,0.162,1,3,0.40185633734353743,,,False
1468,1863,False,0.166,1,0,,,,False
1468,206,False,0.781,0,2,2.6930763155089976,,,False
1468,28,False,0.107,1,0,,,,False
1468,333,False,0.631,0,2,0.2653154492262191,,,False
1468,403,False,0.455,0,2,0.33169189810353095,,,False
1468,68,False,0.212,1,3,1.148656923023756,-0.008698071353137493,0.8342732399490631,False
1468,901,False,0.784,0,2,0.8731536570465194,-0.008318577893078327,0.3222177473486374,False
1468,aria_c_32_21,True,0.648,0,2,0.6650570490300635,,,False
1468,aria_c_7_2,True,0.58,0,0,,,,False
1469,1562,False,0.141,2,3,2.3137875451045082,,,False
1469,1648,False,0.256,2,2,1.7001010872265911,,,False
1469,222,False,0.203,1,0,,,,False
1469,257,False,0.819,0,4,0.9129305823275591,-0.0011320537887513638,0.8336061072647594,False
1469,728,False,0.155,1,3,0.3139804760330317,,,False
1469,934,False,0.816,0,2,4.212041437210031,,,False
147,203,False,0.71,0,2,0.5102515152546102,,,False
147,348,False,0.215,1,3,1.8103226974722604,,,False
147,5,False,0.226,1,4,0.015108245045447468,,,False
147,546,False,0.688,0,3,0.39869357492967883,,,False
147,56,False,0.109,1,5,0.8065225396237514,-0.004379284102469683,0.6271270815825112,False
147,61,False,0.126,1,2,0.7939366691085747,0.007764175999909639,0.24570573052218103,False
147,aria_c_4_8,True,0.25,1,2,0.044208003737198874,,,False
147,aria_d_2_6,True,0.096,1,4,1.7080631370778554,,,False
1470,211,False,0.781,0,2,0.22912591486041003,,,False
1470,291,False,0.721,0,2,1.229966258968305,0.02976854518055916,0.9829084051841598,False
1470,795,False,0.264,2,2,0.25082709461594416,,,False
1470,835,False,0.793,0,2,1.473725798545159,-0.003338978858664632,1.0,False
1470,84,False,0.585,0,2,8.015828847465105,,,False
1470,852,False,0.813,0,2,1.7879453648822672,,,False
1470,im0205,True,0.005,1,0,,,,False
1471,358,False,0.86,0,5,1.0276700987733087,0.013620743528008461,0.9990245105133111,False
1471,544,False,0.851,0,2,0.9380112462849527,0.00619609747081995,0.8594702605724968,False
1471,559,False,0.704,0,4,0.9485683115025976,0.007645889185369015,0.8792988054634919,False
1471,682,False,0.82,0,4,1.1098720279909369,-0.04101043939590454,0.9992508641816762,False
1471,727,False,0.657,0,3,0.8292838987105001,0.019134430214762688,0.6728277296063279,False
1471,829,False,0.795,2,4,0.9757607271102443,-0.00665037427097559,0.9479273265003242,False
1471,833,False,0.6,2,4,1.0142315051710127,-0.0026838320773094893,0.9870388138745799,False
1471,843,False,0.723,0,0,,,,False
1471,873,False,0.843,0,0,,,,False
1471,937,False,0.473,2,0,,,,False
1471,aria_d_15_2,True,0.011,1,0,,,,False
1472,1489,False,-0.011,2,2,0.12374637642152368,,,False
1472,1587,False,0.101,1,4,0.8640896521981851,0.015833692625164986,0.6923500717360115,False
1472,634,False,0.767,0,3,0.182387885871614,,,False
1472,im0040,True,0.509,0,3,0.6689950195196277,,,False
1473,297,False,0.687,0,0,,,,False
1473,331,False,0.748,0,0,,,,False
1473,544,False,0.602,1,0,,,,False
1473,635,False,0.78,0,0,,,,False
1473,712,False,0.736,0,0,,,,False
1473,85,False,0.128,2,0,,,,False
1473,866,False,0.666,0,0,,,,False
1474,1809,False,0.119,2,0,,,,False
1474,258,False,-0.086,1,0,,,,False
1474,662,False,0.797,0,0,,,,False
1474,740,False,0.709,0,0,,,,False
1474,770,False,0.23,2,0,,,,False
1474,877,False,0.699,0,0,,,,False
1474,im0306,True,0.298,0,0,,,,False
1475,216,False,0.363,1,2,0.7961708452688956,-0.000567502633202821,0.6388544039381214,False
1475,434,False,0.342,1,4,0.4654449162580451,,,False
1475,651,False,0.754,1,0,,,,False
1475,im0168,True,-0.08,1,2,0.20717010980224512,,,False
1476,1741,False,0.367,1,3,0.2930790411687337,,,False
1476,561,False,0.775,1,4,1.2681984749774942,-0.01644393615424633,0.9996998847771913,False
1476,565,False,0.249,1,4,0.8729343400174375,-0.007466621696949005,0.3738828967642527,False
1476,649,False,0.797,0,0,,,,False
1476,693,False,0.702,1,3,1.2134181680197869,0.0047903782688081264,0.9311081069481997,False
1476,698,False,0.809,0,3,0.7234030653695686,-0.004037380684167147,0.5224823765012858,False
1476,905,False,0.831,0,2,1.0396104764944187,0.0006669471622444689,0.30705458676755876,False
1476,im0208,True,-0.051,1,3,0.16055622072112394,,,False
1477,310,False,-0.033,2,3,0.5788181433615744,,,False
1477,577,False,0.236,1,2,1.2964368600522373,0.01341166626662016,0.9205044659501694,False
1477,585,False,0.471,1,0,,,,False
1477,926,False,0.614,1,3,0.6574990950145323,,,False
1477,aria_c_6_2,True,0.012,2,3,1.0470317625474737,0.011631179600954056,0.9311896178803172,False
1478,1484,False,0.782,1,4,1.0375281701906827,0.05279991030693054,0.9747280388700176,False
1478,574,False,0.847,1,3,0.9685251615226552,0.0060370066203176975,0.9385101784043617,False
1478,779,False,0.75,1,3,1.4908154201252384,0.010446674190461636,0.7803455793124926,False
1478,831,False,0.739,1,3,0.976382874169027,0.01235935278236866,0.9325941588759968,False
1478,im0049,True,0.026,1,2,1.2082589188122412,0.009622648358345032,0.8577529834886383,False
1479,1618,False,0.077,1,3,0.7577084607255306,-0.0004628855676855892,0.6242621579639145,False
1479,174,False,0.266,1,0,,,,False
1479,262,False,0.184,1,0,,,,False
148,154,False,0.829,1,3,1.092085855295087,0.0026271590031683445,1.0,False
148,1604,False,0.175,1,3,0.6623510239213941,,,False
148,1829,False,0.751,0,2,1.7511382349299414,,,False
148,1856,False,0.71,0,2,0.45980418255618966,,,False
148,1873,False,0.01,1,4,1.459904866002363,0.0008325595990754664,0.9657160976868174,False
148,204,False,0.831,0,4,0.9693861798199647,0.002425291808322072,0.940988175039542,False
148,236,False,0.442,1,5,0.11164426164592468,,,False
148,309,False,0.389,1,2,1.868828461450252,,,False
148,444,False,0.402,1,3,1.5138475465505914,,,False
148,545,False,0.502,0,3,1.2492315966035872,0.005295126233249903,0.9964093840505593,False
148,566,False,0.619,0,3,0.37209735216213335,,,False
148,813,False,0.644,0,4,0.09139075951527793,,,False
148,815,False,0.811,0,5,0.8616373087448851,-0.014314818195998669,0.7337760839618142,False
148,826,False,0.8,0,2,0.8892967176429806,-0.009067855775356293,0.6145519145945287,False
1480,1788,False,0.036,1,2,2.1499148386482596,,,False
1480,300,False,0.512,1,3,1.1292901129508395,0.0033310900907963514,0.41822789975890157,False
1480,32,False,-0.02,1,3,1.5112854478971338,,,False
1480,605,False,0.414,1,2,8.19430682856353,,,False
1480,653,False,0.067,1,3,2.351597799833108,,,False
1480,668,False,0.694,0,3,1.032008340110183,-0.025606848299503326,0.9922737786271976,False
1480,724,False,0.372,1,2,1.0506589410929534,0.010686553083360195,0.9624743540467825,False
1480,766,False,0.819,0,2,0.5258940693527512,,,False
1480,im0385,True,0.074,1,3,0.0719571489849445,,,False
1481,1557,False,-0.085,2,3,0.6348560579890662,,,False
1481,1790,False,0.09,1,3,0.24199960992779318,,,False
1481,226,False,0.733,0,4,0.42265210674269277,,,False
1481,266,False,0.775,0,4,1.0020299498296124,-0.009072531946003437,0.9912098354813803,False
1481,499,False,0.484,1,3,0.30528484453264954,,,False
1481,744,False,0.197,1,2,1.063752542455208,0.018623974174261093,0.4282730923694779,False
1481,866,False,0.067,1,3,0.4552189310958303,,,False
1482,1493,False,0.745,0,3,1.1744857105508344,0.02531370148062706,0.9769332329481598,False
1482,1656,False,0.302,2,0,,,,False
1482,396,False,0.684,0,3,0.40955240291674094,,,False
1482,632,False,0.864,0,3,0.9741528936108286,-0.001181652070954442,0.9449069973427813,False
1482,704,False,0.87,0,4,0.9960357611666373,-0.04668278619647026,0.9803411406116448,False
1482,728,False,0.06,1,2,0.6616904261686003,,,False
1482,881,False,0.594,0,0,,,,False
1482,908,False,0.856,0,3,0.9827537097395463,0.00900279264897108,0.9622290955173228,False
1482,938,False,0.861,0,3,0.30102416984444336,,,False
1483,1487,False,0.809,0,4,0.9534205612738748,0.008650372736155987,0.9120549905068227,False
1483,1859,False,0.583,1,3,0.1562928973376325,,,False
1483,834,False,0.257,1,2,1.066673433576464,0.008402392268180847,0.8802145056467366,False
1483,909,False,0.425,1,2,1.2274542057186246,0.01384937297552824,0.997538319621577,False
1484,1634,False,0.39,2,4,1.0611075259238048,0.03299887850880623,0.949833715558866,False
1484,1707,False,0.168,1,3,0.5700090317134456,,,False
1484,1821,False,-0.068,1,2,1.026386932053248,0.001441749045625329,0.8439081396346171,False
1484,246,False,0.675,1,3,1.7970375286003752,,,False
1484,288,False,0.851,0,3,1.0400888096966296,-0.024047574028372765,0.9993068615335017,False
1484,295,False,0.85,0,4,0.9993983868277911,0.01844770833849907,0.9915130940834141,False
1484,406,False,0.622,1,2,1.2671098926214444,-0.010363069362938404,0.9998822030177446,False
1484,734,False,0.705,0,3,0.20363988172952255,,,False
1484,797,False,0.851,0,2,7.29577265452233,,,False
1484,910,False,0.824,0,4,1.1120442268036077,-0.013266459107398987,0.9880672999983889,False
1485,1823,False,0.336,1,2,1.1392029124769847,0.0012667560949921608,0.914768974217371,False
1485,805,False,0.848,0,5,0.9871889450458651,0.02893495000898838,0.9655926339765353,False
1485,974,False,0.864,0,4,1.0170678260057222,0.0027291150763630867,0.9961143580908832,False
1485,im0189,True,0.587,0,3,0.3828333651227618,,,False
1486,1656,False,-0.181,1,0,,,,False
1486,1803,False,-0.026,1,3,1.93862884711798,,,False
1486,402,False,0.539,1,0,,,,False
1486,695,False,0.835,0,4,1.0788313020225528,-0.015339908190071583,0.9961484612619959,False
1486,705,False,0.818,0,3,1.368475796779894,-0.006756712216883898,0.6159018160176294,False
1486,708,False,0.748,0,2,0.348723053802086,,,False
1486,787,False,0.808,0,2,1.263926638756809,0.0016053238650783896,0.7034610332162676,False
1486,820,False,0.653,1,2,1.4915721492540075,0.17409786581993103,0.11983976318414363,False
1487,1638,False,-0.029,1,3,0.1418717350504071,,,False
1487,174,False,0.651,1,2,0.8774681509166747,0.011623332276940346,0.5871270827858787,False
1487,724,False,0.54,1,3,1.0099441876311646,0.02251163311302662,0.9917554012136829,False
1487,886,False,0.493,1,2,1.005159237947991,0.005735899321734905,0.36800600021429336,False
1487,895,False,0.817,0,0,,,,False
1487,991,False,0.566,1,3,0.4423371610536984,,,False
1488,583,False,0.714,10,9,0.9848160168261686,0.2527172267436981,0.9523535857001676,False
1488,703,False,0.822,0,0,,,,False
1488,756,False,0.703,1,0,,,,False
1488,816,False,0.823,0,0,,,,False
1489,650,False,0.671,0,3,0.20145945083080355,,,False
1489,im0140,True,0.05,2,0,,,,False
149,1860,False,0.103,2,0,,,,False
149,551,False,0.842,0,0,,,,False
149,762,False,0.836,0,0,,,,False
149,763,False,0.853,0,0,,,,False
149,876,False,0.48,0,0,,,,False
1490,1493,False,0.529,1,0,,,,False
1490,662,False,0.528,0,0,,,,False
1490,im0061,True,0.427,0,0,,,,False
1491,154,False,0.598,0,0,,,,False
1491,1687,False,0.121,1,2,0.6968089947527741,-0.004035426769405603,0.24529839554033786,False
1491,297,False,0.177,2,0,,,,False
1491,497,False,0.174,1,2,0.8988643142999669,0.00580595713108778,0.2690051907743351,False
1491,548,False,0.583,0,0,,,,False
1491,im0353,True,-0.15,1,0,,,,False
1492,263,False,0.684,0,2,0.823214536026103,0.02358134835958481,0.2139810617237587,False
1492,656,False,0.664,0,2,1.255984340163354,-0.02290966920554638,0.24351829545758719,False
1492,997,False,0.654,0,3,0.9798353370604272,0.0018688366981223226,0.8441552866686342,False
1492,aria_c_41_3,True,-0.077,1,0,,,,False
1492,im0371,True,-0.042,1,0,,,,False
1493,257,False,0.587,1,2,1.4616367794439358,-0.002091341884806752,0.8891443153553777,False
1493,294,False,0.725,0,3,0.9996835815831291,-0.021965613588690758,0.9836036500822236,False
1493,aria_c_1_8,True,0.056,1,3,1.114216289591007,-0.009364080615341663,0.9369488908457075,False
1494,1582,False,0.341,0,0,,,,False
1494,1639,False,0.013,1,0,,,,False
1494,1771,False,0.346,0,0,,,,False
1494,1781,False,0.336,0,0,,,,False
1494,37,False,-0.183,2,0,,,,False
1494,385,False,-0.232,1,3,0.27355762322215904,,,False
1494,403,False,-0.026,1,0,,,,False
1494,813,False,-0.009,1,2,0.17290781976685068,,,False
1494,im0308,True,0.01,1,2,5.7788364673946955,,,False
1495,1524,False,0.528,0,0,,,,False
1495,1586,False,0.463,0,0,,,,False
1495,1657,False,0.49,0,2,1.4181075650103352,0.0015172782586887479,1.0,False
1495,1685,False,0.166,1,2,0.6587826909724839,,,False
1495,2,False,0.054,1,3,0.37030836103558745,,,False
1495,227,False,-0.013,1,3,0.21006170236561417,,,False
1495,688,False,0.066,1,2,0.7463898354012345,-0.0036815032362937927,0.4810299194167512,False
1495,731,False,-0.009,1,2,1.67719174992552,,,False
1495,im0236,True,0.109,2,0,,,,False
1496,1606,False,0.607,0,0,,,,False
1496,1626,False,0.559,0,0,,,,False
1496,1704,False,0.573,0,0,,,,False
1496,897,False,-0.014,2,0,,,,False
1496,aria_d_10_19,True,0.515,0,0,,,,False
1496,im0044,True,0.086,1,0,,,,False
1497,1524,False,0.328,2,0,,,,False
1497,1565,False,0.657,0,3,1.025261589165448,0.04523048922419548,0.9797930586488492,False
1497,1618,False,0.682,0,0,,,,False
1497,1725,False,0.599,0,0,,,,False
1497,604,False,0.307,1,0,,,,False
1497,682,False,0.116,1,0,,,,False
1497,im0082,True,0.422,2,0,,,,False
1498,1538,False,0.604,0,0,,,,False
1498,1573,False,0.719,0,0,,,,False
1498,1583,False,0.098,2,3,0.821512724359433,0.03292213752865791,0.2950951154489178,False
1498,1596,False,0.876,1,4,0.9510568531811295,0.056429196149110794,0.9300372058582536,False
1498,1614,False,0.716,0,3,0.8292838478405516,0.004893547389656305,0.6836572732561752,False
1498,1667,False,0.558,0,0,,,,False
1498,1685,False,0.715,0,3,1.388459651372414,-0.010618281550705433,0.7302503618599602,False
1498,1725,False,0.725,0,2,0.8788510372997811,0.005091059021651745,0.36497857886561863,False
1498,1904,False,0.691,0,0,,,,False
1498,1909,False,0.777,0,0,,,,False
1498,448,False,0.153,2,3,0.7737692435385293,-0.009144164621829987,0.5647914541843363,False
1498,483,False,0.067,1,0,,,,False
1498,577,False,0.451,2,0,,,,False
1498,645,False,0.594,21,41,1.0048842223259213,0.5636076927185059,0.9196814673389795,True
1498,75,False,0.739,0,0,,,,False
1498,906,False,0.156,1,0,,,,False
1498,aria_a_18_23,True,0.518,0,2,1.311627987871685,0.01060415431857109,0.9993828374556626,False
1498,im0076,True,0.597,0,0,,,,False
1498,im0148,True,0.486,0,0,,,,False
1498,im0170,True,0.673,0,0,,,,False
1498,im0197,True,0.45,1,0,,,,False
1498,im0200,True,0.609,0,0,,,,False
1498,im0228,True,0.543,0,3,0.8766988732782323,-0.0013062143698334694,0.2751166407465008,False
1498,im0230,True,0.068,1,2,0.6181516881144861,,,False
1498,im0345,True,0.553,0,2,1.0099620530643636,0.0021991694811731577,0.5885937959498241,False
1499,1515,False,0.719,0,0,,,,False
1499,1583,False,0.825,0,4,0.7854518503680111,0.0049008517526090145,0.6162283674483756,False
1499,1602,False,0.776,0,3,0.8744550791351513,0.017359217628836632,0.7698942729772661,False
1499,1892,False,0.69,0,3,0.5978212686546944,,,False
1499,1896,False,0.758,0,0,,,,False
1499,1916,False,0.77,0,3,0.13977375158611322,,,False
1499,362,False,0.094,1,0,,,,False
1499,aria_c_32_21,True,0.618,0,0,,,,False
1499,im0093,True,0.374,0,2,0.5451853234007955,,,False
1499,im0258,True,0.403,0,0,,,,False
1499,im0401,True,0.445,0,3,0.8030225866494037,-0.013153888285160065,0.5273142783915251,False
15,1635,False,0.238,2,0,,,,False
15,22,False,0.657,0,0,,,,False
15,311,False,0.192,1,0,,,,False
15,4,False,0.612,0,0,,,,False
15,472,False,0.607,0,0,,,,False
15,805,False,0.346,1,2,1.2024260248438445,0.04050074890255928,1.0,False
15,856,False,0.295,2,0,,,,False
15,930,False,0.417,1,0,,,,False
15,98,False,0.617,0,0,,,,False
150,1557,False,0.182,1,0,,,,False
150,1639,False,-0.121,1,0,,,,False
150,37,False,0.341,1,0,,,,False
150,600,False,0.778,0,3,0.9807782025418654,0.01515738945454359,0.9561992798409201,False
150,923,False,0.726,0,0,,,,False
1500,1567,False,0.485,0,0,,,,False
1500,1571,False,0.481,0,0,,,,False
1500,1683,False,0.484,0,0,,,,False
1500,647,False,0.066,33,54,0.9947971548074807,0.659490704536438,0.6120046651658575,True
1500,im0022,True,0.213,2,0,,,,False
1500,im0214,True,-0.042,1,0,,,,False
1501,1910,False,0.516,0,0,,,,False
1501,1911,False,0.592,0,0,,,,False
1501,240,False,0.079,1,0,,,,False
1501,646,False,0.063,43,54,1.006349803238096,0.607616662979126,0.6997590024422521,True
1501,78,False,0.419,0,0,,,,False
1501,88,False,0.074,2,0,,,,False
1501,im0036,True,0.416,0,0,,,,False
1502,1557,False,0.634,0,3,1.003203564560694,-0.002261919667944312,0.9403071245422282,False
1502,1617,False,0.616,0,0,,,,False
1502,1625,False,0.406,2,3,0.3161482412603967,,,False
1502,1701,False,0.724,0,3,1.645377209627426,,,False
1502,313,False,0.085,1,3,0.834744735564876,0.0133463554084301,0.48220071703911366,False
1502,447,False,-0.055,1,3,0.951258940838454,0.00303300260566175,0.7116197899380092,False
1502,im0215,True,0.382,0,2,0.3180291319865961,,,False
1503,1514,False,0.754,0,0,,,,False
1503,1534,False,0.718,0,2,2.459024359432032,,,False
1503,1540,False,0.568,0,0,,,,False
1503,1544,False,0.37,2,3,1.2496812091757064,0.032196689397096634,0.9555876707946808,False
1503,1549,False,0.767,0,5,0.9615998708617939,0.005873010493814945,0.9268597033549815,False
1503,1559,False,0.663,0,2,5.422492933815829,,,False
1503,1607,False,0.819,0,2,0.3477384486778527,,,False
1503,aria_d_13_2,True,0.383,0,0,,,,False
1503,im0085,True,0.532,0,0,,,,False
1503,im0197,True,0.54,0,0,,,,False
1504,1699,False,0.637,0,3,0.7635522411328809,-0.015755441039800644,0.6394083655570935,False
1504,1895,False,0.587,0,2,0.43972399297360376,,,False
1504,1913,False,0.591,0,2,1.6038927669340204,,,False
1504,im0016,True,0.025,1,2,1.1097700425573316,-0.011156892403960228,0.998886433137941,False
1504,im0054,True,0.062,1,2,1.3111412317315727,0.0016406868817284703,0.6974640423921272,False
1505,1682,False,0.596,0,3,1.575448072606773,,,False
1505,1684,False,0.561,0,3,0.3702942445591041,,,False
1505,1730,False,0.581,0,0,,,,False
1505,aria_a_11_30,True,0.2,1,0,,,,False
1505,im0157,True,0.047,2,2,21.793736062940336,,,False
1505,im0312,True,0.023,1,3,0.026329592614867336,,,False
1506,1754,False,0.602,0,0,,,,False
1506,1776,False,0.563,0,0,,,,False
1506,72,False,0.503,0,0,,,,False
1507,73,False,0.0,0,0,,,,False
1507,730,False,0.0,0,0,,,,False
1508,1612,False,0.556,0,2,1.5304776123072812,,,False
1508,1649,False,0.615,0,2,0.12502768056403568,,,False
1508,1695,False,0.571,0,2,0.28475787577046285,,,False
1508,1801,False,0.175,1,3,1.5222213035891003,,,False
1508,1868,False,0.034,1,2,2.236452510995816,,,False
1508,aria_a_10_10,True,0.359,0,2,0.21683790073957074,,,False
1509,1551,False,0.704,0,0,,,,False
1509,1689,False,0.478,0,0,,,,False
1509,436,False,0.012,1,2,0.18428676612273195,,,False
1509,983,False,0.019,1,0,,,,False
1509,aria_c_5_1,True,-0.121,1,0,,,,False
1509,aria_d_16_22,True,0.561,0,0,,,,False
1509,im0091,True,0.431,0,0,,,,False
151,190,False,0.486,2,4,0.9928515896388072,0.005458405241370201,0.9842959465622233,False
151,202,False,0.689,1,0,,,,False
151,214,False,0.632,0,0,,,,False
151,334,False,0.408,2,0,,,,False
151,633,False,0.744,0,0,,,,False
1510,1558,False,0.647,0,0,,,,False
1510,1626,False,0.637,0,2,0.2570750779559601,,,False
1510,1678,False,0.616,0,0,,,,False
1510,1900,False,0.627,0,3,0.7954505133985771,0.0183839313685894,0.6397150489759572,False
1510,1918,False,0.507,1,3,1.1125678674036503,0.009056763723492622,0.8980085862945939,False
1510,272,False,0.008,2,0,,,,False
1510,35,False,0.053,1,2,0.4696483891924507,,,False
1510,966,False,0.219,1,0,,,,False
1510,aria_a_20_6,True,0.574,0,2,1.3685353768459354,0.012491503730416298,0.771367546374861,False
1510,aria_c_28_19,True,0.484,0,0,,,,False
1511,1530,False,0.55,0,0,,,,False
1511,1639,False,0.514,0,0,,,,False
1511,1686,False,0.579,0,0,,,,False
1511,1732,False,0.541,0,0,,,,False
1511,1851,False,0.044,1,0,,,,False
1511,48,False,-0.049,1,0,,,,False
1511,727,False,0.042,2,0,,,,False
1511,im0038,True,0.166,1,0,,,,False
1511,im0212,True,0.416,0,0,,,,False
1511,im0369,True,0.082,1,0,,,,False
1512,1522,False,0.668,0,0,,,,False
1512,1525,False,0.668,0,0,,,,False
1512,1545,False,0.594,0,0,,,,False
1512,1547,False,0.345,0,0,,,,False
1512,158,False,0.143,1,0,,,,False
1512,1595,False,0.701,0,0,,,,False
1512,918,False,0.111,1,0,,,,False
1513,1562,False,0.669,0,0,,,,False
1513,1651,False,0.638,0,3,0.969697699708955,0.0013039866462349892,0.9515037593984963,False
1513,1774,False,0.303,1,2,0.47895846383024204,,,False
1513,1895,False,0.689,0,0,,,,False
1513,559,False,0.049,1,0,,,,False
1513,668,False,-0.051,1,3,0.30388251597499344,,,False
1513,im0226,True,0.292,1,2,1.6644267185080706,,,False
1514,1518,False,0.341,1,3,0.7569238908572486,0.025370299816131592,0.2778312570781427,False
1514,1534,False,0.709,0,2,2.8160836807586223,,,False
1514,1538,False,0.25,2,4,0.8244729297883239,0.0017209663055837154,0.579797739710135,False
1514,1540,False,0.536,0,3,0.061087123504060495,,,False
1514,1549,False,0.837,0,3,0.653118555747663,,,False
1514,1587,False,0.73,0,2,3.1345719374832552,,,False
1514,1607,False,0.848,0,3,1.17198417661294,-0.010710256174206734,0.9799477735797756,False
1514,731,False,0.121,1,2,2.0691794936176247,,,False
1514,806,False,0.192,1,2,0.8678468941527846,-0.004946038592606783,0.5597854477109576,False
1514,896,False,0.11,1,2,3.9793928208828286,,,False
1514,975,False,0.24,1,3,1.155415396947861,0.02998913824558258,0.9545498506307895,False
1514,aria_a_27_11,True,0.529,0,3,0.011681810269582746,,,False
1514,aria_d_13_2,True,0.382,0,3,0.07692585303443235,,,False
1515,1601,False,0.625,0,3,0.7618946902620568,-0.006577321793884039,0.5801383488561352,False
1515,1602,False,0.713,0,2,0.22323746316784743,,,False
1515,1614,False,0.244,1,2,2.466591125008157,,,False
1515,1662,False,0.231,1,2,1.3123588230640328,0.009418998844921589,0.5246833821897146,False
1515,1699,False,0.196,1,0,,,,False
1515,1717,False,0.722,0,3,0.1732775872097655,,,False
1515,233,False,0.372,1,2,0.7824996997318457,0.002186333294957876,0.3817514364186549,False
1515,525,False,0.181,1,2,0.5425888635531696,,,False
1516,1542,False,0.808,4,3,0.6874167928762098,0.008131450973451138,0.47471219100129564,False
1516,1548,False,0.749,0,3,0.8928287299746724,0.006143639329820871,0.8003062104739979,False
1516,1563,False,0.676,0,0,,,,False
1516,1571,False,0.494,1,2,1.0095506614075092,-0.001557519193738699,0.6980935569285084,False
1516,1588,False,0.729,0,0,,,,False
1516,1630,False,0.716,0,3,1.0510777258867057,-0.00405354518443346,0.9785982201956314,False
1516,1896,False,0.739,0,4,0.6526121590263769,,,False
1516,50,False,0.137,1,0,,,,False
1516,667,False,0.175,4,8,1.0040924262646604,0.38328561186790466,0.8534417192144002,False
1516,767,False,0.241,1,0,,,,False
1517,1592,False,0.665,0,0,,,,False
1517,1614,False,0.658,0,0,,,,False
1517,1642,False,0.769,0,0,,,,False
1517,1660,False,0.64,0,0,,,,False
1517,1673,False,0.49,0,0,,,,False
1517,1691,False,0.721,0,0,,,,False
1517,1884,False,0.048,1,0,,,,False
1517,1894,False,0.868,0,0,,,,False
1517,1909,False,0.768,0,0,,,,False
1517,aria_c_1_8,True,0.647,0,0,,,,False
1517,aria_d_3_2,True,0.537,0,0,,,,False
1517,im0194,True,0.485,0,0,,,,False
1517,im0345,True,0.55,0,0,,,,False
1518,1531,False,0.723,0,3,1.015404205553857,0.03431110829114914,0.9869211614465538,False
1518,1543,False,0.75,0,0,,,,False
1518,1554,False,0.769,0,0,,,,False
1518,1648,False,0.667,0,0,,,,False
1518,1668,False,0.601,0,0,,,,False
1518,1726,False,0.614,1,0,,,,False
1518,1768,False,0.11,1,0,,,,False
1518,1860,False,-0.001,1,0,,,,False
1518,1905,False,0.775,0,0,,,,False
1518,93,False,0.094,1,0,,,,False
1518,im0032,True,0.511,0,0,,,,False
1519,1612,False,0.612,0,0,,,,False
1519,1649,False,0.68,0,0,,,,False
1519,1689,False,0.078,1,0,,,,False
1519,1693,False,0.729,0,0,,,,False
1519,1708,False,0.68,0,0,,,,False
1519,1711,False,0.762,0,0,,,,False
1519,451,False,0.039,1,0,,,,False
1519,aria_d_24_6,True,0.5,0,0,,,,False
1519,im0201,True,0.614,0,0,,,,False
1519,im0337,True,0.571,0,0,,,,False
1519,im0375,True,0.455,0,0,,,,False
152,154,False,0.447,1,3,0.19756444672422907,,,False
152,169,False,0.635,0,3,0.7959492836300635,-0.004394786898046732,0.32148571489728317,False
152,445,False,0.314,1,4,0.061039018619956815,,,False
152,474,False,0.678,0,3,0.050192039906776544,,,False
152,5,False,0.639,0,3,0.018506007199889162,,,False
152,im0062,True,0.107,2,2,0.021731263733786105,,,False
1520,1523,False,0.195,1,0,,,,False
1520,1531,False,0.527,0,0,,,,False
1520,1537,False,0.585,0,0,,,,False
1520,1543,False,0.55,0,0,,,,False
1520,1643,False,0.283,1,0,,,,False
1520,264,False,0.067,1,0,,,,False
1520,963,False,-0.012,1,0,,,,False
1520,im0227,True,0.209,1,0,,,,False
1521,1584,False,0.729,0,2,0.767831013247266,-0.006991578731685877,0.5786387102617516,False
1521,1594,False,0.442,1,2,0.9817638660238178,-0.016871711239218712,0.9681474841708012,False
1521,1641,False,0.381,1,0,,,,False
1521,1650,False,0.349,1,2,2.3891093735409497,,,False
1521,1675,False,0.672,0,0,,,,False
1521,1894,False,0.724,0,0,,,,False
1521,739,False,0.219,1,2,0.032970481528728675,,,False
1521,im0158,True,0.413,0,0,,,,False
1522,1525,False,0.715,0,0,,,,False
1522,1591,False,0.765,0,0,,,,False
1522,1622,False,0.154,1,0,,,,False
1522,1646,False,0.667,0,0,,,,False
1522,1650,False,0.75,0,0,,,,False
1522,1901,False,0.778,0,0,,,,False
1522,675,False,0.535,17,17,1.0004630811974105,0.5005466938018799,0.9285660737043899,True
1522,aria_d_24_6,True,-0.018,2,0,,,,False
1522,im0089,True,0.712,0,4,0.9016864133422126,0.00708771962672472,0.7765799947084884,False
1522,im0293,True,0.627,0,0,,,,False
1523,1570,False,0.655,0,5,0.9477906625631283,0.020101826637983322,0.8883958889844705,False
1523,1584,False,0.62,0,3,0.36111176279965745,,,False
1523,1675,False,0.602,0,2,7.051987421000444,,,False
1523,469,False,0.002,1,0,,,,False
1523,871,False,0.115,1,0,,,,False
1523,im0171,True,0.192,1,2,0.6424919545461829,,,False
1524,1566,False,0.566,0,2,3.873515689826192,,,False
1524,1595,False,0.627,0,0,,,,False
1524,1658,False,0.491,0,0,,,,False
1524,1694,False,0.608,0,0,,,,False
1524,1902,False,0.246,2,4,0.0056335043545765,,,False
1524,386,False,0.565,0,0,,,,False
1524,45,False,0.047,1,3,0.015220787961084663,,,False
1524,671,False,0.108,1,2,0.8042172747484969,0.014066019095480442,0.4257229689852786,False
1524,682,False,-0.068,9,18,0.9859689253764641,0.352876216173172,0.7509444462281012,True
1524,im0372,True,0.446,0,0,,,,False
1525,1638,False,0.665,0,4,0.9970917921938044,-0.005627339705824852,0.9662084959556536,False
1525,1650,False,0.76,0,3,0.07064898930860848,,,False
1525,1715,False,0.711,0,2,2.8593910177365345,,,False
1525,234,False,0.053,2,3,0.642220828046083,,,False
1525,686,False,-0.118,8,22,0.9948527758278459,0.3330416977405548,0.6883823742961174,True
1525,764,False,0.206,1,3,0.289463535438117,,,False
1525,858,False,-0.202,1,3,1.0539413679796645,0.011109375394880772,0.45000461036953465,False
1525,aria_c_27_3,True,0.195,2,2,2.571567586354515,,,False
1525,im0209,True,0.528,0,2,0.8051624599373759,0.003747031092643738,0.32482510975115775,False
1525,im0302,True,0.538,0,4,1.4084687916063852,-0.00785182137042284,0.5321806423681575,False
1526,1585,False,0.852,0,3,0.04144109954963375,,,False
1526,1646,False,0.663,0,3,0.8678973626509764,0.02333747036755085,0.48672380876846116,False
1526,1676,False,0.449,0,3,0.881499396477237,-0.024560512974858284,0.6407274372825749,False
1526,1731,False,0.734,0,0,,,,False
1526,1893,False,0.817,0,5,1.1338200863976515,0.0030027420725673437,0.9985439258478658,False
1526,424,False,0.207,1,2,3.821884390768437,,,False
1526,687,False,0.203,65,98,0.9988114508065165,0.6872801184654236,0.8489574923843661,True
1526,aria_d_4_5,True,0.077,1,2,0.47655566547719014,,,False
1526,im0360,True,0.505,0,2,18.65482216165542,,,False
1527,1665,False,0.671,0,2,4.853688738023267,,,False
1527,1695,False,0.649,0,2,0.19448995350859138,,,False
1527,1774,False,0.222,2,2,3.8387010526813095,,,False
1527,1895,False,0.637,0,2,2.206662528721385,,,False
1527,557,False,0.112,1,3,1.48786358226166,0.00682301027700305,0.9828598728849953,False
1527,63,False,0.18,1,0,,,,False
1527,718,False,0.167,20,37,1.0149162556985676,0.5657282471656799,0.8427651734258843,True
1527,824,False,0.047,1,2,0.09978141833718661,,,False
1527,im0200,True,0.169,1,3,0.969647822389181,0.009042955003678799,0.44172858818928434,False
1527,im0244,True,0.077,1,2,0.7077476073518203,-0.00024023701553232968,0.38144177614646047,False
1528,1539,False,0.57,0,2,9.194032890384337,,,False
1528,1630,False,0.567,0,3,0.8088501439785938,-0.0012755512725561857,0.6126690842436963,False
1528,1737,False,0.589,0,2,1.0397883410383941,-0.003909093793481588,0.6591987544575652,False
1528,293,False,0.005,1,2,0.32584626500881025,,,False
1528,451,False,0.102,1,3,0.29986834704948984,,,False
1528,530,False,0.123,1,2,0.5165277097641612,,,False
1528,66,False,0.141,1,2,1.494173366824767,-0.0014690184034407139,0.25714209043338254,False
1528,689,False,0.252,68,104,1.0110731001432998,0.5920236706733704,0.9028942008789795,True
1528,99,False,0.095,1,3,2.399153781133573,,,False
1528,im0028,True,-0.083,1,2,0.2754992186109009,,,False
1529,1548,False,0.737,0,3,1.0578477340600818,-0.003765731817111373,0.9923333123860995,False
1529,1661,False,0.73,0,2,0.419541502286852,,,False
1529,1717,False,0.805,0,3,1.018367305224158,0.001648342702537775,0.9964362081254454,False
1529,1737,False,0.643,1,3,1.8749524909685598,,,False
1529,288,False,0.307,1,3,1.3205833986864535,0.009898724034428596,0.8952662403954651,False
1529,563,False,0.288,1,3,0.261124836884597,,,False
1529,737,False,0.292,1,2,1.793733361343157,,,False
1529,901,False,0.475,1,2,0.6744785688899012,0.01108627486974001,0.29825211437776883,False
1529,aria_a_13_2,True,0.425,0,3,4.010114051340726,,,False
1529,aria_c_35_27,True,0.128,1,2,1.3867504493514555,-0.012229114770889282,0.9932947195916785,False
153,229,False,0.775,0,3,1.013752169709724,0.014687555842101574,0.9994887663123907,False
153,550,False,0.826,0,3,0.10081650296662516,,,False
153,664,False,0.265,1,0,,,,False
153,702,False,0.748,2,3,0.9478126625174818,-0.007648435886949301,0.8962948651897648,False
153,736,False,0.624,0,2,0.5448310564728969,,,False
153,827,False,0.341,1,3,2.7144247754988147,,,False
153,928,False,0.297,1,0,,,,False
1530,1639,False,0.509,0,2,2.0628802791180583,,,False
1530,1683,False,0.512,0,0,,,,False
1530,1686,False,0.629,0,0,,,,False
1530,583,False,0.098,2,4,0.6791328971773286,0.02765118144452572,0.43146027585614233,False
1530,884,False,-0.048,2,0,,,,False
1530,im0083,True,0.01,1,3,1.2526162863312982,0.011385356076061726,0.5774575616671692,False
1531,1635,False,0.64,0,0,,,,False
1531,1648,False,0.587,0,0,,,,False
1531,1719,False,0.724,0,0,,,,False
1531,1720,False,0.653,0,0,,,,False
1531,1901,False,0.739,0,0,,,,False
1531,697,False,0.239,4,0,,,,False
1531,im0221,True,0.554,0,0,,,,False
1532,1646,False,-0.061,1,0,,,,False
1532,1649,False,0.406,0,0,,,,False
1532,1711,False,0.419,0,0,,,,False
1532,1908,False,0.426,0,0,,,,False
1532,im0306,True,-0.029,1,0,,,,False
1532,im0314,True,0.357,0,0,,,,False
1533,1583,False,0.713,0,0,,,,False
1533,1652,False,0.705,0,0,,,,False
1533,1892,False,0.743,0,3,0.9440663907541947,0.030134685337543488,0.9265723633798363,False
1533,424,False,-0.014,1,0,,,,False
1533,aria_c_24_12,True,0.535,0,0,,,,False
1533,aria_c_4_8,True,0.623,0,3,9.222592787720663,,,False
1533,im0306,True,-0.045,1,2,0.9763014354713898,0.004499094095081091,0.6441585644336715,False
1533,im0359,True,0.042,2,3,0.35762888079373417,,,False
1533,im0373,True,0.62,0,2,1.177947759832649,0.03169083967804909,0.9983006093068529,False
1533,im0401,True,0.437,0,0,,,,False
1534,1607,False,0.721,0,0,,,,False
1534,501,False,0.14,1,0,,,,False
1534,aria_d_13_2,True,0.414,0,0,,,,False
1534,im0227,True,0.385,0,0,,,,False
1535,1541,False,0.69,0,3,0.3015048625754857,,,False
1535,1557,False,0.612,0,3,0.9808595162508781,0.0028478256426751614,0.6885963174488173,False
1535,1562,False,0.697,0,2,0.7958758980590844,0.001910848543047905,0.5878103556538612,False
1535,1631,False,0.468,0,3,1.2775342412790158,0.034005094319581985,1.0,False
1535,1898,False,0.327,1,3,1.7650469910852,,,False
1535,1912,False,0.706,0,2,0.6355150791036764,,,False
1535,679,False,0.083,2,2,0.9417603532088876,0.008261806331574917,0.5454286696311572,False
1535,694,False,0.142,1,2,0.23038329893629794,,,False
1535,698,False,0.169,44,98,0.9973141119815814,0.6506568193435669,0.7895595870222327,True
1536,1540,False,-0.039,1,2,0.7557915130913919,-0.0076233805157244205,0.24600423702197885,False
1536,1557,False,0.582,0,3,0.2559234385358108,,,False
1536,1682,False,0.611,0,2,2.1084608650628685,,,False
1536,1906,False,0.575,0,3,0.3383634540221399,,,False
1536,391,False,0.005,1,2,2.1571826951592854,,,False
1536,710,False,0.129,1,0,,,,False
1536,im0140,True,0.096,1,3,0.2988479905889181,,,False
1536,im0157,True,0.076,1,3,0.2836676387601057,,,False
1536,im0186,True,0.497,0,0,,,,False
1537,1543,False,0.782,0,3,0.7872395631353593,0.007574820891022682,0.6383027549927625,False
1537,1633,False,0.523,0,2,1.4664761300455977,-0.010930846445262432,0.9565796861441785,False
1537,1715,False,0.749,0,2,0.4673450921324443,,,False
1537,1719,False,0.804,0,3,0.915072315793284,0.029940202832221985,0.8294737915677465,False
1537,255,False,0.194,1,3,0.018968298806253503,,,False
1537,926,False,0.356,1,3,0.14701968908722743,,,False
1538,1909,False,0.525,0,0,,,,False
1538,92,False,0.541,0,4,1.1542552091981166,0.046721071004867554,0.9790282235987504,False
1538,aria_d_10_19,True,0.039,1,2,1.0681086641241868,0.004378146957606077,0.7232340518002418,False
1538,im0177,True,0.181,1,3,2.0389603435684,,,False
1538,im0353,True,-0.121,1,0,,,,False
1539,1563,False,0.554,3,3,1.5489872674416836,,,False
1539,1585,False,0.651,0,2,1.853925476374764,,,False
1539,1702,False,0.652,0,3,1.1548698203998558,0.009861201979219913,0.6575161605596612,False
1539,1731,False,0.782,0,3,0.47001812040315,,,False
1539,299,False,0.067,1,2,0.7151137767629931,-0.003916153684258461,0.19024228237172106,False
1539,802,False,0.154,1,3,1.0374733798347775,0.020021753385663033,0.6277054881031082,False
154,1829,False,0.77,0,0,,,,False
154,1857,False,-0.039,1,0,,,,False
154,1859,False,0.335,1,0,,,,False
154,201,False,0.613,0,0,,,,False
154,234,False,0.809,0,0,,,,False
154,447,False,0.529,0,0,,,,False
154,545,False,0.512,0,0,,,,False
154,810,False,0.525,1,2,0.5622248665780392,,,False
1540,1565,False,0.525,1,3,4.376285981626414,,,False
1540,1596,False,0.571,0,3,7.868391545285925,,,False
1540,1656,False,0.08,2,4,0.7107463002760404,0.009657616727054119,0.47935030599478023,False
1540,1702,False,0.235,1,3,0.7764115674591985,0.014325509779155254,0.3891051250835891,False
1540,1911,False,0.407,0,2,1.1242699831890792,-0.0072898962534964085,0.4822398928214634,False
1540,695,False,0.133,2,2,0.1654311914651355,,,False
1540,im0034,True,-0.06,1,2,0.7169325718116357,-0.011108680628240108,0.47937385917362685,False
1540,im0203,True,0.249,0,0,,,,False
1541,1569,False,0.495,1,3,0.6819295816554267,0.007636271882802248,0.28067908566793176,False
1541,1586,False,0.741,0,0,,,,False
1541,1628,False,0.62,0,2,1.107837372182491,0.0022810182999819517,0.44219587663920024,False
1541,1639,False,0.188,2,2,0.571124657222,,,False
1541,1736,False,0.683,0,3,0.58819253101401,,,False
1541,679,False,0.004,1,2,1.290562606338397,-0.005109269637614489,0.9386801572468905,False
1541,868,False,0.117,2,2,0.783139898743251,-0.004213600419461727,0.5505763495176935,False
1541,im0124,True,0.231,1,4,0.20700747687792642,,,False
1542,1546,False,0.431,0,2,0.6166808267504903,,,False
1542,1588,False,0.709,0,2,0.9908307590372561,-0.003277780022472143,0.8690143237275662,False
1542,1625,False,0.508,1,3,0.11906355288086864,,,False
1542,1705,False,0.408,1,3,0.5653764884657545,,,False
1542,1896,False,0.679,0,3,1.0369439832304443,0.024729741737246513,0.9151737865564232,False
1542,426,False,0.083,1,3,0.9581118314409397,0.004384720232337713,0.6835000428375599,False
1543,1554,False,0.772,0,4,0.9819662064663052,0.0070945448242127895,0.924651178580724,False
1543,1569,False,0.804,0,3,0.5297214090203904,,,False
1543,1629,False,0.727,0,2,0.11836904262908438,,,False
1543,1633,False,0.519,0,2,0.8755094957560545,-0.00031724543077871203,0.40624308796923825,False
1543,1715,False,0.769,0,3,1.0336480309127956,0.008608173578977585,0.9884881569630661,False
1543,1719,False,0.762,0,5,0.7977837206910737,0.012645556591451168,0.5187858733405482,False
1543,1905,False,0.845,0,2,1.0698172789929925,0.015651943162083626,0.8732076904702114,False
1543,284,False,0.275,2,3,0.10551186633357923,,,False
1543,908,False,0.47,1,3,1.3307834468649757,-0.003891018917784095,0.4555330025560066,False
1543,im0016,True,0.116,1,2,0.6573823661096995,,,False
1544,1571,False,0.623,0,2,2.6727915987327604,,,False
1544,1645,False,0.627,0,3,0.531282797224504,,,False
1544,1681,False,0.71,0,3,1.0077213438788153,-0.007439801469445229,0.911455252741253,False
1544,1768,False,0.614,0,3,2.1277954827461403,,,False
1544,1824,False,0.11,2,2,0.987705236636903,-0.0018942186143249273,0.6754300045206983,False
1544,1865,False,0.055,1,3,0.3428483662612912,,,False
1544,859,False,-0.024,1,2,2.0586553611395884,,,False
1544,986,False,0.075,1,2,0.7234050781036233,0.0064731440506875515,0.4847686534263809,False
1544,im0220,True,0.467,0,2,2.0231460653772264,,,False
1545,1566,False,0.578,0,0,,,,False
1545,1595,False,0.545,0,0,,,,False
1545,1617,False,0.477,2,0,,,,False
1545,aria_a_12_15,True,0.428,0,0,,,,False
1545,aria_d_24_21,True,0.404,0,0,,,,False
1546,1582,False,0.43,0,0,,,,False
1546,1597,False,0.467,0,0,,,,False
1546,253,False,0.069,1,0,,,,False
1546,395,False,-0.09,2,3,0.7162968145188892,0.0010333493119105697,0.376958836320012,False
1546,518,False,0.163,1,3,2.396255675661207,,,False
1546,im0072,True,0.097,1,0,,,,False
1547,1595,False,0.354,0,0,,,,False
1547,1694,False,0.359,0,0,,,,False
1547,31,False,-0.105,1,0,,,,False
1547,318,False,0.194,1,2,1.0653640776811717,0.02134152315557003,0.2944782962400263,False
1547,486,False,0.114,1,3,0.8880013537735305,0.0011995361419394612,0.7415646855499981,False
1547,508,False,0.083,1,0,,,,False
1547,565,False,0.22,1,2,0.7412386095826853,-0.005869705229997635,0.5313339203169711,False
1548,1602,False,0.714,0,2,1.7198686452906387,,,False
1548,1659,False,0.693,0,0,,,,False
1548,1661,False,0.729,2,0,,,,False
1548,1692,False,0.553,0,0,,,,False
1548,1698,False,0.123,2,2,0.42093248396742466,,,False
1548,1714,False,0.604,1,2,1.8205266153939395,,,False
1548,1717,False,0.828,0,3,1.0321631841003307,0.010939963161945343,0.9962212492504724,False
1548,1896,False,0.757,0,0,,,,False
1548,440,False,0.095,1,2,1.6350752071845585,,,False
1548,517,False,0.045,1,0,,,,False
1549,1587,False,0.699,0,0,,,,False
1549,1607,False,0.86,0,0,,,,False
1549,1706,False,0.161,1,0,,,,False
1549,1739,False,0.783,0,0,,,,False
1549,711,False,0.258,6,13,1.004395036795657,0.49942800402641296,0.857971497535198,True
1549,791,False,-0.078,1,0,,,,False
1549,aria_a_27_11,True,0.522,0,0,,,,False
1549,aria_d_1_2,True,0.473,0,0,,,,False
1549,im0373,True,0.001,1,0,,,,False
155,1649,False,-0.035,1,2,0.8546550972175267,-0.005093332380056381,0.5825527560924595,False
155,1847,False,0.024,1,3,1.1678734654311276,-0.01124550774693489,0.3694011183048852,False
155,1858,False,0.195,1,3,0.32395720004865214,,,False
155,282,False,0.798,0,3,0.7550302395048331,-0.0006527489749714732,0.3676577073133828,False
155,677,False,0.771,0,2,0.7362683614306914,-0.004894401878118515,0.5130301892862889,False
155,905,False,0.272,1,4,0.14416674025915877,,,False
155,942,False,0.296,1,3,1.7875954117348745,,,False
155,aria_c_31_2,True,0.09,1,3,0.3673900239060543,,,False
155,im0251,True,-0.272,1,2,0.763430902048093,0.00481188902631402,0.59137572531217,False
1550,1579,False,0.438,0,0,,,,False
1550,1632,False,0.495,0,0,,,,False
1550,1686,False,0.504,0,0,,,,False
1550,1866,False,0.59,1,0,,,,False
1550,im0177,True,0.066,1,0,,,,False
1550,im0214,True,0.343,0,0,,,,False
1550,im0352,True,0.348,0,0,,,,False
1551,1689,False,0.623,0,0,,,,False
1551,31,False,0.476,0,0,,,,False
1551,721,False,0.065,1,0,,,,False
1551,aria_d_16_22,True,0.648,0,0,,,,False
1551,aria_d_18_2,True,-0.074,1,0,,,,False
1551,im0029,True,0.565,0,0,,,,False
1551,im0058,True,0.445,0,0,,,,False
1551,im0278,True,0.548,0,0,,,,False
1551,im0320,True,0.396,0,0,,,,False
1552,1759,False,0.021,1,0,,,,False
1552,604,False,0.039,1,0,,,,False
1552,722,False,0.287,2,4,1.0080057390628367,0.3148287236690521,0.6107556474109452,False
1552,aria_c_35_26,True,0.335,0,0,,,,False
1552,im0127,True,0.371,0,0,,,,False
1553,1576,False,0.37,0,0,,,,False
1553,1898,False,0.339,0,2,0.79270445026195,0.017680317163467407,0.6195938631739428,False
1553,611,False,0.052,1,2,0.7653582676500482,0.0013559358194470406,0.4675800558779282,False
1553,69,False,-0.059,1,3,0.9339709346141976,0.004807677119970322,0.6331389490384409,False
1553,im0238,True,0.394,0,2,0.20007236333626258,,,False
1554,1569,False,0.737,0,3,1.0318196379449376,-0.004526905249804258,1.0,False
1554,1629,False,0.724,0,4,0.4704115980532683,,,False
1554,1668,False,0.529,0,2,1.6390425342955648,,,False
1554,1905,False,0.76,0,3,1.4532595302098494,0.004492894746363163,1.0,False
1554,305,False,0.199,1,2,0.15606951712362482,,,False
1554,794,False,-0.056,1,0,,,,False
1554,aria_a_34_6,True,0.544,0,2,0.22123612081482982,,,False
1554,im0154,True,0.327,2,2,1.5297286487840394,,,False
1554,im0191,True,0.396,0,0,,,,False
1555,1572,False,0.525,0,0,,,,False
1555,1603,False,0.737,0,2,3.277266435490677,,,False
1555,1604,False,0.745,0,3,0.048035288705198936,,,False
1555,1623,False,0.763,0,2,2.786419755164397,,,False
1555,1634,False,0.731,0,2,0.17279622540213704,,,False
1555,1644,False,0.264,1,0,,,,False
1555,1674,False,0.507,0,0,,,,False
1555,1685,False,0.71,0,0,,,,False
1555,1768,False,0.218,1,3,1.9117106801603052,,,False
1555,1798,False,0.071,1,0,,,,False
1555,aria_c_41_3,True,0.01,1,0,,,,False
1555,im0032,True,0.15,1,4,0.07531557176627889,,,False
1556,1566,False,0.683,0,2,0.820381449030657,-0.0022131947334855795,0.4490551431799879,False
1556,1614,False,0.639,0,0,,,,False
1556,1657,False,0.543,1,2,0.11389594503304981,,,False
1556,1830,False,0.127,1,2,1.5049833499990004,,,False
1556,1909,False,0.672,0,2,3.4475731368963665,,,False
1556,42,False,0.297,1,2,0.42818826215981687,,,False
1556,im0069,True,0.448,0,0,,,,False
1556,im0247,True,0.409,0,2,0.6418523586237144,,,False
1557,1584,False,0.338,1,2,1.354515170019148,-0.013945294544100761,1.0,False
1557,1682,False,0.627,0,4,1.0351925767068675,0.014567294158041477,0.9999206587589896,False
1557,1701,False,0.583,0,2,0.5911713155894974,,,False
1557,443,False,0.132,2,2,4.007222668180976,,,False
1557,796,False,0.136,1,3,0.3562782422639651,,,False
1557,aria_c_27_3,True,0.076,2,2,1.4048403955592634,-0.021075915545225143,0.6268834119909107,False
1558,1637,False,0.709,0,2,1.0338384480111296,-0.0028533232398331165,0.9900689061641857,False
1558,1678,False,0.574,0,2,1.070904885265263,-0.0021263202652335167,0.9383703100156734,False
1558,1696,False,0.145,1,4,0.6648855201573769,,,False
1558,1758,False,0.182,1,2,0.08614739843993839,,,False
1558,1861,False,0.089,1,2,0.6493388901264959,,,False
1558,1883,False,0.07,2,3,0.9300941543073573,-0.011090869084000587,0.7109256612249724,False
1558,1918,False,0.708,0,4,0.6942234605971972,-0.014092454686760902,0.4892437994353578,False
1558,623,False,0.085,1,3,0.4928961184081626,,,False
1558,aria_c_45_12,True,0.535,0,3,0.07336932781092909,,,False
1558,im0211,True,-0.158,1,5,0.024710225988255143,,,False
1559,1565,False,0.635,0,2,1.5847575082236418,,,False
1559,1739,False,0.604,0,3,0.4657475329403385,,,False
1559,aria_c_38_2,True,0.009,2,2,1.6251955087241663,,,False
1559,aria_c_6_2,True,-0.081,2,3,0.25666893545660624,,,False
1559,im0101,True,-0.057,2,3,4.6845935844376285,,,False
1559,im0362,True,0.506,0,3,0.1944656121264326,,,False
156,261,False,0.527,1,2,1.1632972504474612,-0.017275918275117874,0.9580816803801881,False
156,342,False,0.721,0,2,1.1587686090681728,0.002383167389780283,1.0,False
156,642,False,0.333,2,3,1.0916202028487718,-0.006831130478531122,0.8172858755847089,False
156,762,False,0.736,0,3,0.9953446473577966,-0.00905818585306406,0.9706796095631235,False
156,831,False,0.591,1,4,1.0441525145334323,-0.007854210212826729,0.9829982719203151,False
156,916,False,0.376,1,2,0.9613016753779974,0.029377978295087814,0.79452494595578,False
156,im0237,True,-0.076,1,3,3.7372147335086896,,,False
156,im0297,True,0.088,1,4,0.47638232152028753,,,False
1560,1566,False,0.796,0,0,,,,False
1560,1569,False,0.589,1,0,,,,False
1560,1580,False,0.689,0,0,,,,False
1560,1595,False,0.858,2,0,,,,False
1560,1611,False,0.711,0,0,,,,False
1560,1618,False,0.783,1,0,,,,False
1560,1634,False,0.788,0,0,,,,False
1560,1647,False,0.634,0,0,,,,False
1560,1694,False,0.815,0,0,,,,False
1561,1754,False,0.398,0,0,,,,False
1561,188,False,0.028,1,2,0.6404609516243377,,,False
1561,1881,False,-0.116,2,3,0.13075384945659443,,,False
1561,1906,False,0.418,0,0,,,,False
1561,388,False,0.065,1,2,1.8695733603440183,,,False
1561,aria_a_14_19,True,0.029,1,0,,,,False
1561,im0096,True,0.409,0,2,0.23562199127088274,,,False
1562,1636,False,0.72,0,3,1.0864390074913728,-0.027216510847210884,0.9650757897882023,False
1562,1695,False,0.684,0,3,0.01993878314097485,,,False
1562,1837,False,0.095,1,3,1.4831717901066614,0.013304391875863075,0.8743542474973741,False
1562,277,False,0.081,1,3,0.6413557590492807,,,False
1562,aria_c_33_4,True,-0.002,1,2,0.1630356329692083,,,False
1562,im0104,True,0.073,1,3,1.5591894618744455,,,False
1563,1615,False,0.659,0,0,,,,False
1563,1630,False,0.751,0,2,0.5794091974701223,,,False
1563,1907,False,0.138,1,0,,,,False
1563,738,False,0.248,84,171,0.9924731377762613,0.6556893587112427,0.8809559572984282,True
1564,1580,False,0.167,2,2,0.4996134006052691,,,False
1564,1585,False,0.717,0,2,0.49184485959939683,,,False
1564,1591,False,0.702,1,4,1.0879328666379287,0.09667091816663742,0.9956214713454699,False
1564,1646,False,0.672,0,0,,,,False
1564,1656,False,0.534,0,2,2.184876323709165,,,False
1564,1679,False,0.702,0,4,1.1395880887033043,-0.018369833007454872,0.9697670604602239,False
1564,1705,False,0.224,1,0,,,,False
1564,1714,False,0.73,0,2,0.21320826563753328,,,False
1564,1871,False,0.153,1,0,,,,False
1564,1893,False,0.706,0,4,0.7336520883625337,-0.004480043891817331,0.539149698020419,False
1564,30,False,0.107,2,0,,,,False
1564,344,False,0.098,1,4,1.0081904214432345,0.0429767370223999,0.8222290122166294,False
1564,828,False,0.342,1,3,0.5333913133423152,,,False
1565,1573,False,0.684,0,0,,,,False
1565,1618,False,0.712,0,0,,,,False
1565,1691,False,0.249,1,2,1.7745295007806245,,,False
1565,1725,False,0.717,0,2,0.8170414091710876,-0.014601366594433784,0.4938979637120863,False
1565,1800,False,0.149,1,2,0.6390067035544096,,,False
1565,1905,False,0.3,1,2,1.1654294685347386,-0.0033640859182924032,0.5976896739696326,False
1565,42,False,0.292,2,3,4.797962781397202,,,False
1565,aria_c_6_5,True,0.005,2,0,,,,False
1565,aria_d_7_22,True,0.083,1,4,0.7799842591830383,0.014776257798075676,0.6036865033463966,False
1565,im0038,True,-0.134,1,3,0.15987678633532373,,,False
1565,im0082,True,0.534,0,4,0.8779019540513323,0.007449844852089882,0.4131589241791749,False
1565,im0259,True,0.471,0,3,0.19672972762128416,,,False
1565,im0362,True,0.533,0,3,0.15165735966339342,,,False
1566,1595,False,0.864,0,0,,,,False
1566,1613,False,0.708,0,0,,,,False
1566,1617,False,0.778,0,0,,,,False
1566,1621,False,0.698,0,0,,,,False
1566,1625,False,0.767,0,0,,,,False
1566,1651,False,0.616,1,0,,,,False
1566,1680,False,0.786,0,0,,,,False
1566,1694,False,0.827,0,0,,,,False
1566,1722,False,0.755,0,0,,,,False
1566,1904,False,0.657,0,0,,,,False
1566,im0012,True,0.604,0,0,,,,False
1566,im0172,True,0.504,0,0,,,,False
1566,im0380,True,0.433,0,0,,,,False
1567,1575,False,0.505,0,0,,,,False
1567,1576,False,0.568,0,0,,,,False
1567,1683,False,0.65,0,0,,,,False
1567,1698,False,0.47,0,0,,,,False
1567,745,False,-0.115,2,0,,,,False
1567,790,False,0.146,1,0,,,,False
1567,aria_d_11_22,True,0.076,1,0,,,,False
1567,im0064,True,0.423,0,0,,,,False
1568,1593,False,0.674,0,0,,,,False
1568,1609,False,0.757,0,0,,,,False
1568,1671,False,0.685,0,0,,,,False
1568,1710,False,0.714,0,0,,,,False
1568,1916,False,0.712,0,0,,,,False
1568,744,False,0.109,13,14,1.0464322866854028,0.26864713430404663,0.9145274431057564,True
1568,aria_c_25_10,True,0.676,0,0,,,,False
1569,1905,False,0.803,0,5,0.9690810671798237,0.018091831356287003,0.9745631389074338,False
1569,214,False,0.078,2,3,1.3314279415381591,0.0010135062038898468,0.8422988205596901,False
1569,283,False,-0.019,1,3,1.7663740856537609,,,False
1569,803,False,0.257,1,0,,,,False
1569,aria_c_26_2,True,0.079,1,3,0.8349728087817817,-0.011226482689380646,0.23675484754559215,False
157,450,False,0.448,0,0,,,,False
157,746,False,0.587,0,0,,,,False
1570,1584,False,0.726,0,2,3.6863505135464827,,,False
1570,1610,False,0.715,0,2,1.6214077487729106,,,False
1570,1735,False,0.661,0,3,0.8891251258872683,0.021837143227458,0.8025977343854331,False
1570,1897,False,0.12,1,0,,,,False
1570,294,False,0.061,1,3,0.16257060595586784,,,False
1570,520,False,0.243,1,3,0.9671122368589309,-0.007007247302681208,0.8573242470024751,False
1570,aria_a_15_35,True,0.435,0,0,,,,False
1570,im0039,True,0.575,0,0,,,,False
1570,im0260,True,0.017,1,0,,,,False
1571,1594,False,0.724,0,3,1.3073270903682612,0.007941550575196743,0.42341750832139124,False
1571,1599,False,0.764,0,3,1.0273690736403556,0.0013013468123972416,0.9875839314656171,False
1571,1608,False,0.728,0,2,0.10702720394666049,,,False
1571,1620,False,0.619,0,2,2.0851961693181065,,,False
1571,1645,False,0.781,0,2,0.9431041020548491,0.005743447691202164,0.8562488632229902,False
1571,1705,False,0.739,0,0,,,,False
1571,1708,False,0.658,0,0,,,,False
1571,439,False,0.059,1,2,1.0296273837178593,0.005160994362086058,0.7129380270378798,False
1571,523,False,-0.032,1,4,0.9653645717002088,-0.0006538094021379948,0.7453063452646002,False
1571,770,False,-0.182,11,16,1.011464436619,0.4199754595756531,0.737650951108575,True
1571,aria_d_14_2,True,0.058,1,3,0.34447304696546777,,,False
1572,1623,False,0.521,0,0,,,,False
1572,1685,False,0.564,0,3,2.1527508512304547,,,False
1572,375,False,0.011,2,2,0.7184447875296307,-0.020836399868130684,0.4884037322306613,False
1572,aria_a_15_35,True,0.099,1,0,,,,False
1572,im0145,True,0.454,0,0,,,,False
1572,im0156,True,0.041,1,0,,,,False
1573,1596,False,0.774,0,0,,,,False
1573,801,False,-0.134,1,0,,,,False
1574,1640,False,0.434,0,0,,,,False
1574,1677,False,0.402,0,0,,,,False
1574,aria_a_43_9,True,0.34,0,0,,,,False
1574,aria_d_14_2,True,0.434,0,0,,,,False
1574,im0020,True,0.358,0,0,,,,False
1574,im0155,True,0.364,0,0,,,,False
1575,1576,False,0.578,0,0,,,,False
1575,1577,False,0.674,0,0,,,,False
1575,1677,False,0.606,0,0,,,,False
1575,1683,False,0.613,0,0,,,,False
1576,1653,False,0.548,0,0,,,,False
1576,1655,False,0.646,0,0,,,,False
1576,1683,False,0.589,0,0,,,,False
1577,1598,False,0.59,0,0,,,,False
1577,1632,False,0.528,0,0,,,,False
1577,1677,False,0.653,0,0,,,,False
1577,1683,False,0.679,0,0,,,,False
1577,49,False,0.008,1,0,,,,False
1578,1641,False,0.401,0,0,,,,False
1578,1670,False,0.361,0,0,,,,False
1578,1715,False,0.39,0,0,,,,False
1579,1632,False,0.499,0,0,,,,False
1579,1655,False,0.438,0,0,,,,False
1579,aria_d_24_21,True,0.409,0,0,,,,False
1579,im0033,True,0.363,0,0,,,,False
158,225,False,0.148,1,0,,,,False
158,234,False,0.752,0,0,,,,False
158,328,False,0.752,0,0,,,,False
158,665,False,0.362,1,0,,,,False
158,679,False,0.278,1,2,0.9473117778997869,0.010319937951862812,0.8960763463727954,False
158,784,False,0.772,0,5,0.9824440544258299,0.016649799421429634,0.9561559687804249,False
158,865,False,0.211,1,0,,,,False
158,876,False,0.493,0,2,0.42188753305371424,,,False
158,947,False,0.124,1,0,,,,False
1580,1618,False,0.77,0,2,0.8507286329177718,-0.003107562894001603,0.7268371370534114,False
1580,1634,False,0.699,0,0,,,,False
1581,1593,False,0.487,0,0,,,,False
1581,1600,False,0.535,0,0,,,,False
1581,1726,False,0.492,0,0,,,,False
1581,527,False,0.003,1,0,,,,False
1581,759,False,-0.151,1,0,,,,False
1582,1672,False,0.624,0,0,,,,False
1582,1682,False,0.698,0,0,,,,False
1582,1723,False,0.666,0,0,,,,False
1582,1738,False,0.66,0,3,0.21870676531534244,,,False
1582,321,False,0.105,1,2,0.5783083574861427,,,False
1582,602,False,0.065,1,0,,,,False
1582,702,False,-0.133,1,2,1.1709610544160818,0.0024565455969423056,0.490726429675425,False
1582,8,False,0.103,1,0,,,,False
1582,81,False,0.026,1,2,0.8208493315414616,0.003274512942880392,0.49637125024735396,False
1583,1892,False,0.722,0,0,,,,False
1583,1896,False,0.786,0,0,,,,False
1583,1897,False,0.747,0,0,,,,False
1583,380,False,0.052,1,0,,,,False
1583,57,False,0.576,0,0,,,,False
1583,aria_c_1_7,True,0.688,0,0,,,,False
1583,aria_c_32_21,True,0.666,0,0,,,,False
1583,aria_c_4_8,True,0.626,0,0,,,,False
1583,aria_c_7_2,True,0.586,0,0,,,,False
1583,aria_d_17_12,True,0.573,0,0,,,,False
1583,aria_d_1_19,True,0.519,0,0,,,,False
1583,im0193,True,0.616,0,0,,,,False
1583,im0373,True,0.534,0,0,,,,False
1584,1673,False,0.395,2,0,,,,False
1584,1675,False,0.788,0,0,,,,False
1584,1691,False,0.815,0,0,,,,False
1584,1716,False,0.764,1,0,,,,False
1584,1735,False,0.743,0,0,,,,False
1584,1902,False,0.587,0,0,,,,False
1584,775,False,-0.12,12,13,0.9858402962689816,0.31814301013946533,0.5473793672745205,True
1584,aria_c_31_2,True,0.608,0,0,,,,False
1584,im0039,True,0.51,0,0,,,,False
1584,im0140,True,0.395,0,0,,,,False
1585,1601,False,0.619,0,0,,,,False
1585,1621,False,0.779,0,0,,,,False
1585,1650,False,0.714,0,0,,,,False
1585,1676,False,0.477,1,0,,,,False
1585,1714,False,0.711,0,0,,,,False
1585,1893,False,0.765,0,0,,,,False
1585,im0187,True,0.36,0,0,,,,False
1586,1587,False,0.411,2,4,1.050515597118139,0.002089042915031314,0.5506226685796269,False
1586,1628,False,0.66,0,3,1.0807724976783393,0.011813890188932419,0.9167563952895307,False
1586,1657,False,0.759,0,3,0.5966508260585325,,,False
1586,1736,False,0.76,0,2,0.467780217883073,,,False
1586,1896,False,0.318,1,2,1.3847918316083625,0.00815578643232584,0.4487543737275784,False
1586,706,False,0.119,1,3,1.0467196159472287,-0.005413460545241833,0.8576043617552201,False
1586,im0077,True,0.219,1,3,0.6363128430768649,,,False
1586,im0376,True,0.386,0,3,1.669444638891457,,,False
1587,1610,False,0.731,0,2,1.0690640764383612,0.00029588688630610704,0.5504477102817021,False
1587,500,False,0.103,1,3,0.9258765779547209,0.005175103433430195,0.6294463181412453,False
1587,aria_c_3_2,True,0.122,1,3,0.47680599510804245,,,False
1587,im0081,True,0.095,1,3,3.108725717351108,,,False
1587,im0101,True,0.099,1,2,27.073966206964332,,,False
1588,1630,False,0.653,0,2,0.5754956394184231,,,False
1588,1902,False,0.368,1,4,0.6771707368005602,0.009150085970759392,0.5243861354065436,False
1588,741,False,0.073,1,4,0.015839890034969523,,,False
1588,839,False,0.184,1,3,1.0141141905592814,0.029972435906529427,0.8136053329049876,False
1588,im0111,True,0.183,2,4,0.9415652443053244,0.010834668762981892,0.7999400512289498,False
1588,im0353,True,-0.048,1,2,0.38791131629809295,,,False
1589,1684,False,0.742,1,3,0.9536893862248328,0.03461676090955734,0.9091603398920582,False
1589,1709,False,0.754,0,2,0.41717551213731463,,,False
1589,1897,False,0.751,0,3,0.09966926232523635,,,False
1589,1909,False,0.196,1,0,,,,False
1589,238,False,0.15,1,0,,,,False
1589,593,False,0.025,1,3,1.139022296650919,0.00930037721991539,0.58150060184566,False
1589,619,False,0.047,2,3,0.6563520054649262,,,False
1589,im0059,True,0.175,2,2,1.397067257021764,0.023217130452394485,0.9843875362684495,False
1589,im0364,True,0.111,1,0,,,,False
159,1840,False,0.52,0,3,0.8474802346285967,-0.020658528432250023,0.3421126752467394,False
159,261,False,-0.022,1,2,0.7523458348393925,0.0022856302093714476,0.524223049443771,False
159,302,False,0.703,0,3,0.996964177651288,-0.020688053220510483,0.9791473710697212,False
159,309,False,0.689,2,3,1.0231885245246073,-0.016962489113211632,0.9984665608753961,False
159,755,False,0.294,1,0,,,,False
159,775,False,0.713,0,3,0.6892448059554936,0.012163696810603142,0.4748871664576164,False
159,818,False,0.093,2,2,2.2741754626369612,,,False
1590,1688,False,0.741,0,0,,,,False
1590,1728,False,0.716,0,0,,,,False
1590,1730,False,0.133,1,0,,,,False
1590,1898,False,0.7,0,0,,,,False
1590,1907,False,0.754,0,2,0.31854747507105513,,,False
1590,647,False,0.08,1,2,1.3013761860171735,0.006982224062085152,0.9223412623070872,False
1590,669,False,-0.255,1,0,,,,False
1590,aria_d_12_2,True,0.586,0,0,,,,False
1590,im0038,True,0.463,0,0,,,,False
1591,1650,False,0.712,0,2,0.7896554485536031,-0.01804916001856327,0.14009623594203227,False
1591,1714,False,0.738,0,2,0.0980994634973379,,,False
1591,1803,False,0.059,2,3,0.9875796671016706,-0.014216833747923374,0.34535445093169037,False
1591,1889,False,-0.04,1,2,1.2911960937451152,-0.0017776460153982043,0.6114805403236592,False
1591,563,False,0.34,1,2,5.093789325847556,,,False
1591,614,False,0.038,1,3,0.5376397319143947,,,False
1591,im0013,True,0.379,0,0,,,,False
1591,im0105,True,0.131,2,2,2.3550742989517417,,,False
1591,im0212,True,0.16,1,3,0.8804124568435092,0.010509837418794632,0.25702767368432555,False
1592,168,False,0.004,1,3,0.03132804802263938,,,False
1592,1716,False,0.631,1,2,0.9424463444439936,-0.004140141885727644,0.8522154327128038,False
1592,1739,False,0.666,0,4,0.2148660672337525,,,False
1592,1894,False,0.698,0,3,0.27344950252444855,,,False
1592,922,False,0.055,1,2,0.4680079238856972,,,False
1592,996,False,-0.014,1,0,,,,False
1592,im0076,True,0.444,1,3,1.2004904220396853,-0.006009511649608612,0.9373051662332884,False
1592,im0171,True,0.37,0,2,0.1472756796672889,,,False
1593,1637,False,0.707,0,3,1.059264742605661,0.013690141029655933,0.9997112395748994,False
1593,1671,False,0.673,0,0,,,,False
1593,1678,False,0.581,0,2,0.5969507384657842,,,False
1593,1717,False,0.532,1,0,,,,False
1593,1900,False,0.7,0,0,,,,False
1593,577,False,0.134,1,0,,,,False
1593,aria_c_25_10,True,0.653,0,0,,,,False
1593,aria_d_8_23,True,0.586,0,0,,,,False
1594,1599,False,0.649,0,0,,,,False
1594,1604,False,0.672,0,0,,,,False
1594,1645,False,0.713,0,0,,,,False
1594,1862,False,0.142,1,0,,,,False
1595,1598,False,0.556,0,0,,,,False
1595,1599,False,0.667,0,0,,,,False
1595,1611,False,0.767,0,0,,,,False
1595,1613,False,0.738,0,0,,,,False
1595,1617,False,0.819,0,0,,,,False
1595,1618,False,0.845,0,0,,,,False
1595,1621,False,0.786,0,0,,,,False
1595,1625,False,0.806,1,0,,,,False
1595,1640,False,0.53,0,0,,,,False
1595,1641,False,0.737,0,0,,,,False
1595,1651,False,0.685,2,0,,,,False
1595,1654,False,0.527,0,0,,,,False
1595,1677,False,0.76,0,0,,,,False
1595,1680,False,0.762,0,0,,,,False
1595,1694,False,0.908,2,0,,,,False
1595,1712,False,0.342,0,0,,,,False
1595,1722,False,0.769,0,0,,,,False
1595,1723,False,0.701,0,0,,,,False
1595,1724,False,0.617,0,0,,,,False
1595,1727,False,0.674,0,0,,,,False
1595,1914,False,0.626,0,0,,,,False
1595,1915,False,0.708,0,0,,,,False
1595,im0012,True,0.607,0,0,,,,False
1595,im0190,True,0.424,0,0,,,,False
1595,im0366,True,0.405,0,0,,,,False
1596,1725,False,0.724,0,2,0.803863743079976,0.06773552298545837,0.1326574154675952,False
1596,1904,False,0.692,0,0,,,,False
1596,5,False,0.132,1,2,0.536072988346377,,,False
1596,671,False,0.558,1,0,,,,False
1596,im0076,True,0.599,0,0,,,,False
1596,im0085,True,0.535,0,2,0.18709113508419964,,,False
1596,im0087,True,0.608,0,2,1.333163192723041,0.0011765140807256103,0.21651941625921758,False
1596,im0105,True,0.45,0,0,,,,False
1596,im0170,True,0.594,0,0,,,,False
1596,im0197,True,0.498,0,0,,,,False
1596,im0200,True,0.596,0,2,0.9981013701369321,-0.011889182031154633,0.43532459913961674,False
1596,im0228,True,0.595,0,2,0.6838902721008183,-0.0007376185385510325,0.3011219728949122,False
1597,1609,False,0.735,0,3,1.2603973301438816,0.00739663653075695,0.4396759620936789,False
1597,1642,False,0.182,1,0,,,,False
1597,1644,False,0.709,0,2,0.7973856154628692,-0.01665036380290985,0.6192119675915448,False
1597,1684,False,0.73,0,4,0.9883527962793129,-0.0036372747272253036,0.9512055758590647,False
1597,1734,False,0.743,0,0,,,,False
1597,1837,False,0.212,1,2,1.648089462994092,,,False
1597,1917,False,0.616,0,0,,,,False
1597,287,False,-0.058,1,2,0.9069442064726176,-0.005043509416282177,0.7170693257045844,False
1597,603,False,-0.001,1,3,0.1990214811302316,,,False
1597,im0048,True,0.091,1,0,,,,False
1597,im0189,True,-0.134,1,0,,,,False
1597,im0373,True,0.181,1,0,,,,False
1598,1648,False,0.389,2,0,,,,False
1598,1677,False,0.618,0,0,,,,False
1598,290,False,0.168,3,0,,,,False
1598,643,False,0.123,1,0,,,,False
1599,1608,False,0.625,0,3,1.4040049864545496,0.0114654041826725,0.16723927740219438,False
1599,1705,False,0.625,0,0,,,,False
1599,1878,False,0.04,1,0,,,,False
1599,423,False,0.099,1,2,2.8952068662040507,,,False
1599,im0280,True,0.224,1,0,,,,False
16,1751,False,0.698,0,0,,,,False
16,1834,False,0.695,0,2,1.5316182550184427,,,False
16,254,False,0.334,2,4,0.6629690631532522,,,False
16,310,False,0.149,1,3,0.40704849461029513,,,False
16,35,False,0.528,0,3,0.09608417843170779,,,False
16,36,False,0.701,0,3,0.6710721575558336,0.018633557483553886,0.37149553965612275,False
16,391,False,0.825,1,2,1.3373762024528228,0.012504653073847294,0.3420130222172123,False
16,432,False,0.758,2,3,2.1879215518589414,,,False
16,453,False,0.705,0,0,,,,False
16,454,False,0.671,0,3,0.9154794617372076,0.019675375893712044,0.8363193142244844,False
16,497,False,0.547,0,2,0.7152788677838608,0.03518112376332283,0.14839728153261625,False
16,51,False,0.75,0,2,1.4210147143190748,-0.0018984718481078744,0.46517484915710167,False
16,63,False,0.807,0,3,0.4230989639995511,,,False
16,67,False,0.779,0,3,2.0072987554138,,,False
16,aria_c_26_2,True,-0.17,1,2,0.6215900162499011,,,False
160,1835,False,0.198,1,2,2.5923151827055624,,,False
160,1870,False,0.125,1,2,0.6060278860912673,,,False
160,55,False,0.16,1,2,0.47000244504097477,,,False
160,558,False,0.62,4,3,1.121365879216714,0.012720789760351181,0.999887693327914,False
160,593,False,0.821,0,4,1.019601767759674,0.011974078603088856,0.9978601043199145,False
160,664,False,0.748,4,3,1.0143739048635683,-0.002439050702378154,0.9916285741813238,False
160,947,False,0.752,0,0,,,,False
1600,1625,False,0.719,0,2,0.24762980412296762,,,False
1600,1695,False,0.382,1,3,0.2758252783003726,,,False
1600,1702,False,0.672,0,3,1.7289871585854781,,,False
1600,1714,False,0.685,0,0,,,,False
1600,1720,False,0.604,0,2,0.8208804728048005,-0.00823493767529726,0.669904920645542,False
1600,1782,False,-0.142,1,0,,,,False
1600,285,False,0.081,2,2,0.6867058818768678,-0.0006726879510097206,0.3457727979413499,False
1600,im0325,True,0.104,1,4,0.5505754177812404,,,False
1601,1692,False,0.526,0,2,1.2512935161986027,-0.017726948484778404,0.9995020906534494,False
1601,1893,False,0.616,0,2,0.1913763566576281,,,False
1601,224,False,-0.004,1,2,0.35274794366297063,,,False
1601,372,False,0.167,1,3,0.19427372635748597,,,False
1601,885,False,0.268,1,2,2.02341228501274,,,False
1601,942,False,0.198,1,3,0.782160275702926,0.003960175905376673,0.5809841767395925,False
1601,im0115,True,0.476,0,4,1.3910913829848282,0.01783112809062004,0.8041832980505594,False
1601,im0187,True,0.351,0,0,,,,False
1602,1717,False,0.75,0,2,1.2495178412663115,-0.006705219391733408,0.926223851384222,False
1602,1868,False,0.038,1,0,,,,False
1602,im0012,True,0.416,1,0,,,,False
1602,im0016,True,0.021,1,2,0.5162545320694278,,,False
1602,im0179,True,0.097,1,0,,,,False
1602,im0322,True,-0.096,1,0,,,,False
1603,1604,False,0.768,0,2,72.62977010378029,,,False
1603,1623,False,0.794,0,0,,,,False
1603,1647,False,0.604,0,0,,,,False
1603,1667,False,0.574,0,0,,,,False
1603,18,False,0.158,1,2,0.11762323948796717,,,False
1603,1891,False,0.711,0,0,,,,False
1603,219,False,-0.132,1,2,0.32874865811109577,,,False
1603,337,False,0.325,1,3,0.19167413255104912,,,False
1603,aria_a_5_9,True,0.551,0,0,,,,False
1603,aria_c_34_1,True,0.568,0,0,,,,False
1603,im0087,True,0.19,1,0,,,,False
1603,im0172,True,0.503,0,0,,,,False
1604,1623,False,0.731,0,3,0.3290323636515064,,,False
1604,1674,False,0.552,0,2,0.5705706916469454,,,False
1604,1891,False,0.67,0,0,,,,False
1604,288,False,0.247,2,2,1.2196444890399767,0.00447714002802968,0.8443608618558917,False
1604,im0121,True,0.093,1,3,0.21400307131705268,,,False
1605,1697,False,0.502,0,2,0.9340459985657322,0.00417711678892374,0.8131408244402595,False
1605,1712,False,0.36,0,2,0.15639885313287663,,,False
1605,1795,False,-0.168,1,3,0.8829192447710986,-0.003312924411147833,0.6277666427292897,False
1605,1905,False,0.216,1,3,0.3475274231566662,,,False
1605,747,False,0.555,0,0,,,,False
1605,768,False,0.001,2,4,0.5928314516739059,,,False
1605,aria_d_3_2,True,0.099,1,0,,,,False
1605,im0092,True,0.623,0,2,0.404945677553398,,,False
1605,im0308,True,0.324,0,0,,,,False
1605,im0321,True,0.493,0,3,0.5862234053707054,,,False
1606,1694,False,0.6,0,0,,,,False
1606,1700,False,0.477,0,0,,,,False
1606,1704,False,0.6,0,0,,,,False
1606,1729,False,0.626,0,0,,,,False
1606,93,False,0.165,1,0,,,,False
1606,aria_c_29_2,True,-0.041,1,0,,,,False
1607,1670,False,0.567,2,0,,,,False
1607,1739,False,0.806,0,0,,,,False
1607,aria_a_27_11,True,0.529,0,0,,,,False
1608,1645,False,0.721,0,0,,,,False
1608,375,False,-0.016,1,0,,,,False
1608,442,False,-0.069,1,0,,,,False
1608,aria_d_13_2,True,0.138,1,0,,,,False
1608,aria_d_4_5,True,0.531,0,3,0.3307030685301406,,,False
1608,im0272,True,-0.139,1,0,,,,False
1609,1703,False,0.779,0,0,,,,False
1609,1709,False,0.771,0,0,,,,False
1609,1734,False,0.783,0,0,,,,False
1609,1795,False,0.392,1,0,,,,False
1609,1851,False,0.547,0,0,,,,False
1609,502,False,-0.046,1,0,,,,False
1609,aria_c_36_44,True,0.592,0,0,,,,False
1609,aria_d_13_22,True,0.593,0,0,,,,False
1609,aria_d_22_22,True,0.67,0,0,,,,False
1609,im0235,True,0.545,0,0,,,,False
161,1780,False,0.313,0,2,0.5975428119113525,,,False
161,483,False,0.132,1,0,,,,False
161,567,False,0.038,1,0,,,,False
161,843,False,0.336,0,0,,,,False
161,873,False,0.321,0,2,0.12958426968689954,,,False
161,im0314,True,-0.068,1,2,1.5316366048971555,,,False
161,im0350,True,-0.036,1,3,1.4950502630257205,0.002220967086032033,0.9974589480154549,False
161,im0373,True,0.023,2,2,0.3580856747458528,,,False
1610,1611,False,0.513,1,2,0.30930686580233174,,,False
1610,1662,False,0.704,0,2,2.06689156135855,,,False
1610,318,False,0.183,1,2,1.167165857100047,0.003748912364244461,0.3422658973240021,False
1610,822,False,0.144,1,4,0.9002846615796695,-0.024588143453001976,0.5089927960207622,False
1610,aria_a_15_35,True,0.421,0,0,,,,False
1610,aria_c_34_1,True,0.187,1,2,1.760653445957021,,,False
1610,im0031,True,-0.048,1,0,,,,False
1611,1625,False,0.647,1,2,0.806934224199992,-0.004311169497668743,0.46919218892920067,False
1611,1694,False,0.719,0,0,,,,False
1611,248,False,0.205,1,0,,,,False
1611,844,False,0.175,1,5,1.0247349661989469,0.3456830084323883,0.8402723057543352,False
1612,1616,False,0.624,0,0,,,,False
1612,1711,False,0.654,0,0,,,,False
1612,44,False,0.006,1,0,,,,False
1612,846,False,0.076,2,5,1.000074520671632,0.40610581636428833,0.7791237720180639,False
1612,aria_a_10_10,True,0.401,0,0,,,,False
1613,1683,False,0.689,0,0,,,,False
1613,1699,False,0.559,0,0,,,,False
1614,1909,False,0.765,0,3,0.42005355491926094,,,False
1614,293,False,0.091,2,3,1.8272838649241743,,,False
1614,785,False,-0.151,1,0,,,,False
1614,835,False,0.318,1,2,0.26250397417344046,,,False
1614,aria_d_11_1,True,0.581,0,3,0.11962518608107275,,,False
1615,1617,False,0.696,0,0,,,,False
1615,1630,False,0.775,0,0,,,,False
1615,1652,False,0.773,0,0,,,,False
1616,1620,False,0.608,0,0,,,,False
1616,1681,False,0.74,0,0,,,,False
1616,1711,False,0.79,0,0,,,,False
1616,1909,False,0.674,0,0,,,,False
1616,aria_a_14_11,True,0.133,1,0,,,,False
1617,1625,False,0.725,1,0,,,,False
1617,1694,False,0.782,0,0,,,,False
1617,1914,False,0.658,0,0,,,,False
1617,346,False,0.069,1,0,,,,False
1617,67,False,0.11,2,0,,,,False
1618,1634,False,0.764,0,0,,,,False
1618,1641,False,0.662,0,0,,,,False
1618,1670,False,0.757,0,0,,,,False
1618,1694,False,0.786,0,0,,,,False
1618,1725,False,0.807,0,0,,,,False
1618,aria_d_15_2,True,0.463,0,0,,,,False
1618,aria_d_21_2,True,0.536,0,0,,,,False
1618,im0012,True,0.666,0,0,,,,False
1618,im0147,True,0.458,0,0,,,,False
1618,im0190,True,0.422,0,0,,,,False
1618,im0362,True,0.516,0,0,,,,False
1619,1663,False,0.603,0,0,,,,False
1619,1729,False,0.528,0,0,,,,False
1619,1733,False,0.604,0,0,,,,False
1619,479,False,0.116,2,0,,,,False
1619,542,False,-0.34,1,0,,,,False
1619,aria_a_9_43,True,0.66,0,0,,,,False
1619,aria_c_22_9,True,0.534,0,0,,,,False
1619,aria_c_24_12,True,-0.03,1,0,,,,False
1619,aria_c_46_12,True,0.32,1,0,,,,False
162,20,False,0.678,0,2,0.9683785932479346,-0.016126468777656555,0.39765348762455804,False
162,219,False,0.651,0,0,,,,False
162,275,False,0.669,1,5,0.5468086479462592,,,False
162,549,False,0.708,0,4,0.03506889501884285,,,False
162,553,False,0.405,1,2,2.2932058710427614,,,False
162,801,False,0.735,0,2,0.7950104839973502,-0.005526428110897541,0.5165070156872851,False
162,83,False,0.197,1,0,,,,False
162,aria_d_8_23,True,-0.041,1,3,0.09503214012114974,,,False
162,im0380,True,-0.042,1,2,1.2313075804891465,0.008631814271211624,0.9718250064716542,False
1620,1681,False,0.615,0,0,,,,False
1620,1838,False,0.323,1,0,,,,False
1620,231,False,0.077,1,2,1.1342715988938814,-0.0082045067101717,0.48534299906027656,False
1620,904,False,0.109,1,2,1.133285405657915,-0.010014009661972523,0.30229419703103916,False
1621,1640,False,0.531,0,0,,,,False
1621,1654,False,0.533,0,0,,,,False
1621,1676,False,0.445,0,0,,,,False
1622,1636,False,0.489,1,0,,,,False
1622,1706,False,0.638,0,0,,,,False
1622,1895,False,0.698,0,4,0.5512398548462082,,,False
1622,1899,False,0.66,0,0,,,,False
1622,666,False,0.049,1,0,,,,False
1622,773,False,0.024,1,0,,,,False
1623,1647,False,0.619,0,3,3.0815749327271047,,,False
1623,1685,False,0.697,3,4,0.017648291825734023,,,False
1623,1819,False,-0.09,1,2,1.1443458771326112,-0.0018341486575081944,0.7018121734278939,False
1623,314,False,0.441,1,3,1.4000957722429634,-0.008065161295235157,0.8713060926669098,False
1623,71,False,0.088,1,0,,,,False
1623,im0212,True,0.214,1,0,,,,False
1624,1659,False,0.731,0,0,,,,False
1624,1661,False,0.768,0,2,1.3694780304108998,0.007830246351659298,1.0,False
1624,1707,False,0.737,0,3,0.5602307186987918,,,False
1624,1710,False,0.701,0,0,,,,False
1624,1726,False,0.746,0,2,2.621682462943803,,,False
1624,1737,False,0.754,0,3,0.9951046001291358,0.011655900627374649,0.983354607533929,False
1624,1753,False,0.016,1,2,2.9816786480479793,,,False
1624,196,False,0.101,2,3,1.120890873654904,0.0018853722140192986,0.9875534078801511,False
1625,1702,False,0.658,0,0,,,,False
1625,1723,False,0.685,0,0,,,,False
1625,1737,False,0.73,0,0,,,,False
1626,1637,False,0.644,0,2,1.3434751318212332,-0.0026612794026732445,0.928132625964658,False
1626,1658,False,0.123,2,0,,,,False
1626,1900,False,0.612,0,2,0.30885738315154426,,,False
1626,473,False,0.16,1,2,0.8859001577142537,0.005287115462124348,0.5389811442039855,False
1626,858,False,0.01,12,39,1.0034438320460783,0.4719284176826477,0.61118855326604,True
1626,aria_a_20_6,True,0.548,0,0,,,,False
1626,aria_c_28_19,True,0.476,0,2,0.6997734460358827,0.016889115795493126,0.4145211852614223,False
1626,im0293,True,-0.102,2,4,0.4286644480230619,,,False
1627,1636,False,0.675,1,0,,,,False
1627,1736,False,0.673,0,4,0.27231118388566655,,,False
1627,1920,False,0.708,0,3,0.0727743244783891,,,False
1627,385,False,-0.099,1,0,,,,False
1628,1657,False,0.636,0,0,,,,False
1628,1889,False,0.111,2,0,,,,False
1628,468,False,-0.096,1,2,1.096395046849164,0.0003796855453401804,0.9310612800531658,False
1628,773,False,0.067,1,2,2.165045176489652,,,False
1628,aria_d_12_2,True,0.499,0,0,,,,False
1628,im0097,True,0.147,1,0,,,,False
1629,1646,False,0.348,1,3,0.032186102053895015,,,False
1629,1705,False,0.446,1,2,0.7755935131080747,-0.004470207262784243,0.48794995735001423,False
1629,1714,False,0.603,2,2,1.0647454024762077,0.034291308373212814,0.9008133026198871,False
1629,1719,False,0.727,0,3,0.9208522020044753,0.006452392786741257,0.8171047487378816,False
1629,376,False,0.124,1,0,,,,False
1629,52,False,0.047,1,2,0.16218179428628976,,,False
1629,im0087,True,0.308,1,3,1.3720669679289168,0.002749391831457615,0.9988856245567825,False
163,164,False,0.9,3,5,0.9898525290146953,0.06305572390556335,0.9826664409408398,False
163,212,False,0.696,0,0,,,,False
163,323,False,0.87,0,0,,,,False
163,354,False,0.899,0,0,,,,False
163,355,False,0.899,0,0,,,,False
163,570,False,0.536,0,0,,,,False
163,628,False,0.613,0,0,,,,False
163,746,False,0.884,2,0,,,,False
163,919,False,0.891,1,0,,,,False
1630,1652,False,0.681,0,0,,,,False
1630,835,False,-0.044,1,2,0.5096459215976311,,,False
1630,868,False,0.021,88,126,0.999069069278186,0.7023522853851318,0.8111508181744902,True
1630,aria_d_17_12,True,0.642,0,2,2.8930429077972586,,,False
1631,1732,False,0.473,0,3,0.1617137620688645,,,False
1631,781,False,0.076,2,2,4.551367952665623,,,False
1631,831,False,-0.055,1,3,0.9179162284287866,0.023129967972636223,0.5629139072847682,False
1631,aria_c_9_6,True,0.456,0,0,,,,False
1631,im0106,True,-0.114,1,2,1.8954626404939903,,,False
1632,1683,False,0.577,0,0,,,,False
1632,1898,False,0.567,0,0,,,,False
1632,im0171,True,0.376,0,0,,,,False
1633,1719,False,0.538,0,0,,,,False
1633,1823,False,-0.005,1,0,,,,False
1633,388,False,-0.078,2,0,,,,False
1633,948,False,0.032,1,0,,,,False
1634,1670,False,0.72,0,3,1.0417680284813697,-0.009442918002605438,0.8198076302515299,False
1634,1710,False,0.201,1,0,,,,False
1634,286,False,0.308,1,0,,,,False
1634,941,False,0.295,1,3,4.928344397437976,,,False
1634,aria_c_22_1,True,0.017,1,0,,,,False
1634,aria_d_15_2,True,0.527,0,0,,,,False
1634,im0058,True,0.45,0,0,,,,False
1634,im0075,True,0.403,1,0,,,,False
1634,im0190,True,0.423,0,0,,,,False
1634,im0402,True,0.448,0,2,0.32969033312476814,,,False
1635,1679,False,0.695,0,0,,,,False
1635,1901,False,0.683,0,3,0.5856785004789139,,,False
1635,823,False,0.332,1,0,,,,False
1635,im0059,True,-0.142,2,0,,,,False
1635,im0062,True,0.573,0,0,,,,False
1635,im0321,True,0.45,0,0,,,,False
1636,1695,False,0.664,0,2,0.7426395254291317,0.00764352735131979,0.1759851944920794,False
1636,380,False,0.056,1,3,0.4608687076594382,,,False
1636,aria_a_39_1,True,0.409,0,0,,,,False
1636,im0086,True,0.225,1,0,,,,False
1637,1900,False,0.721,0,3,0.7733177220644669,0.002148465719074011,0.6067560968603682,False
1637,1903,False,0.615,0,0,,,,False
1637,1918,False,0.6,0,3,4.790091113939487,,,False
1637,626,False,0.042,2,2,1.144481224139091,-0.0012980143073946238,1.0,False
1637,aria_d_8_23,True,0.578,0,2,0.8138277906749818,-0.009458353742957115,0.5511707227683559,False
1638,1715,False,0.644,0,2,5.1791286096966624,,,False
1638,1901,False,0.713,0,0,,,,False
1638,706,False,0.197,1,2,0.9471387087609873,0.013505135662853718,0.8507461885621985,False
1638,im0073,True,-0.11,1,0,,,,False
1639,1686,False,0.636,0,0,,,,False
1639,im0025,True,0.399,0,0,,,,False
1639,im0326,True,0.191,1,2,0.4941384995342072,,,False
164,194,False,0.822,0,0,,,,False
164,340,False,0.713,0,0,,,,False
164,341,False,0.852,0,0,,,,False
164,355,False,0.919,0,0,,,,False
164,469,False,0.566,0,0,,,,False
164,629,False,0.93,0,0,,,,False
164,710,False,0.617,0,0,,,,False
164,761,False,0.901,0,0,,,,False
164,879,False,0.708,0,0,,,,False
164,919,False,0.918,0,0,,,,False
1640,1654,False,0.785,0,0,,,,False
1641,1694,False,0.739,0,0,,,,False
1641,1697,False,0.498,0,0,,,,False
1641,im0204,True,0.302,0,0,,,,False
1642,166,False,0.245,3,2,2.3445061150304976,,,False
1642,1673,False,0.516,0,0,,,,False
1642,1735,False,0.734,0,2,0.5127755864917328,,,False
1642,1894,False,0.822,0,3,0.5622396970598277,,,False
1642,628,False,0.219,1,2,4.131582594297006,,,False
1642,aria_d_22_2,True,0.643,0,3,1.109792605220937,0.0022583885584026575,0.9381059618347753,False
1642,aria_d_29,True,0.533,0,0,,,,False
1642,im0016,True,0.538,0,0,,,,False
1642,im0153,True,0.213,1,2,0.8872629659209746,-0.0017673075199127197,0.44439318740985834,False
1643,1916,False,0.631,0,2,3.1514315278780543,,,False
1643,215,False,0.402,1,0,,,,False
1643,91,False,0.646,0,0,,,,False
1643,aria_d_16_22,True,-0.086,1,3,0.5617274322438176,,,False
1644,1696,False,0.679,0,2,2.473493383507113,,,False
1644,1709,False,0.718,0,2,0.22894814951013923,,,False
1644,1734,False,0.73,0,3,1.223445606922603,0.0033061138819903135,1.0,False
1644,202,False,0.047,1,2,1.7958165352028652,,,False
1644,249,False,0.185,2,3,0.48052236269644866,,,False
1644,273,False,0.156,2,3,1.374690453188318,-0.023976027965545654,0.49510346086527,False
1644,452,False,-0.074,1,2,1.0955170891964519,-0.008524304255843163,0.4847969994710606,False
1644,538,False,0.274,1,3,0.3765491903847465,,,False
1644,892,False,0.228,1,2,1.7834535840138444,,,False
1644,aria_c_21_3,True,-0.068,1,3,0.8386762909758346,0.009804241359233856,0.621492703167576,False
1645,1705,False,0.679,0,3,1.053976918900247,-0.006301949266344309,0.6277907307364231,False
1645,im0057,True,0.39,0,3,0.522630344265585,,,False
1645,im0375,True,0.471,0,3,0.4219394999382482,,,False
1646,1693,False,0.083,1,2,0.9352292703594614,-0.006475447677075863,0.4015231241017981,False
1646,80,False,0.007,1,3,0.35449524575134506,,,False
1646,im0032,True,-0.133,1,0,,,,False
1647,78,False,0.156,1,2,1.0543228996461362,0.015890300273895264,0.5557251582464268,False
1647,im0172,True,0.51,0,2,0.36873535177442957,,,False
1647,im0256,True,-0.112,2,3,1.7230442125178604,,,False
1648,1843,False,-0.051,3,3,1.555909575129198,,,False
1648,187,False,0.007,1,4,1.2937485936403765,0.0008148193592205644,1.0,False
1648,1905,False,0.584,0,3,0.9775320912139353,0.012201722711324692,0.9035506256622587,False
1648,381,False,-0.069,1,2,0.9234654006726337,0.006543175783008337,0.5456177391006131,False
1648,aria_c_3_2,True,-0.093,1,3,0.9143878357820017,-0.005768710747361183,0.9464815523141017,False
1649,1693,False,0.68,0,0,,,,False
1649,1877,False,0.068,1,0,,,,False
1649,1906,False,0.174,1,2,0.5787687519538968,,,False
1649,1907,False,0.707,0,0,,,,False
1649,aria_a_10_10,True,0.422,0,0,,,,False
1649,aria_c_2_3,True,0.12,1,3,0.10208546126653341,,,False
1649,aria_d_22_22,True,0.044,1,7,0.886790118167082,0.03361157700419426,0.9145969314232432,False
1649,aria_d_24_6,True,0.434,0,0,,,,False
1649,im0120,True,0.495,0,0,,,,False
165,308,False,0.799,0,0,,,,False
165,372,False,0.819,0,0,,,,False
165,603,False,0.669,0,0,,,,False
165,761,False,0.821,0,0,,,,False
165,791,False,0.747,0,0,,,,False
1650,429,False,-0.095,1,0,,,,False
1651,1724,False,0.779,0,0,,,,False
1651,1740,False,0.69,0,0,,,,False
1651,1915,False,0.677,0,0,,,,False
1651,aria_a_39_1,True,0.421,0,0,,,,False
1651,aria_d_17_2,True,0.574,0,0,,,,False
1653,1655,False,0.755,0,0,,,,False
1653,1690,False,0.592,0,0,,,,False
1653,aria_d_11_22,True,0.469,0,0,,,,False
1654,287,False,-0.067,1,0,,,,False
1656,1679,False,0.527,0,3,0.8908644664342379,0.008544845506548882,0.2424969037533861,False
1656,im0089,True,0.522,0,4,1.0955793751794887,0.006524910684674978,0.8245300968796969,False
1656,im0191,True,0.071,1,0,,,,False
1656,im0256,True,0.386,0,2,1.2259452923626175,0.021994290873408318,0.6645888972163871,False
1657,1693,False,0.657,0,0,,,,False
1657,1736,False,0.677,0,2,0.510167374050636,,,False
1657,im0078,True,-0.071,2,2,0.48457328372434355,,,False
1657,im0362,True,0.106,1,3,0.18526747854007555,,,False
1658,1689,False,0.641,0,3,1.016856881801815,0.027513690292835236,0.9990780230098306,False
1658,1694,False,0.549,0,0,,,,False
1658,1772,False,0.085,2,3,0.3336666283849998,,,False
1658,586,False,0.31,1,2,0.2791726051474879,,,False
1658,798,False,0.19,1,3,0.0975623052940058,,,False
1658,878,False,0.062,31,56,1.0053152901851974,0.6771804690361023,0.630191474628404,True
1658,im0311,True,0.288,0,0,,,,False
1658,im0343,True,0.32,0,2,0.43247207908885343,,,False
1658,im0349,True,-0.017,1,2,1.0255647028210861,-0.002229133155196905,0.45775846680975746,False
1659,167,False,0.019,1,3,1.0232210569972373,-0.011841644532978535,0.8091036490055517,False
1659,1707,False,0.74,0,3,0.825646121288482,-0.005643192213028669,0.5015365530463222,False
1659,381,False,-0.061,1,2,0.6385253161530838,,,False
1659,881,False,-0.174,35,27,0.9899411563073478,0.6655921936035156,0.9451663952131776,True
1659,94,False,-0.149,1,3,0.33775666248027314,,,False
1659,im0235,True,0.599,0,3,0.40736407707546934,,,False
1659,im0297,True,0.006,1,4,1.6733786988302957,,,False
166,1712,False,0.123,1,2,0.9051179027921877,-0.005532028619199991,0.534751725747824,False
166,319,False,0.722,0,3,1.5918801257375776,,,False
166,342,False,0.731,0,3,0.9502818041108884,-0.011818205937743187,0.9016214070788391,False
166,762,False,0.742,0,3,0.995178442011648,0.003508493537083268,0.9859391124871001,False
166,im0091,True,0.074,2,2,15.666501333745984,,,False
166,im0203,True,-0.007,1,0,,,,False
166,im0311,True,-0.048,1,0,,,,False
166,im0377,True,0.064,1,0,,,,False
1660,1706,False,0.723,0,0,,,,False
1660,1718,False,0.65,0,3,0.3130369654275668,,,False
1660,880,False,0.268,8,21,1.0036370046492646,0.5679000020027161,0.8902727331341744,True
1660,im0058,True,-0.021,1,0,,,,False
1660,im0177,True,0.437,0,0,,,,False
1661,1717,False,0.777,0,4,0.2538624522513292,,,False
1661,1917,False,0.464,2,2,0.07665550390810018,,,False
1661,521,False,-0.047,1,2,1.0530819781922076,-0.013330970890820026,0.6633678212625581,False
1661,54,False,-0.015,2,2,1.9159034962567947,,,False
1661,648,False,0.289,1,3,0.3998767106477492,,,False
1661,736,False,0.083,1,3,0.20414409295423905,,,False
1662,1669,False,0.638,2,2,2.469888576862458,,,False
1662,1727,False,0.695,1,3,0.9818509855504641,0.004295641090720892,0.9958996741870043,False
1662,997,False,0.063,1,4,2.1679506855398043,,,False
1662,aria_c_1_8,True,0.175,1,3,0.9954253052759552,-0.02013395167887211,0.8695250961990808,False
1662,aria_c_38_2,True,0.151,1,0,,,,False
1662,im0044,True,0.018,1,2,1.364947458519209,0.003724978305399418,0.8825634135650715,False
1663,167,False,0.068,1,2,0.16973800544380582,,,False
1663,1694,False,0.481,0,0,,,,False
1663,295,False,0.176,1,3,0.13867706434248955,,,False
1663,543,False,0.025,1,3,2.6349826339130007,,,False
1663,aria_a_27_11,True,0.059,1,4,4.282758931388047,,,False
1663,aria_a_9_43,True,0.452,0,3,0.6511583916269343,,,False
1664,1728,False,0.639,0,3,1.2412563857668792,0.006572815123945475,0.9870795908537103,False
1664,1920,False,0.718,0,2,0.1975081414347292,,,False
1664,301,False,-0.045,1,2,4.930166857860464,,,False
1664,942,False,0.013,1,0,,,,False
1664,98,False,-0.113,1,2,1.462861260292261,0.009070898406207561,0.9479159412681663,False
1664,aria_c_22_1,True,0.654,0,2,0.8477645197845015,-0.019898168742656708,0.770836644618601,False
1664,im0038,True,0.419,0,0,,,,False
1665,1841,False,-0.015,1,2,1.5335393669159592,,,False
1665,1895,False,0.727,0,2,0.07941148432877713,,,False
1665,1913,False,0.649,0,4,0.21261580971340185,,,False
1665,954,False,-0.026,1,0,,,,False
1665,aria_d_16_2,True,0.632,0,2,1.0474402094026436,-0.0017609185306355357,0.9159507888537229,False
1665,aria_d_25_2,True,-0.185,1,2,0.7757404981768764,0.0017043451080098748,0.5850151426462729,False
1665,im0124,True,0.519,0,2,0.43642609539043,,,False
1666,1898,False,0.113,2,0,,,,False
1666,1914,False,0.409,0,0,,,,False
1666,563,False,0.096,1,0,,,,False
1666,568,False,0.029,1,0,,,,False
1666,624,False,0.097,1,0,,,,False
1666,655,False,0.191,1,0,,,,False
1666,aria_a_14_19,True,0.302,0,0,,,,False
1666,aria_d_20_17,True,0.421,0,0,,,,False
1666,aria_d_5_2,True,-0.0,1,0,,,,False
1666,im0350,True,0.45,0,0,,,,False
1667,1859,False,0.563,0,3,0.7763390766279116,-0.004138102289289236,0.5704001500897858,False
1667,830,False,0.025,1,0,,,,False
1667,im0186,True,-0.007,1,0,,,,False
1668,1905,False,0.547,0,0,,,,False
1668,im0032,True,0.443,1,2,0.9915262787060599,0.028487149626016617,0.7452370942402584,False
1669,1699,False,0.702,0,0,,,,False
1669,1721,False,0.58,0,0,,,,False
1669,888,False,0.144,12,7,0.9677907115786568,0.05155935138463974,0.8007584111018476,False
1669,im0081,True,0.017,1,0,,,,False
167,176,False,0.814,0,0,,,,False
167,182,False,0.844,0,0,,,,False
167,599,False,0.273,1,0,,,,False
167,622,False,0.791,0,0,,,,False
167,968,False,0.842,0,0,,,,False
167,aria_a_9_43,True,0.13,1,3,0.6405530649580032,,,False
1670,1685,False,0.714,0,2,4.677895431350364,,,False
1670,im0021,True,-0.034,1,2,9.137017612532969,,,False
1671,1726,False,0.696,0,0,,,,False
1671,248,False,0.237,1,0,,,,False
1671,896,False,0.263,2,0,,,,False
1672,1684,False,0.583,0,0,,,,False
1672,1723,False,0.565,0,0,,,,False
1672,im0176,True,-0.172,2,0,,,,False
1672,im0210,True,0.115,2,0,,,,False
1673,778,False,0.248,1,0,,,,False
1673,862,False,-0.094,1,3,0.6919877450446482,0.012348318472504616,0.3082258120308554,False
1673,aria_d_22_2,True,0.456,0,0,,,,False
1674,264,False,0.186,2,4,0.17209681979519695,,,False
1674,773,False,0.067,2,0,,,,False
1674,933,False,0.105,1,3,0.5257707370645228,,,False
1674,aria_c_34_1,True,0.542,0,3,15.552054563858874,,,False
1674,aria_d_23_1,True,0.008,1,4,0.026473131895357195,,,False
1674,im0331,True,0.415,0,3,0.5902727932071422,,,False
1675,1691,False,0.773,0,3,1.0041688422803237,0.03361076861619949,0.9847279885063973,False
1675,1706,False,0.784,0,2,1.1755846467289122,0.023963788524270058,0.9674735506671802,False
1675,1718,False,0.733,0,3,0.050283089842759705,,,False
1675,1792,False,-0.135,1,2,0.47326497514353016,,,False
1675,1902,False,0.606,0,3,0.23042544630882558,,,False
1675,748,False,0.17,2,3,0.8743109162860926,-0.013778098858892918,0.5962173747226952,False
1675,835,False,0.235,1,3,1.0821173440705687,0.01849409192800522,0.9490226345719905,False
1675,860,False,0.3,2,4,0.694243358379767,0.016068924218416214,0.4575071125664287,False
1675,aria_c_1_8,True,0.661,0,2,1.419257410538568,0.0077957394532859325,0.7127899542828192,False
1675,aria_c_31_2,True,0.602,0,3,0.43928170472192163,,,False
1675,aria_c_41_3,True,0.437,2,2,0.25110720833883554,,,False
1675,im0084,True,0.017,1,3,0.007378315435258084,,,False
1675,im0140,True,0.483,0,3,1.1261432951224022,-0.006831636652350426,0.5575071249676138,False
1675,im0177,True,0.424,0,3,0.2127250974753123,,,False
1676,1709,False,0.065,1,0,,,,False
1676,im0131,True,0.075,1,2,1.6021858635491102,,,False
1676,im0132,True,-0.163,1,0,,,,False
1677,1683,False,0.7,0,0,,,,False
1677,1694,False,0.715,0,0,,,,False
1678,1841,False,0.02,1,0,,,,False
1678,902,False,0.041,175,225,0.9914258710571743,0.519944965839386,0.8345804654650634,True
1678,im0318,True,0.411,0,2,0.6229878158872291,,,False
1679,1901,False,0.679,0,3,0.8570756581581139,0.026059886440634727,0.6075593383431085,False
1679,319,False,-0.003,2,3,0.7361288650669008,0.022227058187127113,0.3871358962800781,False
168,1846,False,0.084,1,0,,,,False
168,414,False,0.138,1,0,,,,False
168,549,False,0.735,0,0,,,,False
168,709,False,0.769,0,0,,,,False
168,aria_c_21_12,True,0.216,2,0,,,,False
1680,1694,False,0.752,0,0,,,,False
1680,903,False,0.238,4,8,1.0424083650873825,0.5125826001167297,0.9224303824609364,False
1681,1711,False,0.694,0,0,,,,False
1681,1908,False,0.669,0,2,0.7786913945287339,0.0005730776465497911,0.6092604339899761,False
1681,266,False,0.002,1,0,,,,False
1681,482,False,-0.191,1,0,,,,False
1681,567,False,0.357,1,3,1.594932964840301,,,False
1681,aria_a_43_9,True,-0.071,2,3,0.7709114305865893,-0.010141715407371521,0.6539313191968474,False
1681,aria_c_25_1,True,0.626,0,2,0.5092767499961697,,,False
1681,aria_c_2_8,True,0.003,1,2,0.11560839208587403,,,False
1681,im0201,True,0.587,0,0,,,,False
1681,im0375,True,0.467,0,0,,,,False
1682,1684,False,0.803,0,4,1.0768791607282002,0.0077058314345777035,0.9976239236940067,False
1682,1687,False,0.645,0,3,0.1996822605675566,,,False
1682,1698,False,0.159,2,2,0.2909184145641345,,,False
1682,1701,False,0.56,0,2,0.9042362443198501,0.0005098828696645796,0.6405848892306648,False
1682,1730,False,0.76,0,3,0.18524457558660612,,,False
1682,1738,False,0.764,0,2,0.9838708570611835,-0.0020818717312067747,0.8404281210556999,False
1682,1772,False,-0.125,1,2,0.9938727058653305,0.004682756029069424,0.5586860242809175,False
1682,1822,False,-0.01,1,2,0.9739522006435749,0.015973607078194618,0.7975217675345121,False
1682,1906,False,0.786,0,4,1.0017144616807026,0.004168504383414984,0.5756578372489966,False
1682,29,False,0.001,1,2,0.6418980104240862,,,False
1682,aria_c_31_20,True,0.52,0,2,0.37842527750473964,,,False
1682,aria_c_6_2,True,0.525,0,4,0.47294324175192937,,,False
1682,im0088,True,0.356,0,3,0.3126701863388574,,,False
1683,1698,False,0.457,0,0,,,,False
1683,1722,False,0.742,0,0,,,,False
1683,im0171,True,0.391,0,0,,,,False
1684,1696,False,0.623,0,0,,,,False
1684,1709,False,0.859,2,4,1.0551209534006236,0.01279181893914938,1.0,False
1684,1715,False,0.064,1,2,2.1913851311280643,,,False
1684,1730,False,0.779,0,2,0.6646029279499349,,,False
1684,1738,False,0.801,0,3,1.09691418170414,0.01064975094050169,0.9517486515092343,False
1684,1897,False,0.826,1,3,0.6791360069713945,0.007330278865993023,0.46062527192491765,False
1684,650,False,0.107,2,0,,,,False
1684,916,False,-0.07,30,34,1.0049640649584943,0.5797302722930908,0.8110699685366324,True
1684,im0193,True,0.546,0,2,0.42668326487594693,,,False
1685,1692,False,0.178,1,2,0.5553610724804235,,,False
1685,458,False,0.016,1,0,,,,False
1685,im0117,True,0.568,0,0,,,,False
1685,im0148,True,0.471,0,0,,,,False
1685,im0228,True,0.55,0,2,2.315756699695653,,,False
1686,382,False,0.588,0,0,,,,False
1686,aria_c_20_1,True,0.428,0,0,,,,False
1686,im0008,True,0.494,0,0,,,,False
1686,im0013,True,0.385,0,0,,,,False
1686,im0024,True,0.403,0,0,,,,False
1686,im0154,True,0.481,0,0,,,,False
1686,im0327,True,0.438,0,0,,,,False
1686,im0385,True,0.493,0,0,,,,False
1687,1730,False,0.635,0,0,,,,False
1687,1733,False,0.637,0,0,,,,False
1687,aria_d_16_21,True,0.546,0,0,,,,False
1687,im0148,True,0.08,1,0,,,,False
1687,im0309,True,0.57,0,0,,,,False
1688,1728,False,0.74,0,0,,,,False
1688,1898,False,0.636,0,2,0.764991806584849,-0.003672263352200389,0.378564182200484,False
1688,1907,False,0.803,0,2,0.7245843295812164,-0.004841925576329231,0.362447933354694,False
1688,498,False,0.082,1,2,2.7250474056123024,,,False
1688,898,False,-0.021,1,3,1.145197073401945,0.0008376322803087533,0.9886840146309853,False
1688,917,False,0.076,61,61,1.0043803767429567,0.6450489163398743,0.8440242065597847,True
1688,aria_d_12_2,True,0.487,0,0,,,,False
1688,im0173,True,0.376,0,3,1.3564819207720804,-0.004327255766838789,0.8682953020134229,False
1688,im0364,True,0.393,0,0,,,,False
1689,295,False,0.192,1,2,1.2773090169438173,-6.7680019128602e-05,0.7838937385494127,False
1689,701,False,0.167,2,3,1.0693279937767073,-0.0017878807848319411,0.7153710370581008,False
1689,809,False,-0.233,1,0,,,,False
1689,aria_c_23_23,True,0.49,0,0,,,,False
1689,aria_d_16_22,True,0.671,0,3,1.4584288949605677,0.00022637724759988487,0.9814857398556894,False
1689,im0028,True,0.42,0,2,1.201500262037384,0.011787597090005875,0.33009519459468495,False
1689,im0029,True,0.5,0,2,0.8704805499167471,-0.0010877558961510658,0.7447098255229032,False
1689,im0042,True,0.405,0,0,,,,False
1689,im0052,True,0.5,0,2,2.1710039381881043,,,False
1689,im0095,True,0.49,0,2,0.5338032727466003,,,False
1689,im0198,True,0.436,0,2,0.5032496269166018,,,False
1689,im0203,True,0.062,1,0,,,,False
1689,im0343,True,0.331,0,3,1.398254797249115,-0.040498264133930206,0.5503325711910205,False
1689,im0350,True,0.353,0,2,2.1535734967060898,,,False
169,236,False,0.542,0,0,,,,False
169,474,False,0.531,0,0,,,,False
169,794,False,0.144,1,0,,,,False
169,im0368,True,0.239,0,0,,,,False
1690,aria_d_10_2,True,0.494,0,0,,,,False
1690,aria_d_2_31,True,0.398,0,0,,,,False
1690,aria_d_7_17,True,0.521,0,0,,,,False
1690,im0315,True,0.411,0,0,,,,False
1691,1716,False,0.716,0,3,0.1200624468879215,,,False
1691,306,False,0.144,2,3,1.363185780974999,-0.0013224129797890782,0.8557521175083093,False
1691,410,False,0.249,2,3,0.2271254780223717,,,False
1691,783,False,0.107,1,3,1.402269566317266,0.006085113622248173,0.6282862824340332,False
1691,im0140,True,0.405,0,3,0.8034036633815274,0.005385088734328747,0.4927023058986095,False
1692,1714,False,0.527,0,3,0.06286379331683696,,,False
1692,611,False,0.128,1,2,1.2773230856552544,0.0060451156459748745,0.40947238340855363,False
1692,aria_c_25_1,True,-0.054,1,2,0.052006130462149754,,,False
1693,1695,False,0.677,0,0,,,,False
1693,1711,False,0.711,0,2,1.6518426034671603,,,False
1693,381,False,0.206,2,2,0.6771400755025802,0.005935186520218849,0.39835276717966306,False
1693,736,False,0.004,1,0,,,,False
1693,im0018,True,0.444,0,0,,,,False
1693,im0337,True,0.535,0,0,,,,False
1694,1723,False,0.682,0,0,,,,False
1695,1718,False,0.691,0,0,,,,False
1695,1852,False,0.049,1,0,,,,False
1695,758,False,-0.058,1,0,,,,False
1695,948,False,0.242,3,13,0.9971395877213975,0.5767859816551208,0.8461083288057365,True
1696,1906,False,0.64,0,2,0.2598972806189833,,,False
1696,942,False,0.081,2,2,0.6247469982663693,,,False
1697,1758,False,-0.112,1,2,2.0490363730398355,,,False
1697,717,False,0.518,0,2,0.6584239390616343,,,False
1697,905,False,-0.155,1,3,1.1695142426384912,0.010186947882175446,0.8325151927632073,False
1697,im0163,True,0.496,0,2,2.1152036831420853,,,False
1698,561,False,-0.098,1,2,2.264906262957468,,,False
1698,740,False,0.445,0,2,2.4409730637402522,,,False
1699,1721,False,0.394,0,3,0.4076556168781217,,,False
1699,1774,False,0.16,2,2,0.6320606073800679,,,False
1699,1804,False,0.055,1,4,0.39587138512989795,,,False
1699,312,False,0.139,1,3,1.4547399211032976,-0.00859151966869831,1.0,False
1699,im0205,True,0.073,3,4,0.9514386827713964,0.0047643790021538734,0.6690878006032226,False
17,286,False,0.319,1,0,,,,False
17,34,False,0.694,0,0,,,,False
17,418,False,0.755,0,0,,,,False
17,499,False,0.534,0,0,,,,False
17,516,False,0.178,1,2,0.7380413631231656,-0.0022406880743801594,0.3983111846416639,False
17,841,False,0.199,1,0,,,,False
17,956,False,0.177,1,0,,,,False
17,im0240,True,0.088,1,0,,,,False
17,im0304,True,0.001,1,0,,,,False
170,177,False,0.814,0,0,,,,False
170,202,False,0.86,0,5,1.0206891392962332,-0.017217043787240982,0.9981937134778004,False
170,234,False,0.818,0,3,0.4244436025608381,,,False
170,600,False,0.874,0,3,1.0444818978113577,0.008458761498332024,1.0,False
170,622,False,0.656,2,2,0.7429560961782257,0.007316061295568943,0.5532044050496912,False
170,68,False,0.767,0,3,0.9539997658841662,0.00558238523080945,0.7817365621890014,False
170,739,False,0.861,0,3,0.9746787618981401,0.03603089228272438,0.9468037550290568,False
170,756,False,0.435,1,3,0.9909981139430049,0.0027034657541662455,0.9851692460481668,False
170,aria_c_27_3,True,0.013,1,2,0.41991112340107734,,,False
1700,1714,False,0.463,0,2,1.176584158573598,-0.0048619830049574375,0.3028802345390436,False
1700,1720,False,0.508,0,3,1.1545571303312259,-0.0004238695546519011,0.5146208079616033,False
1700,452,False,-0.058,1,3,0.9884897412106719,0.023913787677884102,0.4776055608093307,False
1700,497,False,0.024,1,2,0.8100986158965716,0.003528930013999343,0.5321560443088779,False
1700,963,False,-0.054,39,70,0.9959244272971391,0.4889494478702545,0.5891810354083014,True
1700,im0060,True,0.018,1,2,19.21523707945825,,,False
1701,1791,False,0.039,1,2,0.3351750596670366,,,False
1701,1830,False,0.176,2,4,0.3622851265873077,,,False
1701,aria_c_2_8,True,0.548,0,2,1.7198297430250162,,,False
1701,im0213,True,0.267,1,5,0.2616118772670399,,,False
1701,im0215,True,0.385,0,2,30.846806848132683,,,False
1702,1719,False,0.404,1,0,,,,False
1703,1709,False,0.758,0,2,2.7718322244243265,,,False
1703,1734,False,0.735,0,3,1.7020315818681557,,,False
1703,1761,False,0.337,1,0,,,,False
1703,1851,False,0.563,0,0,,,,False
1703,35,False,-0.084,1,0,,,,False
1703,832,False,-0.201,1,0,,,,False
1703,aria_c_21_12,True,0.535,0,0,,,,False
1703,aria_c_24_12,True,0.225,2,0,,,,False
1703,aria_c_25_10,True,0.649,0,2,3.1400731153827652,,,False
1703,aria_c_7_2,True,0.603,0,0,,,,False
1703,im0162,True,0.529,0,0,,,,False
1704,1767,False,0.048,19,100,0.988560996531247,0.6392533779144287,0.7950580307001123,True
1704,1875,False,0.632,29,140,0.9825990220187951,0.6052448749542236,0.9250406088888647,True
1704,1879,False,0.37,26,127,0.9851386111534923,0.5290757417678833,0.9001586399837073,True
1704,658,False,-0.065,1,2,5.008805679311194,,,False
1705,1864,False,0.186,20,60,0.9932076515990342,0.5347430109977722,0.8285766341217701,True
1705,27,False,-0.17,1,2,2.1455319512825706,,,False
1705,465,False,0.007,1,2,0.8419123786053099,0.009338980540633202,0.407281774163345,False
1705,605,False,-0.009,1,2,3.8761581086750865,,,False
1706,1718,False,0.746,0,3,0.6375693903183114,,,False
1706,1899,False,0.756,0,2,0.7539091048900111,0.001503659295849502,0.5572369957340654,False
1706,234,False,0.219,2,3,0.2867723794145662,,,False
1706,438,False,0.035,1,4,0.8410745290884943,0.03621391952037811,0.5905673603270496,False
1706,601,False,0.378,1,2,0.2772940416441393,,,False
1706,905,False,0.254,1,3,1.551382592104539,,,False
1706,aria_a_46_14,True,0.621,0,3,0.909464096315153,0.008272859267890453,0.8658464372656096,False
1706,aria_c_1_8,True,0.662,0,2,0.7471351045696937,-0.009358363226056099,0.49931243290189503,False
1707,1734,False,0.725,0,2,1.0972924391665126,-0.00017767446115612984,0.8934943571473288,False
1707,1841,False,0.045,1,4,0.3038480380449517,,,False
1707,372,False,-0.125,1,3,0.3828495488428845,,,False
1707,562,False,0.166,1,2,0.5673784158160029,,,False
1707,978,False,-0.027,62,122,0.9932962946113593,0.6370080709457397,0.8427662829079784,True
1707,aria_c_32_2,True,0.018,1,3,0.4432064927098054,,,False
1707,im0011,True,0.131,1,3,0.34476459315221647,,,False
1707,im0116,True,0.514,0,3,0.7814999258738085,0.011125415563583374,0.5779966177086335,False
1708,1733,False,0.096,1,0,,,,False
1708,1908,False,0.827,0,0,,,,False
1708,922,False,-0.018,1,0,,,,False
1708,979,False,-0.008,2,0,,,,False
1708,im0015,True,0.538,0,0,,,,False
1708,im0107,True,0.422,0,0,,,,False
1708,im0192,True,0.492,0,0,,,,False
1708,im0288,True,0.568,0,0,,,,False
1709,1726,False,0.433,2,0,,,,False
1709,1734,False,0.784,0,3,0.5705868476813712,,,False
1709,1737,False,0.482,2,4,0.24190411559830471,,,False
1709,1812,False,-0.235,1,3,0.3758487719775127,,,False
1709,1897,False,0.794,0,3,1.0355570330348047,0.030749252066016197,0.9557744139135151,False
1709,1916,False,0.49,1,3,0.6776549147339747,0.023134572431445122,0.431534160125029,False
1709,678,False,0.082,1,3,0.12775971974490552,,,False
1709,aria_c_23_4,True,0.101,1,2,0.8171086170783964,0.01190275140106678,0.19779617807555358,False
1709,aria_c_6_2,True,0.523,0,2,0.6268838764709956,,,False
1709,aria_d_22_22,True,0.671,0,4,0.3395216542677827,,,False
1709,im0177,True,0.208,4,4,0.17588793972441652,,,False
1709,im0186,True,0.512,0,0,,,,False
1709,im0194,True,0.087,1,4,0.5748208955575457,,,False
1709,im0270,True,-0.113,3,4,1.388049923232932,0.0026892004534602165,0.8923446769590619,False
171,1829,False,0.153,1,2,0.4725476160875642,,,False
171,344,False,0.624,1,4,0.9635446470608765,-0.004320293664932251,0.9268074339717715,False
171,822,False,0.581,1,3,1.1128432622436861,0.018246568739414215,0.8762496008313533,False
171,aria_d_17_12,True,0.03,1,3,1.3052263811149671,-0.015604169107973576,0.9965073690995927,False
171,im0359,True,-0.119,2,3,1.6520644870099024,,,False
1710,1916,False,0.698,0,0,,,,False
1710,36,False,0.058,4,6,0.993892775863924,0.33875834941864014,0.8029582220700062,False
1710,42,False,-0.031,2,0,,,,False
1711,252,False,0.333,1,0,,,,False
1711,497,False,0.051,1,0,,,,False
1711,801,False,-0.076,1,0,,,,False
1711,aria_c_6_5,True,0.539,0,0,,,,False
1711,aria_c_9_1,True,0.596,0,0,,,,False
1711,im0177,True,0.432,0,0,,,,False
1711,im0201,True,0.611,0,0,,,,False
1711,im0331,True,0.044,1,0,,,,False
1711,im0337,True,0.549,0,0,,,,False
1712,754,False,0.163,1,0,,,,False
1712,aria_c_36_44,True,-0.085,2,0,,,,False
1712,im0203,True,-0.093,1,0,,,,False
1713,1733,False,0.359,0,0,,,,False
1713,1783,False,-0.052,1,0,,,,False
1713,46,False,-0.015,1,0,,,,False
1713,aria_d_16_21,True,0.359,0,0,,,,False
1713,im0257,True,0.079,1,0,,,,False
1713,im0381,True,0.331,0,0,,,,False
1714,28,False,0.008,1,2,1.3614182585040189,0.0015638105105608702,0.9178544736997747,False
1714,390,False,0.187,1,0,,,,False
1714,aria_a_13_2,True,0.363,0,3,0.5550044762618688,,,False
1714,aria_c_23_4,True,0.035,2,3,0.7013023972181618,-6.940909224795178e-05,0.27897520173608914,False
1715,1901,False,0.821,0,2,33.25632183140633,,,False
1715,41,False,0.359,1,3,0.8473731175809681,0.0028673813212662935,0.6735114695973992,False
1715,777,False,-0.064,1,2,0.5003245228335841,,,False
1715,789,False,0.465,0,0,,,,False
1715,818,False,0.47,1,5,0.4636690392408323,,,False
1715,985,False,0.609,72,124,1.0137822626758488,0.543335497379303,0.9246797196035774,True
1715,im0062,True,0.557,0,3,1.6798892566146464,,,False
1715,im0221,True,0.481,2,3,6.827364613805806,,,False
1715,im0225,True,0.505,0,2,0.8689320000942709,0.007332916371524334,0.22462687379570864,False
1715,im0267,True,0.443,0,3,0.5026590634191357,,,False
1716,1894,False,0.694,0,3,0.3112150187711333,,,False
1716,521,False,0.086,2,2,0.3761727884328055,,,False
1716,807,False,0.065,1,3,1.2156372833988967,-0.0074745058082044125,0.9954734609498752,False
1716,943,False,0.111,1,2,1.7372526341227885,,,False
1716,984,False,0.451,84,141,1.0080315600244665,0.6585909724235535,0.895023649609956,True
1716,im0077,True,0.13,2,0,,,,False
1717,1896,False,0.762,0,0,,,,False
1717,461,False,0.035,1,0,,,,False
1717,752,False,0.171,1,3,0.6970935286356662,0.02024577558040619,0.11772237015519514,False
1717,774,False,0.196,1,2,1.7235801898720453,,,False
1719,1720,False,0.622,0,2,0.72376160572498,-0.0027698834892362356,0.281989670841723,False
1719,1905,False,0.781,0,2,0.3766631435085801,,,False
1719,404,False,0.047,1,0,,,,False
1719,592,False,0.157,1,0,,,,False
1719,989,False,0.366,28,46,1.0077846322292374,0.6613243818283081,0.9089826590215462,True
1719,im0234,True,0.069,1,3,1.3056860340677519,0.034821026027202606,0.9974646569058528,False
172,1745,False,0.048,3,4,0.6282145097988048,,,False
172,1823,False,0.677,0,2,0.9456206381455463,-0.022285593673586845,0.20390583547195962,False
172,301,False,0.242,1,2,0.798415473351842,0.004914167802780867,0.41441690070726256,False
172,314,False,0.298,1,2,3.7235760531023505,,,False
172,423,False,0.654,2,2,0.9040346616219156,-0.006513566710054874,0.7675149331360122,False
172,470,False,-0.0,1,0,,,,False
172,550,False,0.737,0,3,1.0574865379548608,0.043038684874773026,0.9999785801877447,False
172,82,False,0.408,0,3,1.965541314379859,,,False
172,864,False,0.164,2,2,0.37562985327868226,,,False
172,im0355,True,-0.046,2,2,2.898424599906077,,,False
1720,229,False,0.028,1,0,,,,False
1720,994,False,0.241,6,13,1.0459184567716715,0.5407024025917053,0.9010406892891036,True
1720,im0110,True,0.053,1,0,,,,False
1721,438,False,0.389,0,0,,,,False
1721,671,False,0.137,1,0,,,,False
1722,1915,False,0.706,0,0,,,,False
1723,1914,False,0.631,0,0,,,,False
1724,1740,False,0.711,0,0,,,,False
1724,651,False,-0.005,1,0,,,,False
1726,1737,False,0.703,0,0,,,,False
1726,1916,False,0.724,0,3,1.46302269726665,0.026713993400335312,1.0,False
1726,aria_c_29_2,True,0.332,1,0,,,,False
1726,aria_d_15_22,True,0.376,0,0,,,,False
1727,1735,False,0.673,0,4,0.8104559979624297,-0.001155439531430602,0.6200363473787501,False
1727,1887,False,-0.023,1,3,0.10298564991691882,,,False
1727,861,False,0.036,1,3,1.6266072540565686,,,False
1728,1732,False,0.637,0,0,,,,False
1728,1736,False,0.702,0,0,,,,False
1728,1907,False,0.791,0,0,,,,False
1728,1920,False,0.811,0,0,,,,False
1728,289,False,-0.09,1,0,,,,False
1728,414,False,-0.27,1,3,1.0855985830118573,0.07188829034566879,0.8353932463512671,False
1728,856,False,-0.125,1,0,,,,False
1728,aria_d_5_2,True,0.496,0,0,,,,False
1729,1810,False,0.098,1,0,,,,False
1729,65,False,0.524,0,0,,,,False
173,203,False,0.749,0,3,0.12299110888246453,,,False
173,244,False,0.712,0,0,,,,False
173,689,False,0.487,1,2,1.7655819503551526,,,False
173,722,False,0.471,0,0,,,,False
173,951,False,0.65,0,4,1.478486759159982,0.012315478175878525,0.971555129764583,False
173,im0335,True,0.012,1,0,,,,False
1730,1897,False,0.793,1,0,,,,False
1730,399,False,-0.069,2,0,,,,False
1730,853,False,0.127,1,0,,,,False
1730,960,False,0.538,0,3,2.468378546887816,,,False
1730,im0055,True,0.074,1,0,,,,False
1731,1828,False,-0.086,2,0,,,,False
1731,1893,False,0.761,0,3,1.0555323895139759,0.007061873562633991,0.997314478022912,False
1731,487,False,0.088,1,0,,,,False
1731,519,False,-0.064,1,3,0.9005035535987171,0.00950246024876833,0.46783719758604797,False
1731,aria_c_24_12,True,0.572,0,0,,,,False
1731,aria_c_46_12,True,-0.305,2,0,,,,False
1731,aria_d_22_2,True,-0.054,2,0,,,,False
1732,1740,False,0.592,0,3,1.1716350937507025,-0.026315148919820786,1.0,False
1732,1906,False,0.103,1,0,,,,False
1732,1912,False,0.626,0,0,,,,False
1732,1920,False,0.657,0,3,0.9698129243607365,0.036804623901844025,0.9164133910952845,False
1732,803,False,-0.203,1,0,,,,False
1732,aria_d_16_21,True,-0.042,2,0,,,,False
1733,1750,False,0.653,0,0,,,,False
1733,1754,False,0.709,0,0,,,,False
1733,1906,False,0.748,0,2,0.1887536240439198,,,False
1733,378,False,-0.233,1,2,1.7097644310896691,,,False
1733,768,False,0.006,2,0,,,,False
1733,844,False,-0.075,1,2,0.14916379011806105,,,False
1733,aria_a_9_43,True,0.613,0,2,2.0984497589060847,,,False
1733,aria_d_16_21,True,0.483,0,3,0.9617901646256716,0.05417744070291519,0.9987538790539128,False
1733,im0061,True,0.426,0,0,,,,False
1733,im0088,True,0.377,0,2,0.5756350542367098,,,False
1733,im0309,True,0.593,0,0,,,,False
1734,1900,False,0.746,0,2,0.191733059573283,,,False
1734,1917,False,0.672,0,0,,,,False
1734,aria_c_35_27,True,0.573,0,0,,,,False
1734,aria_c_36_44,True,0.621,0,0,,,,False
1734,aria_c_38_42,True,0.522,0,0,,,,False
1734,aria_c_9_6,True,0.568,0,0,,,,False
1734,aria_d_13_22,True,0.569,0,0,,,,False
1735,1739,False,0.739,0,3,0.6333930835925278,,,False
1735,1894,False,0.815,0,3,1.1411747464940099,0.03785918653011322,1.0,False
1735,906,False,0.085,1,0,,,,False
1735,aria_d_3_33,True,-0.082,1,0,,,,False
1735,im0016,True,0.558,0,0,,,,False
1735,im0345,True,0.55,0,0,,,,False
1736,1790,False,0.022,1,0,,,,False
1736,1816,False,0.101,1,0,,,,False
1736,640,False,0.023,1,3,0.43204630873145966,,,False
1736,758,False,-0.124,2,0,,,,False
1736,aria_d_16_2,True,0.327,1,0,,,,False
1736,aria_d_20_2,True,0.206,1,3,0.2835255145675219,,,False
1737,aria_d_6_3,True,-0.22,1,0,,,,False
1737,im0032,True,0.157,2,0,,,,False
1738,1897,False,0.757,0,0,,,,False
1738,1906,False,0.749,0,0,,,,False
1738,3,False,-0.118,1,0,,,,False
1738,475,False,0.021,1,0,,,,False
1738,im0019,True,0.327,0,0,,,,False
1739,aria_c_34_1,True,0.235,1,3,0.3764638343255952,,,False
1739,im0164,True,0.045,2,0,,,,False
1739,im0193,True,0.107,1,0,,,,False
174,1782,False,0.052,2,0,,,,False
174,187,False,0.783,0,4,1.0460149429274672,0.03748318552970886,0.9959816025175502,False
174,379,False,0.681,2,6,1.0259827205964802,-0.006146267056465149,0.9994350525670135,False
174,541,False,0.473,1,2,0.12492453633802064,,,False
174,666,False,0.732,0,0,,,,False
1740,1826,False,0.091,1,4,0.813454339577587,0.01778479851782322,0.622736096593212,False
1740,1846,False,0.053,1,2,1.2445714712143259,-0.0065760002471506596,0.642108133833131,False
1740,657,False,-0.269,1,3,0.7100741784590855,0.02187688834965229,0.422032371207002,False
1740,aria_c_24_2,True,0.438,0,2,0.6403105574005702,,,False
1740,aria_c_5_1,True,0.164,1,3,1.0924643265871297,0.04421798512339592,0.6723002805629142,False
1740,aria_d_9_24,True,0.061,1,0,,,,False
1740,im0112,True,-0.063,1,2,1.567414053112993,,,False
1740,im0199,True,0.412,0,0,,,,False
1741,1745,False,-0.075,1,4,0.7494420903825141,0.04261583834886551,0.5858646242719826,False
1741,1798,False,0.623,0,0,,,,False
1741,397,False,0.68,0,0,,,,False
1741,530,False,0.624,0,0,,,,False
1741,im0031,True,-0.2,1,3,6.390465101524469,,,False
1741,im0142,True,0.09,1,0,,,,False
1742,1766,False,0.652,0,3,0.728177219593025,0.007097435183823109,0.5340589471415486,False
1742,1814,False,0.651,0,2,8.31271268264558,,,False
1742,1819,False,0.703,0,3,0.6094182756350608,,,False
1742,1836,False,0.537,0,2,0.19644526523025269,,,False
1742,1882,False,0.486,0,2,1.8180234389913703,,,False
1742,312,False,0.104,1,3,2.3551844196282694,,,False
1742,39,False,-0.056,1,2,1.4981043655192212,0.010231295600533485,0.5092372239442597,False
1742,973,False,0.117,1,2,1.6459848688970744,,,False
1742,im0284,True,-0.129,1,0,,,,False
1743,1750,False,0.815,0,3,0.8024495490921248,-0.012904603965580463,0.4265517074038726,False
1743,1794,False,0.693,0,2,0.6762119188829141,0.0019288756884634495,0.439836404764202,False
1743,1795,False,0.751,0,2,1.8472880358039292,,,False
1743,1799,False,0.568,0,0,,,,False
1743,1806,False,0.706,0,3,0.06297910901431683,,,False
1743,1844,False,0.761,0,4,1.268062284610752,0.0005571804358623922,0.8888100040338847,False
1743,1852,False,0.793,0,4,1.0065274070213188,-0.011572206392884254,0.9982907177372973,False
1743,1855,False,0.738,1,5,1.0067141196187932,0.0014636791311204433,0.9901644622112521,False
1743,1878,False,0.743,0,3,1.163024019291917,-0.0034826472401618958,0.3697246817036127,False
1743,295,False,0.209,1,3,0.0837102275410082,,,False
1743,53,False,-0.035,1,2,1.2197206443586222,0.020995618775486946,0.9094012239167479,False
1743,977,False,0.133,1,0,,,,False
1743,aria_c_20_10,True,0.132,1,3,1.159637534069729,-0.009199297055602074,0.8432966151377703,False
1743,im0065,True,0.059,1,0,,,,False
1743,im0094,True,0.148,1,0,,,,False
1743,im0234,True,0.171,1,2,0.7283370226034555,-0.004074417520314455,0.28227676895464665,False
1744,1759,False,0.755,0,3,0.6833964303643715,0.010372153483331203,0.189204358408393,False
1744,1774,False,0.776,0,2,2.2667329882749634,,,False
1744,1803,False,0.822,0,4,0.9611046319485387,0.0018053256208077073,0.927712009290023,False
1744,1815,False,0.709,0,2,1.0143861537963883,0.002383394166827202,0.6096603854504516,False
1744,1818,False,0.772,0,0,,,,False
1744,1904,False,-0.042,1,0,,,,False
1744,254,False,-0.236,1,2,0.5275493576474043,,,False
1745,1775,False,0.635,0,3,0.7965225818249358,-0.011453540995717049,0.5763512096492313,False
1745,1782,False,0.684,0,2,3.256548275305425,,,False
1745,1844,False,0.639,0,2,0.8836720499115578,0.002203898038715124,0.4482398816727175,False
1745,390,False,-0.025,1,3,0.9505123101670483,0.010370135307312012,0.6008465642441658,False
1745,725,False,-0.045,1,3,0.7416541963382898,0.009850002825260162,0.3585130478654315,False
1745,814,False,0.389,1,0,,,,False
1745,im0059,True,0.064,1,3,0.9881013189124825,-0.011327642016112804,0.7630579033682351,False
1745,im0246,True,0.373,0,2,0.35420368701970917,,,False
1746,1776,False,0.742,0,3,1.3358308691772764,0.004685262683779001,1.0,False
1746,1810,False,0.493,1,3,1.238506287014694,-0.0007994510815478861,1.0,False
1746,1824,False,0.745,0,2,1.8022949016723355,,,False
1746,1852,False,0.771,0,3,1.7498659726330585,,,False
1746,1889,False,0.745,0,3,3.7791553501455697,,,False
1746,371,False,-0.015,1,3,1.1861943492547276,0.012362142093479633,0.5555591321702182,False
1746,813,False,0.082,1,3,1.400055800908588,0.021217331290245056,1.0,False
1747,1822,False,0.667,0,3,1.1118542350251537,0.02179119363427162,1.0,False
1747,1849,False,0.324,1,4,1.1726852463383275,-0.02498696558177471,0.9436589499881997,False
1747,1866,False,0.638,0,2,0.7785137344848919,-0.002202337607741356,0.6083950643811407,False
1747,1870,False,0.743,0,3,2.0419491638893454,,,False
1747,1871,False,0.591,0,3,0.3115616560265394,,,False
1747,1890,False,0.629,2,0,,,,False
1747,435,False,-0.341,1,2,0.3512941923086007,,,False
1747,im0017,True,-0.044,2,2,1.5941596195348973,,,False
1747,im0332,True,0.411,0,0,,,,False
1748,1788,False,0.594,0,4,0.43143187280389106,,,False
1748,1817,False,0.757,0,4,0.9065041313589183,-0.006493695080280304,0.8148605746762142,False
1748,1825,False,0.432,0,2,0.9175703001213698,0.03438906744122505,0.5360735236605397,False
1748,1855,False,0.746,1,4,0.9713471633182632,0.003142701927572489,0.9339843854801062,False
1748,1889,False,0.754,0,3,0.8457747444990624,-0.004839371889829636,0.6738691988765547,False
1748,31,False,-0.216,1,2,0.48883535360746416,,,False
1748,im0148,True,-0.009,1,4,0.08607797397270031,,,False
1749,398,False,0.655,0,0,,,,False
1749,399,False,0.488,0,0,,,,False
1749,4,False,0.81,0,0,,,,False
1749,416,False,0.795,0,0,,,,False
1749,422,False,0.519,0,0,,,,False
1749,45,False,0.739,0,0,,,,False
1749,451,False,0.53,0,0,,,,False
1749,488,False,0.764,0,0,,,,False
1749,494,False,0.745,0,0,,,,False
1749,495,False,0.706,0,0,,,,False
1749,50,False,0.615,0,0,,,,False
1749,510,False,0.787,0,0,,,,False
1749,512,False,0.705,0,0,,,,False
1749,513,False,0.574,0,0,,,,False
1749,528,False,0.794,0,0,,,,False
175,20,False,0.625,0,0,,,,False
175,im0114,True,-0.1,1,0,,,,False
1750,1781,False,0.122,1,2,1.1285601212960585,0.0004648614558391273,1.0,False
1750,1794,False,0.666,0,3,0.4318047330111602,,,False
1750,1795,False,0.75,0,3,1.0462513469267392,0.02623538300395012,0.9996034255458258,False
1750,1806,False,0.755,0,2,0.9464904508007486,0.0038197715766727924,0.5561544939149651,False
1750,1844,False,0.815,0,3,1.3671950357837852,-0.00567639572545886,0.9637326879117923,False
1750,1913,False,0.152,1,3,0.1961912854350357,,,False
1750,457,False,0.509,0,3,0.4276225776329173,,,False
1750,723,False,0.137,1,3,0.4114011493712669,,,False
1750,91,False,-0.116,2,3,0.7839197015246411,0.015713218599557877,0.5209523298260683,False
1750,im0154,True,0.004,1,2,2.0230613319023196,,,False
1750,im0209,True,-0.044,1,2,1.2260457758608094,0.01191654708236456,0.9972137985395706,False
1751,1756,False,0.381,1,0,,,,False
1751,312,False,0.209,1,2,0.5345108693419549,,,False
1751,67,False,0.696,0,3,0.7873642869850072,0.004718483425676823,0.6196178657922373,False
1751,im0012,True,0.164,1,3,0.5525523529709269,,,False
1752,1773,False,0.598,0,2,1.050729870216913,0.04943214729428291,0.974237051364711,False
1752,1826,False,0.281,35,30,0.9958958934228814,0.4628998041152954,0.7584476395673785,True
1752,475,False,0.591,0,3,0.06018085543740301,,,False
1752,605,False,0.273,1,2,1.4357213348176177,0.004657450597733259,0.9943608216475835,False
1752,648,False,0.162,1,3,0.3234685111808554,,,False
1752,715,False,0.595,0,2,2.762487424265708,,,False
1752,795,False,0.149,1,3,1.0343039739062918,-0.00280066323466599,0.7855144527914857,False
1752,89,False,0.322,1,3,0.8915787024451246,-0.009483631700277328,0.7430125720160202,False
1753,2,False,0.547,0,0,,,,False
1753,37,False,-0.04,1,2,0.919021438671999,-0.03391985222697258,0.5366668630086373,False
1753,40,False,0.547,0,0,,,,False
1753,486,False,0.631,0,0,,,,False
1754,1776,False,0.723,0,3,0.5709021573149734,,,False
1754,1844,False,0.729,0,3,1.0300632329274308,0.031425561755895615,0.8469490385908296,False
1754,1854,False,0.011,1,2,0.6402426420645206,,,False
1754,457,False,0.501,0,0,,,,False
1754,516,False,-0.137,1,2,0.5604439536223578,,,False
1754,578,False,0.126,1,3,0.7103764507225447,0.023214668035507202,0.1449380098927218,False
1754,72,False,0.63,0,3,0.07032250420810365,,,False
1754,aria_d_21_21,True,-0.007,2,4,0.8309341890348064,0.018240677192807198,0.5406390723068667,False
1754,im0061,True,0.433,0,3,0.5580772555979899,,,False
1754,im0246,True,0.375,0,2,1.5471357685965226,,,False
1754,im0309,True,0.488,0,3,0.02664501083245384,,,False
1755,1818,False,0.702,0,2,0.9744158011433773,-0.005101450253278017,0.8362908763196292,False
1755,1853,False,0.684,0,3,0.6387584572246866,,,False
1755,1858,False,0.758,0,2,16.757814082362657,,,False
1755,1864,False,0.631,0,0,,,,False
1755,1873,False,0.757,0,3,0.2983942666680288,,,False
1755,1889,False,0.137,1,2,1.325574964852632,0.017050130292773247,0.9852240203290089,False
1755,1912,False,0.216,2,3,0.45368466339972935,,,False
1755,222,False,0.457,0,2,1.0927655242236163,0.02476195991039276,0.7308355120819889,False
1755,240,False,-0.057,1,3,0.0558021738250441,,,False
1755,765,False,0.062,1,3,1.1958442819673922,-0.001812995644286275,0.9392111120049339,False
1755,787,False,0.044,2,2,1.1071315712826157,0.011537647806107998,0.863767727406772,False
1755,im0103,True,0.375,0,3,0.6164811343739978,,,False
1756,1790,False,0.594,1,3,0.9683802213783168,-0.0006098821177147329,0.9322980366913421,False
1756,1856,False,0.722,0,3,1.0996636984975767,-0.011177822016179562,0.9980292189709096,False
1756,1886,False,-0.185,1,3,0.05381776754825578,,,False
1756,234,False,0.585,1,2,1.0635114901247054,0.03419875726103783,0.2480774922642271,False
1756,361,False,0.268,1,3,0.862155877154171,-0.008426396176218987,0.1503401324019737,False
1756,625,False,0.234,1,2,22.88557158228676,,,False
1756,88,False,0.786,0,2,2.5789019379936637,,,False
1756,im0096,True,0.223,1,3,0.27537886575631065,,,False
1756,im0360,True,0.101,1,2,0.6484181787776685,,,False
1757,360,False,0.054,1,2,0.27478889775598403,,,False
1757,429,False,0.446,0,0,,,,False
1757,664,False,0.437,0,0,,,,False
1757,701,False,0.145,1,0,,,,False
1757,898,False,-0.026,1,0,,,,False
1757,aria_c_35_2,True,-0.087,1,0,,,,False
1758,1761,False,0.617,0,2,0.24518717827115288,,,False
1758,1782,False,0.334,1,3,0.9964029037771183,-0.011738774366676807,0.870192190285477,False
1758,1827,False,0.654,0,0,,,,False
1758,1877,False,0.686,0,3,0.9554504920471478,-0.00022118522610981017,0.86956847227421,False
1758,442,False,0.044,1,4,0.7607526536108661,-0.014693787321448326,0.5373805027577315,False
1758,893,False,-0.007,1,2,1.2033793790004714,-0.001931379665620625,0.9690513604270707,False
1758,902,False,-0.082,1,3,1.671748540753532,,,False
1759,1779,False,0.757,0,2,1.5691481173305697,,,False
1759,1818,False,0.747,0,3,1.1040423840769542,0.013793788850307465,0.9997961548364948,False
1759,1849,False,0.69,0,3,0.2969500401028895,,,False
1759,86,False,-0.154,1,2,1.601061014860909,,,False
1759,909,False,-0.042,2,4,1.2917285519387145,-0.004324175883084536,0.5864376964249322,False
1759,aria_c_35_2,True,0.01,1,2,0.6337303137958288,,,False
176,235,False,0.695,1,0,,,,False
176,286,False,0.748,0,0,,,,False
176,511,False,0.704,0,0,,,,False
176,622,False,0.842,0,0,,,,False
176,76,False,0.344,1,0,,,,False
176,968,False,0.77,0,0,,,,False
1760,1793,False,0.509,0,3,0.39216027380026425,,,False
1760,1813,False,0.724,0,4,0.34997101873498926,,,False
1760,1852,False,0.69,0,3,1.1081798657971884,0.008953385055065155,0.8474223700972355,False
1760,1878,False,0.7,0,3,0.7903358830257731,0.0039984844624996185,0.6255520368814494,False
1760,1879,False,0.573,0,2,1.2126571381046176,0.0006886967457830906,0.9951604086051472,False
1760,1884,False,0.57,0,3,0.6292404202863191,,,False
1760,459,False,0.013,1,3,1.0325087292352813,0.01240562554448843,0.9779933540572409,False
1760,586,False,0.183,1,2,3.9166044477773316,,,False
1760,900,False,0.134,1,2,0.576572476722051,,,False
1760,949,False,0.098,2,3,5.727576063822487,,,False
1760,aria_c_39_a_10,True,0.029,2,2,0.9334931196773928,0.01284000650048256,0.6912790934244791,False
1760,aria_c_40_b_14,True,0.1,1,2,1.516457513749028,,,False
1760,aria_d_5_2,True,0.065,1,3,0.9287956297000759,0.01801035925745964,0.8588542112576806,False
1761,1775,False,0.761,0,2,1.7006365390584308,,,False
1761,1784,False,0.824,0,3,1.079257619801585,0.03353976458311081,0.9999731986835193,False
1761,1791,False,0.18,1,3,0.7421061748770257,-0.004208113066852093,0.5463132334221196,False
1761,1811,False,0.801,0,2,3.0054866501780495,,,False
1761,1824,False,0.762,0,2,1.1975138768516553,0.004139012191444635,1.0,False
1761,1846,False,0.721,0,3,0.65233685981739,,,False
1761,1855,False,0.789,0,3,0.7189452911208355,0.013972058892250061,0.3167923161537842,False
1761,1876,False,0.213,1,3,0.59550884297463,,,False
1761,1885,False,0.749,0,3,0.4239807204066714,,,False
1761,458,False,-0.095,2,2,0.6153933819431215,,,False
1761,im0273,True,0.152,1,0,,,,False
1762,1770,False,0.657,0,0,,,,False
1762,1833,False,0.526,0,0,,,,False
1762,1871,False,0.509,0,0,,,,False
1762,1888,False,0.426,20,37,1.0020565180853778,0.43725812435150146,0.9959720879584875,True
1762,56,False,0.297,1,0,,,,False
1763,297,False,0.293,0,0,,,,False
1763,447,False,-0.078,2,0,,,,False
1763,670,False,-0.078,2,2,0.8608318353586141,-0.005313162226229906,0.16537382767990183,False
1763,92,False,-0.203,1,0,,,,False
1763,im0290,True,-0.007,1,0,,,,False
1763,im0349,True,0.337,0,2,0.6819970053753791,-0.0070075285620987415,0.2279105406829175,False
1764,1784,False,0.706,0,4,1.1113895507254847,0.040050406008958817,0.9914557403059638,False
1764,1795,False,0.681,0,3,0.5022178543007658,,,False
1764,1825,False,0.4,0,3,0.08726256267480795,,,False
1764,1889,False,0.673,0,4,0.9333935421611006,0.022546574473381042,0.8486772769827471,False
1764,216,False,0.099,3,4,0.8202413969175688,0.006126307882368565,0.4580980859952717,False
1764,515,False,0.121,1,3,0.28423803660140734,,,False
1764,aria_c_5_4,True,-0.079,1,2,0.46115638369714956,,,False
1765,1804,False,-0.001,1,2,1.3398747955981845,-0.006604908965528011,0.8583611816602058,False
1765,1822,False,0.157,1,2,1.2723355574808257,-0.0004751170054078102,0.989108200443383,False
1765,43,False,0.616,0,0,,,,False
1765,792,False,0.21,1,3,0.5977826033809213,,,False
1765,815,False,0.639,0,2,4.979739033249298,,,False
1765,917,False,0.621,0,2,0.7136275844354156,-0.0020120395347476006,0.47981089295190316,False
1765,aria_d_16_22,True,0.097,1,5,0.5445340911862069,,,False
1765,im0382,True,0.038,1,2,0.05965257316430352,,,False
1766,1780,False,0.746,0,2,2.3009815745528286,,,False
1766,1787,False,0.734,0,3,0.5374222780841336,,,False
1766,1819,False,0.773,0,5,1.056748587961428,0.008823945187032223,0.9671738034183449,False
1766,1830,False,0.377,1,4,1.0372522291862745,-0.014020951464772224,0.7394733746163142,False
1766,820,False,0.009,2,2,3.1113804335372848,,,False
1766,860,False,0.041,1,2,0.5392210953651551,,,False
1766,im0324,True,-0.013,1,0,,,,False
1767,1839,False,0.778,40,125,0.98664268089397,0.7685160636901855,0.9630906775817125,True
1767,1875,False,0.108,44,161,0.9934362592300628,0.7883987426757812,0.8430242349502644,True
1767,1879,False,0.074,38,161,0.9957252342985967,0.7246648073196411,0.8236791613518699,True
1767,403,False,0.431,0,0,,,,False
1767,524,False,0.628,1,4,0.17641970662137826,,,False
1767,526,False,0.258,1,2,7.629094125867754,,,False
1767,692,False,0.65,0,2,1.0147922876624749,-0.01566009223461151,0.6542369791247741,False
1767,84,False,0.305,1,0,,,,False
1768,1850,False,0.571,0,3,2.0551645781238213,,,False
1768,243,False,0.06,1,2,1.8005515105796948,,,False
1768,273,False,0.56,0,2,1.5795148240159849,,,False
1768,973,False,0.323,1,3,0.24651586622201066,,,False
1768,im0309,True,-0.121,1,3,0.17270540072053223,,,False
1769,1801,False,0.609,0,2,0.44558311295315456,,,False
1769,1812,False,-0.083,50,90,1.0005111303818035,0.6135603785514832,0.7809865374836068,True
1769,1817,False,0.596,0,3,1.0728792563505436,-0.00021545018535107374,0.9999892563803671,False
1769,1828,False,0.6,0,0,,,,False
1769,738,False,0.076,2,3,0.8831631364162564,0.00143156957346946,0.6637304865618797,False
1769,im0159,True,0.064,1,3,0.2570316119490773,,,False
177,1887,False,0.021,1,2,10.867652118459354,,,False
177,826,False,0.785,0,3,1.8355506819061918,,,False
177,aria_c_21_3,True,0.309,1,4,0.4847820284157789,,,False
177,aria_d_14_2,True,0.546,0,3,1.338488577037484,-0.0062348442152142525,0.8720647655802279,False
1770,1833,False,0.61,0,0,,,,False
1770,1871,False,0.788,57,52,1.0043561450817575,0.5281193852424622,0.9840389812024218,True
1770,987,False,0.128,1,0,,,,False
1771,1781,False,0.679,0,2,2.381390121505316,,,False
1771,1789,False,0.634,30,37,1.012498346024246,0.5021806359291077,0.951894872697407,True
1771,1834,False,0.012,1,2,0.998598231513904,-0.0006379247060976923,0.6487019994685438,False
1771,1848,False,0.709,0,0,,,,False
1771,1858,False,0.621,1,3,1.046512716970714,-0.006237639579921961,0.9388986028008149,False
1771,1874,False,-0.041,2,3,0.2477290374393589,,,False
1771,1883,False,0.681,0,3,1.7937773034300875,,,False
1772,1807,False,0.849,0,3,0.4841996995198818,,,False
1772,1860,False,0.009,1,0,,,,False
1772,1872,False,0.718,0,2,0.37272211621952256,,,False
1772,805,False,0.372,2,4,0.7608359094992229,0.014989321120083332,0.4974160900769264,False
1772,844,False,0.489,1,2,0.3539851799564355,,,False
1772,861,False,0.765,0,2,0.1899018701030975,,,False
1772,924,False,0.774,0,3,0.6163986515962443,,,False
1772,aria_d_23_4,True,0.636,0,3,2.412329386658784,,,False
1772,im0293,True,0.587,0,3,0.8504875729588132,-0.028610000386834145,0.7281961605508107,False
1772,im0334,True,0.482,0,0,,,,False
1773,1831,False,0.677,0,0,,,,False
1773,1856,False,0.147,1,3,0.9485752836243525,0.01853862777352333,0.8003352469902746,False
1773,407,False,0.12,1,3,0.5725956757160903,,,False
1773,53,False,0.242,4,4,2.90078458326264,,,False
1773,546,False,0.147,2,5,1.202719573896011,0.047714777290821075,0.948185750008049,False
1773,578,False,0.533,1,2,0.7833708646218721,0.0031544435769319534,0.605966681655639,False
1773,88,False,0.184,1,2,1.9715169395492502,,,False
1773,9,False,0.285,1,2,5.676553761841803,,,False
1773,aria_c_33_4,True,-0.112,1,0,,,,False
1773,aria_d_12_2,True,0.122,2,5,0.06621173923993487,,,False
1773,aria_d_1_19,True,-0.263,2,3,0.2137699008274116,,,False
1774,1779,False,0.745,0,3,0.9842690786233553,0.02519533969461918,0.9632162503478242,False
1774,1803,False,0.803,0,2,0.4377981055779135,,,False
1774,1815,False,0.693,0,3,0.7649792937166102,-0.0013366343919187784,0.463929021363283,False
1774,1818,False,0.782,0,2,0.43880473939247094,,,False
1774,1858,False,0.773,0,3,0.40736067474321475,,,False
1774,1862,False,0.791,0,2,0.20715968845657926,,,False
1774,1873,False,0.745,0,3,1.272853696847293,-0.010074587538838387,0.9999086335884427,False
1774,325,False,-0.043,1,2,0.686605271568059,0.02390977554023266,0.40775291657082946,False
1774,aria_a_11_6,True,0.288,1,3,0.5888730166143915,,,False
1774,aria_a_20_6,True,0.06,2,4,0.31766156064437334,,,False
1774,im0122,True,-0.075,2,2,0.3547682722026751,,,False
1775,1782,False,0.684,0,4,0.11392175011856426,,,False
1775,1795,False,0.763,0,3,0.9045910745664554,-0.023076152428984642,0.7439575986880889,False
1775,1797,False,0.653,0,3,0.35431800531396773,,,False
1775,1811,False,0.852,0,2,0.8313060871993064,-0.0018809109460562468,0.658589217870481,False
1775,1844,False,0.745,2,4,1.886865459062381,,,False
1775,1877,False,0.654,1,3,0.7381853260806186,0.019527897238731384,0.5245922677931661,False
1775,811,False,0.701,0,4,0.9615778546198265,-0.01676344871520996,0.8663074627826852,False
1775,im0273,True,0.117,1,0,,,,False
1776,1801,False,0.734,0,4,1.0658100768954486,0.010923664085566998,1.0,False
1776,1805,False,0.643,0,3,1.010418030459484,-0.030935246497392654,0.9959719105035647,False
1776,1887,False,0.683,0,2,1.085414843527122,0.0022434527054429054,0.5899386318770921,False
1776,843,False,0.036,2,0,,,,False
1777,1787,False,0.479,0,2,3.2793479889101325,,,False
1777,1821,False,0.521,0,2,1.1623506957473884,0.01261153258383274,0.9040065614546702,False
1777,1823,False,-0.023,1,5,0.22818332222171187,,,False
1777,1836,False,0.482,0,2,1.6201099453241576,,,False
1777,aria_c_26_2,True,0.185,1,3,0.49421353058324746,,,False
1777,im0029,True,-0.296,1,4,0.44025471796252796,,,False
1777,im0356,True,0.079,2,4,1.3501543023475207,-0.013777682557702065,0.2276495484096165,False
1778,1810,False,0.475,0,0,,,,False
1778,1855,False,0.509,0,2,3.4229853556099727,,,False
1778,1885,False,0.473,0,2,0.41814258071345733,,,False
1778,572,False,0.185,2,2,1.5377760371962648,,,False
1778,712,False,0.128,1,0,,,,False
1778,aria_a_14_19,True,0.267,0,0,,,,False
1778,aria_c_23_23,True,0.065,1,0,,,,False
1778,aria_d_20_17,True,0.079,1,0,,,,False
1779,1818,False,0.767,0,3,0.8146132490672185,0.024628331884741783,0.6651574972105398,False
1779,653,False,-0.016,1,2,0.5184690311297994,,,False
1779,im0118,True,0.175,1,0,,,,False
178,318,False,0.564,0,2,7.756547615778663,,,False
178,630,False,0.574,0,2,0.7890510514477739,0.0013637557858601213,0.5870354188668321,False
178,755,False,0.576,0,3,0.5680653170580613,,,False
178,904,False,0.52,1,2,3.228630523351525,,,False
178,im0042,True,-0.035,1,3,3.013968303125418,,,False
1780,1786,False,0.62,0,3,3.4224655785065465,,,False
1780,1787,False,0.737,0,2,2.3089891898533916,,,False
1780,1880,False,0.703,1,2,1.0331494687048184,-0.0003873856912832707,0.8744541076229828,False
1780,452,False,0.049,2,3,1.102749298894214,-0.012521459721028805,0.7167556246560558,False
1780,945,False,0.181,1,2,0.535323509779309,,,False
1780,im0293,True,-0.124,1,3,0.13251260466665787,,,False
1781,1789,False,0.524,0,0,,,,False
1781,1848,False,0.776,0,0,,,,False
1781,1860,False,0.762,0,5,0.9884029865613253,0.019843673333525658,0.977245972488752,False
1781,1862,False,0.76,0,0,,,,False
1781,aria_a_42_1,True,0.512,0,2,0.6230361543886711,,,False
1781,im0195,True,0.073,1,0,,,,False
1782,1844,False,0.643,0,0,,,,False
1782,230,False,0.109,1,2,0.8111387477796916,0.016739770770072937,0.4158776245396134,False
1782,358,False,0.142,1,2,1.1957632229466542,-0.0005060623516328633,0.8125773825794729,False
1782,aria_c_22_1,True,-0.123,2,0,,,,False
1783,1822,False,0.706,0,4,0.9983905066989146,0.01735510677099228,0.9949289409143971,False
1783,1830,False,0.664,0,0,,,,False
1783,1848,False,0.789,0,3,0.9967575344015458,0.0037018945440649986,0.9934948675101456,False
1783,1883,False,0.769,0,3,1.0277866876801964,-0.010020164772868156,0.9994733844186271,False
1783,1886,False,0.757,0,3,0.48675288080913526,,,False
1783,448,False,-0.07,1,2,0.9605725015699709,0.01877782866358757,0.407198454023297,False
1783,804,False,-0.109,1,3,0.5788063090142521,,,False
1783,aria_c_20_1,True,0.035,1,0,,,,False
1783,im0016,True,-0.082,1,0,,,,False
1784,1794,False,0.661,0,0,,,,False
1784,1811,False,0.809,0,0,,,,False
1784,1842,False,0.715,1,2,0.7838553930064948,0.014148811809718609,0.6124678766248685,False
1784,1846,False,0.714,0,2,0.88990508554863,-0.00413709320127964,0.4176323064665337,False
1784,1855,False,0.773,2,4,1.0255856243487556,0.0073420219123363495,0.995439057762992,False
1784,1885,False,0.747,0,3,0.39361473459394636,,,False
1784,1889,False,0.759,0,3,1.0232105821375768,0.005390195641666651,0.9600641968704026,False
1784,242,False,0.285,1,2,0.13452338155922644,,,False
1784,334,False,-0.013,2,2,0.5648104427400087,,,False
1784,393,False,0.101,1,3,1.1373024578018398,0.020352821797132492,0.870179122386013,False
1785,1788,False,0.608,2,4,1.0317992321301899,-0.004555811639875174,0.9677999013023795,False
1785,1817,False,0.697,0,4,0.5938173724230621,,,False
1785,1820,False,0.624,1,3,2.900846765014477,,,False
1785,1850,False,0.168,1,3,0.4165715828831781,,,False
1785,1852,False,0.682,0,3,0.7232516930841204,0.029793255031108856,0.5260719296076714,False
1785,1878,False,0.674,0,4,1.0813315283913227,-0.0001352300023427233,0.9993106271138973,False
1785,324,False,0.146,1,2,2.367790764542662,,,False
1785,879,False,0.203,1,3,1.421770024364752,-0.010175226256251335,0.9392529383352117,False
1786,1821,False,0.637,0,4,0.893992282130593,0.015167796052992344,0.7992430740200703,False
1786,1873,False,0.652,0,3,0.19862449136151406,,,False
1786,329,False,-0.051,1,3,0.1596550672352571,,,False
1786,im0267,True,0.043,2,3,1.7968944603962511,,,False
1787,1821,False,0.724,0,3,0.4620266877540624,,,False
1787,1836,False,0.589,0,3,0.1259940265452217,,,False
1787,1838,False,0.801,0,4,0.9356479324045718,0.010912340134382248,0.8807868994217154,False
1787,1850,False,0.667,0,2,0.815648935257381,-0.0059750983491539955,0.4519496997360258,False
1787,1869,False,0.614,0,3,0.5712383198872877,,,False
1787,1880,False,0.766,0,2,0.6760393465806025,-9.875604882836342e-05,0.4290967986786331,False
1787,1905,False,0.12,1,2,1.938033719456558,,,False
1787,314,False,0.2,1,3,49.64142737907619,,,False
1787,562,False,0.132,1,5,0.8995066897890169,0.007038407493382692,0.7367818061117416,False
1787,im0194,True,0.073,2,4,3.6485352490994343,,,False
1788,1832,False,0.592,0,3,0.40963615185819374,,,False
1788,421,False,0.088,1,3,2.6459186369936574,,,False
1788,566,False,-0.036,1,3,0.6688920387741428,,,False
1788,882,False,0.129,1,2,1.508216852673155,,,False
1788,900,False,0.035,1,0,,,,False
1789,1854,False,0.628,0,0,,,,False
1789,593,False,0.149,1,0,,,,False
1789,im0368,True,0.111,1,0,,,,False
179,201,False,0.622,0,2,6.084450241174301,,,False
179,234,False,0.749,0,3,0.9880503770064721,-0.007732199504971504,0.9241813534239204,False
179,517,False,0.278,1,3,1.2447415358678882,-0.004541140515357256,1.0,False
179,579,False,0.256,2,3,0.8453266641679839,-0.006693140137940645,0.5561457159718869,False
179,848,False,0.106,1,4,2.144416258666227,,,False
1790,1856,False,0.562,0,3,0.5852887620643241,,,False
1790,807,False,0.263,1,3,1.5076909465126083,,,False
1790,88,False,0.592,0,3,0.2821771512930421,,,False
1791,1792,False,0.658,0,3,0.3004448557616645,,,False
1791,1808,False,0.701,2,2,2.1043735031490804,,,False
1791,1854,False,0.637,0,0,,,,False
1791,1867,False,0.701,0,2,0.18904182817030812,,,False
1791,500,False,-0.081,1,3,0.3951876867908434,,,False
1791,881,False,0.024,1,3,0.15489057457946245,,,False
1791,983,False,-0.054,1,3,0.8694213926560267,-0.0011963656870648265,0.2792243350906768,False
1791,999,False,0.136,1,2,0.9954765801909794,0.0013387487269937992,0.9122855012525278,False
1791,aria_a_56_1,True,0.01,1,2,0.8600831664803463,0.012083685025572777,0.35948899779780713,False
1791,im0307,True,0.011,1,3,0.7663538591249467,-0.006722860038280487,0.4893238672068242,False
1792,1801,False,0.08,1,2,0.3284453175597947,,,False
1792,1808,False,0.639,0,0,,,,False
1792,1837,False,0.6,0,3,0.14349506904172318,,,False
1792,1854,False,0.553,1,2,3.112396915856109,,,False
1792,1890,False,0.697,0,3,1.0477903030088065,0.006799677386879921,0.9770760621495802,False
1792,81,False,-0.237,2,3,0.1868697512958563,,,False
1793,1819,False,0.116,1,3,22.942799504023473,,,False
1793,1855,False,0.497,0,0,,,,False
1793,24,False,0.143,1,0,,,,False
1793,480,False,0.494,0,2,1.6148289812515122,,,False
1793,904,False,0.047,1,0,,,,False
1794,18,False,-0.027,1,4,0.08428324024153906,,,False
1794,1843,False,0.566,0,0,,,,False
1794,1868,False,0.452,0,2,2.7737158429342865,,,False
1794,1887,False,0.496,1,3,0.8520387542372823,-0.005152339115738869,0.6875911938889365,False
1794,465,False,-0.247,2,2,1.4678269157781856,0.002240521600469947,1.0,False
1794,481,False,-0.108,2,2,0.8479751967264015,-0.0028455329593271017,0.5096619003073634,False
1794,890,False,0.081,1,3,0.049814921954926816,,,False
1794,aria_c_23_4,True,-0.044,1,2,0.3119204701378608,,,False
1795,1838,False,0.147,1,2,0.7976497610331479,-0.006042454857379198,0.569556288169486,False
1795,1884,False,0.568,0,2,0.9163277252855581,0.025904372334480286,0.7706328814543265,False
1795,im0282,True,-0.106,2,4,1.6416617473566464,,,False
1796,1814,False,0.666,0,3,0.8039430973628632,0.00661493930965662,0.6152863082174422,False
1796,1833,False,0.646,0,2,0.2914625716896715,,,False
1796,1837,False,0.723,0,2,1.0611294883182127,0.024438323453068733,0.9966292255257122,False
1796,1876,False,0.585,0,2,1.8360609361048201,,,False
1796,303,False,-0.027,2,4,0.5686262527511253,,,False
1796,333,False,0.031,1,2,1.0935577767943878,-0.0054602306336164474,0.8440882687072643,False
1796,440,False,0.418,0,2,0.4395517540309378,,,False
1796,68,False,-0.103,4,3,0.04697551848696958,,,False
1796,aria_c_20_1,True,0.462,0,3,1.8940549331166294,,,False
1796,im0032,True,0.065,1,2,1.2451822954590865,-0.004458489362150431,0.9298785210098909,False
1796,im0205,True,0.006,1,3,0.18699856547824717,,,False
1797,1806,False,0.687,0,2,2.412125238273811,,,False
1797,1811,False,0.687,0,0,,,,False
1797,1846,False,0.57,1,0,,,,False
1797,252,False,0.063,1,2,0.6719486579528351,0.006019435357302427,0.4494250037546397,False
1797,44,False,-0.099,1,2,0.43889639918325485,,,False
1797,635,False,0.134,1,0,,,,False
1797,aria_a_14_19,True,0.128,1,0,,,,False
1798,1800,False,0.634,0,2,0.8170784195244808,-0.006540483795106411,0.49509956357163537,False
1798,1834,False,0.212,1,0,,,,False
1798,294,False,0.263,2,2,0.1817654252173668,,,False
1799,1855,False,0.541,0,0,,,,False
1799,30,False,0.418,0,0,,,,False
1799,87,False,0.504,1,0,,,,False
18,471,False,0.607,0,3,0.9046979586955369,-0.007441660854965448,0.7478528002058739,False
18,686,False,-0.071,2,3,0.5348099930275628,,,False
18,84,False,0.11,2,2,1.5358689829185257,,,False
18,im0101,True,0.114,1,2,0.3729093216046052,,,False
180,209,False,0.458,2,2,2.548064186561098,,,False
180,349,False,0.664,0,0,,,,False
180,355,False,0.658,0,0,,,,False
180,439,False,0.423,0,2,0.6104515076749909,,,False
180,744,False,0.536,1,3,0.8588882086258836,-0.0037500227335840464,0.5441606425702811,False
1800,43,False,0.652,0,3,0.4479447904099313,,,False
1800,723,False,0.352,1,3,0.9119540489564346,0.04426278918981552,0.8342476657630911,False
1800,81,False,0.668,0,2,0.4727457971234458,,,False
1800,im0077,True,0.033,1,2,1.0081925708177257,0.005929666105657816,0.47583367335583665,False
1801,1827,False,0.601,2,3,0.9296206170720702,0.0067578633315861225,0.8580031933475498,False
1801,1828,False,0.665,0,3,3.483948104310198,,,False
1801,1852,False,0.775,0,3,0.9558438144287097,-0.00635208236053586,0.5854453002800428,False
1801,1875,False,0.631,0,2,1.075164545956778,-0.00307456380687654,0.8790425537694284,False
1801,1887,False,0.734,0,3,1.0458100725253339,0.014879102818667889,0.9139129688438761,False
1801,1889,False,0.759,2,5,1.1912298005141364,0.00998611468821764,1.0,False
1801,499,False,-0.065,1,2,0.34433040880847227,,,False
1801,aria_c_3_2,True,-0.018,1,3,0.2830600071605403,,,False
1801,aria_d_13_22,True,0.173,2,3,0.06634084446918778,,,False
1801,im0252,True,0.022,1,3,1.1008493069846084,-0.015283377841114998,0.8593662826950215,False
1802,1809,False,0.768,0,3,0.9560194491518756,-0.011601977981626987,0.8860830677770934,False
1802,1811,False,0.74,0,0,,,,False
1802,1835,False,0.771,0,2,1.696896748838943,,,False
1802,1846,False,0.709,0,2,0.3641614025744525,,,False
1802,27,False,-0.04,1,2,0.7625388264077684,-0.005731969606131315,0.5477190667031487,False
1802,461,False,0.142,1,0,,,,False
1802,87,False,0.588,0,0,,,,False
1802,im0251,True,-0.116,1,3,0.8176728684830343,0.0011841391678899527,0.67053136941115,False
1803,1804,False,0.814,2,5,0.6713292430365212,-0.023416414856910706,0.44820745889586955,False
1803,1818,False,0.794,0,3,0.3585273702638236,,,False
1803,1819,False,0.807,0,3,1.0118240187643204,-0.01766740344464779,0.5705878566140575,False
1803,1865,False,0.78,0,3,0.7617757300222942,0.004216540604829788,0.3186371780814591,False
1803,1867,False,0.789,0,2,0.16181013858639381,,,False
1803,1870,False,0.76,0,0,,,,False
1803,1888,False,0.617,0,2,0.7972519806483189,-0.003301449352875352,0.6187817371690167,False
1803,1920,False,0.727,0,3,1.7506402375289096,,,False
1803,409,False,0.026,2,3,3.069410448851823,,,False
1803,673,False,0.023,1,2,0.32427167440407556,,,False
1803,699,False,-0.005,1,2,1.4730439386098353,0.012620278634130955,0.8365505879069868,False
1803,im0118,True,0.543,0,0,,,,False
1803,im0208,True,0.535,0,2,0.3642869889975673,,,False
1803,im0243,True,0.534,0,3,0.03831266553119149,,,False
1804,1813,False,-0.057,1,2,1.4304494772446457,0.008555317297577858,0.8242387424196809,False
1804,1814,False,0.74,0,3,0.19477694547667446,,,False
1804,1819,False,0.788,0,3,0.01409945458323354,,,False
1804,1848,False,0.78,0,2,0.3900148067712464,,,False
1804,1883,False,0.777,0,0,,,,False
1804,375,False,-0.055,1,2,12.94358565491633,,,False
1804,420,False,-0.038,2,2,0.7200567573115171,0.01867026835680008,0.3327546668381234,False
1804,884,False,0.044,1,2,0.9115004208999223,0.002430284395813942,0.7965501325633567,False
1804,im0243,True,0.566,0,2,0.23559500701960653,,,False
1805,1841,False,0.574,0,4,0.7791461506931135,-0.011093854904174805,0.6067725479490186,False
1805,1852,False,0.636,0,4,0.8079693293041644,-0.01056127529591322,0.6475438473901195,False
1805,1863,False,0.653,0,3,0.759487857358074,-0.008439360186457634,0.4758448664306405,False
1805,1877,False,0.426,4,4,0.5122019599607966,,,False
1805,855,False,0.112,1,3,0.4965685583279175,,,False
1805,im0198,True,-0.008,1,4,1.1550662675366143,-0.0035155529621988535,0.5077085661131323,False
1805,im0399,True,-0.018,1,3,1.374160318776181,-0.0052854688838124275,0.9257157418073907,False
1806,1811,False,0.723,0,0,,,,False
1806,295,False,0.145,1,2,0.4154442665116897,,,False
1806,54,False,-0.196,2,0,,,,False
1806,aria_c_5_1,True,0.515,0,0,,,,False
1806,im0207,True,0.356,0,2,0.9687445711390813,0.0005910099716857076,0.41184988536261613,False
1807,1834,False,0.659,0,2,2.424943516835572,,,False
1807,1872,False,0.727,0,3,0.9693683627338453,0.028035229071974754,0.9341473092679579,False
1807,209,False,0.255,1,3,1.0621634838571763,0.028500458225607872,0.9661062369026117,False
1807,27,False,0.479,0,2,1.5720732089310254,,,False
1807,273,False,0.172,1,3,1.0684252113674209,0.007475767284631729,0.972027446390413,False
1807,432,False,0.776,0,2,1.0499624155502567,0.011019361205399036,0.9666898656244981,False
1807,46,False,0.075,2,3,0.4374235523024554,,,False
1807,675,False,0.511,1,2,2.7563545451480684,,,False
1807,im0334,True,0.461,0,2,2.0065579049940605,,,False
1808,1819,False,0.74,0,2,22.38090222191473,,,False
1808,1833,False,0.704,0,3,1.0724624606959978,0.03336378559470177,0.9856705245332269,False
1808,1855,False,0.18,2,3,1.1972459060613776,0.008174021728336811,0.8814852574249457,False
1808,1867,False,0.838,0,3,1.0804880260280672,0.01566840149462223,0.9908553388447441,False
1808,1881,False,0.721,0,4,0.34872148146742205,,,False
1808,aria_d_8_2,True,-0.058,1,2,0.4706496202340012,,,False
1808,im0236,True,0.128,1,3,0.05415379115679093,,,False
1809,1827,False,0.738,0,3,0.8944274682814621,0.0029854318127036095,0.41102562179191804,False
1809,1832,False,0.819,0,0,,,,False
1809,1835,False,0.796,0,3,1.1277110962671055,-0.006125546991825104,0.8251390768305518,False
1809,1841,False,0.272,1,2,0.3554524777909387,,,False
1809,581,False,0.051,1,3,0.49741515984216134,,,False
181,234,False,0.606,1,0,,,,False
181,247,False,0.872,0,5,1.0260839060973646,0.02237003855407238,0.9995120172456323,False
181,355,False,0.825,0,0,,,,False
181,361,False,0.645,1,2,0.0281809076869473,,,False
181,53,False,0.325,1,0,,,,False
181,629,False,0.828,0,0,,,,False
181,722,False,0.458,0,0,,,,False
181,837,False,0.65,0,0,,,,False
181,916,False,0.571,1,2,0.18374662535848477,,,False
181,im0333,True,-0.077,1,0,,,,False
1810,1852,False,0.574,0,4,1.0520536538692542,0.03417789563536644,0.9894809264524868,False
1810,1855,False,0.586,0,5,1.0439445908004326,-0.0033939455170184374,0.6308534327797601,False
1810,1878,False,0.577,0,4,1.3313594576933847,-0.009706145152449608,0.9633716797001228,False
1810,273,False,0.023,1,3,0.9309732391624854,0.007533070165663958,0.7437853683679276,False
1810,705,False,-0.028,1,3,0.9638132899789797,0.0013271482894197106,0.5647080270445614,False
1810,964,False,0.115,1,3,0.17188659910546802,,,False
1810,im0211,True,-0.021,1,3,1.9006936039443545,,,False
1811,1824,False,0.734,0,3,0.8561647230120013,0.01256319135427475,0.44316298193873377,False
1811,367,False,-0.057,2,4,0.5502214185687458,,,False
1811,382,False,-0.193,1,2,0.1593559094665519,,,False
1811,653,False,0.034,1,4,1.6007348922926738,,,False
1811,811,False,0.709,0,4,0.3354001216701268,,,False
1811,87,False,0.601,0,3,0.5026089641864373,,,False
1811,aria_c_35_27,True,0.528,0,2,0.5024179452986236,,,False
1811,aria_c_36_44,True,0.581,0,2,0.7859985325697105,-0.0005378584610298276,0.6523383037549921,False
1811,aria_c_9_6,True,0.572,0,0,,,,False
1811,aria_d_23_4,True,0.005,1,3,1.022057432479263,0.006232523825019598,0.39956985113004195,False
1812,489,False,0.62,0,2,0.9035135793496325,0.001757133868522942,0.6874101380495767,False
1812,521,False,0.651,0,2,0.47385448585317447,,,False
1813,1852,False,0.727,0,3,1.4052573642019768,0.003285806393250823,1.0,False
1813,1863,False,0.691,0,3,1.1882189297137273,0.023484213277697563,1.0,False
1813,1869,False,0.024,1,3,2.7110533189200026,,,False
1813,1878,False,0.726,0,3,0.5230994807728585,,,False
1813,1879,False,0.658,0,3,0.7919310581906988,0.002403021790087223,0.6247306871898213,False
1814,1819,False,0.748,0,3,0.944083400764428,0.002324553206562996,0.8842794759825328,False
1814,1853,False,0.479,1,2,0.6955410642800789,-0.007192670833319426,0.47256986618011376,False
1814,1883,False,0.749,0,3,2.2580545475554907,,,False
1814,1890,False,0.691,0,4,1.0489263467706862,0.009343144483864307,0.9941901794256455,False
1814,1899,False,0.239,1,3,0.7406499164760455,0.007965553551912308,0.5770231864082426,False
1814,90,False,-0.024,2,2,1.1242914699476947,-0.005130433943122625,0.6191266783797289,False
1815,1873,False,0.703,0,3,1.0271520694495808,0.04187491163611412,0.996802175595494,False
1815,im0113,True,0.028,1,3,0.5340289027221428,,,False
1815,im0190,True,0.075,1,0,,,,False
1816,1838,False,0.236,1,4,1.0845755859599056,-0.004307538736611605,0.726909149867589,False
1816,471,False,0.695,0,2,4.3439580586211735,,,False
1816,699,False,0.149,2,3,10.059711981300223,,,False
1816,933,False,0.552,0,3,16.067138073426502,,,False
1817,1861,False,0.56,1,2,8.385814276107102,,,False
1817,1889,False,0.663,0,2,0.6840327189134823,0.0017868177965283394,0.46598903303463957,False
1817,292,False,0.198,1,3,1.3426363799456553,0.012091908603906631,0.7591173963621548,False
1817,513,False,0.231,1,2,0.46024367658253584,,,False
1817,566,False,0.067,2,2,0.06784614164236692,,,False
1817,im0097,True,0.066,1,3,0.3818264469322462,,,False
1818,1848,False,0.795,0,4,0.8238209584394324,0.04129469022154808,0.6863809978515159,False
1818,1849,False,0.689,0,3,0.7629671866160478,0.008766287937760353,0.5820281490699221,False
1818,1854,False,0.645,0,3,14.39574163549355,,,False
1818,1860,False,0.813,0,4,0.049173258905138253,,,False
1818,1886,False,0.793,0,4,0.027579486452467376,,,False
1818,731,False,0.072,1,3,5.840053468807453,,,False
1818,940,False,-0.011,1,4,0.7737215691714667,0.006049240007996559,0.6004788035291586,False
1818,im0170,True,-0.069,1,3,0.6665315172401426,,,False
1818,im0380,True,0.153,1,2,1.4368774085768212,0.002834061160683632,0.9966502718094745,False
1819,1880,False,0.726,0,3,2.525624249355756,,,False
1819,288,False,-0.113,1,2,5.9513278720788945,,,False
1819,im0243,True,0.533,0,3,0.02395405015313835,,,False
182,211,False,0.543,1,0,,,,False
182,243,False,0.588,0,3,1.0703035595153758,-0.010514035820960999,0.9995814732142857,False
182,247,False,0.807,0,0,,,,False
182,269,False,0.523,1,3,0.2928781048487089,,,False
182,270,False,0.487,1,2,0.8343320893553086,-0.012773987837135792,0.4223709677419355,False
182,846,False,0.789,0,2,0.24656545275330652,,,False
182,im0295,True,0.152,1,0,,,,False
1820,1832,False,0.666,0,0,,,,False
1820,1855,False,0.634,0,3,0.673003553135321,-0.0022457195445895195,0.390599093177367,False
1820,409,False,0.265,2,3,0.5764935126541471,,,False
1820,660,False,0.042,2,3,3.93298723022032,,,False
1820,im0199,True,-0.033,1,3,0.6759888504168003,0.0012326056603342295,0.34648021611314156,False
1821,1836,False,0.561,0,4,0.31392636569781146,,,False
1821,1838,False,0.762,0,3,1.0123013726131422,0.014364366419613361,0.9344592768740204,False
1821,1858,False,0.755,0,3,0.5158537250547219,,,False
1821,1886,False,0.604,1,3,0.45922007598913855,,,False
1821,490,False,0.063,1,3,1.556450128183073,,,False
1821,aria_c_4_8,True,-0.076,2,2,5.102893476247916,,,False
1821,im0046,True,-0.064,2,4,0.17379516593588967,,,False
1822,1848,False,0.736,0,0,,,,False
1822,1860,False,0.698,0,0,,,,False
1822,im0162,True,-0.054,1,0,,,,False
1822,im0239,True,-0.049,1,0,,,,False
1823,1883,False,0.055,2,0,,,,False
1823,233,False,0.57,1,3,0.9430075666683518,-0.00461839372292161,0.691410512058392,False
1823,423,False,0.674,0,2,2.869892711360703,,,False
1823,432,False,0.731,0,3,2.7578780900860496,,,False
1823,63,False,0.679,0,2,10.008665102915113,,,False
1823,835,False,0.191,1,3,1.4698516071771535,0.015042142942547798,0.5994436494026467,False
1823,im0209,True,0.535,0,0,,,,False
1823,im0293,True,0.599,0,0,,,,False
1824,1872,False,-0.235,4,3,2.3007551970904765,,,False
1824,660,False,-0.013,1,2,1.2147436410335704,0.0001677581312833354,0.9780715413279497,False
1824,812,False,-0.276,1,2,1.1342288455020597,0.0018809274770319462,0.8166214703856749,False
1824,im0328,True,0.141,1,3,1.7847816075172984,,,False
1825,aria_a_43_9,True,0.287,0,0,,,,False
1825,im0027,True,0.268,2,0,,,,False
1825,im0218,True,0.397,0,0,,,,False
1826,404,False,0.511,0,0,,,,False
1826,512,False,0.532,0,0,,,,False
1826,91,False,0.106,1,0,,,,False
1827,1832,False,0.743,0,3,1.335754299746084,-0.009776652790606022,0.33788026473803534,False
1827,1844,False,0.444,3,4,0.9779234765711761,0.00512284878641367,0.5110609116579266,False
1827,1861,False,0.642,0,2,2.793796843147568,,,False
1827,1877,False,0.856,0,4,0.6577644016878145,,,False
1827,aria_c_21_3,True,-0.111,1,3,0.45025590744970634,,,False
1827,aria_c_34_1,True,0.009,1,3,1.2725294583308109,-0.000563626701477915,0.8328838758090236,False
1827,im0032,True,-0.002,1,3,1.0208363733761918,-0.003819471225142479,0.8787699422476932,False
1828,1841,False,0.502,1,4,0.5516397755122479,,,False
1828,1842,False,0.665,0,3,1.162237945170446,0.008479339070618153,1.0,False
1828,1844,False,0.594,2,3,1.4254623071688075,0.005177710205316544,1.0,False
1828,1868,False,0.461,0,2,0.7687366503459351,-0.005099184811115265,0.5912959838364733,False
1828,1884,False,0.554,0,3,0.863505718279988,0.007533779833465815,0.7462561412184607,False
1828,1889,False,0.654,0,4,0.91403725755071,0.0009790739277377725,0.8291828273371673,False
1828,460,False,0.125,1,3,0.8032845084457806,0.004291531164199114,0.4185087306342549,False
1828,554,False,0.165,2,2,1.1888723981040947,0.014296573586761951,0.8812873272358813,False
1829,43,False,0.745,0,2,5.6821843395807985,,,False
1829,492,False,0.756,0,2,1.5774773980668755,,,False
1829,58,False,0.409,0,2,1.0195837413057687,-0.0015499172732234001,0.9618045662493213,False
183,323,False,0.854,0,0,,,,False
183,609,False,0.64,0,0,,,,False
183,629,False,0.809,0,0,,,,False
183,661,False,0.801,0,0,,,,False
183,686,False,0.53,0,0,,,,False
183,862,False,0.589,0,0,,,,False
183,971,False,0.665,0,0,,,,False
1830,1853,False,0.676,0,0,,,,False
1830,1873,False,0.619,0,3,1.011828604212724,-0.001324607408605516,0.973020036116605,False
1830,531,False,0.145,2,3,2.0472556276176674,,,False
1830,912,False,0.093,2,0,,,,False
1831,448,False,0.62,0,0,,,,False
1831,aria_c_32_2,True,-0.037,2,0,,,,False
1832,1833,False,-0.005,2,2,1.7525500220362857,,,False
1832,1835,False,0.747,0,2,0.7395172001912135,0.026458078995347023,0.5453046802843826,False
1832,1861,False,0.589,0,3,0.35269397871052743,,,False
1832,1877,False,0.76,0,2,1.3803897099986864,-0.011467079631984234,0.9034115822683279,False
1832,1878,False,0.546,1,2,1.136007092463495,0.013351069763302803,0.45201856998211937,False
1832,im0094,True,0.126,1,2,1.5940735849848529,,,False
1832,im0291,True,0.075,1,3,0.34563511155373466,,,False
1833,1837,False,0.596,0,2,0.8866309320931317,-0.006852246820926666,0.7416668452980644,False
1833,1867,False,0.724,0,3,2.357056501240203,,,False
1833,1876,False,0.547,0,2,3.2688427167450307,,,False
1833,1881,False,0.632,0,2,0.7330001633437995,0.0012795454822480679,0.41890105891732526,False
1833,1882,False,0.494,0,3,1.4108608667653533,0.00433225417509675,0.6273533647026075,False
1833,1890,False,0.703,0,4,0.07924431864119512,,,False
1833,40,False,0.04,1,5,0.25921689445563767,,,False
1833,454,False,-0.012,1,3,0.18258876748044162,,,False
1833,555,False,-0.027,1,3,0.9941904749844264,0.0065525067038834095,0.8104234911886598,False
1833,96,False,0.015,1,3,0.48881709675919005,,,False
1833,aria_c_6_2,True,0.008,1,3,0.14296360214884493,,,False
1834,23,False,0.249,1,3,3.5558577233909814,,,False
1834,642,False,0.353,1,2,1.525810324621655,,,False
1834,74,False,0.234,1,3,0.24189895170584957,,,False
1834,im0221,True,0.2,1,0,,,,False
1835,1877,False,0.763,0,0,,,,False
1835,758,False,0.533,0,0,,,,False
1835,773,False,0.016,2,0,,,,False
1835,aria_d_3_33,True,0.443,1,0,,,,False
1836,39,False,0.057,1,2,0.6110868766687575,,,False
1836,42,False,0.05,1,0,,,,False
1836,753,False,0.072,1,2,1.3520046459747652,-0.055918049067258835,0.8039419754940881,False
1836,896,False,0.069,2,0,,,,False
1837,1917,False,0.145,1,0,,,,False
1837,458,False,-0.128,1,2,2.0048944623661753,,,False
1837,aria_c_20_1,True,0.566,0,2,1.8157133163395127,,,False
1837,im0016,True,-0.084,1,2,1.1159968856397173,0.01769285835325718,0.70380251993963,False
1837,im0071,True,0.24,1,3,2.60714028501302,,,False
1838,1850,False,0.687,0,2,0.3768769122216037,,,False
1838,1857,False,0.781,0,3,0.49527444659688463,,,False
1838,1869,False,0.62,0,3,0.6102899446224811,,,False
1838,1880,False,0.763,0,3,1.4213905321983782,0.006895005237311125,0.9602895033648886,False
1838,546,False,-0.12,3,5,1.0562950528084396,0.0009166234522126615,0.9718928084654268,False
1838,757,False,0.665,0,2,1.2227163040463436,0.00012722933024633676,0.8996099584170544,False
1838,959,False,-0.043,1,2,1.7053016227185398,,,False
1839,1875,False,-0.0,13,93,1.0049144165255772,0.7392787337303162,0.8196693703041728,True
1839,1879,False,-0.022,18,107,1.0077532777769187,0.6910775899887085,0.8059179145273493,True
1839,29,False,0.567,1,3,0.25450041660428885,,,False
1839,493,False,0.567,0,3,2.279873434572625,,,False
1839,685,False,0.079,1,2,0.06192821636694417,,,False
1839,im0182,True,0.08,1,3,0.006971006313064416,,,False
184,285,False,0.761,0,3,1.082327155814249,0.004182612989097834,0.7991583123358172,False
184,788,False,0.768,0,4,1.068105908476451,0.0030023169238120317,0.9912416280267903,False
184,822,False,0.702,1,4,1.0600272473210184,0.018840700387954712,0.9959839574797439,False
184,827,False,0.781,0,3,2.0755018045213904,,,False
184,im0044,True,-0.013,1,0,,,,False
184,im0252,True,-0.191,1,0,,,,False
1840,661,False,0.001,1,4,1.1970457565089276,0.0043780566193163395,0.744634637979541,False
1840,96,False,0.336,1,0,,,,False
1840,997,False,0.216,1,0,,,,False
1840,im0201,True,-0.168,2,2,2.0199520370815454,,,False
1841,1863,False,0.569,0,2,0.7975349962946192,0.020828289911150932,0.24406179594464114,False
1841,1887,False,0.612,0,3,0.789882920921331,-0.009317334741353989,0.6251770234314651,False
1841,65,False,0.539,0,2,0.04606373541088749,,,False
1841,94,False,0.511,0,3,1.6332763099107066,,,False
1842,1852,False,0.727,0,4,0.11714376754477406,,,False
1842,1878,False,0.548,1,4,1.1953205851994402,-0.011308681219816208,1.0,False
1842,1889,False,0.791,1,4,0.9494109932750271,0.01673990488052368,0.8655182559850207,False
1842,1906,False,0.412,1,6,0.7873972640720268,0.007308165077120066,0.6629811081142485,False
1842,526,False,0.205,1,5,0.19054518440845805,,,False
1842,585,False,-0.03,1,3,1.614442250219259,,,False
1842,959,False,0.107,1,2,1.107804837676669,0.000127833554870449,0.9687116465777359,False
1843,446,False,0.151,1,0,,,,False
1843,549,False,0.57,0,0,,,,False
1843,960,False,0.546,0,0,,,,False
1844,449,False,-0.003,1,3,6.540804689569035,,,False
1844,457,False,0.549,0,3,2.104422234288763,,,False
1844,im0273,True,0.234,1,2,0.7376493459248845,-0.013022910803556442,0.4791554448633918,False
1845,1854,False,0.143,1,0,,,,False
1845,20,False,0.583,0,0,,,,False
1845,506,False,0.563,0,0,,,,False
1845,533,False,0.573,0,0,,,,False
1845,55,False,0.125,1,0,,,,False
1845,im0017,True,0.198,1,0,,,,False
1846,223,False,0.147,1,3,0.957257484695458,0.01550462655723095,0.7351244999945798,False
1846,239,False,0.026,2,2,1.367989373496956,0.012597248889505863,1.0,False
1846,458,False,-0.045,1,2,0.4220583753324044,,,False
1847,75,False,0.67,0,0,,,,False
1847,897,False,0.0,1,2,0.33487357243082677,,,False
1847,im0044,True,-0.019,1,2,2.981982875524764,,,False
1847,im0339,True,0.01,1,3,0.5701085852778645,,,False
1848,1860,False,0.857,2,2,1.0216697479581387,0.0077004628255963326,0.7360522057914456,False
1848,1862,False,0.78,0,3,0.7131293941337248,-0.006548872217535973,0.504003785984329,False
1848,1883,False,0.797,0,3,0.7804466681230697,0.0036731387954205275,0.6030554450976389,False
1848,1886,False,0.753,0,3,0.17839193772887918,,,False
1848,299,False,0.032,1,3,0.17194691853127464,,,False
1848,586,False,-0.063,1,3,0.8121867158546232,0.010806728154420853,0.5426956694584272,False
1848,im0213,True,0.08,1,3,0.4952622835998539,,,False
1849,1886,False,0.712,0,3,0.9163321402049024,-0.007956784218549728,0.8385539693950909,False
1849,430,False,-0.139,1,2,0.18827067859491287,,,False
1849,660,False,-0.091,1,2,2.0720883583732146,,,False
1849,im0026,True,0.218,1,2,3.8958801848563898,,,False
185,237,False,0.428,1,3,1.0831573071413463,0.01164658460766077,0.9827054543081366,False
185,244,False,0.646,0,0,,,,False
185,247,False,0.637,0,0,,,,False
185,256,False,0.384,1,2,0.5353966376473616,,,False
185,355,False,0.656,0,0,,,,False
185,760,False,0.587,0,0,,,,False
185,78,False,0.052,1,2,0.06438051540006655,,,False
185,972,False,0.426,1,0,,,,False
1850,2,False,-0.009,2,3,0.10838722897631868,,,False
1850,757,False,0.682,0,2,1.006144062581018,0.011216218583285809,0.9824964810297957,False
1850,im0128,True,0.171,1,2,0.3481869894508658,,,False
1850,im0201,True,0.291,2,4,0.3042458983824249,,,False
1851,610,False,-0.092,1,3,5.31617771425168,,,False
1851,980,False,0.684,0,0,,,,False
1852,1855,False,0.769,0,3,1.8887070663458196,,,False
1852,1863,False,0.681,0,3,0.22181556332755933,,,False
1852,1878,False,0.764,0,4,1.1009581107465154,0.03830856457352638,0.9996068420258946,False
1852,1885,False,0.719,0,4,0.8934868143425251,0.04485248029232025,0.7933397946998945,False
1852,1887,False,0.713,0,2,3.204324508540313,,,False
1852,500,False,0.02,1,2,0.9416582493109408,-0.00457138754427433,0.8367015334619681,False
1852,809,False,0.046,1,3,1.1274590153754434,-0.009982101619243622,0.40322831645657925,False
1852,814,False,0.342,2,3,0.3891068747313294,,,False
1852,aria_c_4_1,True,-0.147,1,2,1.8230381820579569,,,False
1853,1856,False,0.039,1,3,0.2536686108148472,,,False
1853,1864,False,0.621,0,3,1.4511022879249957,0.0016417191363871098,0.9927818920338238,False
1853,1873,False,0.767,0,3,1.3154464771122,-0.00787915289402008,0.49003031215065784,False
1853,1886,False,0.684,0,3,0.11003607227026362,,,False
1853,462,False,0.079,2,4,0.5372636816811321,,,False
1853,732,False,0.208,1,2,1.535714958738709,,,False
1853,794,False,-0.135,1,3,0.6717530506416156,-0.011750694364309311,0.4505923151319551,False
1853,im0376,True,0.387,0,2,1.1498966037122498,0.007323689293116331,0.7997306850698536,False
1854,1865,False,0.647,0,3,0.8349779249334711,-0.013122351840138435,0.6906961195945766,False
1854,496,False,0.058,1,2,1.8469007323717792,,,False
1854,807,False,0.09,1,0,,,,False
1855,1878,False,0.728,0,3,1.035834821535432,0.00035218134871684015,0.6024472737456645,False
1855,1887,False,0.552,2,3,0.587446333874264,,,False
1855,666,False,0.187,1,0,,,,False
1855,728,False,0.092,1,3,0.8439620868778869,-0.01671900413930416,0.4367806232677328,False
1856,515,False,0.692,0,3,0.3236618568476117,,,False
1856,58,False,0.425,0,3,0.9552737897791742,0.014624311588704586,0.8598837740636609,False
1857,1865,False,0.778,0,3,0.8783648756928617,0.022610196843743324,0.7612975690637285,False
1857,1867,False,0.756,0,4,0.318563450257268,,,False
1857,488,False,0.107,1,3,0.04458890454142378,,,False
1857,787,False,-0.062,1,2,1.35571029716487,-0.0033688184339553118,0.8423205812176617,False
1857,aria_c_5_4,True,0.347,1,2,1.3667064024230917,0.007024266291409731,0.25267094690901754,False
1857,aria_d_5_2,True,0.502,0,3,3.313069081168696,,,False
1858,1862,False,0.762,0,2,1.738760878715593,,,False
1858,221,False,0.105,2,3,0.5357605379146324,,,False
1858,222,False,0.449,0,4,0.30838936606292805,,,False
1858,553,False,0.115,2,3,0.3145697353448053,,,False
1858,581,False,0.062,1,3,1.5779856637787584,,,False
1858,882,False,0.153,2,4,0.45530470832820646,,,False
1858,im0178,True,0.007,1,3,0.7588830853807254,-0.010999642312526703,0.2731167204903447,False
1859,1919,False,0.681,0,0,,,,False
1859,998,False,0.855,0,0,,,,False
1859,aria_c_2_8,True,-0.056,1,0,,,,False
1859,im0166,True,0.532,0,0,,,,False
186,195,False,0.852,0,0,,,,False
186,232,False,0.811,0,0,,,,False
186,322,False,0.779,4,5,1.0046711427951165,0.005592127796262503,0.9952809676432218,False
186,372,False,0.853,0,0,,,,False
186,743,False,0.842,2,6,1.0043211954911646,0.018127407878637314,0.9993803912694436,False
186,761,False,0.885,0,0,,,,False
186,845,False,0.756,2,0,,,,False
1860,1862,False,0.806,0,3,1.0081801434115185,0.022673217579722404,0.9740036246497695,False
1860,1865,False,0.821,0,4,1.0133951871842004,0.006044836714863777,0.9981226432754794,False
1860,229,False,0.098,1,2,0.9496381021497047,-0.0061705089174211025,0.21049912552132383,False
1860,271,False,0.021,1,2,0.42031792663449175,,,False
1860,aria_a_13_22,True,0.209,1,3,1.665070063609934,,,False
1860,aria_a_42_1,True,0.561,0,3,0.720119653259629,-0.022178305312991142,0.6667012175739735,False
1860,aria_d_23_1,True,0.662,0,3,0.2893726483830674,,,False
1860,im0042,True,-0.061,1,2,1.0607506748376276,-0.009107234887778759,0.6514928027449995,False
1860,im0165,True,-0.158,1,2,0.17436355774681678,,,False
1861,1877,False,0.597,0,3,1.5666932444198074,,,False
1861,33,False,0.161,1,3,0.7093303731928567,0.009044957347214222,0.3864188330661634,False
1861,703,False,0.096,1,3,0.20391618927478466,,,False
1861,748,False,0.203,1,3,0.7008314404089286,-0.006959961261600256,0.451508591748269,False
1861,im0120,True,-0.159,1,4,0.8512715820238324,0.030402064323425293,0.7217901487242462,False
1862,311,False,0.065,2,2,0.2524732977038612,,,False
1862,54,False,-0.243,1,2,0.5611832322121568,,,False
1862,884,False,0.217,1,3,1.6185662649107693,,,False
1862,im0342,True,0.007,2,3,0.46051812384360846,,,False
1863,1878,False,0.675,0,2,25.17225197361589,,,False
1863,311,False,0.234,2,3,0.896765553839355,0.017651617527008057,0.697244271785662,False
1863,951,False,0.056,1,0,,,,False
1863,aria_a_13_22,True,-0.085,1,3,2.259182099128116,,,False
1864,1873,False,0.641,0,0,,,,False
1864,21,False,-0.033,1,2,2.2015447820136,,,False
1864,243,False,0.073,2,3,0.8177858378016771,-0.02362632565200329,0.6692296960851648,False
1864,55,False,0.131,1,2,1.1129078243450223,0.002708120970055461,0.7433274092575692,False
1865,1870,False,0.738,0,3,1.0917748520558974,-0.01576022431254387,0.9877767490647928,False
1865,245,False,0.087,1,3,1.2959009291313834,0.054791294038295746,1.0,False
1866,1871,False,0.61,0,0,,,,False
1866,816,False,-0.251,2,0,,,,False
1866,978,False,-0.073,1,0,,,,False
1866,im0269,True,0.041,1,0,,,,False
1867,1881,False,0.724,0,2,0.5484687919006823,,,False
1867,1888,False,0.665,0,3,0.4425775168689603,,,False
1867,387,False,0.097,2,3,1.1323091028561738,0.02335510589182377,0.9087819951811394,False
1867,601,False,0.189,2,4,1.2484212395637595,0.008964422158896923,0.6803374900389826,False
1867,im0022,True,0.52,0,3,0.9715690936936121,-0.00022436000290326774,0.8527785472879383,False
1867,im0059,True,0.052,1,4,1.381020950043414,-0.011991658248007298,0.635206257096001,False
1867,im0208,True,0.515,0,3,5.9258914021913816,,,False
1868,aria_a_46_14,True,-0.078,1,3,0.3446265409756484,,,False
1868,im0245,True,-0.141,1,3,1.4574739090005648,-0.01804133877158165,0.9557959466203055,False
1869,1880,False,0.624,0,4,2.1466941339359957,,,False
1869,291,False,0.035,2,3,1.4448845441713274,0.0017341050552204251,0.712936418831275,False
1869,638,False,-0.074,1,2,1.236447341499828,0.008790523745119572,0.8951809236160002,False
187,205,False,0.358,1,6,0.9958723384760461,0.01063831802457571,0.9873934497372072,False
187,295,False,0.888,0,6,0.9570312843836237,0.009159579873085022,0.917534217049251,False
187,363,False,0.871,0,7,1.002848849607781,0.025565382093191147,0.9898296724800695,False
187,394,False,0.666,0,2,1.8139472035171702,,,False
187,477,False,0.303,1,0,,,,False
187,757,False,0.254,1,3,0.13804437916154016,,,False
187,787,False,0.88,0,3,0.9793185880679296,0.01214105449616909,0.9525213801238572,False
1870,1888,False,0.622,0,3,0.7776937634894532,-0.003907141275703907,0.3809626987566252,False
1870,489,False,0.03,1,3,0.7116546778153053,0.002082417719066143,0.20654465260586144,False
1870,aria_a_11_6,True,-0.068,2,4,0.6643351919210025,,,False
1870,aria_c_39_a_10,True,0.451,0,3,0.8782979502257612,0.010486489161849022,0.5357666015625,False
1870,aria_d_18_2,True,-0.071,1,3,0.7875237171623356,-0.007577182725071907,0.6393658661316654,False
1870,im0118,True,0.55,0,0,,,,False
1870,im0332,True,0.419,0,2,1.428769105532924,-0.01375151239335537,0.4290634267674352,False
1871,209,False,0.097,1,0,,,,False
1871,aria_d_2_6,True,0.405,0,0,,,,False
1872,432,False,0.776,0,3,0.9809024179406213,0.0041120173409581184,0.9584078376786765,False
1872,626,False,0.136,2,0,,,,False
1872,803,False,0.166,1,3,0.5941581047165356,,,False
1872,aria_c_1_7,True,-0.031,1,3,0.6714966856052982,0.009638241492211819,0.5070026620664834,False
1873,222,False,0.513,0,4,0.02620321125814164,,,False
1873,52,False,0.06,2,3,2.458455468959132,,,False
1873,85,False,0.104,1,3,1.2907824405881285,-0.003289224347099662,0.9998393858113426,False
1873,im0190,True,0.077,1,0,,,,False
1873,im0282,True,0.125,1,2,1.8549409494375582,,,False
1874,262,False,0.56,0,0,,,,False
1874,aria_c_3_2,True,0.071,2,2,2.7054446843629694,,,False
1874,aria_d_22_2,True,-0.098,1,3,0.5133700978091554,,,False
1875,1879,False,0.659,90,211,1.0036497992184883,0.8394088745117188,0.9576495557008564,True
1876,1882,False,0.561,0,2,1.0238817055921605,-0.003168333088979125,0.6816768108261467,False
1876,aria_c_38_2,True,0.034,1,2,0.3082387459317366,,,False
1876,aria_d_12_20,True,0.017,1,0,,,,False
1876,im0082,True,0.134,1,3,1.3659347864186062,0.013269812799990177,0.9941482549260225,False
1876,im0235,True,0.149,1,2,0.1175471344141118,,,False
1877,57,False,0.201,1,3,0.9209116279061575,-0.009743933565914631,0.47005207639292357,False
1877,838,False,0.178,1,2,2.647296171746169,,,False
1877,im0001,True,-0.055,1,0,,,,False
1878,224,False,0.032,1,0,,,,False
1878,256,False,0.075,1,3,0.3393957187956396,,,False
1878,514,False,0.023,1,3,2.215955839140776,,,False
1878,651,False,0.06,1,0,,,,False
1879,aria_c_7_2,True,0.121,2,4,0.5368310057017179,,,False
188,25,False,0.171,1,3,0.28717165327663396,,,False
188,335,False,0.386,2,3,1.1354387090526306,0.007937383837997913,0.9701749308637211,False
188,401,False,0.52,0,2,1.3298973110247243,-0.0142745990306139,0.7439979416919935,False
188,465,False,0.271,1,2,1.1517824990101577,0.007182058412581682,0.8173510606992858,False
188,531,False,0.723,0,0,,,,False
188,637,False,0.717,0,2,0.9283704720211327,0.016196155920624733,0.33366573914721825,False
188,733,False,0.703,0,4,1.0879944476532135,0.01635902188718319,0.5781097793971228,False
188,982,False,0.158,1,4,0.060528131764910266,,,False
188,im0373,True,0.028,3,4,2.305088165701756,,,False
1880,1886,False,0.508,1,2,0.6716044491568375,0.008374856784939766,0.08048518132138398,False
1880,356,False,-0.139,1,4,0.7376924925046817,0.019648434594273567,0.5325098229183487,False
1880,532,False,0.073,1,3,0.6838018495116744,0.023557692766189575,0.17356013929815162,False
1880,im0081,True,-0.074,1,2,1.3377728033578193,-0.0002918298705480993,0.4991553929993096,False
1881,464,False,0.123,2,3,1.2632402752845673,-0.003617045469582081,1.0,False
1881,834,False,-0.048,2,2,0.345996515037141,,,False
1881,959,False,-0.064,1,2,0.10632085904649094,,,False
1881,aria_c_46_12,True,-0.03,1,4,0.3884819543396305,,,False
1882,23,False,0.157,2,2,1.1705668903276907,-0.006073690950870514,0.550846053088829,False
1882,893,False,0.149,1,3,0.1837676287143192,,,False
1883,217,False,0.041,1,3,0.03585625026351923,,,False
1883,961,False,0.509,0,3,0.27712946911517167,,,False
1883,aria_d_23_1,True,0.669,0,3,0.23137070558657874,,,False
1884,56,False,0.188,1,2,0.3515653738507428,,,False
1884,im0164,True,-0.004,1,3,1.4664934483972036,0.06602637469768524,0.594248497104412,False
1885,42,False,-0.011,1,2,0.46140906245993923,,,False
1885,aria_d_25_33,True,0.049,2,2,0.2677441379570801,,,False
1886,75,False,-0.06,1,2,1.010647702070318,-0.00827868189662695,0.8721404703765583,False
1886,im0255,True,0.033,1,0,,,,False
1887,484,False,-0.002,1,2,1.8504907562151318,,,False
1887,768,False,0.093,1,3,2.414747416122708,,,False
1887,aria_c_46_12,True,0.364,1,2,0.6756905565166297,0.02413315884768963,0.3815968831380208,False
1887,im0055,True,-0.067,1,3,0.45102940085522997,,,False
1887,im0070,True,0.202,1,2,1.1979988425481818,0.0033610209356993437,0.8785866405338969,False
1888,978,False,0.066,1,0,,,,False
1888,im0018,True,0.127,1,0,,,,False
1889,258,False,0.11,1,3,1.5646092266738532,,,False
1889,29,False,0.116,1,3,0.16176004924171689,,,False
1889,im0046,True,0.025,1,3,0.6368596112981048,,,False
1889,im0136,True,-0.11,1,4,2.19576450833738,,,False
189,351,False,0.864,0,3,1.0337719162718395,-0.0025459921453148127,0.9281278062472778,False
189,420,False,0.234,1,2,0.30121947087956097,,,False
189,560,False,0.754,1,4,1.1016510300143716,0.007935302332043648,0.9994478928804983,False
189,632,False,0.867,0,2,2.221389264277898,,,False
189,758,False,-0.172,2,2,0.4392248926706508,,,False
189,871,False,0.576,0,2,0.5468966605500892,,,False
189,938,False,0.878,0,3,0.06039360490436938,,,False
189,im0113,True,-0.2,1,0,,,,False
1890,1899,False,0.186,1,2,7.86998913110515,,,False
1890,732,False,-0.054,1,2,1.5067690336382298,,,False
1891,1908,False,0.666,0,0,,,,False
1891,485,False,-0.026,1,0,,,,False
1891,aria_a_5_9,True,0.557,0,0,,,,False
1891,aria_c_26_2,True,0.536,0,0,,,,False
1891,aria_c_30_2,True,0.237,2,3,1.28233206926859,0.008489617146551609,0.9936718703271726,False
1891,aria_c_34_1,True,0.62,0,0,,,,False
1891,aria_c_35_2,True,0.59,0,0,,,,False
1891,im0004,True,0.443,0,0,,,,False
1891,im0015,True,0.61,0,0,,,,False
1891,im0288,True,0.459,0,0,,,,False
1892,479,False,0.015,1,0,,,,False
1892,aria_c_4_8,True,0.605,0,0,,,,False
1892,aria_c_9_6,True,0.205,1,0,,,,False
1892,im0091,True,-0.181,1,0,,,,False
1892,im0373,True,0.526,0,0,,,,False
1893,250,False,0.058,2,0,,,,False
1893,524,False,0.421,1,2,0.08365965445090867,,,False
1893,aria_c_25_1,True,0.106,1,0,,,,False
1893,aria_d_23_4,True,0.637,0,2,0.41688076162364907,,,False
1893,im0175,True,0.511,0,0,,,,False
1893,im0187,True,0.364,0,0,,,,False
1893,im0334,True,0.475,0,0,,,,False
1893,im0360,True,0.509,0,0,,,,False
1894,302,False,-0.002,1,0,,,,False
1894,734,False,0.282,1,0,,,,False
1894,aria_a_12_15,True,0.385,2,0,,,,False
1894,aria_c_41_3,True,0.315,1,0,,,,False
1894,im0035,True,0.522,0,2,2.7404661954317513,,,False
1894,im0087,True,0.583,0,0,,,,False
1895,1899,False,0.762,0,0,,,,False
1895,1913,False,0.7,0,0,,,,False
1895,382,False,-0.051,2,0,,,,False
1895,901,False,-0.029,1,0,,,,False
1895,940,False,-0.109,1,0,,,,False
1895,aria_a_14_11,True,0.107,2,0,,,,False
1895,aria_d_16_2,True,0.649,0,0,,,,False
1895,aria_d_17_2,True,0.617,0,0,,,,False
1895,im0161,True,-0.13,1,3,0.9827466840785791,0.001928634592331946,0.6792053500321831,False
1895,im0237,True,0.527,0,0,,,,False
1896,1916,False,0.718,0,3,0.8217236799368952,-0.012055560946464539,0.6827152203754434,False
1896,aria_d_13_22,True,0.556,0,0,,,,False
1897,31,False,-0.19,1,0,,,,False
1897,8,False,0.081,1,0,,,,False
1897,aria_c_1_7,True,0.663,0,0,,,,False
1897,aria_c_31_20,True,0.529,0,0,,,,False
1897,aria_c_6_2,True,0.544,0,0,,,,False
1897,aria_d_22_22,True,0.652,0,0,,,,False
1897,im0186,True,0.512,0,0,,,,False
1897,im0193,True,0.585,0,0,,,,False
1898,240,False,0.517,0,0,,,,False
1898,313,False,0.014,1,0,,,,False
1898,847,False,-0.05,1,3,0.5491630350782031,,,False
1898,aria_c_39_a_10,True,0.449,0,3,0.23142715594338692,,,False
1898,im0022,True,0.598,0,2,1.3116410925911843,0.010507353581488132,0.8024045653498809,False
1898,im0038,True,0.446,0,0,,,,False
1899,aria_d_16_2,True,0.686,0,2,1.5592419068887065,,,False
1899,aria_d_9_3,True,0.482,0,0,,,,False
1899,im0204,True,-0.032,1,0,,,,False
19,427,False,0.524,0,2,0.5946425160109429,,,False
19,506,False,0.494,0,2,1.0401693456433947,0.0479644350707531,0.8671251866069525,False
19,871,False,-0.025,1,0,,,,False
19,96,False,0.5,0,2,1.188545014966006,-0.026730766519904137,0.5243053511902532,False
19,im0050,True,0.432,0,3,0.9687459319551514,0.016851553693413734,0.5624601396542984,False
19,im0067,True,-0.059,2,0,,,,False
19,im0106,True,0.428,0,0,,,,False
19,im0121,True,-0.055,1,0,,,,False
19,im0314,True,-0.024,1,2,1.0787179427525253,0.004557427018880844,0.47907706427892977,False
190,641,False,0.583,1,4,9.740167602150121,,,False
190,657,False,0.776,0,0,,,,False
190,784,False,0.762,0,4,0.08804809033903828,,,False
190,850,False,0.346,2,3,0.7007058774363841,0.001502453233115375,0.48560218556944496,False
1900,1917,False,0.653,0,0,,,,False
1900,475,False,-0.048,1,3,0.3538135152224798,,,False
1900,aria_c_9_6,True,0.423,1,0,,,,False
1900,aria_d_12_20,True,0.56,0,0,,,,False
1900,im0014,True,0.382,0,0,,,,False
1900,im0205,True,0.477,0,0,,,,False
1900,im0235,True,0.578,0,0,,,,False
1901,647,False,0.136,1,0,,,,False
1901,855,False,0.07,2,0,,,,False
1901,im0062,True,0.598,0,0,,,,False
1901,im0089,True,0.731,0,0,,,,False
1901,im0263,True,0.549,0,0,,,,False
1901,im0267,True,0.449,0,0,,,,False
1902,380,False,0.167,1,0,,,,False
1902,aria_c_31_2,True,0.651,0,0,,,,False
1902,aria_d_20_2,True,0.519,0,0,,,,False
1902,im0380,True,0.449,0,0,,,,False
1903,1914,False,0.606,0,0,,,,False
1903,1918,False,0.591,0,0,,,,False
1903,aria_c_30_2,True,0.524,0,0,,,,False
1904,362,False,0.311,1,3,0.2527234137020892,,,False
1904,aria_a_12_15,True,0.511,0,2,0.8185241404946171,0.004695605020970106,0.6715266335507956,False
1904,im0216,True,-0.115,1,2,0.8685856432506768,-0.0036188061349093914,0.1671306163281284,False
1904,im0351,True,0.161,1,2,0.08274274968415365,,,False
1905,520,False,0.04,1,2,0.5921268803151798,,,False
1905,546,False,0.005,1,2,0.5412285921235088,,,False
1905,752,False,0.115,2,4,44.877852770476615,,,False
1905,aria_a_34_6,True,0.545,0,2,0.0,,,False
1905,im0191,True,0.398,0,0,,,,False
1906,im0019,True,0.331,0,0,,,,False
1906,im0088,True,0.41,0,0,,,,False
1906,im0384,True,0.119,2,0,,,,False
1907,1920,False,0.766,0,0,,,,False
1907,536,False,-0.056,2,0,,,,False
1907,aria_c_23_4,True,0.557,0,3,0.5522390341982519,,,False
1907,aria_d_17_2,True,0.239,3,3,1.2216195963518501,0.0015851076459512115,0.8413132296286798,False
1907,aria_d_5_2,True,0.587,0,0,,,,False
1908,442,False,-0.033,1,0,,,,False
1908,831,False,0.118,1,0,,,,False
1908,im0015,True,0.646,1,0,,,,False
1908,im0107,True,0.412,0,0,,,,False
1908,im0192,True,0.509,0,0,,,,False
1908,im0288,True,0.62,0,0,,,,False
1909,aria_c_3_2,True,0.376,3,6,0.7114652607264057,-0.005570962093770504,0.7326662049145586,False
1909,aria_c_6_5,True,0.526,0,2,0.5506531227321365,,,False
1909,im0059,True,0.123,1,3,1.1166649348339206,-0.00455357413738966,0.8718708212438502,False
191,208,False,0.74,0,2,0.4988278357176453,,,False
191,421,False,0.333,1,2,0.32674962981175004,,,False
191,647,False,0.704,0,2,0.8971791104396963,-0.011367205530405045,0.7589628142884266,False
191,722,False,0.164,1,0,,,,False
191,749,False,0.764,0,0,,,,False
191,762,False,0.581,2,3,0.9935955298561375,0.03312750905752182,0.921703001375989,False
191,815,False,0.509,1,0,,,,False
191,978,False,0.471,1,0,,,,False
1910,1911,False,0.674,0,3,1.3351490386584153,-0.0024692255537956953,0.738619498871045,False
1910,383,False,0.029,1,3,3.5031086972925287,,,False
1910,967,False,0.552,0,0,,,,False
1910,993,False,0.175,1,2,0.5785525580581732,,,False
1910,aria_d_25_33,True,0.425,0,2,3.5791537089099816,,,False
1910,im0015,True,0.18,1,3,1.067685810581916,0.04311433807015419,0.35050426516241806,False
1910,im0036,True,0.451,0,2,1.9530711312693019,,,False
1910,im0350,True,0.218,2,2,0.2814926299639059,,,False
1911,529,False,0.047,3,4,0.4840171820899445,,,False
1911,601,False,0.074,1,3,0.4125879391497199,,,False
1911,625,False,-0.003,2,3,26.862939518097154,,,False
1911,aria_d_13_2,True,0.067,1,2,0.7985920449372537,0.013097797520458698,0.6395372461151777,False
1912,1920,False,0.627,0,3,0.9169853884377771,0.002847038209438324,0.8000238154641748,False
1912,475,False,0.096,1,3,0.25423603940960365,,,False
1912,882,False,0.131,2,3,1.2249387605331366,-0.002471752930432558,0.9127023393385318,False
1912,im0094,True,0.375,0,0,,,,False
1912,im0122,True,0.177,1,2,1.3286256846788533,0.007883308455348015,0.7888713496448303,False
1912,im0226,True,0.422,0,2,1.0648103094611217,-0.003098138840869069,0.4713267988440376,False
1912,im0256,True,0.425,0,2,0.5409467734707947,,,False
1912,im0339,True,-0.146,1,3,0.411135582452233,,,False
1913,724,False,0.126,1,0,,,,False
1913,aria_c_24_2,True,0.436,0,0,,,,False
1913,im0098,True,-0.037,2,3,1.405686535078196,0.006444242317229509,0.4648612021617095,False
1913,im0237,True,0.661,0,0,,,,False
1915,932,False,0.105,1,0,,,,False
1915,im0212,True,0.41,0,0,,,,False
1916,383,False,-0.188,2,0,,,,False
1917,452,False,0.01,1,3,1.952434925773411,,,False
1917,aria_c_20_10,True,0.491,0,3,0.8593122873557629,0.025057338178157806,0.5252183035576538,False
1917,aria_c_27_3,True,0.509,0,2,0.05558730411296492,,,False
1917,im0014,True,0.391,0,2,1.830755756409488,,,False
1918,1919,False,0.007,1,0,,,,False
1918,203,False,0.054,2,0,,,,False
1918,555,False,-0.016,2,0,,,,False
1918,74,False,0.545,0,2,3.312019994669461,,,False
1918,aria_c_30_2,True,0.546,0,0,,,,False
1918,aria_c_45_12,True,0.676,0,0,,,,False
1918,im0009,True,0.578,0,2,0.6997953147527382,0.008511275984346867,0.33578948531280034,False
1918,im0024,True,0.137,2,3,1.2647417641261622,-0.009003709070384502,0.7415810974936513,False
1918,im0236,True,0.437,0,0,,,,False
1918,im0298,True,0.212,2,0,,,,False
1918,im0304,True,-0.012,1,0,,,,False
1918,im0317,True,0.511,0,0,,,,False
1919,817,False,0.662,0,0,,,,False
1919,998,False,0.658,0,0,,,,False
1919,aria_d_3_2,True,0.608,0,0,,,,False
1919,aria_d_8_23,True,0.012,1,0,,,,False
192,308,False,0.731,0,0,,,,False
192,325,False,0.632,0,0,,,,False
192,491,False,0.656,0,0,,,,False
192,709,False,0.718,0,0,,,,False
192,859,False,0.509,2,0,,,,False
192,95,False,-0.036,1,0,,,,False
1920,410,False,0.068,1,0,,,,False
1920,414,False,-0.133,1,2,2.904866913406199,,,False
1920,459,False,-0.002,1,2,2.509994461189745,,,False
1920,738,False,0.07,1,0,,,,False
1920,aria_c_22_1,True,0.681,0,3,0.7946398801029404,0.015373568050563335,0.651471433287281,False
1920,aria_c_23_4,True,0.592,0,0,,,,False
1920,aria_d_23_1,True,0.71,0,4,0.30028230173717685,,,False
1920,im0118,True,0.505,0,0,,,,False
1920,im0226,True,0.453,0,0,,,,False
1920,im0245,True,0.629,0,4,0.585383816860681,,,False
1920,im0363,True,-0.012,1,3,1.3989498690983144,0.006238971371203661,0.9274300290139635,False
1920,im0364,True,0.397,0,0,,,,False
193,267,False,0.175,1,2,1.0693813310875613,-0.007874520495533943,0.6948161396092458,False
193,280,False,0.468,1,5,1.001934849594655,0.017891133204102516,0.9713471347134713,False
193,298,False,0.341,1,0,,,,False
193,338,False,0.386,1,0,,,,False
193,370,False,0.737,0,3,1.0116267500920326,0.00566440261900425,0.988682687013731,False
193,452,False,0.267,1,0,,,,False
193,547,False,0.647,0,3,0.39006028101861284,,,False
193,67,False,0.085,2,4,2.164809962158059,,,False
193,76,False,0.631,0,0,,,,False
193,930,False,0.171,1,0,,,,False
193,aria_c_35_27,True,-0.219,1,3,0.3630754094523006,,,False
194,304,False,0.706,2,0,,,,False
194,341,False,0.825,1,0,,,,False
194,355,False,0.818,1,0,,,,False
194,571,False,0.614,0,0,,,,False
194,656,False,0.807,0,0,,,,False
194,744,False,0.756,0,0,,,,False
194,922,False,0.671,0,0,,,,False
195,253,False,0.774,0,0,,,,False
195,294,False,0.872,0,3,1.0107418675243527,0.05451377108693123,0.9987639591999055,False
195,300,False,0.679,1,2,1.0078948840282707,0.0283353291451931,0.9974601435851174,False
195,346,False,0.827,0,0,,,,False
195,372,False,0.877,0,0,,,,False
195,375,False,0.836,0,3,0.9373276896522205,0.0010137142380699515,0.8771706177891568,False
195,390,False,0.281,1,0,,,,False
195,554,False,0.269,1,0,,,,False
195,557,False,0.832,0,0,,,,False
195,683,False,0.873,0,0,,,,False
195,aria_c_40_b_14,True,-0.056,1,0,,,,False
195,aria_d_15_2,True,0.038,1,0,,,,False
196,279,False,0.848,0,0,,,,False
196,578,False,0.845,0,0,,,,False
196,661,False,0.848,0,6,1.0232779341645104,0.049090754240751266,0.9895333671082558,False
196,693,False,0.808,3,0,,,,False
196,724,False,0.707,1,0,,,,False
196,903,False,0.825,0,0,,,,False
197,328,False,0.868,0,4,1.0268540188311126,0.021413344889879227,0.9919393280452469,False
197,359,False,0.668,0,3,1.008027647065133,0.03226142004132271,0.9703940852414783,False
197,494,False,0.428,1,0,,,,False
197,645,False,0.72,1,3,1.0206235958742107,0.015187597833573818,0.9835675005303438,False
197,749,False,0.853,0,0,,,,False
197,917,False,0.685,1,3,1.005894577723851,0.004928136710077524,0.9723093251001013,False
197,im0309,True,0.022,1,0,,,,False
198,200,False,0.716,0,0,,,,False
198,242,False,0.769,0,0,,,,False
198,247,False,0.837,1,0,,,,False
198,306,False,0.772,0,0,,,,False
198,307,False,0.857,0,0,,,,False
198,549,False,0.816,0,0,,,,False
198,646,False,0.688,0,0,,,,False
198,689,False,0.642,0,0,,,,False
198,697,False,0.696,1,2,0.2894964884624205,,,False
198,828,False,0.501,1,0,,,,False
198,830,False,0.646,0,0,,,,False
199,26,False,0.346,1,4,0.5739451849737046,,,False
199,499,False,-0.003,1,3,0.08823243369624971,,,False
199,641,False,0.655,1,3,3.3695894403030486,,,False
199,749,False,0.807,0,2,1.0570584394644955,0.0004587862058542669,0.9765557163531114,False
199,904,False,0.444,1,3,0.639675866315007,,,False
199,aria_c_1_8,True,0.075,1,2,0.4458381773562603,,,False
199,im0213,True,-0.056,1,0,,,,False
2,28,False,0.555,0,2,1.5086157962445184,,,False
2,527,False,0.556,0,0,,,,False
2,im0288,True,-0.009,1,0,,,,False
20,482,False,0.648,0,0,,,,False
20,533,False,0.739,0,0,,,,False
20,548,False,0.255,1,0,,,,False
20,98,False,0.662,0,2,1.7996938210307285,,,False
20,im0242,True,-0.067,1,0,,,,False
200,275,False,0.579,1,3,0.8024709161359149,-0.013332064263522625,0.6418136103850073,False
200,549,False,0.724,0,2,0.5778670181691794,,,False
200,564,False,0.359,2,3,2.3506003124838513,,,False
200,865,False,0.503,0,4,0.3958292431190118,,,False
200,im0195,True,-0.092,1,3,0.33589115318485313,,,False
201,205,False,0.294,1,3,3.408220805365403,,,False
201,830,False,0.294,1,0,,,,False
201,967,False,0.512,0,0,,,,False
201,968,False,0.613,0,0,,,,False
202,381,False,0.537,0,0,,,,False
202,548,False,0.848,0,3,0.9937664727496331,-0.013697395101189613,0.9825383396161754,False
202,960,False,0.036,1,0,,,,False
202,im0202,True,-0.202,1,2,2.010628495786458,,,False
203,653,False,0.411,1,3,10.068375863292934,,,False
203,689,False,0.668,0,3,1.0260089464547097,-0.014730487950146198,0.9996945010183299,False
203,744,False,0.79,0,3,0.47626964683149314,,,False
203,801,False,0.695,0,2,0.6909095763693311,-0.025861134752631187,0.455989516221892,False
203,951,False,0.624,0,2,6.612337140269217,,,False
203,aria_d_13_2,True,-0.024,1,2,0.0,,,False
204,234,False,0.834,0,5,1.0216750110626511,0.011814826168119907,0.9890380734562088,False
204,305,False,0.604,2,5,1.0186619970970143,-0.004928531125187874,0.9878788204849548,False
204,490,False,0.551,0,2,0.5379518548192912,,,False
204,626,False,0.563,1,4,0.9623210380963154,0.0020720004104077816,0.9177428275332513,False
204,632,False,0.326,1,0,,,,False
204,657,False,0.79,0,3,1.0233777609256103,0.006703243590891361,0.9996728555952419,False
204,67,False,0.255,1,3,0.6768945077843551,0.04595718905329704,0.37969094922737306,False
204,759,False,0.69,0,0,,,,False
204,826,False,0.804,0,3,1.0323465368038307,0.00643526017665863,0.9758482713582857,False
204,aria_a_27_11,True,0.294,1,2,0.818191841795241,0.0060143545269966125,0.49068022886204704,False
205,244,False,0.595,1,0,,,,False
205,285,False,0.298,1,4,0.9997865865065629,0.04574877768754959,0.9951428724601941,False
205,624,False,0.631,0,0,,,,False
205,696,False,0.553,1,0,,,,False
205,821,False,0.634,0,0,,,,False
205,891,False,0.62,0,0,,,,False
205,992,False,0.495,0,0,,,,False
206,263,False,0.802,0,2,1.058807345933666,0.01895100809633732,0.698548780814936,False
206,317,False,0.883,0,7,1.0068013063257895,-0.01309116929769516,0.9997961941947525,False
206,349,False,0.826,0,3,1.560046427555977,,,False
206,369,False,0.44,1,2,0.5605798514450471,,,False
206,375,False,0.834,0,4,1.1290716018009848,-0.007820028811693192,1.0,False
206,651,False,0.859,2,4,1.039799139963873,-0.0032746093347668648,0.9974687625957275,False
206,901,False,0.824,0,3,2.389522391583662,,,False
206,982,False,0.238,1,3,0.9523842389419744,-0.0028494626749306917,0.7710682978415027,False
206,aria_c_20_18,True,0.067,1,3,0.39434090400468536,,,False
207,221,False,0.189,1,0,,,,False
207,307,False,0.604,0,0,,,,False
207,980,False,0.601,0,0,,,,False
207,im0051,True,-0.008,1,0,,,,False
208,250,False,0.613,0,0,,,,False
208,326,False,0.338,1,0,,,,False
208,745,False,0.739,0,0,,,,False
208,749,False,0.756,0,0,,,,False
209,611,False,0.797,0,3,1.021987398507831,0.028677189722657204,0.996244358478401,False
209,667,False,0.81,0,2,0.47628419169385283,,,False
209,878,False,0.493,1,2,1.0058183024102636,-0.006113761570304632,0.8264972542956986,False
209,956,False,0.797,0,3,0.2699054081853086,,,False
21,431,False,0.746,0,3,1.864929099463272,,,False
21,454,False,0.696,0,2,2.3842732133117694,,,False
21,458,False,0.813,0,2,0.11159826695361018,,,False
21,466,False,0.732,0,2,1.240798125547049,0.013600107282400131,0.6868612279406257,False
21,521,False,0.66,0,2,1.0704184132896268,0.007335070986300707,0.9863333547544074,False
21,814,False,0.119,2,2,1.314415446102413,-0.005649256519973278,0.6346753211919641,False
21,99,False,0.724,0,3,1.42466368060552,0.03327427804470062,1.0,False
21,aria_c_6_2,True,0.011,1,2,0.06983031208608015,,,False
21,im0055,True,-0.028,2,2,0.762003600144653,0.008900380693376064,0.37944006783065387,False
210,595,False,0.546,0,2,0.4845067825765744,,,False
210,757,False,0.575,0,2,0.15212414210587089,,,False
210,772,False,0.258,1,3,0.26353527191501547,,,False
210,891,False,0.586,0,0,,,,False
210,950,False,0.266,1,0,,,,False
210,im0032,True,-0.019,1,0,,,,False
211,332,False,0.415,1,2,2.356985275419969,,,False
211,527,False,0.344,1,2,0.5075048873653174,,,False
211,539,False,0.381,1,2,3.3871376989978885,,,False
211,852,False,0.765,0,3,1.9345787200733475,,,False
211,im0036,True,0.015,1,2,2.082259573636863,,,False
212,244,False,0.67,0,0,,,,False
212,628,False,0.594,0,0,,,,False
212,689,False,0.418,1,0,,,,False
213,323,False,0.609,0,0,,,,False
213,78,False,0.296,1,2,1.4478587250518626,0.016453862190246582,0.5366715412614882,False
213,790,False,0.723,0,2,2.8213769793974275,,,False
213,835,False,0.416,1,0,,,,False
213,aria_d_8_23,True,-0.079,1,0,,,,False
213,im0366,True,0.436,0,0,,,,False
214,245,False,0.286,2,3,0.7600957220770985,-0.005275256931781769,0.2925166046901533,False
214,400,False,0.218,1,0,,,,False
214,596,False,0.308,1,2,0.6647737370992497,,,False
214,615,False,0.333,2,2,2.1602059415317956,,,False
214,633,False,0.582,0,2,0.8382966483092149,0.006227653473615646,0.7007909898766316,False
214,im0065,True,0.008,1,0,,,,False
215,291,False,0.398,1,0,,,,False
215,673,False,0.753,0,2,1.0786083059552032,-0.005287834443151951,0.26988595235414287,False
215,802,False,0.7,1,3,0.9156863576767689,0.004540111403912306,0.8407692266348484,False
215,820,False,0.414,1,0,,,,False
215,836,False,0.754,0,0,,,,False
215,914,False,0.747,0,3,0.21744461552218955,,,False
215,949,False,0.227,1,2,0.8561290214465194,-0.016192061826586723,0.7335452946727289,False
215,aria_d_18_2,True,-0.015,1,2,0.6232269390518282,,,False
216,633,False,0.496,1,3,0.1659092858874343,,,False
216,661,False,0.805,0,2,0.7366788863723371,-0.006040239240974188,0.5418611419516874,False
216,695,False,0.829,0,3,0.9593803097706479,0.018563900142908096,0.9148477354776069,False
216,821,False,0.602,0,2,0.2998198290141719,,,False
217,429,False,0.326,1,0,,,,False
217,627,False,0.754,1,5,0.9290042943255055,0.02700882777571678,0.8570640974173692,False
217,798,False,0.825,0,0,,,,False
217,89,False,0.349,1,0,,,,False
217,im0050,True,0.09,1,0,,,,False
218,380,False,0.542,1,2,0.2723749618207254,,,False
218,455,False,0.158,1,2,0.6712507579591813,0.0069470638409256935,0.2943350807745801,False
218,641,False,0.712,1,2,0.1614350592011281,,,False
218,689,False,0.322,1,2,0.656564096380144,,,False
218,737,False,0.796,0,3,0.3235001688403932,,,False
218,820,False,0.809,0,4,1.020366605972039,0.008982466533780098,0.9988738376395637,False
218,872,False,0.797,0,3,1.6771817748214841,,,False
218,892,False,0.728,0,2,3.533649466698421,,,False
218,im0098,True,0.077,1,2,0.7504806804213219,-0.0009615562739782035,0.47891451771951765,False
219,369,False,0.651,0,0,,,,False
219,799,False,0.309,2,4,1.19913089135728,0.007037861738353968,0.5024987864613212,False
22,4,False,0.837,0,0,,,,False
22,534,False,0.737,0,0,,,,False
22,542,False,0.483,0,0,,,,False
22,60,False,0.646,5,10,1.0197924732816581,0.2875016927719116,0.9788346988366342,True
22,63,False,0.783,1,0,,,,False
220,297,False,0.663,2,3,1.0788642221993285,-0.014211500063538551,1.0,False
220,467,False,0.22,2,2,1.0629773830521994,0.013863619416952133,0.6131853021586985,False
220,531,False,0.824,0,2,0.8262403741067081,0.0018425536109134555,0.5977448249582723,False
220,558,False,0.7,1,2,0.6141510123001829,,,False
220,614,False,0.224,1,2,4.195245204680959,,,False
220,679,False,0.757,0,2,0.6531100600108819,,,False
220,717,False,0.755,0,4,0.98622838643065,0.009352317079901695,0.9695416487762989,False
220,778,False,0.473,1,3,0.5514766438710412,,,False
220,869,False,0.677,0,4,0.9759919992512465,0.008298159576952457,0.9420161623311508,False
221,230,False,-0.066,1,4,1.975686096098954,,,False
221,332,False,-0.15,1,0,,,,False
221,552,False,0.53,1,3,0.992287733714646,0.0245693139731884,0.9811106589852868,False
221,637,False,0.78,0,3,0.2712283920804334,,,False
221,794,False,0.387,6,4,0.2611175394871299,,,False
221,829,False,0.809,0,3,0.9612892795380957,0.003744331421330571,0.9235170887737553,False
221,873,False,0.774,1,0,,,,False
221,im0370,True,0.024,1,2,1.7885010489163022,,,False
222,im0241,True,0.022,1,2,0.9934888667343994,0.007381008006632328,0.7134326169061451,False
222,im0343,True,-0.174,1,2,5.657341936112784,,,False
223,271,False,0.741,2,2,0.7003090980970663,0.017435310408473015,0.48559929163648075,False
223,333,False,0.631,0,3,0.7237899907806387,0.003292614594101906,0.5122125050907765,False
223,359,False,0.353,1,2,0.01699981507457638,,,False
223,673,False,0.585,1,3,1.7072600734723042,,,False
223,738,False,0.759,0,2,6.36005528850471,,,False
223,869,False,0.038,1,3,2.604015819635178,,,False
223,896,False,0.566,1,0,,,,False
223,954,False,0.818,0,3,0.9814002568853307,-0.024053795263171196,0.9524070168660217,False
223,aria_d_14_20,True,0.032,1,3,0.10080504204983823,,,False
224,342,False,0.686,0,3,1.028618001198493,0.008993887342512608,0.9588292400358286,False
224,571,False,0.328,1,2,0.16409161213061477,,,False
224,703,False,0.556,1,2,3.5785039415408346,,,False
224,749,False,0.656,0,2,0.02420543288855355,,,False
225,298,False,0.576,0,0,,,,False
225,497,False,0.004,1,2,0.6030027660741651,,,False
225,709,False,0.612,0,0,,,,False
225,918,False,0.079,1,0,,,,False
226,227,False,0.162,10,16,1.0055628714476772,0.5351153612136841,0.5318766563308048,True
226,266,False,0.799,0,0,,,,False
226,279,False,0.777,0,0,,,,False
226,292,False,0.373,3,0,,,,False
226,499,False,0.532,0,0,,,,False
226,587,False,0.727,0,0,,,,False
226,aria_a_13_2,True,0.086,2,0,,,,False
227,256,False,0.803,1,4,1.0117293836410155,-0.014399775303900242,0.9945852343092421,False
227,358,False,0.867,0,4,0.9860577119912589,0.00035037167253904045,0.9707299555669898,False
227,634,False,0.877,1,8,1.013293843461356,0.0451655313372612,0.9958422409035625,False
227,829,False,0.838,3,3,1.0251525108841355,0.02092709206044674,0.9990891702340833,False
227,877,False,0.784,1,6,1.0163175376231774,0.004138290416449308,0.996790278515799,False
227,897,False,0.862,0,3,0.9710397636867701,0.018351806327700615,0.9401710317056584,False
227,aria_c_31_2,True,-0.15,2,0,,,,False
228,332,False,0.186,2,3,0.49239706515628306,,,False
228,743,False,0.202,1,3,1.6646866796271529,,,False
228,789,False,0.446,0,0,,,,False
228,aria_a_12_34,True,0.005,1,3,0.1300774197919421,,,False
228,im0130,True,-0.097,2,2,1.8967549155137697,,,False
228,im0154,True,0.133,1,2,2.7550676416244135,,,False
228,im0191,True,0.077,1,0,,,,False
229,47,False,0.127,1,0,,,,False
229,844,False,0.811,0,3,0.46118873090882806,,,False
23,437,False,0.457,0,3,2.8636334774565553,,,False
23,46,False,-0.15,2,3,0.16649067596462885,,,False
23,im0184,True,-0.126,2,0,,,,False
230,339,False,0.708,2,2,2.9594683746472805,,,False
230,597,False,0.84,0,4,1.0005703676179032,0.036715347319841385,0.9915877344434942,False
230,641,False,0.833,0,3,1.0059183064632906,-0.015054026618599892,0.9913266945069065,False
230,676,False,0.833,0,4,0.9836792103664658,-0.0015044270548969507,0.9588790640729152,False
230,731,False,0.713,0,2,0.643822430300158,,,False
230,896,False,0.43,1,3,2.2632228955832425,,,False
230,im0164,True,-0.171,1,2,3.463940298024852,,,False
231,319,False,0.804,1,4,1.0062093220842465,0.04515352472662926,0.992669628866422,False
231,350,False,0.795,2,4,1.021485539957578,0.03898445889353752,0.9979769902766747,False
231,561,False,0.879,0,0,,,,False
231,621,False,0.779,0,0,,,,False
231,628,False,0.418,1,0,,,,False
231,762,False,0.872,0,3,1.0021110914043587,0.013615043833851814,0.9800696594427245,False
231,787,False,0.898,0,3,0.978188331108103,-0.004551538731902838,0.9519798396825823,False
231,875,False,0.429,1,3,1.0011005725865993,-0.0002003733825404197,0.9927861056216963,False
232,372,False,0.815,2,0,,,,False
232,376,False,0.508,0,0,,,,False
232,685,False,0.682,2,0,,,,False
232,759,False,0.295,1,0,,,,False
232,761,False,0.801,0,5,1.0090486765851117,0.04541992023587227,0.9982216508650704,False
232,im0359,True,0.143,2,0,,,,False
233,252,False,0.524,2,2,2.191427136036683,,,False
233,317,False,0.747,0,3,0.7105170605877631,0.002221554284915328,0.4965031214468067,False
233,704,False,0.733,0,3,0.9231764727573958,0.005063248332589865,0.45186347924718984,False
233,748,False,0.725,0,4,0.9253583226041188,0.01413329504430294,0.41911294697771356,False
234,701,False,0.505,1,2,4.522467689937368,,,False
234,807,False,0.257,1,0,,,,False
234,aria_c_25_1,True,0.098,1,2,1.7592254205783586,,,False
235,283,False,0.604,0,2,2.4599540935820583,,,False
235,286,False,0.744,0,0,,,,False
235,600,False,0.794,0,0,,,,False
235,800,False,0.718,0,0,,,,False
235,849,False,0.808,0,0,,,,False
235,962,False,0.395,0,0,,,,False
235,995,False,0.784,0,0,,,,False
236,254,False,0.656,0,0,,,,False
236,275,False,0.653,0,3,0.6322768839863181,,,False
236,355,False,0.789,0,0,,,,False
236,629,False,0.789,0,6,0.9978286089510542,0.0275119561702013,0.994381501502812,False
236,761,False,0.816,0,2,0.5907957550621152,,,False
236,862,False,0.571,0,0,,,,False
236,887,False,0.659,0,0,,,,False
237,247,False,0.762,0,0,,,,False
237,302,False,0.533,1,2,1.8039622398285495,,,False
237,629,False,0.773,0,6,0.9991900239052253,0.013241962529718876,0.9949542610583506,False
237,849,False,0.794,0,0,,,,False
238,420,False,0.789,0,3,1.0306913199329573,0.02139381319284439,0.975304871514606,False
238,601,False,0.637,1,3,0.9733083415988947,-0.016541849821805954,0.9503025995563309,False
238,812,False,0.218,1,2,0.3524203733124594,,,False
238,838,False,0.201,1,4,0.6921078815582388,0.013298978097736835,0.46794109772423026,False
238,928,False,0.86,0,3,0.7015121752915741,0.012687093578279018,0.493273446230551,False
238,975,False,0.84,0,3,1.0434228662209144,0.029348086565732956,0.9999408970749425,False
239,262,False,0.753,0,3,0.04641613889724691,,,False
239,357,False,0.433,1,0,,,,False
239,651,False,0.674,1,5,0.9571692729306387,0.043539565056562424,0.8929678892919521,False
239,83,False,0.699,0,2,0.6827620533530545,-0.014803055673837662,0.3559664712791003,False
239,im0007,True,0.332,0,2,0.5468526012939897,,,False
239,im0141,True,0.426,0,2,0.9109827754168278,-0.03561067953705788,0.3379303288619878,False
24,416,False,0.574,0,0,,,,False
24,464,False,0.637,2,0,,,,False
24,468,False,0.559,0,0,,,,False
24,534,False,0.566,0,0,,,,False
24,im0041,True,-0.12,1,0,,,,False
240,345,False,0.494,0,0,,,,False
240,481,False,0.408,0,3,1.5114635707237056,,,False
240,575,False,0.336,1,0,,,,False
240,920,False,0.506,0,0,,,,False
240,im0151,True,0.051,2,0,,,,False
241,263,False,0.285,1,0,,,,False
241,31,False,0.024,1,0,,,,False
241,370,False,0.805,1,3,0.28919981025847635,,,False
241,503,False,0.641,0,0,,,,False
241,615,False,0.661,0,0,,,,False
241,641,False,0.554,1,0,,,,False
241,770,False,0.763,0,2,1.0751472804780027,0.004501932300627232,0.8163348165542821,False
242,306,False,0.745,0,5,0.9975004430633245,-0.01060498971492052,0.9811675779993567,False
242,546,False,0.713,0,0,,,,False
242,57,False,0.525,0,0,,,,False
242,814,False,0.672,0,2,0.30555653750111944,,,False
242,86,False,0.597,0,0,,,,False
242,im0093,True,0.38,0,0,,,,False
243,247,False,0.567,0,0,,,,False
243,363,False,0.378,1,0,,,,False
243,532,False,0.098,1,0,,,,False
244,247,False,0.902,0,0,,,,False
244,277,False,0.57,1,0,,,,False
244,460,False,0.497,0,0,,,,False
244,510,False,0.641,2,0,,,,False
244,546,False,0.694,0,0,,,,False
244,6,False,0.659,0,0,,,,False
244,629,False,0.91,0,0,,,,False
244,919,False,0.904,0,0,,,,False
244,98,False,0.425,1,0,,,,False
245,805,False,0.845,0,2,0.45557445484619996,,,False
245,806,False,0.364,1,2,0.8052973917058244,-0.005419229157269001,0.5143654174452983,False
245,914,False,0.742,1,2,2.7276425184136994,,,False
245,956,False,0.834,0,3,0.7929077691624882,0.0019255856750532985,0.6065297825198442,False
245,974,False,0.818,0,2,0.9876399937697175,0.003528803354129195,0.7810408582760415,False
245,im0237,True,-0.129,1,3,0.7990957717622728,0.04057464748620987,0.6456029031486995,False
246,261,False,0.805,0,3,1.0152851164304184,-0.0069849551655352116,0.9938262334123604,False
246,480,False,-0.072,1,0,,,,False
246,649,False,0.845,0,0,,,,False
246,671,False,0.834,0,2,7.5486978419042154,,,False
247,285,False,0.768,1,0,,,,False
247,368,False,0.742,0,0,,,,False
247,565,False,0.609,0,0,,,,False
247,608,False,0.827,1,5,1.001275936861061,0.04836920648813248,0.9925461384930678,False
247,629,False,0.931,1,8,0.9895561908975101,0.06667570769786835,0.9945887859133878,False
247,721,False,0.723,0,0,,,,False
247,746,False,0.894,0,0,,,,False
247,919,False,0.917,0,6,0.9959458232747163,0.07026538252830505,0.9945635416497622,False
247,920,False,0.78,0,0,,,,False
248,290,False,0.841,0,3,0.8294298911045725,0.0010476415045559406,0.6263031056442467,False
248,506,False,0.147,1,3,0.3205350198649135,,,False
248,677,False,0.852,0,4,0.7407043936711157,-0.006845005322247744,0.12311652099308273,False
248,836,False,0.849,0,2,0.6831146034873071,0.003219286212697625,0.45708132499230847,False
248,908,False,0.853,0,3,0.9307784101386432,0.03340492025017738,0.8441909916876087,False
248,955,False,0.625,0,0,,,,False
249,58,False,0.08,1,2,1.1973621964360186,0.004918265622109175,0.48089690727191603,False
249,641,False,0.736,0,2,0.13506449536761095,,,False
249,666,False,0.739,0,2,0.5546423048895606,,,False
249,671,False,0.731,0,3,0.22646941668851128,,,False
249,aria_a_12_34,True,-0.194,1,2,0.6356819124839388,,,False
25,38,False,0.577,1,3,0.9976210781071714,-0.0017855315236374736,0.8923237681858371,False
25,44,False,0.584,2,2,5.830960649422551,,,False
25,453,False,0.697,0,0,,,,False
25,474,False,0.621,0,0,,,,False
25,51,False,0.498,1,3,1.7334455901440091,,,False
25,534,False,0.593,0,2,1.896068569449972,,,False
250,749,False,0.635,0,0,,,,False
250,992,False,0.275,2,0,,,,False
251,296,False,0.62,0,0,,,,False
251,587,False,0.414,1,0,,,,False
251,677,False,0.666,0,0,,,,False
251,868,False,0.656,0,0,,,,False
251,955,False,0.3,1,0,,,,False
252,443,False,0.288,1,3,1.3231389433626086,0.008222626522183418,0.44394758122821015,False
252,561,False,0.848,0,4,0.9930046301943551,0.01416165754199028,0.9738899756156382,False
252,583,False,0.617,1,3,1.3235770064561383,0.010809008963406086,0.900039745627981,False
252,604,False,0.849,0,3,0.9770043847852111,0.011029204353690147,0.9459141397043414,False
252,787,False,0.837,0,3,0.9843580776391978,0.015728330239653587,0.9679257928741857,False
253,310,False,0.23,1,0,,,,False
253,447,False,0.225,1,3,4.84943060288705,,,False
253,648,False,0.781,0,2,1.0707433120616117,-0.0017320630140602589,0.4866540260671618,False
253,786,False,0.771,0,2,0.2658238728875559,,,False
254,445,False,0.061,3,2,1.7188440440210224,,,False
254,609,False,0.446,1,3,2.338356826482705,,,False
254,615,False,0.395,1,0,,,,False
254,791,False,0.653,0,0,,,,False
254,871,False,0.196,2,2,0.4014157136860473,,,False
255,324,False,0.685,0,3,1.3614521656523129,-0.0035219567362219095,0.4780658213176069,False
255,437,False,0.325,2,3,0.9237249113180641,0.002621894935145974,0.44451990694938365,False
255,561,False,0.869,0,4,1.027948542425852,0.020782236009836197,0.9988477719124307,False
255,562,False,0.765,1,4,1.0027263236930126,0.016796134412288666,0.9967824485512988,False
255,581,False,0.559,1,3,0.06331322407886082,,,False
255,582,False,0.876,0,4,1.003453441587598,0.015623072162270546,0.9920520076317877,False
255,592,False,0.759,2,2,0.592867079500374,,,False
255,787,False,0.883,0,4,1.0177648379458948,0.04183587059378624,0.9967561191388971,False
255,81,False,0.614,1,0,,,,False
255,976,False,0.837,0,5,1.0009601785520483,-0.03242652490735054,0.9889383035497695,False
255,987,False,0.578,0,2,2.7780161719363896,,,False
255,aria_c_38_42,True,0.12,1,2,0.41577298045538263,,,False
255,aria_c_44_3,True,0.052,1,2,0.6547539117734601,,,False
256,292,False,0.827,0,3,1.192967486925041,-0.03387504070997238,1.0,False
256,559,False,0.706,0,5,0.9856840500947266,0.001616914407350123,0.9652829461307404,False
256,652,False,0.47,1,3,1.265966944506582,-0.02210262231528759,0.9996882055692936,False
256,67,False,0.121,1,3,3.622985792166,,,False
256,713,False,0.845,0,4,0.9717660963039804,-0.02895146980881691,0.9407040921549665,False
256,777,False,0.511,0,2,0.6671953219756276,,,False
256,877,False,0.821,0,5,0.9994930609389273,0.025965876877307892,0.9900326876318374,False
256,894,False,0.307,1,2,0.08343146858533067,,,False
256,aria_c_6_2,True,0.055,1,2,0.5745995021390784,,,False
256,im0313,True,-0.149,1,3,2.002208680496852,,,False
257,282,False,0.827,2,3,0.33749968879067815,,,False
257,493,False,0.406,2,4,0.172340152716185,,,False
257,667,False,0.86,0,4,1.033719371509143,0.004883882589638233,0.9998975116917583,False
257,714,False,0.871,0,7,1.0012738286012657,-0.006112148519605398,0.9980139460273464,False
257,735,False,0.883,0,5,1.0233783600805437,0.01972716860473156,0.9992265300203036,False
257,765,False,0.854,0,3,2.8583233435365716,,,False
257,769,False,0.847,0,3,1.1185805325558136,0.0070145404897630215,0.9997098692799923,False
257,930,False,0.813,0,2,1.592318769727814,,,False
257,953,False,0.503,1,3,2.0054175209155205,,,False
257,im0163,True,-0.158,1,3,0.6450743837506455,,,False
258,731,False,0.452,1,4,0.9523802949689183,0.007711775600910187,0.23717109569315356,False
258,900,False,0.834,0,3,0.7452900117250539,-0.0109874177724123,0.5551227364185111,False
258,aria_c_3_2,True,0.517,0,2,0.6969705874291939,0.027015432715415955,0.33143808214363246,False
258,im0006,True,0.017,1,3,0.8695953864720956,-0.015241226181387901,0.595906417393131,False
259,383,False,0.56,0,3,0.928074445481952,0.013742203824222088,0.6527656332981069,False
259,47,False,-0.099,2,2,0.6170259983430043,,,False
259,501,False,0.178,3,3,1.7067547986850689,,,False
259,658,False,0.309,1,2,1.1806182170925843,0.0012262470554560423,0.9996724972887071,False
259,812,False,0.195,1,0,,,,False
259,988,False,0.268,1,2,1.0330337548714177,-0.0009947526268661022,0.8773924537629093,False
259,im0104,True,0.322,0,0,,,,False
26,320,False,0.37,1,3,1.2336103635100175,-0.012250587344169617,0.9967706981085518,False
26,492,False,0.794,0,2,0.9629398800035092,0.0013019114267081022,0.7802898147454489,False
26,530,False,0.779,0,2,0.7681112891692606,-0.0043670921586453915,0.5763197117704457,False
26,535,False,0.778,0,3,0.5417586130268772,,,False
26,715,False,0.362,1,4,0.8057330553483922,-0.010985811240971088,0.5621196795707416,False
26,aria_d_4_31,True,-0.045,1,0,,,,False
260,646,False,0.431,1,5,0.4741162663265645,,,False
260,787,False,0.89,0,4,0.9987441952985693,0.006630013231188059,0.9806385887777808,False
260,803,False,0.855,0,3,0.9891554679846081,0.017903754487633705,0.9698797119955361,False
260,810,False,0.898,0,4,0.9672063002815222,-0.012260411866009235,0.9316648812183397,False
260,92,False,0.867,0,5,0.9926075072935587,0.028671663254499435,0.9832633737345543,False
260,942,False,0.773,2,4,0.38688902153244975,,,False
260,aria_c_34_1,True,0.197,2,2,0.2365342361867855,,,False
261,586,False,0.86,0,3,0.9833124432634395,-0.027427859604358673,0.9669662571248986,False
261,658,False,0.331,1,2,1.3852037660480643,0.026770923286676407,1.0,False
261,92,False,0.791,1,4,0.9463070864617418,-0.025280669331550598,0.8881254763872934,False
261,im0106,True,0.169,1,2,10.606701722774769,,,False
262,473,False,-0.041,1,2,0.7586635909071597,-9.806009984458797e-06,0.23191022069852155,False
262,840,False,0.78,0,3,0.9983192664974452,-0.013241034001111984,0.9441691337366457,False
262,aria_a_46_14,True,0.004,1,0,,,,False
263,3,False,0.575,6,18,0.9963986175839111,0.5363709926605225,0.9368025152373595,True
263,317,False,0.814,0,4,1.0102678563208936,0.013389553874731064,0.9943953403556948,False
263,620,False,0.783,0,0,,,,False
263,921,False,0.217,1,0,,,,False
263,997,False,0.796,0,2,1.8404779120402983,,,False
264,39,False,0.347,5,15,0.9981777075700743,0.5807758569717407,0.8892285212383628,True
264,544,False,0.154,1,0,,,,False
264,810,False,0.793,0,2,0.40427852214096077,,,False
264,977,False,0.791,0,4,0.956418396829006,0.03703775629401207,0.9021370274914089,False
264,im0343,True,-0.096,1,0,,,,False
265,289,False,0.727,0,0,,,,False
265,336,False,0.696,1,0,,,,False
265,673,False,0.795,0,4,1.039119390608032,0.003436955390498042,0.9986809722199881,False
265,798,False,0.788,0,3,0.9920390799578251,0.011616195552051067,0.9613628682249559,False
265,85,False,0.315,1,3,1.466069250217008,0.039159905165433884,0.9543427399709824,False
266,348,False,0.617,0,0,,,,False
266,45,False,0.292,1,0,,,,False
266,682,False,0.246,1,3,1.0042118087752083,0.06628205627202988,0.5424064382872614,False
266,691,False,0.615,1,0,,,,False
266,97,False,0.329,1,0,,,,False
267,340,False,0.499,0,2,1.5810886632141874,,,False
267,354,False,0.494,0,0,,,,False
267,537,False,0.095,1,0,,,,False
267,98,False,0.081,2,0,,,,False
267,im0200,True,-0.08,1,0,,,,False
267,im0331,True,-0.047,1,0,,,,False
268,920,False,0.477,0,0,,,,False
268,981,False,0.538,0,0,,,,False
268,aria_a_12_34,True,-0.12,1,0,,,,False
268,im0132,True,0.329,0,0,,,,False
268,im0203,True,-0.035,2,2,0.8296290745443187,-0.006121418438851833,0.5611802170395639,False
269,36,False,0.171,1,3,1.2048817012364037,0.04140105098485947,0.7856145214026938,False
269,558,False,0.304,1,3,1.2148586119469431,-0.01853412762284279,0.566859905448478,False
269,618,False,0.776,0,3,3.1182221057658923,,,False
269,898,False,0.529,1,0,,,,False
269,904,False,0.778,0,4,1.0062466915142847,0.001820152043364942,0.9967794140576695,False
269,aria_c_30_2,True,0.118,1,2,6.582625811728866,,,False
269,im0102,True,0.019,2,0,,,,False
269,im0170,True,0.055,1,3,1.9791950655287995,,,False
27,54,False,0.474,0,2,1.3254447220377554,0.0002567485789768398,0.751408435618962,False
27,986,False,0.085,1,0,,,,False
27,im0277,True,-0.08,2,0,,,,False
270,357,False,0.152,1,3,1.0254834184351334,0.0006046430207788944,0.18634912972349613,False
270,698,False,0.749,2,5,0.2695419120735555,,,False
270,730,False,0.431,1,3,0.7225271985632765,0.0036834266502410173,0.521296529951517,False
270,793,False,0.76,1,4,0.9916187026463423,-0.03268217295408249,0.9760955533973289,False
270,969,False,0.834,0,2,0.25842809594556115,,,False
270,im0145,True,0.452,0,0,,,,False
271,575,False,0.825,0,2,1.2462037639295822,0.004477301612496376,1.0,False
271,610,False,0.846,0,4,1.0585947595286431,0.006116638891398907,0.8107628558716476,False
271,902,False,0.731,0,2,1.89203013453186,,,False
271,969,False,0.519,1,3,0.7319196069032001,0.005201071500778198,0.5356358854627915,False
271,im0364,True,-0.14,2,4,0.843922929181488,0.0025459155440330505,0.29910980824570366,False
272,380,False,0.8,0,3,0.9896973648478359,0.003332848194986582,0.9611583024061277,False
272,624,False,0.619,1,0,,,,False
272,714,False,0.801,0,0,,,,False
272,743,False,0.808,0,3,0.9003749082071321,0.0018519655568525195,0.810997785572276,False
272,im0009,True,0.058,1,0,,,,False
272,im0162,True,-0.016,1,0,,,,False
273,381,False,0.544,0,3,0.05294091840563343,,,False
273,498,False,0.162,2,2,0.6713371144039769,0.005974571220576763,0.443835557676531,False
273,578,False,0.665,0,3,0.7928603660485377,-0.00850162748247385,0.6197458298537505,False
273,595,False,0.647,0,3,0.21388091077475602,,,False
273,688,False,0.626,0,3,0.9805305416946382,0.013650108128786087,0.9083895698110777,False
273,im0063,True,0.031,1,0,,,,False
274,455,False,0.124,1,3,1.6141182906899596,,,False
274,641,False,0.631,1,3,0.18241958498394964,,,False
274,75,False,0.55,2,2,0.230164340687872,,,False
274,959,False,0.393,1,2,20.553956190844765,,,False
274,969,False,0.806,0,4,0.9837486224770094,0.03464585542678833,0.9602930520892038,False
274,aria_d_17_12,True,0.073,1,4,1.062623417662856,0.004253164865076542,0.778346860441267,False
275,411,False,0.336,2,0,,,,False
275,709,False,0.672,0,0,,,,False
275,im0297,True,0.142,1,0,,,,False
276,786,False,0.709,0,2,1.3575170958305098,0.0020009996369481087,0.4442295501187291,False
276,854,False,0.718,0,3,0.9918796216630268,0.018220944330096245,0.9712227518611751,False
276,936,False,0.693,0,2,1.8328481548578102,,,False
276,aria_d_17_12,True,0.162,1,2,0.211130844872913,,,False
277,714,False,0.873,0,3,0.9105258671830723,-0.03955911844968796,0.7397941924289877,False
277,735,False,0.872,0,3,0.9988268662487527,0.019049668684601784,0.9854437246876577,False
277,767,False,0.365,1,3,0.4274323095329454,,,False
277,im0119,True,0.223,1,0,,,,False
278,301,False,0.235,1,0,,,,False
278,343,False,0.743,0,0,,,,False
278,373,False,0.56,1,0,,,,False
278,564,False,0.479,1,0,,,,False
278,610,False,0.737,1,0,,,,False
278,640,False,0.854,0,0,,,,False
278,675,False,0.862,0,0,,,,False
278,743,False,0.871,0,0,,,,False
278,916,False,0.836,0,5,1.02157719875917,0.004375778138637543,0.9934879390424006,False
279,280,False,0.787,2,0,,,,False
279,319,False,0.873,0,0,,,,False
279,583,False,0.8,0,0,,,,False
279,587,False,0.711,0,0,,,,False
279,595,False,0.786,0,0,,,,False
279,666,False,0.78,1,3,0.9620072931975269,0.0158986896276474,0.9032443712954895,False
279,742,False,0.798,1,0,,,,False
279,749,False,0.868,0,0,,,,False
279,793,False,0.848,0,0,,,,False
279,85,False,0.769,0,0,,,,False
279,898,False,0.805,0,0,,,,False
279,949,False,0.805,0,0,,,,False
279,im0187,True,0.033,1,0,,,,False
28,42,False,0.545,1,4,0.13035919594098425,,,False
28,459,False,0.668,0,3,0.5177190412114617,,,False
28,496,False,0.471,0,2,3.1365968590079705,,,False
28,68,False,0.754,0,4,0.9011797711582783,0.000198885245481506,0.7164014596196856,False
28,88,False,0.785,0,2,1.2751983121842905,0.07925239205360413,0.2078851510606385,False
280,324,False,0.735,0,3,1.0480562651860228,-0.010195313021540642,0.9912799901262658,False
280,368,False,0.657,2,2,0.9833943649410316,-0.0049917977303266525,0.9653579800847366,False
280,379,False,0.786,0,4,1.04585255470812,0.03381484001874924,0.9996933142506644,False
280,561,False,0.889,0,7,1.006004567135856,0.02872239425778389,0.9941906267584877,False
280,597,False,0.882,0,4,0.9908646701364175,0.002131650224328041,0.971912499529365,False
280,787,False,0.88,0,4,0.9974901072212169,0.04412713274359703,0.9921610680678802,False
281,556,False,0.542,1,2,0.4798189086776296,,,False
281,578,False,0.519,1,3,0.9094772251413691,0.03689740225672722,0.82526605426008,False
282,677,False,0.87,0,4,0.9922963391780023,0.024163100868463516,0.9683039305056571,False
282,737,False,0.424,1,0,,,,False
282,743,False,0.861,0,3,1.0641999469524528,-0.009542306885123253,0.9719559700648165,False
282,828,False,0.856,0,3,1.1610093609371597,0.011265361681580544,0.9998815637886668,False
282,aria_d_15_22,True,0.13,1,0,,,,False
282,im0157,True,-0.036,2,3,0.4414003853740454,,,False
283,703,False,0.186,2,0,,,,False
283,im0153,True,0.023,1,0,,,,False
284,308,False,0.581,2,2,0.9195639514243421,0.004439632408320904,0.5706301280836199,False
284,346,False,0.814,0,3,0.5084145070463961,,,False
284,351,False,0.879,2,4,1.01490680110072,0.014695188961923122,0.9984298458345208,False
284,51,False,0.371,1,3,0.647973003714574,,,False
284,576,False,0.749,1,2,2.012809462604267,,,False
284,619,False,0.429,2,0,,,,False
284,683,False,0.879,0,2,0.10718854508620207,,,False
284,780,False,0.723,0,2,0.2546135310265741,,,False
284,im0143,True,0.007,1,3,0.32881971109590397,,,False
285,551,False,0.795,1,6,0.9934301674035421,0.03457418829202652,0.9834089825140536,False
285,638,False,0.702,0,0,,,,False
285,711,False,0.88,1,4,0.9958189429518641,0.04264514893293381,0.980641762400615,False
285,779,False,0.797,1,3,0.9602024714541607,-0.0006424402818083763,0.9181799632728015,False
285,888,False,0.89,0,3,1.0501522025213634,-0.006741602439433336,1.0,False
286,622,False,0.748,0,0,,,,False
286,670,False,0.466,1,0,,,,False
287,329,False,0.779,0,2,0.7728021900509211,-0.04228014871478081,0.18179531234109972,False
287,732,False,0.324,3,0,,,,False
287,761,False,0.76,0,3,0.990231806340661,0.00575953908264637,0.9506026032460229,False
287,889,False,0.778,0,0,,,,False
288,295,False,0.897,0,4,1.0408913148708956,-0.008328416384756565,1.0,False
288,605,False,0.858,0,3,6.833865392054334,,,False
288,654,False,0.856,0,3,1.01510426962653,0.012516931630671024,0.9948595645938412,False
288,676,False,0.876,0,5,0.9392690481547779,-0.0013884886866435409,0.8839450414909537,False
288,797,False,0.895,0,6,0.9768260307642279,0.009136552922427654,0.9538484706692267,False
288,975,False,0.907,0,6,1.0058561232864038,0.013817024417221546,0.9994412087085474,False
288,978,False,0.503,1,3,0.6850299961033433,0.007897351868450642,0.3508466843786061,False
288,im0051,True,-0.225,2,0,,,,False
289,523,False,0.145,1,2,0.5541247323190472,,,False
289,649,False,0.373,1,0,,,,False
289,805,False,0.744,0,4,0.9413269579429451,-0.01261576171964407,0.8864046585585973,False
289,841,False,0.357,1,2,2.2193792124068654,,,False
289,868,False,0.738,0,4,1.036199566775159,0.007444601971656084,0.9996130800440659,False
289,974,False,0.722,1,5,0.9592364341175947,0.034144818782806396,0.9197217794522533,False
289,985,False,0.694,1,2,6.27004024854536,,,False
289,im0043,True,0.016,1,0,,,,False
29,360,False,0.387,2,2,1.0775404822281136,0.012848596088588238,0.6988869079169276,False
29,493,False,0.754,0,4,1.2852818047631371,0.04266880825161934,0.9950998545520902,False
29,524,False,0.718,0,3,1.0143382808596835,-0.005452031269669533,0.9769936841202269,False
29,529,False,0.912,108,123,0.993537327252467,0.8076643347740173,0.9664631367903035,True
29,aria_d_6_11,True,0.556,0,2,1.0913939792089982,0.027220970019698143,0.9098898746521419,False
29,im0247,True,0.197,1,2,7.998383721207362,,,False
290,296,False,0.688,0,3,2.2845610890558445,,,False
290,313,False,0.79,0,3,0.04507325470040256,,,False
290,364,False,0.82,1,5,1.0168979503734739,0.00900883600115776,0.9970743595799961,False
290,575,False,0.826,0,3,0.9475343967211675,-0.0011138771660625935,0.8806137503688404,False
290,588,False,0.742,0,2,1.3550863688645327,0.008591221645474434,1.0,False
290,673,False,0.782,1,4,0.8638395175142606,0.034144431352615356,0.7340175119704452,False
290,714,False,0.787,1,4,0.9763723988387193,-0.00418555224314332,0.9540097556717119,False
290,715,False,0.561,2,4,0.9906988807244266,-0.01152191124856472,0.965771837491954,False
290,798,False,0.841,0,3,0.1260837069904484,,,False
290,aria_c_20_1,True,0.08,2,3,2.9091122050696243,,,False
291,6,False,0.462,1,5,1.955417168769878,,,False
291,667,False,0.556,1,2,3.1706368129941644,,,False
291,746,False,0.718,0,0,,,,False
291,829,False,0.21,1,2,0.28063398161567665,,,False
291,919,False,0.732,0,0,,,,False
292,365,False,0.664,0,3,0.9420900130986898,-0.02493700385093689,0.8854143747216126,False
292,466,False,0.22,1,4,0.13460751307152002,,,False
292,552,False,0.694,2,2,1.4990950147114828,-0.005795905366539955,0.9648555457991562,False
292,559,False,0.777,1,3,0.9788115139366,0.02185763791203499,0.9551205512751182,False
292,641,False,0.317,2,2,0.5111168835753662,,,False
292,713,False,0.802,0,3,0.42392219134189135,,,False
292,769,False,0.288,2,2,1.9386675764965156,,,False
292,794,False,0.574,0,2,0.518384294133712,,,False
292,877,False,0.783,0,3,0.9398590300639075,0.016937637701630592,0.8838542421461121,False
292,958,False,0.776,0,4,1.0099494684605783,0.023105820640921593,0.9766787790307604,False
292,963,False,0.49,0,3,1.479256748265557,0.0013452148996293545,0.9986311223722918,False
292,aria_d_20_17,True,0.156,2,3,0.18652031496247476,,,False
293,383,False,0.602,0,2,10.11803512305657,,,False
293,610,False,0.193,1,4,0.13470699406922823,,,False
293,67,False,0.165,1,2,0.9741622874647644,-0.0014257588190957904,0.7500910863927646,False
293,800,False,0.545,0,3,1.3872098159121227,0.005755656398832798,0.9719627181098949,False
293,811,False,0.531,0,2,0.35718055711167873,,,False
294,329,False,0.843,0,0,,,,False
294,351,False,0.867,1,3,0.9528660765335616,0.022934632375836372,0.9087966273948884,False
294,855,False,0.413,1,0,,,,False
294,889,False,0.86,0,0,,,,False
295,298,False,0.124,35,62,0.9902197315742524,0.552329957485199,0.5115296131828153,True
295,337,False,0.821,0,4,0.8588387251113857,-0.003531248541548848,0.7386965321818918,False
295,586,False,0.888,0,3,1.0211234991532319,0.0032929873559623957,0.9997743670189049,False
295,645,False,0.895,0,5,0.9814608064509177,0.00521353492513299,0.967820368466572,False
295,666,False,0.844,0,8,0.9747471909732881,-0.01084769144654274,0.9482686287798109,False
295,im0273,True,-0.202,1,2,0.6430168007848062,,,False
296,297,False,-0.084,31,73,0.9910266889718367,0.4607488811016083,0.5118663853576516,True
296,430,False,0.059,1,4,1.4329859881219889,0.0011575263924896717,0.8295625861763711,False
296,974,False,0.671,0,2,0.6037359420354046,,,False
296,aria_a_43_9,True,0.073,1,2,0.4582613027140682,,,False
296,im0170,True,-0.071,1,2,0.3074213156058035,,,False
296,im0196,True,0.147,1,0,,,,False
296,im0325,True,0.042,1,2,3.0353084828866432,,,False
297,531,False,0.704,0,2,1.257263538973975,-0.006387911271303892,0.9401213994751163,False
297,635,False,0.673,0,3,0.9502933222642113,0.0022572698071599007,0.8997668997668997,False
297,68,False,0.084,2,3,1.156515301851068,-0.006534567568451166,0.727257648556967,False
298,648,False,0.256,2,4,0.5092404601606826,,,False
298,700,False,0.607,0,3,0.19320292094045113,,,False
298,713,False,0.802,0,3,0.8907358765827443,0.018751321360468864,0.7923628067513344,False
298,809,False,0.683,0,3,0.2916584368662371,,,False
298,877,False,0.82,0,4,0.9810994445802599,0.005377843976020813,0.9646662265376337,False
298,967,False,0.23,1,3,0.612940392748023,,,False
299,457,False,-0.119,1,0,,,,False
299,661,False,0.766,0,3,0.9946647877171005,0.03810492902994156,0.9896573282599088,False
299,693,False,0.764,0,2,3.6105344867866362,,,False
299,995,False,0.757,0,0,,,,False
3,38,False,0.118,32,66,0.999371131712175,0.5802029371261597,0.8469951504434263,True
3,651,False,0.735,0,3,0.9853366366337237,-0.010845663025975227,0.9710170630122262,False
3,719,False,0.56,1,0,,,,False
3,818,False,0.74,0,3,0.44526903330795964,,,False
30,628,False,0.138,1,0,,,,False
30,883,False,0.338,1,2,0.8693360102103731,0.016774706542491913,0.6273564580415814,False
300,320,False,0.821,0,0,,,,False
300,538,False,0.323,1,2,0.5293319857569247,,,False
300,697,False,0.807,0,3,1.0416681939129604,0.0005278552998788655,1.0,False
300,981,False,0.8,0,4,1.013579205716949,0.029694000259041786,0.9976912893261148,False
300,im0064,True,-0.111,1,0,,,,False
301,572,False,0.767,0,0,,,,False
301,688,False,0.225,1,0,,,,False
301,873,False,0.76,0,0,,,,False
302,358,False,0.529,2,3,0.6281846974313319,,,False
302,634,False,0.59,3,4,0.850471371692038,-0.009582381695508957,0.723969802667181,False
302,713,False,0.689,0,2,1.1470859733843437,0.00592702766880393,0.858957165679114,False
302,im0252,True,-0.054,1,3,0.2182335191796297,,,False
303,362,False,0.667,0,0,,,,False
303,661,False,0.793,0,0,,,,False
303,695,False,0.733,1,0,,,,False
303,932,False,0.795,0,0,,,,False
303,995,False,0.859,0,0,,,,False
303,aria_c_20_10,True,-0.289,2,0,,,,False
303,im0118,True,-0.034,2,0,,,,False
304,307,False,0.797,1,4,0.9994642811290866,0.014595418237149715,0.9814174056252045,False
304,329,False,0.826,0,0,,,,False
304,618,False,0.857,0,4,1.0111009474546413,0.01790577545762062,0.9889181690608564,False
304,713,False,0.593,2,0,,,,False
305,341,False,0.644,2,0,,,,False
305,347,False,0.75,12,16,0.9954643815576585,0.2802920639514923,0.9560104670320795,True
305,556,False,0.798,0,0,,,,False
305,724,False,0.765,0,0,,,,False
305,749,False,0.807,0,0,,,,False
306,346,False,0.341,5,12,1.0142630345355772,0.348637193441391,0.9242587499932992,True
306,477,False,0.16,1,0,,,,False
306,549,False,0.742,1,2,0.5369706010981187,,,False
306,61,False,-0.008,1,0,,,,False
306,699,False,0.326,1,0,,,,False
307,355,False,0.84,0,0,,,,False
307,598,False,0.853,0,0,,,,False
307,616,False,0.732,0,0,,,,False
307,646,False,0.678,0,0,,,,False
308,491,False,0.624,0,2,0.6515499614294084,,,False
308,550,False,0.643,1,4,0.9899558637537679,-0.00868728756904602,0.9653909383484254,False
308,561,False,0.467,1,0,,,,False
308,564,False,0.634,0,3,0.20342937753565493,,,False
308,612,False,0.313,1,2,0.6772110522521395,-0.02841494418680668,0.45442838285953446,False
308,916,False,0.8,0,5,1.0219702063823048,-0.016002783551812172,0.990956957256908,False
309,531,False,0.706,0,3,0.34610565739244264,,,False
309,652,False,0.741,0,3,0.4022921456859861,,,False
309,678,False,0.233,2,4,0.9979996468356347,-0.018290473148226738,0.43315642880760374,False
309,869,False,0.568,0,3,0.17982601942649698,,,False
309,937,False,0.676,0,0,,,,False
309,im0163,True,0.081,1,3,1.6827520686694017,,,False
309,im0312,True,0.353,0,2,0.45280174684285246,,,False
31,96,False,0.434,0,3,0.4746322426613042,,,False
31,aria_d_16_22,True,0.456,0,3,0.9087731403621144,0.00047257074038498104,0.8090526590554558,False
31,im0362,True,0.074,1,0,,,,False
310,663,False,0.836,0,3,0.06174304613993171,,,False
310,704,False,0.159,1,2,0.791072559374119,-0.009180590510368347,0.2925444703074351,False
310,717,False,0.76,0,3,0.9936759476603406,0.01659608632326126,0.9645341348218119,False
310,825,False,0.789,0,3,0.08000509549165383,,,False
310,982,False,0.136,3,4,4.076954841741894,,,False
310,im0057,True,0.059,1,2,1.4200833888353757,2.2229811293073e-05,0.8946694832929857,False
311,797,False,0.544,1,0,,,,False
311,798,False,0.629,0,3,1.4943802334767475,-0.012869823724031448,1.0,False
311,im0262,True,-0.021,1,4,0.14614098628924743,,,False
312,680,False,0.823,0,4,0.8793105887576832,0.0035271120723336935,0.7740018679749648,False
312,766,False,0.851,0,4,0.9471362007070546,-0.0010228154715150595,0.8965720501787121,False
312,794,False,0.123,1,2,1.2982524697749807,0.010918770916759968,0.5299310167942847,False
312,im0250,True,-0.055,1,2,1.5189945851607904,,,False
313,798,False,0.746,1,3,1.457321984988601,-0.008245616219937801,0.15265476043583456,False
313,aria_c_32_21,True,0.152,1,0,,,,False
314,315,False,0.636,0,2,0.6593511466884796,,,False
314,503,False,0.272,2,4,1.3548060141779097,-0.0008418307406827807,0.9975583244537019,False
314,720,False,0.783,0,2,0.9519253268988006,-0.009234340861439705,0.791359682096445,False
314,730,False,0.517,1,2,0.6584612190228485,,,False
314,764,False,0.848,0,2,1.8871668504120693,,,False
314,803,False,0.835,0,2,0.9945295369033076,-0.017123989760875702,0.962475722425504,False
314,867,False,0.409,1,3,3.8975871795933728,,,False
314,928,False,0.832,0,2,0.9686970137455022,0.01799064874649048,0.9278346084415027,False
314,im0297,True,0.034,1,0,,,,False
315,334,False,0.647,0,0,,,,False
315,55,False,0.235,2,2,0.5659558941836692,,,False
315,61,False,0.177,1,2,0.13076871977818963,,,False
315,654,False,0.647,0,2,1.9429226370100312,,,False
315,aria_c_46_12,True,-0.074,1,2,2.1752013740870075,,,False
315,im0072,True,0.011,1,0,,,,False
315,im0104,True,0.178,1,0,,,,False
316,368,False,0.691,3,6,0.999773006504482,0.3134850561618805,0.9759608146762156,False
316,436,False,0.105,1,0,,,,False
316,793,False,0.643,0,0,,,,False
316,891,False,0.332,2,0,,,,False
317,360,False,0.59,0,2,1.4297020271734722,0.0008700095931999385,0.9184053711110041,False
317,369,False,0.484,2,3,1.4300014764694586,0.0020129475742578506,0.4388870415857727,False
317,375,False,0.853,0,4,1.0176137876373816,0.00775132654234767,0.9912211164554521,False
317,557,False,0.822,0,6,1.0112570534550398,-0.0014718262245878577,0.9886251395688397,False
317,576,False,0.803,0,2,13.817291245640053,,,False
317,623,False,0.782,0,2,0.25356575016704996,,,False
317,632,False,0.737,1,3,0.21019020564830893,,,False
317,692,False,0.822,0,3,0.9498549028230888,0.01807980053126812,0.9018387143477632,False
317,702,False,0.782,0,2,31.92082555919156,,,False
317,719,False,0.731,0,2,0.059159704030099375,,,False
317,750,False,0.25,1,2,0.15472966068510133,,,False
317,773,False,0.798,0,2,0.4251310907063167,,,False
317,997,False,0.815,0,3,0.6685552627889775,,,False
318,836,False,0.789,2,3,0.9296888463138302,-0.017477501183748245,0.8272673787843622,False
318,886,False,0.404,2,0,,,,False
318,889,False,0.882,0,0,,,,False
319,556,False,0.788,1,0,,,,False
319,582,False,0.894,0,5,1.0160471926502137,0.00873542670160532,0.999630201299119,False
319,583,False,0.792,0,4,1.0141025475114849,0.008360245265066624,0.9997636746444377,False
319,604,False,0.909,0,4,1.00664874709907,0.0032394719310104847,0.996114845802905,False
319,649,False,0.868,0,4,0.9689049105406174,0.039513710886240005,0.9667261373773417,False
319,742,False,0.87,0,4,1.007451925841134,0.014529796317219734,0.9975860441163849,False
319,983,False,0.876,1,6,1.019438475369182,-0.0165522750467062,0.9998604146757862,False
32,474,False,0.558,0,0,,,,False
32,478,False,0.556,0,2,0.5766561033192072,,,False
32,514,False,0.541,0,3,0.42110610892754274,,,False
32,aria_c_9_6,True,-0.092,1,3,0.09307462671787377,,,False
32,im0340,True,0.222,1,3,2.4649695983219444,,,False
320,373,False,0.726,0,2,1.134721396939278,0.029995091259479523,0.7913052374260315,False
320,598,False,0.838,0,2,2.8785690417815815,,,False
320,624,False,0.788,0,0,,,,False
320,690,False,0.857,0,3,0.17774488047988293,,,False
320,761,False,0.836,0,3,1.1392624021948943,0.00493664899840951,0.988097916331887,False
320,879,False,0.576,1,3,1.007809722310949,0.01921926438808441,0.9933236730531853,False
320,im0085,True,-0.025,1,0,,,,False
320,im0361,True,0.089,1,0,,,,False
321,328,False,0.875,0,4,0.9833239267083929,0.05771135166287422,0.966145177790037,False
321,368,False,0.734,1,2,0.22499217178310585,,,False
321,561,False,0.898,0,4,0.9624680433647536,0.02248563803732395,0.9259519279723465,False
321,614,False,0.862,0,3,0.24750976792863502,,,False
321,763,False,0.868,0,5,1.0299486318431332,0.0460347980260849,0.9998926871669949,False
321,878,False,0.451,1,3,0.09175593259187033,,,False
321,943,False,0.374,1,3,0.8825766900935392,-0.003588712541386485,0.3072499839079966,False
322,355,False,0.886,0,0,,,,False
322,388,False,0.558,0,0,,,,False
322,74,False,0.544,0,0,,,,False
322,746,False,0.88,0,0,,,,False
322,919,False,0.889,0,4,0.9824186622740146,0.013273204676806927,0.9718602424498142,False
322,981,False,0.857,0,0,,,,False
322,994,False,0.748,0,0,,,,False
322,im0211,True,-0.122,1,0,,,,False
323,340,False,0.767,0,0,,,,False
323,354,False,0.856,0,0,,,,False
323,919,False,0.855,0,0,,,,False
323,955,False,0.608,0,0,,,,False
324,339,False,0.67,1,2,1.4847244387046785,-0.0045431614853441715,0.9893967309272758,False
324,929,False,0.078,1,2,0.34663994118836944,,,False
324,990,False,0.363,1,3,0.6931360043951438,0.005505005829036236,0.3444072990667224,False
324,aria_a_13_22,True,0.055,1,2,3.175188273589736,,,False
324,im0046,True,-0.033,1,2,0.3514516648936331,,,False
325,329,False,0.638,0,6,0.28358864535453804,,,False
325,332,False,0.337,1,2,0.6499589293871165,,,False
325,421,False,0.401,1,2,1.847030546424857,,,False
325,60,False,0.159,1,0,,,,False
325,812,False,0.202,1,4,1.3582663933044004,0.02103637345135212,1.0,False
325,aria_c_29_2,True,0.06,1,2,0.5160721436211285,,,False
326,370,False,0.734,0,0,,,,False
326,503,False,0.634,0,0,,,,False
326,547,False,0.721,0,4,0.973521076092239,0.00048791762674227357,0.9621465029659263,False
326,715,False,0.406,1,0,,,,False
326,770,False,0.717,0,4,0.9975293899625108,0.009411878883838654,0.9948151277563494,False
326,780,False,0.263,1,0,,,,False
326,948,False,0.477,1,0,,,,False
327,452,False,0.089,1,2,0.31620963905301064,,,False
327,544,False,0.492,0,0,,,,False
327,747,False,0.502,0,0,,,,False
327,892,False,0.006,1,0,,,,False
327,im0170,True,0.062,1,0,,,,False
328,330,False,0.425,7,12,0.9854399797395699,0.3395085334777832,0.5368135345928143,True
328,342,False,0.896,0,5,1.0193184024407853,0.04456023499369621,0.9998122750653015,False
328,372,False,0.614,1,0,,,,False
328,561,False,0.895,0,5,0.993625114058,0.020626874640583992,0.986425145368311,False
328,631,False,0.845,0,0,,,,False
328,657,False,0.795,0,3,0.9757432867507458,0.017529090866446495,0.8809784299213781,False
328,774,False,0.858,0,0,,,,False
328,784,False,0.894,0,0,,,,False
328,905,False,0.898,0,6,1.0067296318163539,0.00855465792119503,0.9997320500316181,False
328,977,False,0.871,0,0,,,,False
328,979,False,0.886,0,0,,,,False
329,331,False,0.311,25,27,0.9891502495835629,0.5560458898544312,0.5325155013897798,True
329,732,False,0.175,1,0,,,,False
329,780,False,0.729,0,0,,,,False
329,800,False,0.426,1,0,,,,False
329,859,False,0.706,0,0,,,,False
329,997,False,0.8,0,0,,,,False
33,437,False,0.544,1,2,0.9696077924242585,0.0030834011267870665,0.8820503222011283,False
33,444,False,0.642,0,0,,,,False
33,452,False,0.605,0,2,0.5211275425056214,,,False
33,486,False,0.607,0,2,1.4223398973222512,0.00622716685757041,0.8743545981683779,False
33,511,False,0.679,2,0,,,,False
33,677,False,0.202,1,4,0.8937411849314275,0.03150723874568939,0.670931417234168,False
33,792,False,0.239,1,3,0.2864216402546458,,,False
330,382,False,0.283,1,0,,,,False
330,608,False,0.868,0,0,,,,False
330,713,False,0.863,0,0,,,,False
330,824,False,0.852,0,0,,,,False
330,847,False,0.175,1,0,,,,False
330,877,False,0.871,0,0,,,,False
330,aria_a_11_6,True,0.296,1,0,,,,False
330,im0289,True,0.35,1,0,,,,False
331,482,False,0.292,2,0,,,,False
331,531,False,0.835,0,6,0.97462928286392,0.025142965838313103,0.9530288149328868,False
331,635,False,0.778,0,0,,,,False
331,663,False,0.871,0,3,1.007335902261483,0.005123036913573742,0.994453673436579,False
331,671,False,0.267,2,2,0.9657907419151885,0.003490235423669219,0.7198415894010513,False
331,679,False,0.886,1,6,1.0009458196119678,0.0039951391518116,0.993136559902043,False
331,712,False,0.897,0,4,1.0000832151865477,0.05171017721295357,0.9920653180025789,False
331,741,False,0.85,0,0,,,,False
331,825,False,0.877,0,4,0.9949518330835558,0.018653325736522675,0.9782815446861786,False
331,861,False,0.118,1,0,,,,False
331,873,False,0.864,0,0,,,,False
331,924,False,0.208,1,0,,,,False
331,im0116,True,-0.152,1,0,,,,False
332,577,False,0.71,0,3,0.6122735403252209,,,False
332,669,False,0.561,1,3,1.6988017373167958,,,False
332,758,False,-0.043,1,3,0.5596344248137386,,,False
332,797,False,0.686,0,2,0.7242928085603093,0.014176380820572376,0.3441814436538286,False
333,582,False,0.403,1,0,,,,False
333,588,False,0.392,1,3,0.6360789023269853,,,False
333,639,False,0.044,1,2,0.37467349738367794,,,False
333,801,False,0.314,1,2,0.11014321792257047,,,False
333,838,False,0.331,1,2,1.415880190389165,-0.01843496598303318,0.7951807228915663,False
334,701,False,0.836,0,4,0.9909279032084913,-0.002296255901455879,0.9826539974139272,False
334,797,False,0.844,0,2,1.2923465903369957,-0.000996551476418972,0.9473299234662321,False
334,848,False,0.542,0,2,2.0354433641483847,,,False
334,941,False,0.739,2,4,1.01179171636075,0.051880042999982834,0.9984233050529319,False
334,975,False,0.849,0,3,1.0132071315951565,0.02556653320789337,0.9996615014292162,False
334,im0064,True,-0.081,2,2,1.0818530603490546,-0.005154873710125685,0.7456899142627635,False
335,353,False,0.665,0,0,,,,False
335,680,False,0.315,1,0,,,,False
335,716,False,0.632,0,0,,,,False
335,929,False,0.685,2,4,0.932299050005784,-0.01706293225288391,0.8637700098007187,False
335,im0370,True,0.385,0,0,,,,False
336,455,False,0.069,1,3,0.5811255005135033,,,False
336,525,False,0.28,2,2,0.1371879392449821,,,False
336,606,False,0.837,0,3,1.109301885447681,0.01129277516156435,1.0,False
336,619,False,0.368,1,2,0.18121975073861676,,,False
336,69,False,-0.001,1,4,0.8008200206935424,0.0028196515049785376,0.6411358617584633,False
336,730,False,0.806,0,4,1.049036700856112,0.011111103929579258,0.9999677854078636,False
336,738,False,0.796,0,2,1.4099159217032244,-0.01094030775129795,0.9727857947535004,False
336,940,False,0.788,0,2,0.4454366864442939,,,False
336,944,False,0.836,0,2,0.17688148729286693,,,False
336,aria_a_14_19,True,0.299,0,0,,,,False
336,im0209,True,0.262,1,0,,,,False
337,490,False,0.139,1,2,1.2079368917611006,0.003920136019587517,0.7438470843904893,False
337,582,False,0.723,1,5,1.0636075132343603,0.005513146985322237,0.9998338585546767,False
337,645,False,0.838,0,4,1.0239558997481166,0.029564445838332176,0.99946693646209,False
337,674,False,0.805,0,3,1.2948891553275141,-0.006705830339342356,0.9305461611964656,False
337,853,False,0.312,1,2,0.5557684995545563,,,False
337,928,False,0.715,1,2,0.32802721034618765,,,False
337,im0105,True,0.196,2,2,8.126484214198754,,,False
338,373,False,0.593,1,2,0.5083881323927796,,,False
338,401,False,0.04,1,0,,,,False
338,719,False,0.465,1,0,,,,False
338,766,False,0.483,1,3,1.0149472518838,-0.0008339883061125875,0.997492136131995,False
338,862,False,0.462,1,2,0.3288114110152897,,,False
338,864,False,0.224,1,2,0.2773847213721119,,,False
338,954,False,0.68,0,2,0.5801140949203765,,,False
338,994,False,0.686,0,2,0.4143462943157476,,,False
339,493,False,0.128,2,2,0.3287157180395848,,,False
339,574,False,0.83,0,3,1.0213230749323083,-0.0026509128510951996,0.9890849652116872,False
339,637,False,-0.014,1,3,1.1925573949135402,0.007297034841030836,0.8201630933041674,False
339,643,False,0.721,0,4,1.0969116169814919,-0.01498269010335207,0.7887995603021845,False
339,666,False,0.836,1,6,0.9880046310974723,-0.002470349660143256,0.9771517087811018,False
339,883,False,0.819,0,4,0.9646233823548312,-0.0029788617976009846,0.9327534202305289,False
339,999,False,0.044,1,2,0.7468210013285871,0.009862007573246956,0.540459063527569,False
34,418,False,0.729,0,0,,,,False
34,76,False,0.721,0,0,,,,False
34,97,False,0.753,0,0,,,,False
34,im0184,True,-0.023,1,0,,,,False
340,629,False,0.708,0,0,,,,False
341,629,False,0.853,0,0,,,,False
341,656,False,0.772,0,0,,,,False
341,746,False,0.843,0,0,,,,False
341,99,False,0.642,1,0,,,,False
342,597,False,0.912,0,7,0.986060960803834,0.028934046626091003,0.9745050263824568,False
342,676,False,0.834,1,0,,,,False
342,718,False,0.832,0,2,1.0596540574914686,0.011181469075381756,0.945615613685541,False
342,762,False,0.953,0,5,1.0128824819439615,0.021406104788184166,1.0,False
342,763,False,0.9,0,5,0.9964711053683151,0.04600922018289566,0.9896926023898568,False
342,767,False,0.839,0,0,,,,False
342,787,False,0.911,0,0,,,,False
342,979,False,0.89,0,0,,,,False
342,aria_c_26_2,True,0.078,1,0,,,,False
343,353,False,0.259,1,0,,,,False
343,372,False,0.731,0,3,0.9876566603010645,0.012678515166044235,0.974152031103365,False
344,346,False,0.424,2,3,0.7052522859640282,-0.00048189511289820075,0.3434972097586079,False
344,56,False,0.432,1,0,,,,False
344,601,False,0.755,0,0,,,,False
344,626,False,0.764,0,2,0.6495584761602576,,,False
344,aria_d_21_21,True,0.033,2,3,0.06405366385407663,,,False
344,aria_d_2_31,True,-0.175,1,2,0.6614794507113364,,,False
345,606,False,0.335,1,0,,,,False
345,753,False,0.528,0,0,,,,False
345,im0124,True,-0.046,1,2,1.0354609151550913,0.07928726077079773,0.26505493052418155,False
346,351,False,0.807,0,4,0.9657777364298952,0.034111831337213516,0.9349461469384682,False
346,696,False,0.697,2,0,,,,False
346,706,False,0.601,2,2,1.208990496070705,-0.016344740986824036,0.7415520507440421,False
346,912,False,0.073,1,0,,,,False
346,im0385,True,-0.048,1,2,0.5481708911964648,,,False
347,356,False,0.843,0,3,1.0882110647318242,-0.015403271652758121,0.9728941277786749,False
347,594,False,0.389,1,2,0.8073183545239578,0.004488599952310324,0.5281505938853394,False
347,671,False,0.841,0,0,,,,False
347,774,False,0.727,2,2,2.4335867858140205,,,False
347,787,False,0.839,0,2,8.496923006904824,,,False
348,797,False,0.341,1,0,,,,False
348,aria_a_43_9,True,0.023,1,2,0.31944642850238386,,,False
349,375,False,0.82,0,2,0.732003902092407,-0.020279303193092346,0.41973133081232794,False
349,425,False,0.371,0,3,0.19570719388106844,,,False
349,566,False,0.359,1,2,0.9743474202176325,0.00467036385089159,0.7607084174075006,False
349,590,False,0.58,2,3,16.232532750432224,,,False
35,453,False,0.501,0,0,,,,False
35,aria_c_24_2,True,-0.082,1,0,,,,False
350,674,False,0.841,0,5,0.9347897631074901,0.0021061566658318043,0.8728486917683942,False
350,787,False,0.839,0,5,0.9211881917247869,0.03222424536943436,0.7925149459800005,False
350,im0263,True,-0.002,1,0,,,,False
351,579,False,0.891,0,3,1.053981041753982,0.017350396141409874,0.9999248886742851,False
351,599,False,0.878,0,3,1.201134376727944,0.002341013867408037,1.0,False
351,632,False,0.893,0,4,1.0412467344611513,0.05881863832473755,1.0,False
351,637,False,0.163,1,3,1.00220390804121,0.020256282761693,0.9967724467748594,False
351,648,False,0.891,0,5,1.0111333414603527,-0.006406753323972225,0.9996359941976388,False
351,91,False,0.8,0,0,,,,False
351,938,False,0.894,0,0,,,,False
351,974,False,0.849,2,3,0.9841198659622731,0.06031373143196106,0.9668700725069367,False
352,353,False,0.053,1,0,,,,False
352,48,False,0.465,0,0,,,,False
352,554,False,0.571,0,0,,,,False
352,652,False,0.321,1,0,,,,False
353,630,False,0.235,1,0,,,,False
353,716,False,0.532,0,0,,,,False
353,im0054,True,0.11,2,0,,,,False
353,im0284,True,0.057,1,0,,,,False
354,628,False,0.619,0,0,,,,False
354,746,False,0.872,0,0,,,,False
354,919,False,0.878,0,0,,,,False
355,600,False,0.735,1,0,,,,False
355,629,False,0.92,0,4,1.0115618256781571,0.017252005636692047,0.9979489753058809,False
355,745,False,0.815,1,0,,,,False
355,760,False,0.552,0,0,,,,False
355,761,False,0.901,0,4,1.0273387820467006,0.04233555495738983,0.9990572606995554,False
355,845,False,0.893,0,3,1.0210064687274105,0.05049264430999756,0.9941626247912365,False
356,358,False,0.133,53,49,0.9849949011883575,0.5177509188652039,0.5122713361526051,True
356,604,False,0.911,0,6,1.0104598405444571,-0.018922556191682816,0.9985544861977613,False
356,671,False,0.902,0,3,0.9995760127603824,0.05386586859822273,0.9572423759383567,False
356,75,False,0.811,0,3,1.017775505826265,0.02454705350100994,0.9879781947478902,False
356,915,False,0.878,0,4,1.0376897222970434,0.0030768641736358404,0.9995121140473625,False
357,98,False,0.735,0,3,1.0501394639200057,0.018518881872296333,0.9998875074325446,False
357,im0105,True,0.175,1,0,,,,False
358,376,False,0.284,1,2,0.19966574228879636,,,False
358,634,False,0.863,1,7,1.008512612055969,-0.0014613392995670438,0.9951349932222098,False
358,637,False,0.737,1,5,1.008755658392105,0.0288743544369936,0.9958073976377741,False
358,727,False,0.673,0,0,,,,False
358,775,False,0.796,0,2,0.6555015247318422,,,False
358,873,False,0.881,0,0,,,,False
358,897,False,0.855,1,3,1.1614699126054717,-0.011763515882194042,1.0,False
358,935,False,-0.196,2,0,,,,False
358,im0182,True,0.448,0,0,,,,False
359,705,False,0.675,0,2,1.0188566967938248,0.011026917025446892,0.7059037998573781,False
359,769,False,0.318,2,0,,,,False
359,815,False,0.67,0,2,0.44661210946960345,,,False
359,821,False,0.475,1,2,1.039219151186986,0.0019758883863687515,0.8709383524569517,False
359,926,False,0.256,2,2,2.2996428381972,,,False
359,946,False,0.239,1,3,1.5635402295475254,,,False
36,426,False,0.441,1,4,0.2600901259094985,,,False
36,739,False,0.299,1,0,,,,False
36,98,False,0.708,0,2,1.1877456475536163,-0.015498165972530842,0.8427139635416946,False
36,im0384,True,-0.039,1,2,0.0,,,False
360,702,False,0.586,0,2,0.0,,,False
360,844,False,0.595,0,2,0.3029197807365905,,,False
360,951,False,0.269,2,2,2.2883475446945614,,,False
360,im0080,True,0.057,1,0,,,,False
361,557,False,0.783,1,2,5.182641504812556,,,False
361,597,False,0.772,1,4,1.0094425049435642,0.020998302847146988,0.9991394101732475,False
361,598,False,0.886,0,3,0.933396222050044,-0.002990149427205324,0.8658235855428921,False
361,618,False,0.84,0,3,1.0338359972012117,0.012267578393220901,0.999250141937419,False
361,723,False,0.815,0,4,1.0118230696072301,-0.012271275743842125,0.9859085237296158,False
361,761,False,0.892,0,2,0.26185801775197787,,,False
362,705,False,0.636,0,2,1.6162909585325356,,,False
362,984,False,0.502,1,0,,,,False
362,995,False,0.645,0,0,,,,False
362,im0110,True,-0.066,1,2,0.35221341093203073,,,False
362,im0361,True,0.016,2,2,5.640668440012949,,,False
363,645,False,0.864,0,2,0.7832856008182649,0.004519493784755468,0.30400939932442356,False
363,734,False,0.679,1,4,0.9818119725222779,-0.014290856197476387,0.9747933434848814,False
363,910,False,0.82,0,4,0.9894229398748091,0.014212032780051231,0.9672629436499455,False
364,564,False,0.636,0,2,0.14557543480831994,,,False
364,667,False,0.828,0,4,0.2589693876729869,,,False
364,798,False,0.869,0,3,0.9517898479444312,0.023317288607358932,0.9046249751879013,False
365,662,False,0.691,0,3,1.5995554763528552,,,False
365,716,False,0.644,0,3,1.3371611449190524,0.01647050492465496,1.0,False
365,829,False,0.556,1,3,0.978523598133884,0.017578808590769768,0.9562748134138436,False
365,877,False,0.67,0,3,0.24419054103696897,,,False
365,993,False,0.416,0,3,0.928706369932827,0.01978473737835884,0.6268511176357129,False
365,im0256,True,0.052,1,2,0.9645129919167632,-0.009620524011552334,0.619066217685495,False
366,389,False,0.244,2,2,0.4304836589021161,,,False
366,568,False,0.504,0,2,0.997686679310982,0.0069918446242809296,0.6534441269363814,False
366,609,False,0.501,0,0,,,,False
366,652,False,0.459,0,2,0.7260111147441993,-0.0011235126294195652,0.5271153639393613,False
366,731,False,0.232,2,0,,,,False
366,952,False,0.112,1,0,,,,False
366,im0078,True,-0.038,1,0,,,,False
366,im0132,True,0.32,0,0,,,,False
367,648,False,0.769,0,0,,,,False
367,735,False,0.777,0,0,,,,False
367,786,False,0.8,0,4,0.9881356760975989,0.03945310413837433,0.9563925689542168,False
367,aria_c_4_8,True,0.024,1,0,,,,False
368,745,False,0.772,0,0,,,,False
368,749,False,0.752,0,0,,,,False
369,616,False,0.745,0,0,,,,False
369,637,False,0.257,1,0,,,,False
369,707,False,0.78,0,3,0.29975902334432386,,,False
369,899,False,0.791,0,0,,,,False
369,980,False,0.715,0,4,0.9738869631163951,0.011865087784826756,0.9476591267753813,False
37,397,False,0.756,0,0,,,,False
37,459,False,0.247,1,2,1.189022003951484,-0.004300498869270086,0.464722907063994,False
37,526,False,0.619,0,0,,,,False
37,616,False,0.12,1,0,,,,False
37,7,False,0.561,0,0,,,,False
37,754,False,-0.073,1,0,,,,False
370,547,False,0.746,0,0,,,,False
370,770,False,0.868,2,0,,,,False
370,aria_c_32_2,True,0.507,0,0,,,,False
371,508,False,0.456,1,0,,,,False
371,520,False,0.611,1,2,4.709532400646175,,,False
371,597,False,0.854,0,3,0.9804328362039486,0.00851382128894329,0.9573792888300819,False
371,676,False,0.865,0,4,1.0271827102505868,0.002832922153174877,0.9999183784519113,False
371,762,False,0.854,0,4,0.9731397836378264,0.023647934198379517,0.9485831613347093,False
371,954,False,0.573,1,2,0.9365357085915832,-0.0011614083778113127,0.8771994784036576,False
372,603,False,0.668,0,0,,,,False
372,618,False,0.751,1,0,,,,False
372,725,False,0.856,0,3,1.001623466552619,0.020302874967455864,0.9896626125787649,False
372,743,False,0.897,0,2,1.0398278914483465,0.0011306223459541798,0.9921498267789506,False
372,761,False,0.873,0,4,1.0236316325518804,0.016812797635793686,0.9995500562429697,False
372,773,False,0.702,2,0,,,,False
372,791,False,0.762,0,0,,,,False
372,879,False,0.723,0,0,,,,False
373,611,False,0.738,0,3,1.8877391020655938,,,False
373,642,False,0.725,0,2,0.5010102834184034,,,False
373,945,False,0.476,1,0,,,,False
374,504,False,0.183,1,2,1.7279469543221369,,,False
374,580,False,0.853,0,4,0.984077605547548,0.012564584612846375,0.9593799447528629,False
374,586,False,0.889,0,5,1.011224746139146,-0.01139354519546032,0.9959815840509716,False
374,674,False,0.795,3,4,0.11157868752956096,,,False
374,681,False,0.845,1,6,1.02422224699455,-0.008528968319296837,0.9993559087322673,False
374,686,False,0.251,2,3,1.2812550437856298,0.013842161744832993,0.8600463607858745,False
374,737,False,0.829,0,3,0.986607098014995,0.01045478880405426,0.969196411795337,False
374,752,False,0.703,0,2,1.2498014724985533,0.002191779902204871,0.8663439038166707,False
374,885,False,0.736,0,2,0.4000798086343118,,,False
374,im0240,True,-0.092,2,3,0.8008372502172256,0.016985168680548668,0.5084978913645496,False
375,378,False,0.753,0,3,0.08384907750568223,,,False
375,623,False,0.777,0,3,1.5308153002087008,,,False
375,642,False,0.847,0,3,1.060365837665981,0.002521072281524539,0.9998924673369536,False
375,735,False,0.729,1,6,1.0260241334496487,-0.0011548936599865556,0.9930656267792495,False
375,753,False,0.769,0,3,0.701240819275856,-0.019062001258134842,0.49255380785820047,False
375,772,False,0.548,0,2,2.606632585912442,,,False
375,798,False,0.792,1,3,1.0112035084224216,0.02211740054190159,0.9997263963176163,False
375,984,False,0.58,1,2,1.1856180564154264,-0.007003322709351778,0.4767879480943407,False
376,572,False,0.504,0,3,0.03409515086797742,,,False
377,563,False,0.191,1,0,,,,False
377,628,False,0.531,0,2,0.3467899587501962,,,False
377,aria_d_3_33,True,-0.062,1,2,0.9101119627260682,0.010379044339060783,0.4536659088560504,False
377,aria_d_7_17,True,-0.131,1,2,1.0416779508178708,-0.002867742208763957,0.7616362329088651,False
378,617,False,0.155,18,37,0.990469938202887,0.5200971961021423,0.5157266840422388,True
378,819,False,0.805,0,4,0.9957813308683572,0.011607522144913673,0.968670959149809,False
378,9,False,0.389,1,2,0.7102418339664528,0.008612790144979954,0.3830449122957315,False
378,901,False,0.776,0,3,0.9269856789193861,0.0036029862239956856,0.8592186870720903,False
379,787,False,0.796,0,3,1.410204318308292,-0.007071277126669884,1.0,False
379,aria_c_20_18,True,0.137,1,2,0.7786127076492005,0.014152825810015202,0.6337847503413706,False
379,im0176,True,0.006,1,0,,,,False
38,391,False,0.681,0,2,0.7028138798322293,-0.010858342051506042,0.4948174152026066,False
38,44,False,0.712,0,3,0.6808558386600695,-0.00326307094655931,0.08187638974468883,False
38,478,False,0.699,0,3,1.6320983653116246,,,False
38,im0168,True,0.001,1,2,0.598805742953281,,,False
380,563,False,0.859,0,0,,,,False
380,575,False,0.82,1,0,,,,False
380,667,False,0.863,0,0,,,,False
380,736,False,0.417,2,0,,,,False
380,798,False,0.869,0,0,,,,False
380,848,False,0.302,1,0,,,,False
380,914,False,0.847,0,0,,,,False
380,972,False,0.773,0,4,0.8223091278574451,-0.014296094886958599,0.6721134064803703,False
382,594,False,0.617,0,3,0.6171646164410252,,,False
382,643,False,0.649,0,0,,,,False
382,783,False,0.201,1,3,1.7651742728152706,,,False
382,im0030,True,-0.08,1,3,0.30330500752158,,,False
382,im0245,True,-0.017,2,3,0.786939644847639,0.004178418777883053,0.3262181870864925,False
383,639,False,0.679,0,4,0.8106796895368408,0.001796717057004571,0.6537194176430048,False
383,65,False,0.681,0,3,0.8984527121256682,0.01849997043609619,0.8073694655260264,False
383,69,False,0.027,1,3,1.010160738649363,-0.0031421815510839224,0.48587140621315095,False
383,786,False,0.295,1,2,1.8818226667245153,,,False
383,94,False,0.501,0,2,2.1324866821991826,,,False
383,aria_a_11_6,True,0.029,2,3,1.0874866118047546,-0.01215136144310236,0.9745767792058315,False
383,im0101,True,0.064,1,3,1.5210451460560892,,,False
384,385,False,0.253,4,8,1.0092080639963366,0.5032700300216675,0.2277413909159873,False
384,427,False,0.535,0,0,,,,False
384,446,False,0.486,0,0,,,,False
384,531,False,0.484,0,0,,,,False
384,910,False,-0.02,1,0,,,,False
384,im0002,True,-0.079,1,0,,,,False
385,479,False,0.417,0,0,,,,False
385,505,False,0.398,0,2,1.12427459360784,-0.01638435572385788,0.6740793443605161,False
385,536,False,0.402,0,0,,,,False
385,897,False,-0.015,1,2,0.1916032048935399,,,False
385,im0136,True,-0.005,1,0,,,,False
386,455,False,0.552,0,0,,,,False
386,505,False,0.499,0,0,,,,False
386,56,False,0.25,2,0,,,,False
386,aria_d_25_2,True,0.468,0,0,,,,False
387,449,False,0.429,1,3,0.4029135963770149,,,False
387,461,False,0.56,0,2,0.8717104900105036,-0.004877544939517975,0.718631300928431,False
387,684,False,0.7,0,4,1.0016225799169358,0.031544703990221024,0.9803421054045776,False
387,954,False,0.704,0,2,1.368583443425834,0.0074419439770281315,0.9704589725839947,False
387,im0160,True,0.02,1,3,0.30586084451125717,,,False
387,im0196,True,0.215,1,3,0.980393636193569,-0.0024608965031802654,0.4872978234941946,False
388,im0385,True,-0.052,1,4,0.8916675231028761,0.00842110812664032,0.43754598506304365,False
39,390,False,0.719,0,2,0.8735734307086057,-0.01911856047809124,0.5719873925072108,False
39,473,False,0.661,0,3,1.0709325771842988,0.02934635430574417,0.91157060209985,False
39,515,False,0.769,0,3,0.0,,,False
39,555,False,0.148,2,2,0.6363705966075924,,,False
39,62,False,0.349,1,3,0.9699376362182448,0.004461432341486216,0.6044116228469758,False
39,76,False,0.744,1,0,,,,False
39,im0307,True,-0.021,1,2,1.408185372528041,0.007728297263383865,0.966382772006293,False
390,515,False,0.825,0,3,0.9919351506973119,0.0048340726643800735,0.9397677638145115,False
390,520,False,0.753,0,0,,,,False
390,53,False,0.687,0,0,,,,False
390,84,False,0.468,1,3,6.807763784984015,,,False
391,431,False,0.747,0,0,,,,False
391,44,False,0.766,0,0,,,,False
391,468,False,0.371,1,0,,,,False
391,497,False,0.542,0,0,,,,False
392,486,False,0.597,0,3,1.3852323187615387,-0.005286306608468294,0.876465109267405,False
392,517,False,0.676,0,2,0.47109937438887173,,,False
392,73,False,0.683,0,0,,,,False
392,818,False,0.188,1,3,2.299939173568219,,,False
392,869,False,0.221,1,2,0.7930521341500619,-0.004376905970275402,0.580578390523533,False
393,403,False,0.116,1,0,,,,False
393,453,False,0.783,0,0,,,,False
393,487,False,0.54,2,2,1.3258341925024473,-0.010592732578516006,0.8591453522303191,False
393,506,False,0.64,0,0,,,,False
393,514,False,0.657,0,2,0.5428392376186911,,,False
394,397,False,0.68,0,0,,,,False
394,488,False,0.562,1,0,,,,False
394,565,False,0.46,1,0,,,,False
394,597,False,0.675,0,0,,,,False
395,78,False,0.142,1,0,,,,False
395,934,False,0.716,0,2,0.16728936593457155,,,False
395,im0158,True,-0.204,1,0,,,,False
396,823,False,0.54,1,0,,,,False
396,828,False,0.706,0,2,0.345962111711624,,,False
396,aria_a_27_11,True,-0.029,1,0,,,,False
396,im0224,True,-0.038,1,0,,,,False
397,452,False,0.302,1,3,0.632196496662493,,,False
397,51,False,0.239,1,2,2.374630462593628,,,False
397,649,False,0.727,1,0,,,,False
397,75,False,0.791,0,3,0.2892096016492124,,,False
397,92,False,0.799,0,2,3.193227455745144,,,False
397,975,False,0.794,0,2,0.20763546698327434,,,False
397,im0149,True,-0.04,1,2,0.7304174160635046,-0.007612199522554874,0.46339571096844695,False
398,4,False,0.646,0,0,,,,False
398,415,False,0.428,0,0,,,,False
398,416,False,0.643,0,0,,,,False
398,455,False,0.412,0,0,,,,False
398,523,False,0.462,0,0,,,,False
398,531,False,0.128,2,0,,,,False
399,510,False,0.499,0,0,,,,False
399,70,False,0.202,1,0,,,,False
399,73,False,0.486,0,0,,,,False
4,411,False,0.755,0,0,,,,False
4,416,False,0.781,0,0,,,,False
4,45,False,0.703,0,0,,,,False
4,464,False,0.596,0,0,,,,False
4,469,False,0.571,0,0,,,,False
4,472,False,0.605,0,0,,,,False
4,523,False,0.467,0,0,,,,False
4,528,False,0.873,0,0,,,,False
4,534,False,0.83,0,0,,,,False
4,542,False,0.475,0,0,,,,False
4,6,False,0.652,0,0,,,,False
4,63,False,0.885,0,0,,,,False
40,414,False,0.009,1,0,,,,False
40,515,False,0.605,0,0,,,,False
40,68,False,0.604,0,0,,,,False
40,95,False,0.012,1,0,,,,False
400,42,False,0.688,0,3,0.6032282797787646,,,False
400,492,False,0.653,0,3,1.3887626655819991,-0.019343912601470947,0.8614657691113988,False
400,609,False,-0.071,2,3,0.9689116439964287,-0.0028768994379788637,0.923478044047419,False
400,93,False,0.674,0,0,,,,False
400,im0104,True,0.322,0,2,1.1120240977432339,-0.000151885295053944,0.5127405555374828,False
401,427,False,0.486,0,0,,,,False
401,485,False,0.455,0,0,,,,False
401,im0274,True,0.246,1,0,,,,False
402,532,False,0.684,0,0,,,,False
402,75,False,0.64,0,0,,,,False
402,766,False,0.306,1,2,1.2307309522761314,0.006825434044003487,0.9073590800212203,False
402,835,False,0.357,1,0,,,,False
402,92,False,0.623,0,2,0.7813859108626005,-0.0059921881183981895,0.40174344330051853,False
402,im0186,True,-0.01,1,3,0.4216694315523583,,,False
404,509,False,0.479,0,0,,,,False
404,578,False,0.652,0,0,,,,False
404,849,False,0.63,0,0,,,,False
404,903,False,0.632,0,0,,,,False
405,426,False,0.736,0,0,,,,False
405,436,False,0.395,1,0,,,,False
405,493,False,0.461,1,0,,,,False
405,5,False,0.651,0,0,,,,False
405,506,False,0.685,0,0,,,,False
405,61,False,0.438,0,0,,,,False
405,701,False,0.041,1,0,,,,False
406,410,False,0.804,0,3,0.13973099150686916,,,False
406,420,False,0.783,0,2,0.2834793388117835,,,False
406,435,False,0.797,0,2,1.0111473586082376,0.0029234406538307667,0.36534641271813106,False
406,466,False,0.223,1,2,1.0977697228914822,0.01316895429044962,0.772027268543787,False
406,aria_d_12_2,True,0.118,2,3,8.057708069066695,,,False
406,aria_d_13_2,True,0.07,2,2,0.2539487406053622,,,False
406,im0032,True,0.12,1,3,0.6417886595256446,,,False
407,aria_a_13_22,True,0.362,0,2,2.1067756752556486,,,False
407,im0354,True,0.112,2,4,0.9295885690654851,-0.005125835537910461,0.44366509955153066,False
408,44,False,0.712,0,2,2.3441575944229163,,,False
408,453,False,0.736,0,0,,,,False
408,472,False,0.53,1,2,0.956327996928247,0.011781327426433563,0.6199415757367471,False
408,478,False,0.789,0,2,1.1506800644217574,-0.005067677237093449,0.8104991329464252,False
408,im0234,True,0.012,1,3,1.6414835698351997,,,False
408,im0297,True,-0.036,1,2,1.6147046990982625,,,False
409,456,False,0.532,25,32,1.0093370414429819,0.5125790238380432,0.9576094398562198,True
409,480,False,0.575,0,2,0.5127118353752959,,,False
409,769,False,0.231,1,2,0.15130790105018757,,,False
41,480,False,0.686,0,0,,,,False
41,651,False,0.533,2,0,,,,False
41,77,False,0.28,1,0,,,,False
41,91,False,0.723,0,0,,,,False
410,420,False,0.787,1,3,0.5844539799305384,,,False
410,442,False,0.782,0,3,1.049911147189215,0.007175743114203215,0.9992136051655977,False
410,466,False,0.154,1,2,0.9700374386601411,0.006509094033390284,0.6978949283505099,False
410,500,False,0.768,0,2,0.12273207946079623,,,False
410,56,False,0.653,0,3,1.1015054609287158,-0.0015780364628881216,0.9990204317594223,False
410,9,False,0.753,0,3,0.5009662041485173,,,False
411,49,False,0.557,0,0,,,,False
411,534,False,0.743,0,0,,,,False
411,63,False,0.785,0,0,,,,False
411,707,False,0.369,1,0,,,,False
412,484,False,0.505,0,2,2.1823157780591047,,,False
412,492,False,0.555,0,4,0.16505582115259307,,,False
412,535,False,0.568,0,2,0.03675763438850428,,,False
412,536,False,0.547,0,2,0.5760238936403685,,,False
412,618,False,0.289,2,3,0.05574420380589342,,,False
412,980,False,0.134,1,3,0.5785292812998648,,,False
412,aria_c_5_4,True,0.079,1,3,0.18694184761454663,,,False
412,im0201,True,0.193,1,3,0.1295292390675534,,,False
413,416,False,0.764,0,0,,,,False
413,426,False,0.666,0,0,,,,False
413,446,False,0.838,0,0,,,,False
413,534,False,0.836,0,0,,,,False
413,61,False,0.478,0,0,,,,False
413,im0238,True,-0.196,1,0,,,,False
414,433,False,0.221,2,3,0.21641793358612682,,,False
414,500,False,0.76,0,3,0.29249161768020066,,,False
414,7,False,0.525,0,0,,,,False
414,975,False,0.791,0,3,0.7857991531946966,-0.018486132845282555,0.6172816952868104,False
415,422,False,0.583,0,0,,,,False
415,955,False,0.422,0,0,,,,False
415,aria_d_14_20,True,-0.081,1,0,,,,False
415,im0305,True,0.359,0,0,,,,False
416,436,False,0.489,0,0,,,,False
416,494,False,0.707,0,0,,,,False
416,50,False,0.643,0,0,,,,False
416,528,False,0.798,0,0,,,,False
417,422,False,0.285,1,0,,,,False
417,516,False,0.592,0,0,,,,False
417,im0375,True,0.039,1,0,,,,False
418,515,False,0.749,0,0,,,,False
418,945,False,0.507,1,0,,,,False
418,im0158,True,0.171,1,0,,,,False
418,im0181,True,0.007,1,0,,,,False
419,441,False,0.416,0,0,,,,False
419,709,False,0.601,0,0,,,,False
42,424,False,0.66,0,4,0.4663356335302535,,,False
42,473,False,0.683,0,2,0.4926592367358156,,,False
42,515,False,0.735,0,3,0.10807103742073772,,,False
42,517,False,0.588,2,3,1.5860714121565702,,,False
42,68,False,0.725,0,2,0.5390721870541356,,,False
42,93,False,0.759,0,0,,,,False
420,435,False,0.776,0,2,1.6953848607701025,,,False
420,461,False,0.571,0,0,,,,False
420,56,False,0.641,0,2,5.304344648357765,,,False
420,872,False,0.754,2,2,0.9313882670102046,0.01075680460780859,0.4971501324208027,False
420,9,False,0.75,2,3,0.8728895659484331,0.01497992780059576,0.7613244522498983,False
420,976,False,0.5,1,2,0.34870619636721645,,,False
420,im0070,True,0.509,0,0,,,,False
421,462,False,0.762,0,3,0.6358880298947559,,,False
421,537,False,0.744,0,4,1.0440688587587843,0.03089347667992115,0.9998177451863287,False
421,652,False,-0.133,2,2,1.5068053420235668,,,False
421,680,False,0.767,0,3,1.216521204003789,0.004662930499762297,1.0,False
421,im0141,True,0.462,0,2,0.30461712006993724,,,False
423,432,False,0.641,0,2,1.229135835018412,0.005510904360562563,0.405503506611703,False
423,436,False,0.37,1,2,0.17960593760049812,,,False
423,635,False,-0.154,1,3,0.19468858084551266,,,False
423,aria_d_20_2,True,0.212,1,0,,,,False
424,518,False,0.633,5,49,0.997223431226176,0.5695779323577881,0.9886470688990708,True
424,68,False,0.666,0,2,0.633804578032287,,,False
424,858,False,0.15,1,2,2.607220310401756,,,False
424,88,False,0.677,0,0,,,,False
424,921,False,0.492,0,0,,,,False
424,im0248,True,-0.148,1,3,1.2323260676664376,0.004143544472754002,1.0,False
425,468,False,0.394,0,2,0.6899869264097512,0.015108280815184116,0.4290997180924614,False
425,536,False,0.069,2,0,,,,False
425,857,False,0.374,0,0,,,,False
426,436,False,0.516,0,3,0.18088058399117934,,,False
426,458,False,0.658,0,0,,,,False
426,556,False,0.148,1,0,,,,False
426,596,False,0.253,1,2,0.42196669135828974,,,False
427,439,False,0.435,0,0,,,,False
427,528,False,0.569,0,0,,,,False
427,968,False,0.568,0,0,,,,False
428,506,False,0.508,0,0,,,,False
429,483,False,0.507,0,3,0.5869713530292545,,,False
429,503,False,0.639,0,2,0.6929053461971985,0.0011065284488722682,0.4206321583662192,False
429,60,False,0.252,1,2,1.3546201575931094,-0.01321600191295147,0.9727651979442187,False
429,73,False,0.606,0,0,,,,False
429,aria_c_31_20,True,-0.122,1,0,,,,False
429,aria_d_9_3,True,0.02,1,2,0.18084980103162793,,,False
429,im0106,True,0.412,0,2,3.1074113892876287,,,False
429,im0284,True,0.159,2,4,0.8309964667417676,-0.0020082846749573946,0.5350139046245751,False
43,475,False,0.319,2,3,0.9593981667677659,0.004279333166778088,0.6701486454602004,False
43,492,False,0.769,0,3,0.8112504338716823,-0.001258860225789249,0.6577392737507893,False
43,530,False,0.77,0,2,1.2226484734809462,-0.0018665598472580314,0.24915557747777695,False
43,591,False,0.251,1,3,0.24961908822320697,,,False
43,im0188,True,-0.114,2,2,0.1994058586523128,,,False
430,465,False,0.78,0,2,1.7216432823489827,,,False
430,479,False,0.713,0,2,1.2812757854076249,-0.010654072277247906,0.7856760432170813,False
430,52,False,0.72,0,3,0.07996173246463725,,,False
430,88,False,0.759,0,2,5.535295494895214,,,False
430,893,False,0.049,2,4,2.8154937036561765,,,False
430,aria_d_20_17,True,0.04,1,0,,,,False
431,44,False,0.733,0,3,0.02799581944396241,,,False
431,458,False,0.739,0,5,2.1912834432168404,,,False
431,489,False,0.747,0,2,3.3350753981718606,,,False
431,508,False,0.146,1,2,1.9321085991122513,,,False
431,612,False,0.312,1,3,1.0624021776732653,-9.135746222455055e-05,0.9652619039953639,False
431,69,False,0.28,66,119,0.9972172739388147,0.7799707651138306,0.9138723924275883,True
432,449,False,0.737,0,2,0.817909175514616,-0.009519262239336967,0.3213233676551861,False
432,493,False,0.79,0,2,0.16523158555245934,,,False
432,541,False,0.705,0,0,,,,False
432,60,False,0.7,0,3,0.16027252011429888,,,False
432,63,False,0.783,0,2,0.8361481402996801,-0.009616169147193432,0.67586391785743,False
432,976,False,0.163,1,3,0.2707566064595015,,,False
432,im0174,True,-0.005,3,4,0.19856148157028336,,,False
433,437,False,0.454,22,32,0.9894300834936719,0.5824925899505615,0.8692317976416482,True
433,510,False,0.596,0,0,,,,False
433,535,False,0.57,0,0,,,,False
434,462,False,0.66,0,4,0.5891262390173339,,,False
434,537,False,0.716,0,3,1.1244996684944903,-0.024806678295135498,0.8926251125691497,False
434,538,False,0.571,0,2,1.2633592906322275,0.014124303124845028,0.8954630031798122,False
434,724,False,0.269,1,4,0.31084112186796453,,,False
434,90,False,0.647,1,2,1.1815386836924606,0.01096818782389164,0.989436752150529,False
434,im0070,True,0.266,3,3,0.5016553418186274,,,False
435,539,False,0.635,0,3,0.35986476892209557,,,False
435,797,False,0.635,1,3,0.1744557665376809,,,False
435,92,False,0.638,1,3,0.3392805487163017,,,False
435,933,False,0.48,0,4,1.0016207651303413,-0.023896481841802597,0.1614252370369543,False
435,aria_c_24_12,True,-0.044,1,3,0.17839607826394474,,,False
435,im0202,True,0.163,1,4,0.31519912631014174,,,False
436,68,False,0.165,1,0,,,,False
437,444,False,0.642,0,0,,,,False
437,496,False,0.5,0,0,,,,False
437,510,False,0.682,0,0,,,,False
437,59,False,0.648,0,2,0.9443045382788946,-0.005856636445969343,0.8418835524550576,False
437,8,False,0.308,1,0,,,,False
438,455,False,0.2,1,2,0.8125569123593881,-0.008797841146588326,0.6460736065047609,False
438,510,False,0.605,0,0,,,,False
438,745,False,0.614,0,0,,,,False
438,894,False,0.289,1,3,0.3074032747355214,,,False
439,56,False,0.451,0,0,,,,False
439,835,False,0.162,1,0,,,,False
44,463,False,0.435,1,3,0.05888907656942369,,,False
44,478,False,0.697,0,3,1.0418919932940496,0.038522884249687195,0.9684209961183917,False
44,521,False,0.659,0,2,4.957613688646777,,,False
44,589,False,0.112,1,0,,,,False
440,495,False,0.379,0,0,,,,False
440,505,False,0.406,0,0,,,,False
440,66,False,0.133,1,0,,,,False
440,aria_c_3_2,True,0.106,1,0,,,,False
441,514,False,0.454,0,0,,,,False
441,899,False,0.243,1,0,,,,False
441,im0036,True,0.402,0,0,,,,False
442,470,False,0.714,0,2,0.3992355970852137,,,False
442,492,False,0.478,2,4,0.3847851129666805,,,False
442,519,False,0.825,0,3,0.8356486159188095,-0.001768280635587871,0.6961121651606265,False
442,540,False,0.661,0,0,,,,False
442,797,False,0.783,0,2,2.361646774794175,,,False
442,850,False,0.4,2,3,1.2759121373451736,0.04364648833870888,0.9998228787041162,False
442,89,False,0.707,0,3,0.3449439136425418,,,False
442,9,False,0.75,0,4,1.0668066937703362,-0.0003511692921165377,1.0,False
442,996,False,0.205,1,0,,,,False
443,582,False,0.229,1,3,0.6225631919241015,,,False
443,998,False,0.162,2,4,0.3783949622206774,,,False
443,aria_d_23_4,True,0.41,1,3,0.02083392474477136,,,False
444,459,False,0.64,0,0,,,,False
444,479,False,0.742,0,2,0.19943381474178787,,,False
444,517,False,0.669,0,2,4.110147558996954,,,False
444,518,False,0.725,0,3,0.7455078007455015,-0.002239624271169305,0.5542275082430523,False
444,528,False,0.473,1,0,,,,False
444,59,False,0.774,1,3,1.029038932452763,0.008014429360628128,0.9992165280386369,False
444,833,False,0.015,1,0,,,,False
444,im0039,True,0.478,0,0,,,,False
445,513,False,0.409,0,2,0.2995078528309953,,,False
445,530,False,0.417,0,2,0.4391338229571431,,,False
445,im0009,True,0.052,1,3,0.32019912719906884,,,False
445,im0333,True,0.105,1,2,0.42059773239926573,,,False
446,454,False,0.641,0,2,7.221685145911998,,,False
446,501,False,0.672,0,3,0.1045634176475226,,,False
446,63,False,0.734,0,3,0.2855323903687563,,,False
446,813,False,0.392,1,2,1.6277190514980722,,,False
446,im0102,True,-0.136,1,0,,,,False
446,im0147,True,0.269,1,0,,,,False
447,454,False,0.557,0,2,0.31937752291136534,,,False
447,59,False,0.538,1,3,0.7127929313662531,-0.010028488002717495,0.47162328950898846,False
448,449,False,0.118,1,3,1.0033498247361348,0.02974921092391014,0.8710274556936896,False
448,453,False,0.135,2,0,,,,False
448,aria_c_34_1,True,0.615,0,2,0.9136541121620638,0.03486413136124611,0.11009755182440671,False
449,541,False,0.692,0,2,12.123064658633094,,,False
449,660,False,0.727,0,3,0.7014471389893787,-0.015267211012542248,0.430971531663105,False
449,87,False,0.215,1,2,0.13792121026773194,,,False
449,aria_c_21_12,True,0.188,1,3,3.0116622832451383,,,False
45,451,False,0.493,0,0,,,,False
45,904,False,0.458,1,0,,,,False
450,547,False,0.393,0,2,2.4305297514883537,,,False
450,553,False,0.163,1,3,0.7515771661474973,-0.004567599389702082,0.5662628635166803,False
450,573,False,0.27,1,2,70.27455515847547,,,False
450,699,False,0.41,0,0,,,,False
450,im0154,True,0.23,1,2,1.2153920962896325,-0.005313384812325239,0.9930751488494342,False
450,im0325,True,-0.002,1,0,,,,False
451,537,False,0.495,0,0,,,,False
451,556,False,0.167,1,0,,,,False
452,482,False,0.19,1,3,0.4008762164492753,,,False
452,483,False,0.51,0,2,1.9728696514415383,,,False
452,495,False,0.525,0,0,,,,False
452,514,False,0.566,0,2,0.21043717308963172,,,False
452,702,False,0.204,1,3,0.329045367424426,,,False
453,487,False,0.618,0,0,,,,False
454,559,False,0.249,2,2,0.593407898890927,,,False
454,580,False,0.13,1,3,0.5378314782934507,,,False
454,666,False,0.072,1,2,2.1870707374852874,,,False
455,509,False,-0.031,2,17,0.99653776885342,0.36550599336624146,0.761708452971025,True
455,514,False,0.528,0,3,0.5328943112842544,,,False
455,602,False,0.116,1,3,1.542928563848504,,,False
456,471,False,0.722,0,0,,,,False
456,537,False,0.682,0,0,,,,False
456,90,False,0.692,0,0,,,,False
456,aria_c_24_2,True,-0.043,1,0,,,,False
457,959,False,0.156,1,3,1.047243095599599,-0.022062398493289948,0.6523176855836688,False
457,im0334,True,0.0,1,3,0.15225660182747028,,,False
457,im0379,True,0.392,0,2,0.06096779091504584,,,False
458,466,False,0.675,0,2,0.29028704816114936,,,False
458,472,False,0.643,0,2,1.1514322340212655,0.00505952350795269,0.8807403986596787,False
458,489,False,0.726,0,3,0.885322254341985,-0.022550787776708603,0.789623039252781,False
458,833,False,-0.032,1,2,0.5335890324939365,,,False
458,99,False,0.719,0,2,3.3154947952770817,,,False
459,518,False,0.619,0,2,0.7736652012261178,-0.0105487871915102,0.5977765169357256,False
459,71,False,0.458,2,2,0.07152651533850171,,,False
46,500,False,0.645,1,3,1.9347804179387251,,,False
46,654,False,0.703,0,2,0.673547422969249,-0.0038500295486301184,0.17653125352498508,False
46,92,False,0.7,0,2,1.703585450615774,,,False
46,975,False,0.697,0,2,0.7969840909439747,0.01000084076076746,0.5687743127941713,False
460,514,False,0.197,1,2,0.8795613211882202,0.023225821554660797,0.29175190005928503,False
460,546,False,0.541,0,0,,,,False
460,86,False,0.523,0,3,0.43384737183139294,,,False
461,591,False,0.465,1,2,0.453734120765157,,,False
461,701,False,0.332,1,2,0.08505613634158782,,,False
461,95,False,0.566,0,3,9.358812873623258,,,False
462,498,False,0.722,0,3,0.5083661263024396,,,False
462,537,False,0.759,0,4,4.5215147955134025,,,False
462,538,False,0.531,0,4,0.7765214740452567,0.002322148298844695,0.5945283636032151,False
462,90,False,0.743,0,2,1.4600944388456698,0.01527561154216528,0.517916149518851,False
462,aria_d_25_33,True,0.041,2,2,0.2872751192345912,,,False
463,472,False,0.221,2,3,0.20757564093600284,,,False
463,521,False,0.559,0,3,1.174311876401308,0.0016537635819986463,0.7749019985862091,False
463,564,False,0.083,1,3,0.5095618275473767,,,False
463,69,False,0.574,0,4,0.8789305267752655,-0.008988115936517715,0.6082209549128487,False
464,76,False,0.592,1,0,,,,False
464,im0399,True,0.038,2,0,,,,False
465,88,False,0.644,0,3,0.892095006756862,-0.011237223632633686,0.6822209127919434,False
465,aria_c_31_2,True,0.045,1,2,1.843919458071324,,,False
465,aria_d_15_22,True,0.088,1,2,0.17899471383134796,,,False
465,im0032,True,-0.08,2,3,4.131083321349647,,,False
466,489,False,0.607,2,2,0.5331696748320135,,,False
466,547,False,0.267,1,4,0.7616514543467615,-0.011007783003151417,0.412007173403228,False
466,99,False,0.708,0,2,0.23736039333904568,,,False
467,493,False,0.813,0,3,0.7468038466608047,0.006827902980148792,0.557301646083909,False
467,504,False,0.714,0,3,0.9146901318869072,0.020060626789927483,0.8312766687394129,False
467,524,False,0.735,0,0,,,,False
467,529,False,0.753,0,3,0.5365449522643166,,,False
467,545,False,0.522,0,2,0.381694739562226,,,False
467,aria_c_28_19,True,-0.306,1,2,0.7838297751723624,-0.02046896517276764,0.5349114414589449,False
468,509,False,0.542,0,2,0.9244551535513104,-0.004704222083091736,0.5038364265357737,False
468,512,False,0.357,1,0,,,,False
468,57,False,0.18,1,3,21.412327023563233,,,False
468,579,False,0.227,2,4,0.6539652643207979,,,False
468,80,False,0.628,0,5,0.036002714198454557,,,False
469,491,False,0.111,1,2,0.14234582798913287,,,False
469,536,False,0.209,2,2,0.805515268234458,0.0031701000407338142,0.39133809791482643,False
469,63,False,0.575,0,2,0.5215823676353545,,,False
469,aria_c_35_27,True,0.044,1,0,,,,False
469,im0068,True,0.107,2,2,1.0021927973700437,0.00015969891683198512,0.7157928584553194,False
469,im0152,True,-0.108,1,0,,,,False
47,476,False,0.442,0,0,,,,False
47,477,False,0.544,0,2,0.2182488615479668,,,False
47,678,False,0.04,1,2,3.5491897139276007,,,False
47,700,False,-0.018,1,0,,,,False
47,716,False,-0.017,1,0,,,,False
47,824,False,0.166,1,0,,,,False
47,84,False,0.451,0,0,,,,False
47,aria_d_2_6,True,0.056,1,2,0.5014018918202783,,,False
470,531,False,-0.31,1,3,0.21414896345889115,,,False
470,540,False,0.686,0,3,0.21881308055231213,,,False
470,713,False,0.01,1,2,2.6017486404760914,,,False
470,726,False,0.294,1,3,0.03580609609191571,,,False
470,765,False,0.264,1,3,1.1441361396616405,-0.0140948835760355,0.7413670125760866,False
470,883,False,0.722,0,2,1.0611184916631033,0.000945292180404067,0.8083324356350318,False
471,526,False,0.381,1,3,1.4324127014861263,-0.0008748378022573888,0.8436131367320934,False
471,730,False,0.747,0,2,4.192734376853699,,,False
471,819,False,0.574,1,3,0.7395422681778419,0.011156663298606873,0.3808889628766439,False
471,90,False,0.763,0,3,0.9476556625212683,0.013441909104585648,0.5942928373012675,False
471,933,False,0.489,0,3,0.8116198287648871,0.013538017868995667,0.2781568631830517,False
471,aria_c_5_1,True,-0.011,1,3,1.0336488367669752,0.003379959613084793,0.7484882018264534,False
471,im0073,True,0.023,1,3,0.17307367143623364,,,False
471,im0096,True,-0.187,2,4,0.43893933001326413,,,False
472,50,False,0.383,1,2,0.8941573112194992,0.02453581616282463,0.5237442066064779,False
472,601,False,0.212,1,3,1.8292065321734834,,,False
472,851,False,0.225,2,2,2.2196633929027865,,,False
472,aria_d_17_2,True,0.167,1,0,,,,False
472,im0142,True,-0.041,1,3,1.1290989734485117,-0.006461045239120722,0.814759569865173,False
473,49,False,0.158,1,0,,,,False
473,515,False,0.677,0,0,,,,False
473,642,False,-0.053,1,0,,,,False
473,915,False,0.367,2,3,0.5872468122318287,,,False
474,5,False,0.634,0,0,,,,False
475,536,False,0.557,0,2,3.615233163906406,,,False
475,648,False,0.16,1,3,1.3070879351232256,0.007040597498416901,0.8877938531915702,False
475,73,False,0.55,0,3,0.5761410398344363,,,False
475,aria_c_20_18,True,0.052,1,0,,,,False
476,477,False,0.623,0,0,,,,False
476,48,False,0.508,0,0,,,,False
476,im0165,True,0.567,0,0,,,,False
477,804,False,0.496,0,0,,,,False
477,84,False,0.576,0,0,,,,False
477,im0150,True,-0.127,1,0,,,,False
477,im0165,True,0.51,0,0,,,,False
478,70,False,0.656,0,2,1.2308792372271131,-0.01143654715269804,0.7667507784816923,False
478,751,False,0.115,3,3,0.808937919983448,0.0030506234616041183,0.6532022508107643,False
478,782,False,0.179,1,0,,,,False
478,im0341,True,-0.22,1,0,,,,False
479,496,False,0.439,0,2,2.039092297848026,,,False
479,503,False,0.154,1,3,0.051788606384916044,,,False
479,59,False,0.677,0,3,0.7341923080682249,0.004418372176587582,0.5404132009659244,False
479,88,False,0.714,0,2,1.59515803184092,,,False
479,998,False,0.197,1,2,1.1068382648412995,0.011649595573544502,0.8801333697848822,False
479,im0353,True,-0.098,1,2,0.5989735960210564,,,False
479,im0370,True,0.051,1,4,0.3410438242808336,,,False
48,im0029,True,-0.13,2,0,,,,False
48,im0038,True,-0.124,1,0,,,,False
48,im0164,True,0.523,0,0,,,,False
48,im0322,True,0.491,0,0,,,,False
480,898,False,-0.024,1,0,,,,False
481,637,False,0.136,1,0,,,,False
481,887,False,0.404,0,0,,,,False
482,533,False,0.659,0,3,0.9884375020171389,0.005235287826508284,0.9094215300359404,False
482,54,False,0.762,0,3,0.05103213640546587,,,False
482,883,False,-0.039,1,3,0.9211461771166631,-0.006412486080080271,0.7604384358504793,False
482,900,False,-0.212,1,2,0.635563295185486,,,False
482,96,False,0.264,1,4,0.4665616193171128,,,False
483,76,False,0.507,0,0,,,,False
483,790,False,0.266,2,0,,,,False
484,510,False,0.508,0,0,,,,False
484,787,False,0.203,1,0,,,,False
484,965,False,0.093,1,2,0.9481557867214787,-0.0023466397542506456,0.25468008048289736,False
485,74,False,0.461,0,0,,,,False
485,751,False,0.161,1,0,,,,False
485,im0291,True,0.002,2,2,0.6008183347941815,,,False
485,im0311,True,0.101,1,0,,,,False
486,489,False,0.377,2,3,1.3153846248510745,0.002890919800847769,0.9691847831962207,False
486,813,False,0.506,2,0,,,,False
487,506,False,0.688,0,0,,,,False
487,533,False,0.736,0,2,3.611031856157677,,,False
487,71,False,0.318,1,0,,,,False
487,960,False,0.045,1,0,,,,False
488,528,False,0.704,0,0,,,,False
489,521,False,0.674,0,4,0.47818738295795815,,,False
489,717,False,0.16,1,2,2.3094152729375144,,,False
489,im0294,True,0.089,1,4,1.5337854251951974,,,False
49,539,False,0.441,1,2,0.27582111507299883,,,False
49,im0064,True,-0.151,1,3,1.1990472539675876,0.013423876836895943,0.9417380232894902,False
490,684,False,0.047,1,3,0.20615945370271868,,,False
490,im0003,True,-0.1,1,3,0.6086760307912499,,,False
490,im0064,True,-0.125,1,3,0.5443396799263412,,,False
491,512,False,0.673,0,0,,,,False
491,689,False,0.175,1,2,0.4434946753896888,,,False
491,aria_c_45_2,True,0.153,1,0,,,,False
491,aria_c_6_5,True,0.189,1,0,,,,False
492,530,False,0.802,0,3,3.430548040261467,,,False
492,535,False,0.766,0,2,0.032820767012764984,,,False
492,58,False,0.409,0,0,,,,False
492,840,False,0.225,1,2,0.4233334386484061,,,False
492,aria_a_18_23,True,0.208,1,2,0.9152173900950002,-0.013365140184760094,0.5112208288967711,False
493,504,False,0.65,0,2,0.07074017364301984,,,False
493,529,False,0.772,0,3,0.9445591423405723,0.004077054560184479,0.8911552956186576,False
494,495,False,0.689,0,0,,,,False
494,502,False,0.668,0,0,,,,False
494,505,False,0.593,0,0,,,,False
494,73,False,0.81,0,0,,,,False
494,im0146,True,0.112,2,0,,,,False
495,514,False,0.703,0,0,,,,False
496,929,False,-0.185,1,0,,,,False
496,933,False,0.194,1,0,,,,False
497,im0019,True,-0.078,1,0,,,,False
497,im0155,True,-0.158,1,0,,,,False
498,90,False,0.671,0,0,,,,False
498,91,False,0.732,2,0,,,,False
498,im0010,True,0.041,1,2,0.7616180037430188,0.00813969224691391,0.3850220070664388,False
499,511,False,0.056,1,5,1.7957032132170159,,,False
5,51,False,0.421,1,2,1.408819376200186,-0.00542557192966342,1.0,False
5,70,False,0.688,0,2,0.8555869956400847,-0.006952841766178608,0.5000322130355417,False
5,im0155,True,0.08,1,2,15.634061392833926,,,False
5,im0229,True,-0.037,1,0,,,,False
50,510,False,0.629,0,2,0.6402543480828273,,,False
50,701,False,0.34,2,0,,,,False
50,892,False,0.343,3,0,,,,False
50,im0221,True,0.118,1,2,0.46296831272508415,,,False
500,810,False,0.752,0,2,0.9485811898977109,0.03138715773820877,0.5792389145191941,False
500,aria_a_34_6,True,-0.242,1,3,0.6621379732709243,,,False
501,533,False,0.66,0,0,,,,False
501,800,False,0.193,2,0,,,,False
501,im0274,True,0.374,1,0,,,,False
502,71,False,0.649,0,0,,,,False
502,73,False,0.684,0,0,,,,False
503,628,False,0.088,1,0,,,,False
503,aria_c_32_2,True,0.508,0,0,,,,False
503,im0050,True,0.42,0,2,0.8639216563541989,0.002131245331838727,0.6159833853902634,False
504,82,False,0.286,1,2,0.5969926665049544,,,False
504,aria_c_35_26,True,-0.193,2,3,0.1684488877214793,,,False
504,aria_d_22_2,True,-0.017,2,2,1.3302095284718005,0.0050867884419858456,0.6373711034727984,False
504,im0058,True,0.011,2,2,8.67029790422621,,,False
505,73,False,0.588,0,2,0.3882136284911284,,,False
505,84,False,0.587,0,0,,,,False
505,im0116,True,-0.01,1,0,,,,False
506,507,False,0.717,0,0,,,,False
506,514,False,0.686,0,3,0.23338914589894663,,,False
506,533,False,0.728,0,3,0.6016036138341314,,,False
506,623,False,0.081,1,0,,,,False
506,96,False,0.522,0,0,,,,False
506,im0320,True,0.186,1,0,,,,False
507,77,False,0.549,0,0,,,,False
507,im0370,True,-0.16,1,0,,,,False
508,748,False,0.583,0,2,1.1870431760127,0.01457753125578165,0.47466521993693833,False
508,im0023,True,-0.081,1,3,0.8940081936226268,0.012925447896122932,0.6000533810797436,False
509,596,False,0.064,1,3,1.4042449400020776,-0.006182806566357613,1.0,False
509,722,False,0.195,1,2,12.62209661329204,,,False
51,534,False,0.737,0,0,,,,False
51,98,False,0.734,0,0,,,,False
510,513,False,0.564,0,0,,,,False
510,535,False,0.776,0,0,,,,False
510,73,False,0.753,0,0,,,,False
511,517,False,0.671,0,0,,,,False
511,527,False,0.678,0,0,,,,False
511,64,False,0.606,0,0,,,,False
511,923,False,0.725,0,0,,,,False
511,aria_d_1_2,True,0.495,0,0,,,,False
511,im0227,True,0.387,0,0,,,,False
513,528,False,0.579,0,0,,,,False
513,im0032,True,-0.076,1,0,,,,False
513,im0195,True,0.015,2,3,0.3822437087415466,,,False
514,78,False,0.496,0,0,,,,False
514,921,False,0.24,1,0,,,,False
515,73,False,0.818,0,0,,,,False
515,76,False,0.722,0,0,,,,False
516,60,False,0.736,0,3,0.1623550186610538,,,False
516,642,False,0.648,2,4,0.9668149262922151,-0.010266735218465328,0.5587773536211624,False
516,83,False,0.705,0,5,1.0478841169815774,0.016228141263127327,0.9709385574927467,False
516,964,False,-0.029,1,2,0.37674217419085687,,,False
516,aria_c_31_20,True,0.032,2,2,0.31354488358872384,,,False
517,74,False,0.256,2,4,0.5420829448693009,,,False
517,aria_c_41_15,True,-0.102,1,2,0.7072582566672774,-0.005992045160382986,0.4743296305338542,False
517,im0134,True,0.005,1,2,0.5881071583083333,,,False
517,im0221,True,0.012,1,3,1.1041651932252212,0.01275385357439518,0.647312008126548,False
518,59,False,0.66,0,2,0.41173032104409507,,,False
518,68,False,0.738,0,2,0.642763344203559,,,False
518,757,False,0.027,1,0,,,,False
518,88,False,0.74,0,2,1.1411082725486177,0.0014013361651450396,0.9396400257124491,False
518,944,False,0.162,1,3,0.84912557267036,0.011423199437558651,0.5910664912892921,False
518,im0209,True,0.138,1,0,,,,False
518,im0246,True,0.118,1,0,,,,False
518,im0276,True,0.059,1,0,,,,False
518,im0382,True,0.188,1,3,1.6165158029644766,,,False
519,659,False,0.79,0,2,10.460289231827742,,,False
519,aria_c_41_3,True,-0.023,1,3,0.1803610885915075,,,False
52,61,False,0.224,1,0,,,,False
52,666,False,0.405,1,3,0.7190792598177903,0.04339658096432686,0.5052602704359893,False
52,68,False,0.735,0,0,,,,False
52,73,False,0.762,0,0,,,,False
52,im0183,True,-0.055,1,0,,,,False
520,53,False,0.727,0,3,1.0038593656501216,-0.012820683419704437,0.9875572036395983,False
520,81,False,0.756,0,2,0.7801954096086398,0.006903144530951977,0.5973665491846678,False
521,848,False,-0.174,1,2,3.4414442109351233,,,False
521,88,False,0.439,1,2,2.042456158222494,,,False
521,aria_c_22_1,True,-0.229,1,2,1.7570185295617697,,,False
521,im0349,True,0.262,1,3,0.9299139447462502,-0.0008609329233877361,0.6292366701350945,False
522,542,False,-0.164,1,0,,,,False
522,964,False,0.404,0,0,,,,False
522,aria_c_35_26,True,0.413,0,0,,,,False
522,im0279,True,0.415,0,0,,,,False
522,im0313,True,0.357,0,0,,,,False
523,60,False,0.461,0,0,,,,False
523,im0098,True,0.15,1,0,,,,False
524,630,False,0.294,1,3,0.5621795874200929,,,False
524,65,False,0.13,1,2,0.7303463527191678,-0.004631520248949528,0.47766901767277214,False
524,841,False,0.223,1,4,0.8069294415654494,0.02300805225968361,0.4721539501786998,False
524,878,False,0.355,1,2,0.9855944908395725,0.000723866221960634,0.9446189026845098,False
525,698,False,0.651,0,3,0.007604045669706703,,,False
525,810,False,0.657,0,2,10.173754099807226,,,False
525,870,False,0.155,1,0,,,,False
525,905,False,0.645,0,0,,,,False
525,im0001,True,0.005,1,2,0.8686213314018953,0.009680833667516708,0.6828092913324809,False
525,im0058,True,0.021,1,0,,,,False
526,535,False,0.626,0,3,0.1916540594752256,,,False
526,56,False,0.611,0,4,0.020763311124724133,,,False
527,64,False,0.716,8,29,0.9933494645091719,0.48784276843070984,0.949395422561609,True
527,aria_c_45_12,True,-0.026,1,3,0.1870588366502355,,,False
528,63,False,0.774,1,0,,,,False
529,aria_d_6_11,True,0.546,0,2,1.8864112951028387,,,False
529,im0031,True,-0.018,1,3,0.5444894220651276,,,False
53,569,False,0.528,1,2,0.9699401026659787,0.028985796496272087,0.8896497686949242,False
53,750,False,0.128,1,2,0.36339339314822167,,,False
53,aria_c_5_4,True,-0.066,1,2,2.8761444772049516,,,False
53,im0105,True,0.447,0,3,0.8898298853587426,0.005307958927005529,0.7597254004576659,False
530,aria_c_28_19,True,-0.07,2,3,0.3598922333328807,,,False
530,im0216,True,-0.069,1,3,0.7423093221439595,0.00958150066435337,0.5437780000869905,False
531,572,False,0.819,0,3,0.9260986742615697,0.04115419089794159,0.8552529975761995,False
531,679,False,0.892,0,8,1.011715201882332,-0.03202684223651886,0.9998764795600524,False
531,717,False,0.799,0,3,0.2518597066266309,,,False
531,719,False,0.255,2,2,1.2756049578694324,0.02814452350139618,0.7382112774980832,False
531,733,False,0.833,0,3,0.9358585983821989,0.03695221617817879,0.8779768471925472,False
531,858,False,0.834,0,3,0.7579854872074283,-0.0028260883409529924,0.5806787548747878,False
531,983,False,0.304,1,3,2.865524939660909,,,False
532,92,False,0.76,0,2,0.7992850974611275,-0.007796725258231163,0.1840384759900804,False
532,942,False,0.753,0,2,0.9952755008898271,0.00491046579554677,0.8036262533009855,False
532,im0036,True,0.102,1,2,0.7105397324183065,-0.008090853691101074,0.3914963397434462,False
532,im0208,True,-0.089,1,3,0.7352628556072816,0.0286890659481287,0.4633822589543719,False
533,54,False,0.706,0,0,,,,False
533,958,False,0.114,1,0,,,,False
533,im0364,True,-0.194,1,0,,,,False
534,61,False,0.448,0,0,,,,False
534,63,False,0.813,0,0,,,,False
535,536,False,0.511,0,0,,,,False
536,547,False,0.335,1,4,0.5126876576881614,,,False
536,733,False,0.273,2,0,,,,False
537,538,False,0.542,0,2,0.7403430300790683,0.04784919694066048,0.18343709280440132,False
537,562,False,0.387,1,3,0.028167470182427035,,,False
537,913,False,0.307,1,2,1.5949639722362723,,,False
537,aria_d_23_1,True,-0.026,2,3,0.5259055069034829,,,False
538,612,False,0.174,1,2,2.847703627300942,,,False
539,aria_d_14_2,True,-0.005,1,0,,,,False
539,im0213,True,-0.004,1,2,2.862732753097961,,,False
54,659,False,0.057,1,2,1.1395416539074152,-0.01418102253228426,0.7829870617920224,False
54,im0051,True,-0.043,1,3,1.1964033261330298,-0.001968473196029663,0.7994659179666885,False
540,593,False,0.056,3,3,0.5442726438422969,,,False
540,89,False,0.696,0,3,0.13391011100585892,,,False
540,im0355,True,0.014,1,2,0.11295184454399093,,,False
540,im0400,True,-0.175,1,3,0.5289653012713448,,,False
541,586,False,0.447,2,5,0.7072522972461679,0.0037881084717810154,0.44878399939831204,False
541,60,False,0.703,0,2,6.635831180738963,,,False
541,692,False,0.548,1,2,0.06708413086734526,,,False
541,860,False,0.317,1,2,0.7039366744960678,0.0004759008879773319,0.45106554297063717,False
541,902,False,0.584,1,3,0.059760394284309105,,,False
541,im0111,True,0.312,1,3,0.34753493903006416,,,False
542,aria_a_13_2,True,0.092,1,0,,,,False
542,aria_c_40_b_14,True,-0.129,1,2,1.2312428707173202,-0.0019341424340382218,0.4817860921223958,False
543,678,False,0.524,0,3,0.1911300789113123,,,False
543,731,False,0.542,0,2,1.436005692670247,0.022046735510230064,0.9357191168128464,False
543,im0048,True,0.152,1,2,0.9523773897884448,0.003211895003914833,0.8399866830567506,False
543,im0080,True,-0.185,1,3,0.3131287690310408,,,False
543,im0082,True,0.199,1,3,1.0370509448982583,0.006136280484497547,0.7918932967509954,False
543,im0182,True,-0.054,2,3,0.47007324446557547,,,False
543,im0183,True,-0.009,1,2,9.332546267315827,,,False
544,634,False,0.839,0,4,0.935635224403321,-0.024075783789157867,0.8730115356383178,False
544,873,False,0.862,0,0,,,,False
544,aria_a_11_6,True,0.477,0,0,,,,False
544,im0326,True,-0.074,1,3,1.0967482838535931,-0.006806529127061367,0.8892774956155024,False
544,im0334,True,-0.031,1,0,,,,False
545,660,False,0.254,1,2,0.20635816629398104,,,False
545,aria_d_25_2,True,-0.228,1,0,,,,False
546,549,False,0.721,0,3,0.0942264259764797,,,False
546,814,False,0.61,0,0,,,,False
546,854,False,0.387,1,0,,,,False
546,86,False,0.629,0,0,,,,False
546,87,False,0.518,1,0,,,,False
546,990,False,0.251,1,0,,,,False
547,551,False,0.703,0,3,0.9902916109557672,-0.025207730010151863,0.9056734206112311,False
547,66,False,0.124,1,4,0.5665540713751771,,,False
547,927,False,0.583,0,0,,,,False
548,575,False,0.307,1,3,4.3542710263164235,,,False
548,633,False,0.819,0,4,0.9858399963253932,-0.001071787322871387,0.7389245141759708,False
549,629,False,0.811,0,0,,,,False
549,838,False,0.727,0,0,,,,False
549,im0032,True,-0.099,1,0,,,,False
55,617,False,0.452,0,2,0.830500142516511,0.016557710245251656,0.6821936211946154,False
55,699,False,0.452,0,3,0.6463555136296636,,,False
55,853,False,0.509,0,2,5.013385793186813,,,False
55,870,False,0.169,1,2,0.060928035925311146,,,False
55,aria_a_5_9,True,-0.036,1,2,1.5021541457035732,,,False
55,im0242,True,0.394,0,0,,,,False
550,618,False,0.832,0,4,0.9973602169219762,0.017274554818868637,0.9918854645370697,False
550,702,False,0.791,0,0,,,,False
550,744,False,0.719,2,4,0.9468403187359259,0.03012176789343357,0.8957751004016065,False
550,878,False,0.738,0,2,0.7677410602257019,0.05902570113539696,0.5516101153571563,False
551,597,False,0.866,0,4,0.9812142918772986,0.03562483191490173,0.9657108740903296,False
551,661,False,0.748,1,4,1.0025507628441697,0.05759105086326599,0.9960440223776826,False
551,762,False,0.885,0,3,0.986020865753034,0.009340866468846798,0.9745012039903681,False
551,763,False,0.861,0,4,1.010159126316441,0.012951411306858063,0.9939046310853084,False
552,559,False,0.704,0,5,1.0319927404069549,0.0005898282979615033,0.9887881692161892,False
552,775,False,0.698,0,2,0.09498392555326753,,,False
552,857,False,0.424,1,3,0.7305203103279749,0.002176635665819049,0.53378780008461,False
552,911,False,0.561,1,2,0.1547673199523305,,,False
553,694,False,0.779,0,3,0.15994400989229468,,,False
553,778,False,0.452,2,3,1.5855147874031477,,,False
553,807,False,0.573,0,2,1.8487699813510123,,,False
553,im0158,True,-0.175,1,3,0.006313752322096585,,,False
554,593,False,0.668,0,3,1.4950669236396852,0.01557192299515009,0.8482439481075298,False
554,664,False,0.762,1,4,0.8834414881503948,0.021351873874664307,0.7791420894308073,False
554,947,False,0.577,0,0,,,,False
554,965,False,0.106,1,2,0.8166099515692677,0.0041139801032841206,0.4924158283031522,False
554,im0188,True,0.122,1,3,0.13884538702078064,,,False
554,im0373,True,-0.163,1,2,1.119131123251956,-0.020509572699666023,0.44219113843042984,False
555,594,False,0.686,0,3,0.8280184365691078,0.017461825162172318,0.685417649328931,False
555,636,False,0.567,0,0,,,,False
555,68,False,0.25,1,3,0.6891318100022669,0.010824035853147507,0.4739965114661473,False
555,aria_c_5_4,True,0.007,1,3,0.943315987138701,0.004272338468581438,0.6675096810000126,False
556,617,False,0.287,2,0,,,,False
556,749,False,0.79,0,3,0.10611698258621592,,,False
556,aria_d_21_2,True,0.246,1,3,0.3748041485420509,,,False
557,667,False,0.818,0,0,,,,False
558,741,False,0.691,0,3,1.0451169751894231,0.045637283474206924,0.9999678632258894,False
558,832,False,0.696,0,2,1.8262548319322536,,,False
558,864,False,0.441,0,3,2.4785717158823855,,,False
558,944,False,0.133,2,3,2.0567253182089726,,,False
558,aria_c_25_10,True,-0.082,1,3,0.889314709030392,0.006471620872616768,0.6217381174277726,False
558,im0143,True,0.152,2,4,0.1263845114566102,,,False
559,732,False,0.654,5,5,0.5360514951647584,,,False
56,680,False,0.431,2,0,,,,False
56,9,False,0.664,0,2,1.1257261363980384,0.006136888638138771,0.7704054314535992,False
560,612,False,0.635,0,0,,,,False
560,817,False,0.284,1,0,,,,False
560,889,False,0.812,0,2,0.43615753658860795,,,False
560,90,False,0.617,1,0,,,,False
560,im0045,True,0.005,2,0,,,,False
561,621,False,0.766,0,8,0.9988296524608679,0.0025352088268846273,0.9928070288362513,False
561,684,False,0.619,2,3,0.9989778016140154,-0.02106310799717903,0.9953354148417641,False
561,762,False,0.898,0,5,0.9905312305574292,0.02693401277065277,0.9658313983488133,False
561,763,False,0.849,1,0,,,,False
561,767,False,0.861,0,4,0.9670862192953417,0.0034888628870248795,0.9348033846616413,False
561,787,False,0.934,1,7,1.0115609601289626,-0.0019725163001567125,0.999109943433152,False
561,810,False,0.891,0,5,0.9674824128801329,-0.023686284199357033,0.9388569182982435,False
561,886,False,0.69,0,0,,,,False
562,574,False,0.847,0,2,1.6630939007443148,,,False
562,595,False,0.61,2,3,1.0032469435269544,-0.03201066330075264,0.9933994662700149,False
562,625,False,0.826,0,3,5.089538733967795,,,False
562,659,False,0.846,1,2,0.35806016988422434,,,False
562,835,False,0.863,0,5,0.9518461031587003,-0.01405508816242218,0.9067549967037031,False
562,841,False,0.813,0,2,1.2122161596351777,-0.007190035656094551,0.5369312998400825,False
562,852,False,0.883,3,4,1.0012386027148994,0.017052844166755676,0.9947969243325673,False
563,575,False,0.859,0,4,1.003695325327085,0.006591321434825659,0.99384103650849,False
563,667,False,0.861,0,4,0.8772953676147692,0.0002704978105612099,0.7748925221293834,False
563,677,False,0.871,0,4,1.6155999246615556,,,False
564,654,False,0.367,2,0,,,,False
565,746,False,0.626,0,0,,,,False
565,im0074,True,0.032,2,0,,,,False
566,568,False,0.68,0,0,,,,False
566,633,False,0.493,2,3,0.9678162131163531,0.003933655098080635,0.9317025270444755,False
566,959,False,0.621,0,0,,,,False
567,745,False,0.836,0,3,1.0014010662244337,-0.00010546952398726717,0.9009348710114681,False
567,948,False,0.803,0,4,1.0033198144608653,-0.007707107346504927,0.9883053518884113,False
567,995,False,0.823,0,0,,,,False
567,im0052,True,-0.015,1,4,3.497902785732543,,,False
568,607,False,0.709,0,0,,,,False
568,800,False,0.705,0,2,1.1917993967965488,0.00780376885086298,0.803549365991113,False
568,959,False,0.593,0,0,,,,False
568,aria_d_22_2,True,0.121,1,0,,,,False
568,im0184,True,-0.068,1,0,,,,False
568,im0285,True,0.216,2,0,,,,False
569,831,False,0.829,0,3,1.085605348377079,0.018087875097990036,1.0,False
569,855,False,0.791,0,4,0.9922299036460801,0.025620905682444572,0.9750737067810239,False
569,im0020,True,0.06,1,3,1.95150603750189,,,False
569,im0287,True,-0.071,1,0,,,,False
57,82,False,0.422,0,3,0.9326871881155813,0.04511583596467972,0.21659161778202368,False
570,80,False,0.531,0,0,,,,False
570,926,False,0.23,1,0,,,,False
570,968,False,0.545,0,0,,,,False
570,aria_c_32_21,True,0.017,2,0,,,,False
570,im0327,True,-0.132,1,0,,,,False
571,603,False,0.255,2,0,,,,False
571,803,False,0.309,1,0,,,,False
572,575,False,0.223,1,0,,,,False
572,653,False,0.811,0,0,,,,False
572,679,False,0.857,0,0,,,,False
572,76,False,0.3,1,0,,,,False
573,634,False,0.83,0,7,0.9826557563627176,0.0072594392113387585,0.9602601814197461,False
573,637,False,0.851,0,3,1.007396308208157,0.03429096192121506,0.9997962674043931,False
573,829,False,0.818,0,0,,,,False
573,917,False,0.172,1,4,1.1776270984918538,0.008258381858468056,0.7119494428095904,False
573,im0050,True,-0.19,1,0,,,,False
573,im0182,True,0.313,1,0,,,,False
574,577,False,0.776,0,2,0.12167421152172955,,,False
574,659,False,0.837,0,3,0.549603545153578,,,False
574,806,False,0.754,0,2,1.9235212552404855,,,False
574,835,False,0.87,0,8,0.997827151548113,-0.013900392688810825,0.9827413398508895,False
574,952,False,0.786,0,3,0.9489574149701362,-0.001120705739594996,0.8960602263843822,False
574,aria_d_3_32,True,-0.127,1,3,1.1108320057716832,0.002501416951417923,1.0,False
574,im0073,True,-0.11,1,3,0.5641994238141514,,,False
574,im0231,True,0.077,1,2,4.552345214293559,,,False
575,611,False,0.827,0,2,2.762742911433962,,,False
575,642,False,0.838,0,5,1.0176792443906364,-0.03791679069399834,0.999596752513576,False
575,658,False,0.822,0,3,0.24972555728118961,,,False
575,667,False,0.854,0,2,0.6280548262327401,,,False
575,730,False,0.84,0,3,0.7058985813208069,0.011697070673108101,0.49867114807437274,False
575,732,False,0.106,1,2,0.8619768836070507,-0.01783626340329647,0.544787188306105,False
575,765,False,0.848,0,3,0.9585368459532888,-0.003241267055273056,0.9177325503445687,False
575,944,False,0.843,0,3,0.21095578242434762,,,False
575,aria_c_36_4,True,-0.15,1,2,2.2259665208775856,,,False
576,904,False,0.842,0,2,0.8772680188562173,-0.012781715020537376,0.6625374346070508,False
576,954,False,0.813,2,3,0.9810151827676691,0.040431831032037735,0.9352995154305584,False
576,im0215,True,-0.057,1,3,2.8159326485212137,,,False
577,856,False,0.649,1,3,0.5172143662574589,,,False
577,953,False,0.819,0,3,1.00457809063485,-0.016761140897870064,0.9899433709605425,False
577,984,False,0.791,0,3,2.4099687261031852,,,False
577,aria_d_11_1,True,0.307,1,2,0.6244714412040958,,,False
578,594,False,0.41,56,62,0.9872417927665069,0.5990225076675415,0.67520689507311,True
578,650,False,0.783,0,4,0.8729835439959823,-0.019077980890870094,0.7633618077787251,False
578,693,False,0.83,0,3,0.967646567465885,-0.026880314573645592,0.9340908115531522,False
579,584,False,0.851,0,5,1.0035648882650887,0.02756858803331852,0.9916910442553877,False
579,585,False,0.804,0,3,5.9203559545404785,,,False
579,593,False,0.182,34,52,0.9905923505589317,0.5895674228668213,0.5063421158218537,True
579,631,False,0.341,1,4,0.8494941325836383,-0.012951923534274101,0.2111387195288812,False
579,651,False,0.842,0,3,1.306567986511752,-0.01244274526834488,0.9895311030498455,False
579,906,False,0.744,2,2,0.6363235866538897,,,False
579,im0244,True,-0.007,1,3,3.034459444119654,,,False
580,626,False,0.868,0,4,0.9780206106712076,0.005991509184241295,0.9489403059608126,False
580,783,False,0.606,0,2,1.3190944584279307,-0.006075629498809576,0.8023808630494557,False
580,855,False,0.79,0,3,0.9590217126930467,0.022837454453110695,0.9134494773519164,False
580,976,False,0.725,3,3,1.0154408735106475,0.018452785909175873,0.9536993612032021,False
581,590,False,0.771,0,0,,,,False
581,602,False,0.725,0,3,1.0749633376334922,-0.010222174227237701,1.0,False
581,632,False,0.76,2,3,0.18444787188548167,,,False
581,668,False,0.72,0,2,1.3995707876017078,-0.0015776056097820401,0.2785131774696218,False
581,687,False,0.826,0,2,2.1328759315594605,,,False
581,728,False,0.073,1,2,0.5456260659298462,,,False
581,766,False,0.839,0,5,0.9862595114239169,0.028009988367557526,0.9710684678988066,False
581,990,False,0.694,0,3,0.874390635139259,0.01347111351788044,0.7652876445187352,False
582,649,False,0.866,0,3,0.9362952966599465,0.004501705523580313,0.9116469669937556,False
582,671,False,0.874,0,3,0.9915849451963201,-7.053192530293018e-05,0.9958908114130645,False
582,794,False,0.124,1,0,,,,False
582,im0284,True,0.148,3,0,,,,False
583,im0009,True,0.05,1,0,,,,False
584,702,False,0.782,0,2,0.43532421634854623,,,False
584,706,False,0.535,1,0,,,,False
584,818,False,0.858,0,0,,,,False
584,924,False,0.81,0,2,2.434619352131839,,,False
584,996,False,0.6,2,0,,,,False
585,616,False,0.399,1,3,0.043080483779474044,,,False
585,658,False,0.813,0,2,1.2744531896212488,-0.0001276661059819162,0.9864864864864865,False
585,667,False,0.809,0,2,0.9630000099098354,-0.014873363077640533,0.9301677032370123,False
585,74,False,0.31,1,2,12.939358421904574,,,False
585,aria_c_38_2,True,-0.001,1,3,0.8590350899477345,0.0053646923042833805,0.2861989339192708,False
586,698,False,0.865,0,5,0.012753949910565127,,,False
586,701,False,0.876,1,3,0.5211036140363932,,,False
586,735,False,0.543,1,3,1.232922678362597,0.002258804626762867,0.8441672843683866,False
586,752,False,0.721,0,4,1.486765655202745,-0.0082497987896204,0.8790715188681782,False
586,764,False,0.867,0,3,0.2704508878702816,,,False
586,787,False,0.889,0,4,1.0224866005510744,0.029107939451932907,0.9994155652663468,False
586,945,False,0.826,0,3,4.165471498600396,,,False
587,671,False,0.713,0,2,0.29128050594545074,,,False
587,im0058,True,0.164,1,0,,,,False
588,730,False,0.73,0,2,0.7647351011689998,-0.0038451075088232756,0.4682605730975941,False
588,882,False,0.757,0,2,0.8376490736336032,0.011181077919900417,0.6877870395267545,False
588,966,False,0.681,0,2,0.16652524650280756,,,False
588,im0220,True,0.128,1,0,,,,False
588,im0385,True,0.093,1,2,0.3191933291525226,,,False
589,754,False,0.075,1,0,,,,False
589,761,False,0.475,0,0,,,,False
589,im0010,True,-0.162,1,0,,,,False
59,6,False,0.437,2,3,0.7232426705571006,0.0028874606359750032,0.1839371715407651,False
59,727,False,0.042,1,3,0.6714635030854617,-0.01139401737600565,0.4043204252901898,False
59,993,False,0.117,1,2,0.039068573036884775,,,False
59,im0010,True,-0.205,1,3,0.3381519977131818,,,False
59,im0100,True,0.035,1,3,0.46163298334677677,,,False
591,595,False,0.706,0,2,1.928367403766405,,,False
591,608,False,0.173,1,3,0.1524049155133634,,,False
591,66,False,0.611,0,3,0.46066181533734507,,,False
591,817,False,0.736,0,3,1.0687413786770443,0.023076562210917473,0.9999569871660456,False
591,im0168,True,0.135,2,3,1.5214870386017265,,,False
592,745,False,0.778,0,2,0.9380653197019698,-0.0006983607891015708,0.33954429072444436,False
592,839,False,0.803,0,4,0.9882919040760185,0.004131006076931953,0.9745723235081519,False
592,948,False,0.808,0,3,0.7228958453274508,0.0004460475465748459,0.5239568147952899,False
592,im0067,True,-0.031,1,3,0.2267299297351061,,,False
593,664,False,0.817,1,3,0.9091779084506624,-0.0015634589362889528,0.8270208643336581,False
593,800,False,0.626,1,4,0.9511051004149551,-0.011177508160471916,0.915964018640945,False
593,im0212,True,-0.162,1,0,,,,False
593,im0352,True,-0.106,1,0,,,,False
594,636,False,0.676,0,0,,,,False
594,695,False,0.484,1,3,0.07261097894439322,,,False
594,827,False,0.388,1,3,26.57254892549516,,,False
595,647,False,0.72,0,0,,,,False
595,745,False,0.804,0,2,0.9684746065552491,0.003374736988916993,0.9197183553155324,False
595,888,False,0.579,1,0,,,,False
595,891,False,0.673,0,0,,,,False
596,697,False,0.691,0,2,1.1033892572354747,0.016604339703917503,0.9988224603588539,False
596,785,False,0.209,1,2,1.8598720204761745,,,False
596,889,False,0.724,0,0,,,,False
596,im0096,True,0.07,2,3,0.4464206574749786,,,False
597,621,False,0.768,0,0,,,,False
597,641,False,0.879,0,0,,,,False
597,691,False,0.838,0,4,1.0078134822213318,0.0328679196536541,0.9968515951559697,False
597,749,False,0.903,0,0,,,,False
597,762,False,0.909,0,5,1.0163795405348064,0.04080605506896973,0.9988820089439284,False
597,763,False,0.91,0,3,0.9895111249065921,0.018777355551719666,0.9746795370524384,False
597,987,False,0.575,0,0,,,,False
598,608,False,0.639,1,0,,,,False
598,618,False,0.848,0,2,2.176423663663247,,,False
598,626,False,0.534,2,0,,,,False
598,640,False,0.848,0,3,0.9783367469139194,0.019935879856348038,0.955045512328826,False
598,761,False,0.896,0,4,0.8638994569190478,0.008989605121314526,0.6429803417429965,False
598,786,False,0.768,1,0,,,,False
598,79,False,0.527,0,0,,,,False
598,890,False,0.764,0,0,,,,False
598,981,False,0.783,1,0,,,,False
598,im0016,True,0.174,1,0,,,,False
599,622,False,0.328,1,2,0.5870070084584511,,,False
599,704,False,0.872,0,0,,,,False
599,707,False,0.605,1,3,0.9828018543114238,-0.0014814970782026649,0.955147627643115,False
599,755,False,0.836,0,0,,,,False
599,837,False,0.213,1,0,,,,False
599,938,False,0.885,0,2,1.552606837883721,,,False
60,764,False,0.351,1,2,0.26922655335926254,,,False
60,im0046,True,-0.043,1,3,0.13877135988104566,,,False
60,im0220,True,0.03,1,2,1.7510551909075167,,,False
600,73,False,0.774,0,0,,,,False
600,739,False,0.819,0,0,,,,False
600,8,False,0.583,0,0,,,,False
600,846,False,0.808,0,0,,,,False
600,923,False,0.763,0,0,,,,False
601,855,False,0.764,0,3,0.06327203605924597,,,False
602,681,False,0.566,2,2,0.043435250482795035,,,False
602,im0102,True,0.054,1,4,0.9237279121189368,0.007731697056442499,0.7905747089453391,False
603,675,False,0.671,0,2,0.8552777028552115,0.019497117027640343,0.7087916207040579,False
604,629,False,0.528,1,0,,,,False
604,631,False,0.761,1,3,0.9752975085441153,0.0174457635730505,0.9202907275851878,False
604,644,False,0.881,2,4,1.017720384864843,0.006353065837174654,0.9991121920247941,False
604,810,False,0.826,2,0,,,,False
604,816,False,0.908,0,4,1.0940538806340945,0.00937383808195591,0.9999031664568606,False
604,915,False,0.879,0,4,1.0178648753748953,-0.007288460154086351,0.9951479473940993,False
605,797,False,0.876,0,3,0.617016000262236,,,False
605,907,False,0.829,0,4,0.8729518607594892,0.0021938029676675797,0.7534650910224842,False
605,931,False,0.814,0,4,0.9862318062319018,-0.006859215442091227,0.9620602610236855,False
605,945,False,0.763,1,3,1.062412354657271,0.002936301054432988,0.8010344088326723,False
605,965,False,0.874,0,3,0.9886730044539062,0.03813371807336807,0.9530731052984575,False
606,68,False,0.212,1,3,0.22618024138287243,,,False
606,769,False,0.826,0,2,1.3894922615782954,-0.006056124810129404,0.7758095453006882,False
606,9,False,0.462,1,4,1.9975303075476731,,,False
606,902,False,0.731,0,3,0.21898624994189328,,,False
606,908,False,0.838,0,3,0.9282870314076156,-0.0017046655993908644,0.81303026397749,False
606,aria_d_6_11,True,0.016,2,4,0.5296975380039949,,,False
607,im0182,True,-0.044,1,0,,,,False
608,645,False,0.393,1,5,0.9933739486542247,0.030328400433063507,0.9983518545715638,False
608,712,False,0.819,0,0,,,,False
608,713,False,0.903,0,0,,,,False
608,877,False,0.915,1,8,1.01821867823128,0.036727458238601685,0.9966131534171725,False
608,im0251,True,0.021,2,0,,,,False
61,644,False,-0.015,1,2,6.367000882671828,,,False
61,im0049,True,-0.089,1,2,1.1938528485473219,0.0030524213798344135,0.9758766552231486,False
61,im0372,True,0.107,2,3,0.3821857923978504,,,False
610,643,False,0.489,1,4,23.282509073412342,,,False
610,692,False,0.591,1,2,0.7077525752803421,0.009394502267241478,0.3753304484446804,False
610,730,False,0.84,0,4,1.096506562863954,0.013667555525898933,1.0,False
610,795,False,0.83,1,3,0.6082517569581017,,,False
610,908,False,0.849,0,3,1.0440920170058021,0.008555292151868343,0.9992750821573555,False
611,627,False,0.799,2,3,0.8665714191815693,0.0071484302170574665,0.738787635487756,False
611,642,False,0.826,0,3,1.277374945978962,0.008310792967677116,0.9989945696005161,False
611,723,False,0.574,1,3,1.0062225430843252,-0.007035301066935062,0.9962942644464524,False
611,782,False,0.808,1,3,0.19754756124290557,,,False
611,827,False,0.481,1,2,2.1223436636392514,,,False
612,685,False,0.643,0,0,,,,False
612,71,False,0.05,2,0,,,,False
612,im0039,True,-0.09,2,0,,,,False
613,89,False,0.066,1,0,,,,False
613,917,False,0.58,0,0,,,,False
614,639,False,0.341,1,3,3.7434922480468833,,,False
614,684,False,0.767,0,3,0.9422220338850699,0.002600108738988638,0.8882971577199422,False
614,787,False,0.854,0,2,0.5653135761304883,,,False
614,855,False,0.755,1,3,0.9016464930700016,0.028789740055799484,0.8112034307156258,False
614,aria_d_17_12,True,-0.064,3,3,0.6351688064510225,,,False
614,im0395,True,0.08,1,2,0.9440268986553492,0.00577438622713089,0.6807836890110637,False
615,672,False,0.85,0,0,,,,False
615,678,False,0.888,0,3,1.0220599185265669,0.010420183651149273,1.0,False
615,731,False,0.715,0,3,0.9841565384861205,0.02348172292113304,0.9275537810359122,False
615,762,False,0.898,0,0,,,,False
615,787,False,0.897,0,0,,,,False
615,907,False,0.87,0,0,,,,False
615,913,False,0.685,0,0,,,,False
616,664,False,0.074,1,0,,,,False
616,aria_c_31_20,True,0.079,2,0,,,,False
616,im0069,True,-0.03,1,2,0.3587461615546418,,,False
616,im0117,True,-0.031,2,0,,,,False
616,im0189,True,0.07,2,0,,,,False
617,694,False,0.767,0,2,0.7072788930667543,0.009676426649093628,0.49911539533786536,False
617,741,False,0.78,0,3,1.5982928834987309,,,False
617,864,False,0.416,0,3,1.431854730218997,0.011411572806537151,0.9163843078059513,False
617,im0193,True,-0.02,1,0,,,,False
618,742,False,0.59,1,2,2.5244233131026417,,,False
618,950,False,0.74,0,0,,,,False
618,979,False,0.529,1,0,,,,False
618,997,False,0.809,0,0,,,,False
618,im0011,True,0.053,1,3,0.44443233006967714,,,False
618,im0273,True,-0.14,1,0,,,,False
619,645,False,0.878,0,3,0.8382201006318301,0.001900730887427926,0.7123959030259515,False
619,762,False,0.862,0,4,0.9444496381064823,0.010386836715042591,0.8765909872721018,False
619,822,False,0.858,0,0,,,,False
619,927,False,0.59,0,0,,,,False
619,im0030,True,-0.152,1,0,,,,False
62,75,False,0.599,0,3,0.9817261263793948,-0.005920468829572201,0.8505494152422568,False
62,81,False,0.587,0,0,,,,False
62,im0050,True,0.15,1,0,,,,False
62,im0089,True,-0.057,1,3,1.1862992451136736,0.010208210907876492,0.9559397218015908,False
620,692,False,0.786,0,3,1.001402402558607,0.01259986124932766,0.9940747175436621,False
620,830,False,0.627,0,0,,,,False
620,854,False,0.665,1,0,,,,False
620,aria_a_11_6,True,-0.11,1,2,0.9625629020859187,0.007006427738815546,0.3753776616151928,False
621,917,False,0.513,2,0,,,,False
621,im0099,True,-0.337,1,0,,,,False
623,630,False,0.542,2,3,0.7548204012812619,0.001073014922440052,0.3320163611898852,False
624,904,False,0.794,0,0,,,,False
625,835,False,0.827,0,4,0.9797578492794748,-0.006411190610378981,0.9572982157118125,False
625,852,False,0.823,0,3,1.0085479514214306,0.00931556522846222,0.9946626860542538,False
625,im0069,True,0.303,1,4,0.21856573468025875,,,False
625,im0085,True,0.049,1,2,1.154087016623043,-0.0063791717402637005,0.7681563335289132,False
626,705,False,0.839,0,2,0.23697311412962982,,,False
626,817,False,0.746,0,3,1.0417021595505687,0.027558697387576103,0.999279535031265,False
626,886,False,0.682,0,2,0.8354816365339106,0.019519265741109848,0.6454569806064502,False
626,942,False,0.874,0,3,0.9841255413250494,-0.015429799444973469,0.9679884921742491,False
626,969,False,0.886,0,4,0.9935357565954563,0.008237531408667564,0.9837479537342673,False
626,im0012,True,0.185,1,3,0.22748762169921158,,,False
626,im0115,True,0.024,1,0,,,,False
627,682,False,0.208,1,2,3.169462033650333,,,False
627,687,False,0.791,0,2,2.418925618530411,,,False
627,904,False,0.796,0,3,0.9677669650047513,-0.005542032886296511,0.9399433305912651,False
627,aria_c_32_21,True,0.285,1,0,,,,False
628,879,False,0.307,1,0,,,,False
628,985,False,0.24,1,0,,,,False
629,746,False,0.901,0,0,,,,False
629,761,False,0.916,0,0,,,,False
629,838,False,0.726,0,0,,,,False
629,845,False,0.881,0,0,,,,False
629,849,False,0.883,0,0,,,,False
629,996,False,0.763,0,0,,,,False
629,aria_d_7_17,True,-0.046,2,0,,,,False
630,632,False,0.875,0,5,0.9397232007620168,0.006191002205014229,0.8783799017634271,False
630,648,False,0.869,0,5,1.0012046450093635,0.0592116117477417,0.9863850964072084,False
630,685,False,0.845,0,3,0.20859049683669623,,,False
630,755,False,0.848,0,4,0.9511437392997754,0.017082031816244125,0.9009417734583297,False
630,836,False,0.853,0,4,0.9813931662118193,-0.007758274208754301,0.9518160080747454,False
630,im0041,True,-0.266,2,3,0.720753444040738,0.0011233791010454297,0.47102442353074975,False
631,678,False,0.74,1,4,0.8849660206280673,-0.0025249046739190817,0.7949327221067143,False
631,810,False,0.843,0,4,0.9802997083339448,-0.008372189477086067,0.9447085233175962,False
631,927,False,0.58,0,0,,,,False
631,979,False,0.843,0,0,,,,False
631,aria_c_20_1,True,-0.042,2,0,,,,False
632,648,False,0.865,0,0,,,,False
632,685,False,0.848,0,0,,,,False
632,836,False,0.883,0,4,0.3819010419801326,,,False
632,938,False,0.908,0,0,,,,False
632,im0305,True,0.012,1,0,,,,False
633,925,False,0.334,4,8,1.0060038806926546,0.5379801988601685,0.8895361695012164,False
633,aria_d_1_2,True,0.476,0,0,,,,False
633,im0385,True,-0.101,2,0,,,,False
634,637,False,0.859,0,4,1.0022507990447678,-0.0020060259848833084,0.989614999008144,False
634,692,False,0.196,2,0,,,,False
634,754,False,0.515,0,0,,,,False
634,829,False,0.886,0,6,1.015212908103182,0.050034310668706894,0.9887057109026323,False
634,897,False,0.884,0,4,1.0032002137225,0.018979346379637718,0.9958286255883566,False
635,663,False,0.777,0,0,,,,False
635,im0048,True,0.004,1,0,,,,False
636,663,False,0.319,2,0,,,,False
636,699,False,0.692,0,0,,,,False
636,im0095,True,0.05,1,0,,,,False
636,im0242,True,0.422,0,0,,,,False
636,im0363,True,0.449,0,0,,,,False
637,733,False,0.863,0,0,,,,False
637,747,False,0.729,0,2,0.17595706107479323,,,False
638,im0246,True,0.136,2,0,,,,False
639,65,False,0.652,0,0,,,,False
639,897,False,0.102,1,3,0.6644137394421489,,,False
639,im0091,True,0.35,0,0,,,,False
639,im0094,True,-0.229,1,0,,,,False
64,im0223,True,0.022,1,2,0.559068857989402,,,False
64,im0228,True,0.051,1,2,0.9408853194113721,-0.001779079670086503,0.8371639635636525,False
640,736,False,0.63,0,0,,,,False
640,761,False,0.85,0,0,,,,False
640,772,False,0.594,0,0,,,,False
640,811,False,0.29,1,0,,,,False
640,878,False,0.74,0,0,,,,False
640,884,False,0.525,0,0,,,,False
640,950,False,0.729,0,0,,,,False
641,676,False,0.919,0,6,0.9924669857436492,-0.006800160277634859,0.9863365528499524,False
641,797,False,0.882,0,4,0.997911315842945,0.017980368807911873,0.992599405155676,False
642,677,False,0.823,1,4,0.7230712701715559,0.0013777444837614894,0.5012708456217492,False
642,692,False,0.641,1,2,0.9210772246411377,-0.006565806921571493,0.5443109245049306,False
642,867,False,0.696,1,4,1.0891515117659485,0.009646964259445667,0.4144882635168571,False
642,941,False,0.435,1,3,0.7390834337252434,-0.0024285512045025826,0.21020990421846342,False
642,944,False,0.832,0,4,0.9884124780900999,0.011436088010668755,0.954704319115239,False
643,684,False,0.657,0,3,1.1449343570900683,-0.01596321165561676,0.9986618874373263,False
643,aria_a_27_11,True,0.202,2,3,1.2661934048185954,-0.01268053986132145,1.0,False
643,im0282,True,0.07,1,2,0.22529279541692104,,,False
644,645,False,0.897,0,3,3.3417173931772153,,,False
644,703,False,0.888,0,0,,,,False
644,781,False,0.693,0,0,,,,False
644,816,False,0.893,1,6,0.9964850694160495,0.016376836225390434,0.9922694554727091,False
644,915,False,0.877,1,5,1.018799827188095,0.016338350251317024,0.9992065151539521,False
645,761,False,0.62,1,4,0.9995925874822797,0.021965697407722473,0.983710964700841,False
645,827,False,0.877,0,3,2.4563552816135705,,,False
645,939,False,0.892,0,0,,,,False
645,983,False,0.872,0,4,1.016698572450384,-0.003509460249915719,0.9991947000526129,False
646,707,False,0.683,0,0,,,,False
647,770,False,0.209,1,2,0.5429367566095512,,,False
649,671,False,0.911,0,7,0.995834727363442,0.020276229828596115,0.9804523968428194,False
649,695,False,0.765,2,4,0.9077353161709661,0.0034989919513463974,0.792783997339327,False
649,698,False,0.807,1,4,1.0105553668037377,0.02052140049636364,0.9721030618983447,False
649,703,False,0.833,1,5,1.0144854134777934,-0.015104938298463821,0.9762916657700501,False
649,957,False,0.809,0,2,1.041294263881942,-0.0040771737694740295,0.8259089323566503,False
649,aria_d_1_2,True,0.104,1,2,1.7505912626106934,,,False
649,im0302,True,0.041,1,2,0.570450704150023,,,False
65,9,False,0.363,1,0,,,,False
65,aria_c_4_1,True,0.063,1,2,0.2944621720831588,,,False
65,im0247,True,0.379,0,2,0.5421768964751499,,,False
650,793,False,0.783,0,3,1.050859965163702,0.0002719825424719602,0.9998873191069234,False
650,834,False,0.307,1,3,0.10242128718715669,,,False
650,985,False,0.345,1,2,1.7997156944989168,,,False
650,im0180,True,0.004,1,3,0.3679005934145384,,,False
651,660,False,0.828,0,2,0.040492553482829624,,,False
651,818,False,0.886,0,3,0.8792366579027495,-0.0059577664360404015,0.7712759682107273,False
651,970,False,0.839,0,3,0.7619312227891605,0.010281946510076523,0.3158926279727865,False
651,im0257,True,-0.053,3,3,0.2603091341045923,,,False
652,im0091,True,0.113,1,0,,,,False
652,im0287,True,0.041,1,0,,,,False
653,679,False,0.777,0,3,0.9421287002014888,0.010118079371750355,0.6566024360378939,False
653,807,False,0.449,2,4,1.6739928725146949,,,False
653,947,False,0.738,0,2,5.247321169892208,,,False
654,701,False,0.886,0,6,1.0110267216166724,0.012934967875480652,0.9972583336463089,False
654,839,False,0.694,1,2,1.0276099380580197,0.0048132045194506645,0.8675661928091452,False
654,885,False,0.661,2,3,9.06484716311922,,,False
654,928,False,0.764,1,3,0.059089516642588547,,,False
654,965,False,0.856,0,3,0.1583391583375658,,,False
654,aria_c_4_1,True,0.188,1,2,2.1648648970961957,,,False
655,792,False,0.722,0,2,2.5640670109465025,,,False
655,803,False,0.287,3,4,0.7690492267947827,0.09871639311313629,0.08156191988668676,False
655,805,False,0.738,0,2,1.158169526772303,-0.007232268340885639,0.7846705917744639,False
655,im0064,True,0.079,1,0,,,,False
655,im0091,True,-0.061,1,2,0.09612699708800773,,,False
656,im0183,True,0.175,1,0,,,,False
657,759,False,0.619,0,0,,,,False
658,669,False,0.392,1,3,1.6891001807486123,,,False
658,867,False,0.822,0,3,0.9594881147464318,-0.0065273381769657135,0.916844166182577,False
658,934,False,0.804,1,3,2.8595588814102317,,,False
658,956,False,0.828,0,3,2.0673796436940757,,,False
659,900,False,0.768,1,2,0.7172220909916587,0.009660771116614342,0.5141247484909457,False
659,im0252,True,-0.051,1,3,0.4553009617582337,,,False
66,95,False,0.612,0,2,1.2022696162844881,-0.023281410336494446,1.0,False
66,im0107,True,0.076,1,3,0.03964410716265311,,,False
66,im0119,True,0.06,2,3,0.6040501653592205,,,False
66,im0354,True,-0.152,1,2,1.041724452795018,0.011911225505173206,0.4724906298069632,False
660,818,False,0.833,0,2,0.12232032272153345,,,False
660,aria_c_28_19,True,-0.124,1,3,0.058802939576782676,,,False
660,im0086,True,-0.116,1,2,1.1893897869733792,0.02272549644112587,0.6811448080340208,False
661,693,False,0.798,1,3,1.0218977529407225,0.008421756327152252,0.9774526844341445,False
661,695,False,0.848,0,3,0.9109811989650292,0.04422047361731529,0.8256454545942206,False
661,898,False,0.806,0,0,,,,False
661,903,False,0.78,0,0,,,,False
661,932,False,0.789,0,0,,,,False
661,995,False,0.867,0,7,0.9988663009875567,0.01083651464432478,0.9908138597904915,False
662,713,False,0.794,1,2,0.4066805342238553,,,False
662,877,False,0.859,0,4,0.9936874096322468,0.006049221381545067,0.9849497340439807,False
663,700,False,0.652,0,0,,,,False
663,825,False,0.84,0,0,,,,False
663,im0359,True,0.223,2,0,,,,False
664,819,False,0.017,1,0,,,,False
665,69,False,0.514,0,2,2.597845670513702,,,False
665,698,False,0.069,1,2,1.8591212701831947,,,False
665,701,False,0.09,2,3,26.68723324247407,,,False
665,922,False,0.663,0,2,1.0039597977206836,0.0018491422524675727,0.9586590312831647,False
666,698,False,0.851,0,4,0.9892991503274233,0.04605932906270027,0.9765431634784196,False
666,711,False,0.728,1,3,0.993889195565305,-0.0008101093117147684,0.8754858374682156,False
666,797,False,0.841,0,5,1.016146234896095,0.009476691484451294,0.9989888722160372,False
666,945,False,0.83,0,3,0.9866050528569906,0.0006239806534722447,0.9693536284703612,False
666,im0161,True,-0.185,1,2,3.4203130203614496,,,False
666,im0402,True,-0.025,1,0,,,,False
667,677,False,0.88,0,0,,,,False
667,743,False,0.896,0,2,1.523437560026937,,,False
667,798,False,0.883,0,3,0.947798333302682,0.013899887911975384,0.8932570104237638,False
667,aria_d_17_12,True,-0.03,1,0,,,,False
668,766,False,0.699,0,0,,,,False
668,92,False,0.399,1,0,,,,False
668,im0008,True,0.481,0,0,,,,False
669,823,False,0.268,1,2,2.517113415877721,,,False
669,834,False,0.369,2,0,,,,False
67,812,False,0.679,0,0,,,,False
67,87,False,0.204,2,3,0.9642041498917013,0.0010718675330281258,0.6555097975162132,False
67,98,False,0.73,0,3,1.2618887700293062,-0.0067326342687010765,0.6379667771950782,False
670,804,False,0.254,2,3,0.20429519332575166,,,False
670,889,False,0.841,0,2,0.39719771693392514,,,False
670,938,False,0.818,0,2,0.552555313735945,,,False
670,im0178,True,-0.036,1,0,,,,False
672,762,False,0.854,0,0,,,,False
672,787,False,0.845,0,4,0.9858492665279882,0.019769743084907532,0.9504785394493446,False
673,735,False,0.867,0,5,0.9965359433267637,-0.017538435757160187,0.9902241988677258,False
673,769,False,0.852,0,3,0.6840786337330542,-0.012895302847027779,0.33418760712002277,False
673,818,False,0.767,1,3,0.23689801792672796,,,False
673,836,False,0.882,0,6,0.9652246818704517,-0.0036805684212595224,0.9375664574213711,False
673,909,False,0.811,0,3,0.3956548506240155,,,False
674,686,False,0.255,1,3,0.14297094366644783,,,False
674,797,False,0.808,1,6,1.0084435316857134,-0.007811722811311483,0.9994567877330838,False
674,831,False,0.877,0,5,1.0248509786799664,0.0046350983902812,0.9947513604602488,False
674,975,False,0.867,0,3,1.000757529750612,-0.0065856450237333775,0.986519160093705,False
675,772,False,0.559,0,0,,,,False
675,884,False,0.549,0,0,,,,False
675,938,False,0.743,1,3,0.9269403035574703,0.02697402983903885,0.8609356467791189,False
676,751,False,0.574,0,2,0.055438851805285516,,,False
676,797,False,0.886,0,5,1.0140994450523582,-0.00621831277385354,0.9601680193189946,False
676,901,False,0.451,1,3,1.3849617624022637,-0.007511983625590801,1.0,False
676,913,False,0.676,0,2,0.5579644092116846,,,False
676,915,False,0.82,1,2,3.3529691301785665,,,False
677,730,False,0.854,0,3,1.3822691259815243,-0.018117157742381096,0.8059822497597329,False
677,735,False,0.862,1,3,1.3861407221981308,-0.004600833170115948,1.0,False
677,795,False,0.817,0,4,1.1632916991838695,0.010152221657335758,0.985469346550178,False
677,850,False,0.848,0,3,2.90469045601711,,,False
677,879,False,0.591,1,2,1.0111982936859807,-0.0031617702916264534,0.7390919336660763,False
677,882,False,0.835,0,3,1.7135058752529104,,,False
678,762,False,0.857,0,4,1.0429518541108451,-0.0009217419428750873,0.9960709064327485,False
678,770,False,0.747,0,3,0.03889294648421235,,,False
678,97,False,0.79,0,0,,,,False
678,aria_d_8_2,True,0.565,0,3,1.3035143188988134,0.016303792595863342,0.9727850651654848,False
679,712,False,0.865,0,0,,,,False
679,728,False,0.77,0,0,,,,False
679,858,False,0.871,4,6,1.0169929099829065,0.017953474074602127,0.997499552522957,False
68,88,False,0.796,0,2,0.6972900839566684,0.026470916345715523,0.3819530747803728,False
68,93,False,0.729,0,3,1.3511275193970813,0.001457017962820828,0.9881724471169333,False
68,974,False,0.176,1,4,1.1118290164615636,0.010197342373430729,0.9984596971990103,False
68,aria_c_21_3,True,0.211,1,2,0.6550092196325606,,,False
68,im0163,True,-0.089,1,3,0.6113000486517228,,,False
680,719,False,0.572,1,2,1.641904521714525,,,False
680,893,False,0.858,1,3,1.0683898682154613,-0.008921832777559757,1.0,False
680,im0205,True,0.073,2,0,,,,False
681,900,False,0.821,1,0,,,,False
681,984,False,0.831,0,5,0.9853110878823084,-0.006759739015251398,0.967432795915409,False
681,991,False,0.689,1,2,1.618958852235806,,,False
681,im0087,True,0.249,1,0,,,,False
681,im0250,True,-0.139,1,2,6.693852135378738,,,False
682,775,False,0.781,1,3,1.3494891543313878,-0.001741760759614408,1.0,False
682,777,False,0.566,0,0,,,,False
682,824,False,0.757,1,3,0.08057199475335412,,,False
682,877,False,0.794,0,2,0.06899846164618992,,,False
682,946,False,0.657,0,0,,,,False
682,973,False,0.293,1,0,,,,False
683,890,False,0.72,1,3,0.7101840804214965,0.015010958537459373,0.5037639976176551,False
683,941,False,0.412,1,0,,,,False
683,aria_c_2_3,True,0.055,2,0,,,,False
684,771,False,0.591,0,2,0.2746255322196702,,,False
684,855,False,0.786,0,3,0.7728390294495632,-0.004872334189713001,0.5850013401232913,False
685,704,False,0.85,0,3,0.9260077203559263,-0.00038118971860967577,0.8582594625395784,False
685,778,False,0.113,1,0,,,,False
686,aria_c_23_23,True,0.29,1,0,,,,False
686,im0021,True,0.337,0,0,,,,False
687,904,False,0.833,0,3,0.9764950704321298,0.025577779859304428,0.9379271039996558,False
687,aria_c_9_1,True,0.057,1,0,,,,False
687,im0073,True,0.022,1,3,1.35049338502679,0.009613900445401669,0.9679476035876884,False
688,698,False,0.698,0,4,1.0212831756579102,0.036258067935705185,0.9779874045002336,False
688,880,False,0.438,1,3,3.867860177176357,,,False
688,im0377,True,0.235,1,0,,,,False
689,im0110,True,0.038,1,0,,,,False
689,im0288,True,-0.001,1,2,0.2754233548869191,,,False
69,801,False,0.532,0,2,2.1065821292175433,,,False
69,91,False,0.088,1,3,0.03254219969683336,,,False
69,99,False,0.329,2,3,0.18283810502620257,,,False
690,761,False,0.845,0,3,1.08890707882636,0.014088786207139492,1.0,False
690,786,False,0.797,1,3,0.9828998160941456,-0.009422929026186466,0.9631133889909637,False
690,798,False,0.849,0,5,0.9945378317737718,0.002546542091295123,0.9853595206034302,False
690,829,False,0.165,1,0,,,,False
690,877,False,0.524,1,3,1.0507841234815372,0.010885132476687431,0.9996135452393604,False
691,710,False,0.614,0,0,,,,False
691,749,False,0.829,0,0,,,,False
691,763,False,0.832,0,5,1.0197903030792905,0.038000211119651794,0.9995224578931271,False
692,694,False,0.434,19,26,0.9926010798396931,0.4862278699874878,0.5404023074778581,True
692,707,False,0.66,1,3,0.8525152877487228,0.021569807082414627,0.728237278665979,False
692,723,False,0.812,0,3,0.9951934558054439,0.008774997666478157,0.9409986661503378,False
692,im0180,True,-0.21,1,0,,,,False
693,695,False,0.834,0,2,0.8252348259052171,0.010322898626327515,0.5433351750626277,False
693,949,False,0.836,0,3,0.6546343764204158,,,False
693,im0060,True,-0.193,1,3,1.342909094541254,-0.0011056234361603856,0.7748197092895824,False
693,im0245,True,-0.033,1,3,0.02428580969793436,,,False
694,712,False,0.785,0,2,0.35066466611448216,,,False
694,717,False,0.58,1,3,0.9972433807064321,0.015083269216120243,0.9890510948905109,False
694,733,False,0.61,1,3,0.9474559433093751,0.0051366593688726425,0.9005591763585187,False
694,778,False,0.536,2,3,0.09953489228071082,,,False
694,853,False,0.593,0,2,0.3722976599103091,,,False
694,im0220,True,-0.123,1,3,0.5305349831842644,,,False
695,705,False,0.835,0,4,0.9782900143352194,-0.008252697996795177,0.9562161205745628,False
695,852,False,0.62,1,0,,,,False
695,995,False,0.851,0,0,,,,False
696,697,False,0.835,0,0,,,,False
696,706,False,0.721,0,0,,,,False
696,889,False,0.873,0,5,1.0571406559364942,0.028575342148542404,1.0,False
697,761,False,0.882,0,2,1.0020964317717826,0.0028482249472290277,0.964363383148535,False
697,889,False,0.838,0,0,,,,False
698,701,False,0.874,0,3,0.9953892897976272,-0.004114196170121431,0.9886041108899417,False
698,708,False,0.691,1,4,0.31482697298876305,,,False
698,737,False,0.832,0,2,1.110915603489272,-0.018372733145952225,0.9999302114592784,False
698,764,False,0.854,1,3,1.0027973303549922,0.03111542947590351,0.9940253800566864,False
698,810,False,0.863,0,3,0.7288269965494697,0.010107199661433697,0.22540253336276184,False
698,892,False,0.735,0,2,2.2788214325547127,,,False
698,984,False,0.856,0,4,1.0612094493255932,-0.009937375783920288,0.9995919704071169,False
699,716,False,0.646,0,2,0.9502091818909674,0.01996740698814392,0.7507579863589287,False
7,91,False,0.063,1,0,,,,False
7,936,False,0.214,1,0,,,,False
7,943,False,0.125,1,2,1.1649837640995833,0.010612121783196926,0.9588473834402558,False
7,970,False,0.209,1,0,,,,False
7,im0247,True,0.386,0,0,,,,False
7,im0279,True,0.426,0,3,0.11354898161125823,,,False
70,80,False,0.31,1,2,0.6433565016295428,,,False
70,86,False,0.13,1,2,1.4495714278161438,-0.0031098290346562862,0.5242852701877003,False
70,957,False,0.15,1,0,,,,False
70,984,False,0.218,1,2,0.445842121811674,,,False
700,aria_d_11_1,True,-0.147,1,3,0.6091812061929319,,,False
700,im0006,True,-0.023,1,0,,,,False
701,945,False,0.818,0,3,0.9731226389723704,0.0907604768872261,0.9379301104084039,False
701,975,False,0.892,0,7,0.9590312743001937,-0.004338333383202553,0.9208128264093361,False
701,984,False,0.849,0,5,0.999891334987722,0.030575672164559364,0.989364386532876,False
702,744,False,0.566,2,3,0.9587676117989697,-0.0004956141929142177,0.7531084337349397,False
702,957,False,0.364,2,2,6.351688905987769,,,False
703,793,False,0.848,0,4,1.0190314038033659,0.01854194514453411,0.9989912377191241,False
703,816,False,0.89,0,3,1.0082867117715268,-0.0011719363974407315,0.760648999924685,False
703,836,False,0.468,1,2,3.5204787344458652,,,False
703,856,False,0.715,0,2,1.1713272258987306,0.0036968484055250883,0.4771886492123607,False
703,953,False,0.698,1,6,0.545760674845597,,,False
703,im0080,True,-0.241,2,4,0.13882116011226034,,,False
703,im0255,True,0.001,3,4,0.23039777068763775,,,False
704,818,False,0.844,1,4,1.0418791044187758,0.006836606189608574,0.9320456032346979,False
704,836,False,0.883,0,4,0.9893946856359177,0.015227853320538998,0.9791546346123744,False
704,840,False,0.867,0,3,1.0000157437118997,-0.007771042175590992,0.9603767108593985,False
704,938,False,0.876,0,4,1.0141618711025469,0.008700854144990444,0.9990447107566642,False
704,978,False,0.865,0,4,1.0282835880041392,0.02708689123392105,0.9990499959745592,False
704,im0343,True,-0.073,1,3,0.04597068283594898,,,False
705,817,False,0.746,0,2,0.07215857379153215,,,False
705,851,False,0.595,0,3,1.4760205725235074,0.006859702058136463,0.5223494227739011,False
705,860,False,0.712,1,3,0.9774168721195601,0.0007412602426484227,0.8878200654892909,False
705,917,False,0.829,0,5,0.9707902520932488,0.02276691421866417,0.9416866333263652,False
705,931,False,0.538,1,2,2.7373594474947853,,,False
705,95,False,0.631,0,0,,,,False
705,im0180,True,-0.144,1,0,,,,False
706,766,False,0.695,0,2,1.8995427767651125,,,False
707,im0079,True,-0.163,1,0,,,,False
708,753,False,0.382,1,0,,,,False
708,774,False,0.776,0,0,,,,False
708,905,False,0.758,0,2,1.3797192735468786,0.0002631870738696307,0.9813667591987224,False
709,785,False,0.675,0,0,,,,False
709,96,False,0.511,0,0,,,,False
709,996,False,0.721,1,0,,,,False
71,73,False,0.618,0,2,0.5531054450955764,,,False
710,im0110,True,-0.217,1,0,,,,False
711,749,False,0.872,0,3,0.9930673141556315,-0.02083183452486992,0.9391488449375569,False
712,728,False,0.775,0,0,,,,False
712,832,False,0.521,1,0,,,,False
712,aria_a_46_14,True,-0.123,2,0,,,,False
712,im0254,True,0.008,1,0,,,,False
713,824,False,0.797,0,2,0.6647815186074528,,,False
713,877,False,0.943,2,7,0.9998216334997979,0.06212618201971054,0.9981858095958864,False
714,717,False,0.165,14,30,0.9970309720131031,0.6143863201141357,0.5249785315586089,True
714,735,False,0.899,0,6,1.0099095997784342,-0.0004971206653863192,0.9963367602350489,False
714,743,False,0.9,0,4,1.035986183900253,0.04107728973031044,0.9992241421113033,False
714,823,False,0.738,0,3,0.6442301611006535,,,False
714,828,False,0.881,0,3,0.5401173537517366,,,False
714,914,False,0.839,0,3,1.0655077308001895,-0.011947225779294968,0.9997104216046934,False
714,im0329,True,-0.071,1,2,0.6029605619439738,,,False
715,716,False,0.359,15,22,0.9924322733969334,0.5303270816802979,0.5144325969015128,True
715,835,False,0.762,0,2,1.7703455467499298,,,False
715,852,False,0.781,0,2,0.21814858001147527,,,False
715,aria_d_9_24,True,-0.097,1,0,,,,False
716,740,False,0.644,0,3,0.892884310371364,-0.005713700782507658,0.7984300788721498,False
716,794,False,0.556,0,3,1.0589980580958418,0.008571207523345947,0.9746616296280464,False
716,957,False,0.297,1,2,1.3606193491091625,-0.010692971758544445,0.8434677614102873,False
716,aria_c_34_1,True,0.157,2,3,0.5120315506727382,,,False
716,im0107,True,-0.062,1,0,,,,False
717,869,False,0.66,1,3,1.414028420131891,-0.016346747055649757,0.9988202677992096,False
717,964,False,0.551,0,2,0.3570478654756991,,,False
717,aria_d_15_22,True,-0.045,1,2,0.5131880990722121,,,False
717,im0308,True,0.32,0,3,0.8890280508806297,-0.016824956983327866,0.4580455239554794,False
718,787,False,0.829,1,5,0.9841793105003458,0.0013415052089840174,0.969341304522667,False
718,979,False,0.833,0,0,,,,False
719,725,False,0.613,1,4,1.1467059400055493,0.001761721447110176,0.9999892654336228,False
719,797,False,0.448,2,2,7.627809136669799,,,False
719,im0381,True,-0.032,1,0,,,,False
72,746,False,0.613,0,0,,,,False
72,811,False,0.701,0,0,,,,False
72,94,False,0.536,0,0,,,,False
720,764,False,0.76,0,2,1.3504319598546792,-0.011584906838834286,1.0,False
720,776,False,0.423,1,0,,,,False
720,803,False,0.753,0,2,3.6446383416806087,,,False
720,aria_a_13_2,True,0.229,1,0,,,,False
721,746,False,0.726,0,0,,,,False
721,919,False,0.733,0,0,,,,False
722,im0127,True,0.355,0,0,,,,False
723,724,False,0.58,2,4,1.0039332430631145,0.03377494588494301,0.9997022633399557,False
723,729,False,0.82,0,5,1.019546698981666,0.014409533701837063,0.9991209874955111,False
723,801,False,0.41,1,2,1.4919649407569922,0.007504513952881098,1.0,False
723,922,False,0.404,1,3,1.004242171405114,0.014301094226539135,0.9984700501543418,False
723,972,False,0.604,2,0,,,,False
723,im0248,True,-0.006,1,2,0.31747567220393386,,,False
724,726,False,0.793,0,5,1.039193542148261,0.0057381228543818,0.9997583490406456,False
724,aria_d_21_2,True,0.184,1,2,1.2217067728173585,-0.008144279010593891,0.754,False
724,im0230,True,0.032,1,2,0.5395106902846881,,,False
725,729,False,0.704,5,4,0.9981718504846833,0.025250207632780075,0.9922496824299336,False
725,735,False,0.752,1,2,1.6439701344984954,,,False
725,743,False,0.852,0,0,,,,False
725,766,False,0.684,1,3,0.9791611174537841,-0.027280006557703018,0.950635807794741,False
726,836,False,0.424,3,0,,,,False
727,843,False,0.677,0,0,,,,False
727,aria_c_40_b_14,True,-0.005,1,0,,,,False
728,729,False,0.571,13,21,1.0034091652346724,0.5277619361877441,0.5664806804843144,True
728,741,False,0.752,0,2,0.6830532444056531,-0.006518600508570671,0.3288502533449026,False
728,807,False,0.551,0,0,,,,False
728,832,False,0.637,0,0,,,,False
728,922,False,0.274,2,2,0.9798988185983211,-0.0051353806629776955,0.6557074132534599,False
729,746,False,0.784,0,0,,,,False
729,919,False,0.815,0,0,,,,False
73,753,False,0.279,1,0,,,,False
73,790,False,0.631,0,0,,,,False
73,80,False,0.587,0,0,,,,False
73,921,False,0.474,0,0,,,,False
730,882,False,0.836,0,3,1.3688172013637598,-0.007643846329301596,0.9555310567356816,False
730,950,False,0.487,1,3,0.13146729938717566,,,False
730,aria_c_22_9,True,-0.014,1,2,1.339264041513767,0.012900328263640404,1.0,False
731,907,False,0.767,0,0,,,,False
732,829,False,0.797,0,3,0.9785954804999142,-0.013145377859473228,0.954629962013041,False
732,873,False,0.781,0,0,,,,False
732,958,False,0.741,0,4,1.9645757803416732,,,False
732,972,False,0.319,1,3,1.4785218653169185,0.016620436683297157,0.823397051260072,False
733,747,False,0.773,0,0,,,,False
733,766,False,0.029,2,3,8.769344201729355,,,False
733,855,False,0.168,2,3,3.1827433533229055,,,False
733,906,False,0.031,2,2,1.7603247223350387,,,False
733,aria_c_20_1,True,-0.107,1,3,1.144070652324157,-0.0070079294964671135,0.7165075644702515,False
734,925,False,0.686,0,2,0.21535036300134092,,,False
735,766,False,0.898,0,8,0.987553787453371,0.010343154892325401,0.9727189424102286,False
735,823,False,0.726,0,2,0.6405190834650503,,,False
735,909,False,0.82,0,2,18.81954167324234,,,False
735,978,False,0.879,0,4,0.9819564426263692,-0.016006123274564743,0.9624989936398035,False
735,im0172,True,0.072,2,3,0.3170368586879424,,,False
737,872,False,0.81,1,5,0.9944078173594215,0.02484087646007538,0.9782700954611628,False
737,888,False,0.662,1,0,,,,False
737,953,False,0.818,0,4,0.9107270322360543,-0.0026873531751334667,0.8308657843363969,False
737,984,False,0.846,0,6,0.997235682927622,-0.007748051080852747,0.9873886642936525,False
738,819,False,0.835,0,0,,,,False
738,944,False,0.795,0,4,0.9810188625690683,0.010929699055850506,0.950452312565431,False
738,aria_c_20_10,True,-0.058,2,0,,,,False
738,im0287,True,-0.1,1,3,0.8499122605107684,0.026869457215070724,0.2673462264741943,False
739,945,False,0.528,1,0,,,,False
74,9,False,0.237,1,0,,,,False
74,981,False,0.57,0,0,,,,False
74,im0226,True,-0.042,1,0,,,,False
740,754,False,0.504,0,3,1.49741495316043,0.006416604854166508,0.8814721386759807,False
740,809,False,0.697,0,4,1.9242881171399266,,,False
740,829,False,0.857,1,0,,,,False
740,833,False,0.76,0,0,,,,False
740,929,False,0.654,0,0,,,,False
740,958,False,0.707,1,5,0.9787823419170051,0.005358395632356405,0.949439378243904,False
740,im0182,True,0.454,0,0,,,,False
740,im0340,True,-0.127,1,0,,,,False
741,775,False,0.682,2,0,,,,False
741,825,False,0.863,0,0,,,,False
741,832,False,0.624,0,0,,,,False
741,874,False,0.825,0,0,,,,False
741,912,False,0.8,0,0,,,,False
741,im0398,True,-0.011,1,0,,,,False
742,762,False,0.819,1,0,,,,False
743,786,False,0.903,0,3,0.9628715946618708,0.027121281251311302,0.9239166639804876,False
743,792,False,0.814,0,0,,,,False
743,798,False,0.885,2,6,0.9951551563043575,0.04079017788171768,0.9805473146603291,False
743,828,False,0.857,0,2,1.2153455597298097,0.011309696361422539,1.0,False
743,916,False,0.816,0,2,1.357787567075772,0.013797027058899403,0.7652875580574046,False
744,844,False,0.699,2,2,0.6089513469430458,,,False
744,922,False,0.686,0,0,,,,False
745,749,False,0.893,3,6,1.0029544508610222,0.02596687152981758,0.9930535455861071,False
745,839,False,0.84,0,0,,,,False
745,891,False,0.681,0,0,,,,False
745,948,False,0.85,0,0,,,,False
745,980,False,0.503,1,0,,,,False
745,981,False,0.776,2,0,,,,False
745,995,False,0.895,0,5,0.9920788818197208,0.030483312904834747,0.9828847703464948,False
746,799,False,0.629,0,0,,,,False
746,837,False,0.626,0,0,,,,False
746,845,False,0.892,0,0,,,,False
746,849,False,0.894,0,0,,,,False
746,919,False,0.941,0,0,,,,False
746,920,False,0.762,0,0,,,,False
747,842,False,0.652,0,0,,,,False
748,904,False,0.808,0,3,1.0189841833481892,-0.012478473596274853,0.9940427224973252,False
749,763,False,0.894,1,0,,,,False
749,948,False,0.855,0,0,,,,False
749,959,False,0.599,0,0,,,,False
75,81,False,0.797,0,2,1.2752246346689735,0.0061280918307602406,0.45346803651746986,False
75,870,False,0.297,1,2,0.0658546602045738,,,False
75,aria_a_14_11,True,-0.018,2,0,,,,False
75,aria_c_2_2,True,-0.003,1,2,1.1380363397253628,0.0031327952165156603,0.8230246614020382,False
75,im0083,True,-0.05,2,0,,,,False
751,893,False,0.57,0,0,,,,False
751,904,False,0.568,0,0,,,,False
751,aria_c_35_2,True,0.093,1,0,,,,False
751,im0053,True,0.004,1,2,0.31980398144812283,,,False
751,im0327,True,-0.005,1,0,,,,False
752,756,False,0.592,1,0,,,,False
753,854,False,0.78,0,2,3.2907051293099827,,,False
753,925,False,0.292,1,2,3.6297505332455144,,,False
753,aria_a_11_30,True,0.226,1,3,0.13155278720433014,,,False
753,im0183,True,-0.159,1,2,1.0793929893100698,0.00408641854301095,0.6027470175708155,False
753,im0241,True,0.034,1,2,1.0447778104543461,-0.003312575863674283,0.7571620892504491,False
754,950,False,0.127,1,3,0.5049606876901657,,,False
754,im0383,True,0.084,1,0,,,,False
755,811,False,0.17,1,3,2.8608590505346787,,,False
756,759,False,0.529,1,2,4.875450102597093,,,False
756,925,False,0.766,1,4,1.0271539473116957,-0.01441809069365263,0.9988025308671942,False
756,im0063,True,0.032,1,0,,,,False
757,891,False,0.646,0,2,1.2501398886438204,-0.0027173636481165886,0.9837810576917918,False
757,991,False,0.303,1,3,2.6284793567359666,,,False
757,aria_c_3_2,True,0.37,1,2,3.4183053603008036,,,False
757,im0054,True,-0.014,1,3,1.7177254569427383,,,False
758,935,False,-0.147,1,0,,,,False
758,aria_a_20_6,True,0.557,0,2,0.4497313830195983,,,False
758,aria_d_3_32,True,0.553,0,3,0.11429571473883296,,,False
758,im0104,True,0.34,0,0,,,,False
759,977,False,0.533,1,2,0.1944926017510552,,,False
76,97,False,0.753,0,0,,,,False
76,im0096,True,0.387,0,0,,,,False
761,773,False,0.78,0,0,,,,False
761,838,False,0.72,0,0,,,,False
761,877,False,0.754,2,0,,,,False
761,887,False,0.643,0,0,,,,False
761,890,False,0.752,0,0,,,,False
761,996,False,0.798,0,0,,,,False
762,763,False,0.909,0,4,0.9818665361640435,0.026315515860915184,0.9626765966808141,False
762,784,False,0.877,0,0,,,,False
762,787,False,0.929,1,0,,,,False
762,888,False,0.91,0,4,0.9797845322103708,-0.0011301724007353187,0.9519995696958288,False
762,916,False,0.61,1,0,,,,False
762,941,False,0.874,0,0,,,,False
762,979,False,0.9,0,0,,,,False
763,784,False,0.888,0,0,,,,False
763,799,False,0.614,0,0,,,,False
764,81,False,0.758,1,3,0.3923871695887015,,,False
764,810,False,0.885,0,3,1.043006033577743,0.00078276835847646,0.9994132245196785,False
764,826,False,0.676,1,3,2.011104904428756,,,False
764,905,False,0.863,0,5,1.1518842541203904,0.004870835226029158,0.9999946410006324,False
764,931,False,0.726,1,2,0.05414604205494559,,,False
764,im0231,True,0.064,1,3,0.8058822805516448,0.02034800499677658,0.5391764261428031,False
765,853,False,0.284,1,2,1.0447814275194096,-0.021530548110604286,0.26742403944054444,False
765,970,False,0.853,0,4,0.9722139751980995,-0.01953488402068615,0.9454870563976996,False
766,836,False,0.888,0,7,1.0083326455019577,0.006680117454379797,0.9965725512632982,False
766,854,False,0.865,0,5,0.9983417168143144,-0.0051339175552129745,0.9857907985646189,False
766,950,False,0.731,0,3,0.2804056938765902,,,False
766,aria_c_44_3,True,-0.026,1,2,0.06763169709035304,,,False
767,852,False,0.704,2,2,0.9204596451972752,0.017352251335978508,0.6727754032517881,False
767,aria_c_38_2,True,0.091,1,0,,,,False
769,802,False,0.84,0,3,0.9785433582991376,-0.011454107239842415,0.9417920314742256,False
769,823,False,0.725,0,3,1.0946444700176778,-0.024950584396719933,0.9987040502462843,False
769,im0364,True,-0.04,1,3,0.5126813157733603,,,False
77,78,False,0.534,0,0,,,,False
77,im0143,True,0.418,0,0,,,,False
77,im0284,True,0.472,0,0,,,,False
771,im0173,True,0.166,1,2,0.934097329563538,-0.02157042920589447,0.5867328859060402,False
771,im0284,True,-0.042,1,2,1.2403369091982648,0.00909861084073782,0.7457925636007828,False
772,867,False,0.405,1,0,,,,False
772,aria_d_8_2,True,0.01,2,2,2.754016023809129,,,False
772,im0190,True,0.087,1,0,,,,False
774,85,False,0.495,1,0,,,,False
774,905,False,0.859,0,4,1.023747999665642,-0.02027054876089096,0.9815114521816486,False
774,943,False,0.261,2,0,,,,False
774,977,False,0.842,0,3,1.0569406875631004,0.007897866889834404,0.9992214347079038,False
775,777,False,0.513,0,0,,,,False
775,999,False,0.712,0,0,,,,False
775,aria_c_25_1,True,-0.104,1,0,,,,False
775,im0182,True,0.494,0,0,,,,False
776,909,False,0.766,0,3,0.5479519081935053,,,False
776,952,False,0.37,1,2,0.388111321366527,,,False
776,aria_c_3_2,True,0.164,1,2,0.8218846014513789,-0.016182387247681618,0.8626838824392916,False
777,835,False,0.094,1,3,1.4409782469776775,0.005461792927235365,0.9998981631854555,False
779,816,False,0.854,0,0,,,,False
779,915,False,0.869,0,0,,,,False
779,928,False,0.654,1,0,,,,False
779,982,False,0.701,0,0,,,,False
78,im0204,True,0.086,1,0,,,,False
780,967,False,0.282,1,0,,,,False
781,816,False,0.672,2,5,4.562879651825994,,,False
781,im0007,True,-0.043,1,3,0.9569196473268292,-0.010297393426299095,0.4887435452303814,False
782,868,False,0.809,0,3,0.9966402402677725,0.00263523799367249,0.9859741515973883,False
782,908,False,0.767,0,4,0.9926988176139977,0.00015503498434554785,0.9833591081899606,False
782,im0280,True,-0.291,1,3,0.9161009996511204,-0.0016936061438173056,0.6272797878893382,False
783,aria_c_30_2,True,0.144,2,3,0.5425110134935897,,,False
784,815,False,0.806,0,0,,,,False
784,876,False,0.484,0,0,,,,False
785,862,False,0.309,1,0,,,,False
786,854,False,0.847,0,3,0.9979951865121243,0.02263244241476059,0.9852926999089497,False
787,905,False,0.888,2,3,0.9963156596155045,0.0028970083221793175,0.990316288142678,False
787,941,False,0.87,0,3,1.0707840384435054,-0.0033914372324943542,0.9999785483680671,False
787,976,False,0.84,0,0,,,,False
788,888,False,0.659,1,0,,,,False
789,82,False,0.015,1,0,,,,False
789,aria_d_5_22,True,0.308,0,0,,,,False
789,aria_d_7_22,True,0.452,0,0,,,,False
79,981,False,0.525,0,0,,,,False
79,99,False,0.527,0,0,,,,False
79,im0156,True,-0.047,1,0,,,,False
790,im0306,True,-0.034,1,0,,,,False
791,aria_d_10_19,True,-0.124,1,0,,,,False
791,im0172,True,-0.063,1,0,,,,False
792,798,False,0.806,0,5,0.9966321523595304,0.023292696103453636,0.9867704572400363,False
792,843,False,0.122,1,0,,,,False
792,993,False,0.381,0,3,1.0461647447978182,0.005866802763193846,0.9161130280105442,False
792,aria_a_13_22,True,-0.041,3,0,,,,False
793,806,False,0.66,1,2,0.20535435196370205,,,False
793,820,False,0.828,0,3,0.985499752948955,0.0052622114308178425,0.9704301940216866,False
795,870,False,0.257,1,2,1.4339020046410602,-0.019991928711533546,0.9697760032628179,False
796,809,False,0.668,0,0,,,,False
796,877,False,0.611,0,3,0.07175106620915163,,,False
796,im0213,True,-0.038,2,0,,,,False
797,883,False,0.826,0,2,0.6185392057596752,,,False
797,907,False,0.852,0,3,0.053621201290561735,,,False
797,975,False,0.895,0,6,0.9157514471694804,-0.04573974758386612,0.8377356057512519,False
797,99,False,0.292,2,3,0.8684373543655138,0.01754956878721714,0.6456016965076639,False
798,80,False,0.385,2,0,,,,False
798,867,False,0.839,1,3,0.9756310990208201,0.05724222958087921,0.9540276253792035,False
798,882,False,0.845,0,2,2.641156417843341,,,False
798,914,False,0.828,0,0,,,,False
798,918,False,0.56,0,0,,,,False
798,943,False,0.543,1,0,,,,False
798,956,False,0.873,0,3,1.0408525030495333,-0.0022875936701893806,0.9938961430077226,False
798,972,False,0.792,0,3,2.7651714951404616,,,False
798,im0057,True,0.019,1,0,,,,False
8,846,False,0.56,0,0,,,,False
80,88,False,0.304,1,0,,,,False
800,849,False,0.724,0,0,,,,False
800,858,False,0.474,1,0,,,,False
800,862,False,0.59,0,4,1.0105009182481122,0.004911189898848534,0.9874087654363694,False
800,866,False,0.429,1,4,1.0148204786411428,0.006573864724487066,0.9969391321113963,False
800,961,False,-0.136,1,3,0.3961235176664327,,,False
800,995,False,0.724,0,3,1.02322940757897,0.004759392235428095,0.9989793177544991,False
800,im0291,True,0.034,2,0,,,,False
801,im0397,True,-0.16,1,2,0.44093842373072745,,,False
802,836,False,0.866,0,4,0.7868751745410444,0.03879941999912262,0.6217014179382412,False
802,906,False,0.859,0,2,1.187731532459754,-0.01587545871734619,0.9995873260874225,False
802,91,False,0.713,1,3,1.8262855219495358,,,False
802,936,False,0.739,1,2,1.0942926140939477,0.010481473989784718,0.8948791835026321,False
802,974,False,0.863,0,3,0.2591617443407741,,,False
802,im0106,True,0.258,2,3,1.3235602198616074,-0.009819434024393559,1.0,False
803,810,False,0.876,0,3,1.099269736366573,-0.0044027818366885185,0.9999407841258391,False
803,818,False,0.375,1,3,1.1078802462894557,-0.0008623797330074012,0.657895301322408,False
803,905,False,0.853,0,3,1.0045900823981206,0.05378333106637001,0.9884727923602105,False
805,836,False,0.879,0,3,0.982536603826213,0.0042241476476192474,0.969714307304514,False
805,867,False,0.86,0,4,1.025891412781537,0.014603771269321442,0.9987413670689989,False
805,90,False,0.854,0,2,1.7463515499983984,,,False
805,906,False,0.868,0,5,1.0248518492678393,0.0045251925475895405,0.996993375779793,False
805,954,False,0.649,1,6,1.0648165743731681,0.006073597352951765,1.0,False
805,974,False,0.895,0,6,1.0004403372803103,-0.007871270179748535,0.9864861238575193,False
805,985,False,0.869,0,5,1.0039072969791842,-0.0007606220315210521,0.9995165578921924,False
805,im0255,True,0.212,1,2,1.7032709935494574,,,False
806,aria_c_25_10,True,0.073,1,2,0.8867963742746958,-0.0011214654659852386,0.6423578751164958,False
806,im0103,True,-0.189,2,3,0.2767485139330388,,,False
807,912,False,0.566,0,2,3.6383370061789178,,,False
807,aria_d_23_4,True,-0.104,1,3,0.4589812382267961,,,False
808,809,False,0.106,23,29,0.9865372868731949,0.331117182970047,0.514818809665631,True
808,835,False,0.767,0,3,0.9939901587269429,-0.009639132767915726,0.9785981894486341,False
808,852,False,0.777,0,2,1.1870342380528192,-0.007906910963356495,0.8311765716617625,False
808,883,False,0.736,1,3,1.4202322267460252,-0.004292763769626617,1.0,False
808,985,False,0.486,2,3,0.06907091032593822,,,False
808,im0356,True,0.143,1,3,0.3387150304427989,,,False
81,815,False,0.764,0,3,1.3722576751859863,0.01660071313381195,0.8568779112461876,False
81,930,False,0.407,1,2,1.2516576153002783,0.006259201094508171,1.0,False
81,aria_a_12_15,True,0.392,0,2,0.23856474802700567,,,False
81,im0133,True,0.179,1,3,1.1212649141695041,-0.004808204714208841,0.7227818143212996,False
81,im0277,True,-0.087,1,3,2.5782872076227368,,,False
810,905,False,0.912,0,4,1.0315797570850733,1.917498593684286e-05,0.9963344444325356,False
810,977,False,0.867,0,0,,,,False
811,814,False,0.619,0,2,1.005552669568524,0.004398017656058073,0.3250972293002173,False
811,952,False,0.347,1,2,0.6099342451406431,,,False
811,im0025,True,-0.126,1,0,,,,False
811,im0243,True,-0.063,1,0,,,,False
812,im0321,True,0.109,1,3,0.8877001710516919,0.004992750007659197,0.6952314982792932,False
812,im0332,True,-0.113,1,2,0.04914037488930947,,,False
813,im0140,True,0.123,1,2,0.7609977264365893,0.009780853986740112,0.26621469902409534,False
814,87,False,0.609,0,2,1.0065721287896043,-0.004798798356205225,0.49045418275487196,False
815,856,False,0.586,1,2,2.022499385262165,,,False
815,aria_c_31_20,True,0.002,1,3,0.10684341752777983,,,False
815,aria_c_6_2,True,0.021,1,4,0.09146026922873765,,,False
816,847,False,0.225,1,0,,,,False
816,977,False,0.825,3,3,0.8313784097673889,0.012870924547314644,0.15041344501718212,False
816,982,False,0.718,0,0,,,,False
816,998,False,0.85,0,3,0.9980242565591314,-0.004784780088812113,0.9356469345855513,False
817,851,False,0.574,0,3,0.765704760650994,0.026754891499876976,0.35174346935931655,False
817,957,False,0.534,2,3,0.6644439297906439,,,False
818,924,False,0.818,0,3,0.2079062429186043,,,False
818,93,False,0.174,1,3,24.746234991263645,,,False
818,943,False,0.662,0,3,0.7579922005709541,0.02361876890063286,0.5746615315295985,False
818,aria_c_2_2,True,0.056,1,4,1.0013523912131017,-0.017608124762773514,0.4548536050940427,False
819,82,False,0.307,1,3,0.8223678430756183,-0.010569420643150806,0.48801811907279297,False
819,908,False,0.774,2,3,1.0004678798415947,0.02594136819243431,0.9785102132869385,False
819,944,False,0.811,0,3,0.2603417265238681,,,False
82,im0025,True,0.001,1,2,0.3994557926955159,,,False
82,im0105,True,-0.072,1,2,0.019211329473796702,,,False
820,984,False,0.823,0,3,1.0138418548212538,-0.01275019533932209,0.9897724161257591,False
820,im0242,True,0.059,1,3,0.026245630651663018,,,False
821,im0071,True,-0.25,1,0,,,,False
822,827,False,0.909,51,45,1.0005989306517826,0.7590068578720093,0.9826224754348424,True
823,87,False,0.093,2,0,,,,False
823,im0131,True,-0.079,2,2,0.5402429092762566,,,False
824,857,False,0.523,0,0,,,,False
824,877,False,0.783,0,5,1.0027985512751487,0.009843201376497746,0.992507071585377,False
824,im0089,True,-0.005,1,0,,,,False
824,im0336,True,0.488,0,0,,,,False
825,862,False,0.29,1,4,1.0122336470989979,0.004397238604724407,0.9955204261648621,False
825,866,False,0.584,4,0,,,,False
825,im0119,True,-0.156,1,0,,,,False
825,im0329,True,0.443,0,0,,,,False
826,957,False,0.37,1,3,0.8381451848880439,-0.006406700704246759,0.6624808822345649,False
826,aria_d_14_2,True,0.513,0,3,1.7029061957015208,,,False
827,im0292,True,0.015,1,0,,,,False
829,857,False,0.511,0,0,,,,False
829,873,False,0.849,0,2,0.974888687525989,0.00852016732096672,0.9422511729312059,False
829,929,False,0.655,0,0,,,,False
829,958,False,0.702,1,5,1.008134685812494,0.014773505739867687,0.9971552941050179,False
830,847,False,0.506,1,3,0.9444217262925494,-0.009166584350168705,0.31899850987875344,False
830,87,False,0.572,1,2,0.726494504416979,-0.017565490677952766,0.524995849644676,False
830,aria_d_13_22,True,0.255,1,2,0.6216476897874249,,,False
830,im0008,True,0.059,1,3,0.7535364651633248,0.006998105440288782,0.42884534566085314,False
831,895,False,0.81,0,2,0.10331137294727026,,,False
831,91,False,0.138,1,3,0.5417783915710982,,,False
831,975,False,0.905,0,8,1.011699525223349,0.025461003184318542,0.9970341077607514,False
831,976,False,0.835,0,3,3.280661372366593,,,False
831,aria_c_23_23,True,0.009,1,2,1.2522136674499418,0.006209989544004202,0.5104745354533264,False
831,aria_d_18_21,True,-0.054,1,3,0.732262974357984,0.011635299772024155,0.5858996036255786,False
832,964,False,0.524,0,2,0.6231646803888609,,,False
832,im0025,True,-0.215,2,2,1.6129952570213417,,,False
832,im0034,True,0.168,1,0,,,,False
832,im0225,True,0.064,1,0,,,,False
833,946,False,0.633,7,7,1.1379809727554637,0.0190139077603817,0.9999732545948606,False
833,aria_c_44_3,True,0.16,1,3,1.0196083708312857,0.01644366793334484,0.6370697021484375,False
833,im0021,True,0.113,1,3,0.8475832051403224,-0.009103532880544662,0.5554542940181636,False
835,841,False,0.834,0,2,0.9908837138424911,0.0008333041332662106,0.7887370804846898,False
835,852,False,0.862,0,2,0.8093450719860451,-0.018133191391825676,0.5771010975321635,False
835,970,False,0.442,1,3,0.3398127072928435,,,False
835,aria_a_43_9,True,-0.04,1,3,0.34262257079888486,,,False
835,im0170,True,0.204,3,3,0.5143168167751658,,,False
836,867,False,0.852,0,5,1.0051915835992524,0.02092079259455204,0.9995535618236193,False
836,90,False,0.833,0,3,0.05144819158344434,,,False
836,906,False,0.868,0,4,1.0391280927193975,-0.02100754901766777,0.9992925590070101,False
836,908,False,0.873,0,4,1.046805476410955,0.006366513669490814,0.9993771076315054,False
836,930,False,0.808,0,4,0.5370839048936767,,,False
836,956,False,0.876,1,3,0.5539186735382017,,,False
836,974,False,0.869,0,3,1.0794881317512772,0.007755574770271778,0.9998872949170008,False
836,985,False,0.849,0,3,0.877157423618919,0.010032868012785912,0.45821180135900946,False
837,aria_d_18_21,True,-0.009,1,0,,,,False
839,855,False,0.79,0,3,0.882300578917468,0.008212001994252205,0.7404502814258912,False
839,948,False,0.843,0,3,0.08190033141584871,,,False
839,958,False,0.428,1,2,1.8901567650007849,,,False
84,863,False,0.199,1,0,,,,False
840,896,False,0.834,0,2,1.3372844588255925,0.01208336092531681,0.9476514899150001,False
840,im0272,True,0.094,1,4,0.2297063560651248,,,False
841,852,False,0.862,0,3,1.0267649649702058,-0.0015672574518248439,0.9623434781674864,False
841,856,False,0.732,0,2,0.3886054598222897,,,False
842,870,False,0.526,0,0,,,,False
842,894,False,0.6,1,0,,,,False
842,im0043,True,0.052,1,2,0.46577204688346624,,,False
843,873,False,0.715,0,0,,,,False
843,aria_a_11_6,True,0.368,1,0,,,,False
843,aria_c_22_1,True,-0.05,1,0,,,,False
844,875,False,0.746,0,0,,,,False
846,919,False,0.789,0,0,,,,False
846,968,False,0.748,1,0,,,,False
847,854,False,0.609,0,2,0.6279600275138133,,,False
847,aria_d_22_2,True,-0.042,1,2,0.3969710845230446,,,False
848,907,False,0.609,0,2,0.9545448282291912,-0.015677740797400475,0.46538672458843644,False
848,965,False,0.548,0,3,0.6778445154268775,0.015151597559452057,0.4601207243460765,False
848,aria_a_12_15,True,-0.079,2,2,0.29232952320626876,,,False
848,aria_c_22_9,True,0.009,1,3,0.369636729336457,,,False
848,aria_d_21_2,True,0.363,1,2,0.6049023294148529,,,False
848,im0100,True,-0.043,1,3,0.08858220587653952,,,False
848,im0107,True,-0.122,1,3,1.0004478232013205,-0.004994028713554144,0.7870582487378536,False
849,971,False,0.667,0,0,,,,False
849,995,False,0.874,0,0,,,,False
850,867,False,0.704,1,4,7.306091245779711,,,False
850,871,False,0.593,0,3,1.1979870613393115,-0.0019592493772506714,0.4372937471111159,False
850,993,False,0.409,0,2,1.523348446740033,,,False
850,im0133,True,0.017,1,2,0.9712292134073555,-0.0018135950667783618,0.5688902468707437,False
850,im0138,True,-0.025,1,2,0.30291533420022604,,,False
851,942,False,0.559,0,2,1.3644198250409745,0.01293384563177824,0.9560029628357344,False
851,im0381,True,-0.033,1,0,,,,False
852,953,False,0.677,1,3,0.31563164109527814,,,False
852,im0185,True,0.036,1,2,0.7605214331620213,-0.00751247676089406,0.5571072345776367,False
853,983,False,0.395,1,2,0.939461475223121,-0.01000301819294691,0.4818270645206318,False
854,im0046,True,-0.001,1,0,,,,False
854,im0235,True,-0.012,1,3,1.0657047986701074,0.01301616057753563,0.9616343298081994,False
855,im0234,True,0.204,1,2,0.9296257293302995,-0.009891166351735592,0.7489187507392608,False
856,857,False,0.083,36,52,1.0161198533469398,0.5930693745613098,0.5608469575182474,True
856,984,False,0.726,0,0,,,,False
856,aria_c_35_2,True,0.351,2,3,0.4321289420320547,,,False
856,im0082,True,0.218,1,3,1.2294740564660922,-0.002210111590102315,0.8349293450010985,False
856,im0252,True,-0.075,1,2,2.3868165671975676,,,False
857,aria_a_13_2,True,0.385,0,0,,,,False
86,im0176,True,-0.14,1,2,2.026822904344102,,,False
860,944,False,0.38,1,3,0.3284163096681321,,,False
861,924,False,0.746,0,0,,,,False
861,im0030,True,-0.192,1,0,,,,False
862,962,False,0.439,0,0,,,,False
862,im0122,True,0.188,1,0,,,,False
863,870,False,0.35,2,2,0.9246041972044998,0.003931103274226189,0.6799969947730518,False
863,911,False,0.733,0,3,1.5123001945183452,,,False
863,aria_d_23_1,True,-0.183,1,3,1.1118699053967476,0.003904876299202442,0.9995940149567244,False
864,im0226,True,0.102,1,2,1.921687489422916,,,False
865,im0150,True,0.082,1,2,0.5486038956762436,,,False
865,im0341,True,0.088,1,0,,,,False
866,im0034,True,0.337,0,0,,,,False
868,926,False,0.823,2,4,0.9943131929412652,-0.002114367438480258,0.9797597171625992,False
868,985,False,0.826,0,3,0.9180366085114656,-0.019177524372935295,0.8419466602207719,False
869,im0312,True,0.221,2,0,,,,False
869,im0322,True,-0.019,1,0,,,,False
87,93,False,0.157,1,0,,,,False
870,894,False,0.555,0,2,2.3683744931422575,,,False
870,im0352,True,-0.038,1,2,1.3250061265602024,-0.0033793512266129255,0.7045024533442956,False
871,882,False,0.568,0,2,0.9220485694979603,-0.005026354920119047,0.6143586985748857,False
872,883,False,0.823,3,6,0.9763233711515394,0.013624902814626694,0.9545728751481202,False
872,885,False,0.729,1,3,1.1563958433226602,-0.012219120748341084,0.9321242939671404,False
872,975,False,0.853,0,4,0.9792726340936719,-0.011222735978662968,0.9577951385157644,False
872,im0236,True,-0.231,1,2,1.6857043699896654,,,False
873,874,False,0.827,0,0,,,,False
874,980,False,0.147,2,0,,,,False
874,aria_a_11_6,True,0.497,0,0,,,,False
874,im0060,True,0.601,0,0,,,,False
874,im0284,True,0.484,0,0,,,,False
874,im0330,True,0.478,0,0,,,,False
874,im0336,True,0.514,0,0,,,,False
875,im0213,True,-0.011,1,0,,,,False
876,im0151,True,-0.024,1,0,,,,False
877,958,False,0.752,0,0,,,,False
878,aria_a_15_35,True,0.01,1,0,,,,False
879,915,False,0.365,1,2,13.269382939957723,,,False
879,919,False,0.738,0,0,,,,False
879,im0306,True,0.121,2,2,1.6613126261536688,,,False
88,921,False,0.47,0,2,0.5902803498359086,,,False
88,93,False,0.73,0,2,1.2026726143646107,0.007872643880546093,0.4857403629335338,False
880,910,False,0.72,1,0,,,,False
880,920,False,0.483,2,0,,,,False
880,969,False,0.837,0,0,,,,False
881,971,False,-0.058,1,0,,,,False
881,978,False,0.584,0,0,,,,False
881,im0089,True,0.621,0,0,,,,False
882,966,False,0.694,0,2,0.38249471843175364,,,False
883,aria_c_20_10,True,-0.105,3,4,0.7105931786756303,0.00383721268735826,0.5784134036841618,False
884,im0289,True,-0.13,1,3,0.49950193143941224,,,False
885,im0209,True,0.201,1,2,0.1528825605995447,,,False
886,905,False,0.698,0,2,0.8212196098911576,0.03237120062112808,0.5416287070878125,False
886,im0356,True,0.134,1,2,0.43473865224088837,,,False
887,996,False,0.676,0,0,,,,False
889,899,False,0.814,0,0,,,,False
89,969,False,0.506,2,0,,,,False
890,aria_c_2_2,True,0.289,0,0,,,,False
891,992,False,0.525,0,0,,,,False
891,aria_d_9_24,True,-0.028,2,0,,,,False
891,im0171,True,-0.068,1,0,,,,False
893,899,False,0.559,1,3,0.3522055435136864,,,False
895,im0170,True,0.399,1,2,0.580079077482028,,,False
896,974,False,0.821,0,2,0.8372697235381837,-0.007541881408542395,0.6575482887611565,False
898,943,False,0.376,2,0,,,,False
898,995,False,0.797,0,0,,,,False
898,997,False,0.374,1,0,,,,False
899,996,False,0.636,3,0,,,,False
899,im0006,True,-0.015,1,0,,,,False
90,92,False,0.509,2,3,1.0962830092593272,-0.008582117967307568,0.8073248236696046,False
900,969,False,0.866,0,4,1.0927095283599657,-0.022257564589381218,1.0,False
900,988,False,0.834,0,4,0.9971369713270994,0.02174563892185688,0.9779373045468711,False
901,970,False,0.819,0,4,0.9982555725446514,0.04228324070572853,0.8763202689133388,False
901,985,False,0.682,1,2,0.6230738398584268,,,False
901,aria_d_16_22,True,-0.072,1,3,0.49294198965689656,,,False
902,aria_c_26_15,True,0.005,1,3,0.163690989832335,,,False
903,962,False,0.438,0,0,,,,False
904,915,False,0.479,1,2,0.47141593765433326,,,False
905,977,False,0.87,0,0,,,,False
905,aria_c_27_3,True,0.129,2,0,,,,False
905,aria_d_6_11,True,0.008,2,2,1.0183968805102404,-0.02359018288552761,0.9487429536426991,False
907,im0074,True,0.194,2,2,0.9871221086030357,0.015085465274751186,0.4250803027329258,False
908,930,False,0.841,0,3,0.9935012494904542,-0.002975334180518985,0.9683358906402567,False
908,aria_d_4_5,True,-0.087,2,2,0.8198189419674463,-0.0033535193651914597,0.5728591626138837,False
909,934,False,0.718,1,3,1.0737407897374214,-0.00512024387717247,0.997308723281961,False
91,938,False,0.779,0,2,0.2947260717083885,,,False
91,im0225,True,0.529,0,0,,,,False
910,965,False,0.853,0,5,0.9965058977936913,-0.008654609322547913,0.9796592890677398,False
910,im0057,True,0.075,1,3,0.840055969402377,0.0010253858054056764,0.3118539877363679,False
910,im0129,True,0.111,1,3,4.16845221479305,,,False
911,aria_d_13_22,True,0.047,1,2,0.6230049148626888,,,False
911,im0010,True,-0.032,1,0,,,,False
912,im0249,True,0.488,0,0,,,,False
912,im0289,True,0.629,0,4,0.29102292548837216,,,False
912,im0308,True,0.328,2,0,,,,False
913,964,False,0.162,1,0,,,,False
913,aria_a_11_6,True,-0.115,1,2,1.6729359455317816,,,False
914,aria_c_38_2,True,0.073,1,2,0.7677218909345767,0.007965094409883022,0.5075225830078125,False
914,im0355,True,-0.116,1,0,,,,False
915,979,False,0.83,2,0,,,,False
916,im0187,True,0.217,1,0,,,,False
916,im0246,True,0.076,1,0,,,,False
917,995,False,0.781,0,4,1.0412099235299694,0.005322607699781656,0.9998925597636314,False
917,im0190,True,0.138,1,0,,,,False
918,972,False,0.579,0,0,,,,False
918,aria_a_10_10,True,-0.027,1,3,17.894702819905547,,,False
918,im0105,True,0.107,1,0,,,,False
918,im0121,True,-0.049,1,0,,,,False
918,im0126,True,-0.068,1,0,,,,False
919,920,False,0.826,0,0,,,,False
919,955,False,0.602,0,0,,,,False
919,981,False,0.831,0,0,,,,False
92,935,False,0.664,0,3,1.1077687938454421,0.0033198383171111345,0.9725175451294507,False
92,975,False,0.862,0,5,0.9109408637347686,0.030282264575362206,0.8041543983322229,False
920,im0017,True,0.37,0,0,,,,False
921,im0156,True,-0.16,1,3,0.7873306297523502,-0.013955394737422466,0.4539780510294909,False
922,951,False,0.666,0,3,0.45532915703531807,,,False
923,968,False,0.769,0,0,,,,False
925,98,False,0.269,1,0,,,,False
926,aria_c_34_1,True,-0.054,1,2,5.014675740831663,,,False
926,im0057,True,0.06,1,2,1.5140183528057956,,,False
928,947,False,0.138,1,2,16.118726213958553,,,False
928,975,False,0.886,0,7,0.9835709889628601,0.015811914578080177,0.9671495196544091,False
928,991,False,0.715,0,2,1.3572722547167897,0.015778297558426857,0.5380387526166067,False
928,im0056,True,0.204,1,3,1.2108752622390928,-0.005932021886110306,0.477625193598348,False
929,im0100,True,0.122,1,0,,,,False
93,934,False,0.12,1,3,2.52265187853756,,,False
931,965,False,0.854,0,4,0.9551632476419389,0.0062132528983056545,0.9111093226022804,False
931,975,False,0.814,0,4,1.008896674285663,0.01588618755340576,0.9986889896623611,False
932,995,False,0.804,0,0,,,,False
934,im0088,True,-0.127,1,0,,,,False
934,im0247,True,0.17,1,0,,,,False
935,942,False,0.726,0,3,0.9881171964327629,-0.01082687173038721,0.8300126671962557,False
935,984,False,0.666,0,3,0.22084504057631557,,,False
935,im0101,True,0.031,1,2,0.5978834907113019,,,False
935,im0198,True,0.071,1,2,5.618943408464854,,,False
935,im0342,True,-0.029,1,3,0.6709059268012036,-0.006885360926389694,0.3805874356411726,False
936,943,False,0.676,0,4,1.3179122415009141,-0.009405017830431461,0.8765260583174201,False
936,965,False,0.438,1,3,0.24097315105205697,,,False
936,978,False,0.808,3,3,0.9662635528325096,0.026579653844237328,0.9319432144486488,False
936,990,False,0.591,1,4,0.9918368171785835,0.012291505932807922,0.9818594833220826,False
936,aria_c_29_2,True,0.494,0,2,0.8145156370260707,-0.005712802056223154,0.4944186499561674,False
937,939,False,0.01,6,8,1.0458158955234393,0.41923725605010986,0.25836616024548975,False
937,im0312,True,0.348,0,0,,,,False
937,im0349,True,0.531,0,0,,,,False
938,974,False,0.886,0,4,1.0134320495943627,0.040747255086898804,0.9943057098541811,False
938,im0136,True,0.429,0,0,,,,False
939,im0251,True,-0.085,1,0,,,,False
94,im0120,True,0.027,2,3,0.8046621388063859,0.0013861608458682895,0.5960158275344521,False
94,im0225,True,-0.089,1,3,0.8081580249111492,0.012418639846146107,0.5443179220326805,False
940,956,False,0.797,2,3,0.9916293510005848,-0.001060446840710938,0.46920106696495795,False
940,im0195,True,0.145,2,3,0.38855595356329775,,,False
941,982,False,0.7,0,4,0.6227103727764214,,,False
941,aria_c_29_2,True,-0.189,1,2,1.4842911138100061,0.013437135145068169,0.9474593330952303,False
942,947,False,0.115,1,2,0.33911215239351716,,,False
942,969,False,0.872,0,2,1.0321441842520538,-0.0020091396290808916,0.9368810884791885,False
942,aria_d_11_1,True,0.486,1,3,0.2329977416347845,,,False
942,aria_d_1_19,True,-0.149,1,3,0.31951196147068134,,,False
942,im0160,True,0.191,1,2,0.6314832968223699,,,False
942,im0201,True,0.311,1,3,0.565125673349889,,,False
944,aria_c_26_15,True,0.156,1,0,,,,False
946,im0176,True,0.405,0,0,,,,False
946,im0313,True,-0.002,2,2,0.1408911169949438,,,False
948,987,False,0.574,0,0,,,,False
95,96,False,-0.04,81,103,1.0036805007096614,0.6195569038391113,0.4300482094032414,True
95,im0103,True,0.221,1,3,0.5099877825491858,,,False
951,aria_c_7_2,True,0.117,1,3,0.5046926349577857,,,False
951,im0396,True,-0.164,1,2,0.386465003140008,,,False
951,im0398,True,-0.01,1,3,0.2920661158579627,,,False
952,im0182,True,-0.203,1,3,0.8662191076988999,0.008279763162136078,0.7584200757616871,False
953,984,False,0.825,0,3,0.15147354386741405,,,False
953,991,False,0.72,0,3,0.5231773687576328,,,False
953,im0139,True,0.169,1,3,0.17259017417605052,,,False
956,aria_c_27_3,True,0.06,1,2,0.3383566131906022,,,False
956,im0402,True,-0.1,2,2,0.28198391402614986,,,False
957,im0240,True,-0.162,2,4,1.575489270749395,,,False
958,963,False,0.503,0,2,1.3759892619767704,-0.015321202576160431,0.9266066865646003,False
959,aria_d_4_31,True,-0.038,1,2,1.6616656224752082,,,False
96,im0304,True,0.054,1,4,0.9759803574053786,0.02427927777171135,0.4675561228530301,False
960,961,False,0.041,2,3,1.0849859031585722,-0.014574291184544563,0.6349022782467908,False
960,aria_a_12_34,True,0.257,0,0,,,,False
960,im0037,True,0.182,1,0,,,,False
961,aria_a_42_1,True,0.513,0,0,,,,False
961,im0007,True,-0.134,1,0,,,,False
961,im0017,True,-0.111,1,0,,,,False
961,im0031,True,0.577,0,0,,,,False
964,aria_c_22_9,True,0.289,1,3,0.794854025245539,-0.04042495787143707,0.6830350358307712,False
964,aria_d_15_22,True,-0.189,2,2,1.0609000300783937,0.015858685597777367,0.9986685303225651,False
966,im0321,True,0.065,1,0,,,,False
967,968,False,0.527,0,0,,,,False
967,aria_d_11_22,True,-0.096,1,0,,,,False
967,aria_d_25_33,True,0.452,0,0,,,,False
97,aria_d_9_3,True,-0.02,1,2,1.1726096338661631,0.018364129588007927,0.9520002863517593,False
97,im0383,True,0.106,1,0,,,,False
970,im0188,True,-0.056,2,2,0.9896987964086138,0.00985874142497778,0.43542466877274105,False
973,aria_d_24_6,True,-0.01,1,2,0.666423150750033,,,False
974,978,False,0.866,0,0,,,,False
974,im0123,True,0.029,1,2,0.8927053367210029,0.002189770108088851,0.5749758800067636,False
975,aria_c_4_8,True,-0.091,1,2,0.6472158728828836,,,False
975,aria_d_8_23,True,0.053,1,3,0.1423720337083386,,,False
975,im0075,True,0.223,1,2,0.9218655559479456,0.006854700390249491,0.573217597247358,False
976,998,False,0.685,1,5,0.9462255606246381,0.0012685757828876376,0.8902486746109601,False
980,994,False,0.689,0,0,,,,False
982,im0177,True,0.149,1,0,,,,False
983,im0033,True,-0.038,2,3,0.32407501891922524,,,False
983,im0196,True,0.017,1,4,0.0826361561673008,,,False
985,im0100,True,0.112,1,3,0.33823361479870306,,,False
987,im0161,True,-0.143,1,0,,,,False
988,im0051,True,-0.229,1,4,1.2379324012546262,0.01797572709619999,0.691002934284689,False
988,im0115,True,0.018,1,2,0.7833920497729714,-0.005257626064121723,0.5421211680483509,False
989,aria_c_28_19,True,-0.034,1,2,1.853231958959059,,,False
99,aria_a_42_1,True,-0.067,2,3,0.16669316439429907,,,False
99,aria_c_31_20,True,0.058,1,3,0.9657771532774613,0.07237555831670761,0.48080235269306026,False
990,im0147,True,-0.149,1,0,,,,False
991,aria_c_3_2,True,0.523,0,0,,,,False
992,im0352,True,-0.095,1,4,0.250777208201304,,,False
997,im0081,True,0.025,2,0,,,,False
998,aria_c_2_3,True,0.638,0,2,0.30122440783032706,,,False
998,aria_d_3_2,True,0.529,0,2,0.8632704262837636,0.01909097097814083,0.785320597550939,False
998,aria_d_6_3,True,0.044,1,3,0.1374110333342312,,,False
998,im0166,True,0.549,0,0,,,,False
aria_a_10_10,im0221,True,0.007,1,0,,,,False
aria_a_10_27,aria_d_3_2,False,-0.217,2,2,2.999453716746964,,,False
aria_a_10_27,aria_d_3_32,False,0.32,1,2,16.627556822708033,,,False
aria_a_10_27,aria_d_4_31,False,0.617,0,0,,,,False
aria_a_10_27,aria_d_7_17,False,0.578,0,3,1.35307398188833,0.017400039359927177,0.9397702761321298,False
aria_a_10_27,im0074,True,-0.23,2,0,,,,False
aria_a_11_30,aria_a_9_43,False,0.524,0,2,2.9765025079414156,,,False
aria_a_11_30,aria_c_20_18,False,0.55,0,0,,,,False
aria_a_11_30,aria_c_31_2,False,0.396,0,2,0.7333568176380353,0.009985213167965412,0.4959713936816028,False
aria_a_11_30,im0110,True,-0.126,1,3,3.9397330044294114,,,False
aria_a_11_30,im0323,True,-0.018,3,4,0.7134468683925589,0.0203329436480999,0.4400095793086932,False
aria_a_11_6,im0249,True,0.493,0,2,0.5557428823452124,,,False
aria_a_12_15,im0128,True,-0.017,1,0,,,,False
aria_a_12_15,im0212,True,0.028,2,0,,,,False
aria_a_12_34,aria_d_10_2,False,0.259,0,0,,,,False
aria_a_12_34,aria_d_5_22,False,0.02,1,0,,,,False
aria_a_12_34,im0061,True,-0.032,1,0,,,,False
aria_a_13_2,im0209,True,0.259,1,2,0.7285659146148502,-0.00572251295670867,0.47684551635045924,False
aria_a_13_2,im0370,True,0.358,0,3,0.16966356272870192,,,False
aria_a_13_22,aria_d_25_2,False,0.09,1,3,0.0758721611319862,,,False
aria_a_13_22,aria_d_7_22,False,0.402,0,3,1.033694853046873,-0.005975456442683935,0.9748977090275021,False
aria_a_14_11,aria_a_56_1,False,0.325,0,0,,,,False
aria_a_14_11,aria_d_4_5,False,0.317,0,0,,,,False
aria_a_14_11,aria_d_8_2,False,0.141,1,2,0.9730303858382187,-0.0057251108810305595,0.3861032423362142,False
aria_a_14_11,aria_d_9_3,False,0.319,0,0,,,,False
aria_a_14_11,im0136,True,-0.024,1,0,,,,False
aria_a_15_35,aria_c_35_26,False,-0.055,1,0,,,,False
aria_a_15_35,aria_d_18_2,False,0.029,1,0,,,,False
aria_a_15_35,aria_d_6_3,False,0.446,0,0,,,,False
aria_a_15_35,im0062,True,0.047,1,4,0.5702166722469583,,,False
aria_a_18_23,im0166,True,0.533,2,0,,,,False
aria_a_20_6,aria_d_10_19,False,0.468,0,2,0.3978440296668387,,,False
aria_a_20_6,im0151,True,0.325,0,2,0.8133026004929439,0.013630053959786892,0.5012482707937057,False
aria_a_20_6,im0205,True,0.503,0,3,0.6076350644406224,,,False
aria_a_26_10,im0251,True,0.351,0,0,,,,False
aria_a_26_10,im0321,True,0.343,0,0,,,,False
aria_a_27_11,aria_c_5_1,False,0.005,1,2,3.9790322511601177,,,False
aria_a_27_11,aria_d_18_2,False,0.439,0,2,0.6417827454058068,,,False
aria_a_27_11,im0317,True,0.122,2,3,0.1778970047051531,,,False
aria_a_34_6,aria_c_29_2,False,0.493,0,0,,,,False
aria_a_34_6,im0010,True,-0.044,2,2,0.2609453417830056,,,False
aria_a_34_6,im0189,True,0.561,0,0,,,,False
aria_a_39_1,aria_a_5_9,False,0.14,1,3,0.06797461174488455,,,False
aria_a_39_1,aria_d_17_2,False,0.407,0,3,0.501227258823335,,,False
aria_a_39_1,aria_d_8_23,False,-0.038,1,3,0.7497034436523368,0.03646312654018402,0.5601676430078797,False
aria_a_39_1,im0215,True,0.158,2,2,2.2379651405372605,,,False
aria_a_42_1,aria_d_24_6,False,0.492,0,0,,,,False
aria_a_42_1,im0076,True,-0.287,1,0,,,,False
aria_a_42_1,im0249,True,0.057,1,0,,,,False
aria_a_43_9,im0091,True,0.04,1,0,,,,False
aria_a_43_9,im0155,True,0.293,0,2,2.1026408382008417,,,False
aria_a_46_14,aria_c_1_8,False,0.609,0,0,,,,False
aria_a_46_14,aria_c_4_1,False,0.573,0,2,1.7204698575287272,,,False
aria_a_46_14,aria_c_9_1,False,0.619,0,3,0.3582197428108011,,,False
aria_a_46_14,im0374,True,0.025,1,3,0.771302579202463,-0.0022930591367185116,0.36970833352528987,False
aria_a_56_1,aria_c_26_2,False,0.435,0,3,1.4237598737767965,0.0035791934933513403,0.9232682188423557,False
aria_a_56_1,aria_c_9_1,False,0.427,0,0,,,,False
aria_a_56_1,aria_d_16_22,False,0.096,1,2,0.47417086288050825,,,False
aria_a_56_1,aria_d_5_2,False,0.434,0,3,0.880810892436793,-0.014839661307632923,0.5837872012539268,False
aria_a_5_9,aria_d_12_20,False,0.067,2,0,,,,False
aria_a_5_9,im0068,True,0.069,1,2,1.3114285533637275,-0.010568547993898392,0.8172760866458423,False
aria_a_5_9,im0084,True,-0.069,1,2,0.9596361796856923,0.009099485352635384,0.6589570274148479,False
aria_a_9_43,aria_c_20_18,False,0.637,0,2,6.089315955263231,,,False
aria_a_9_43,aria_c_22_9,False,0.518,0,2,0.9299192478510503,-0.010641996748745441,0.422674506961574,False
aria_a_9_43,aria_c_26_2,False,0.061,1,3,0.600832305715288,,,False
aria_a_9_43,aria_c_5_1,False,0.278,1,2,0.3648246493470639,,,False
aria_a_9_43,aria_d_16_21,False,0.527,0,3,1.6569247759299417,,,False
aria_a_9_43,im0037,True,0.422,0,2,0.8925303364842687,-0.010659712366759777,0.4907642819243014,False
aria_a_9_43,im0061,True,0.282,2,2,1.2531266182524148,-0.0026724764611572027,0.9663139311703908,False
aria_a_9_43,im0077,True,0.136,2,2,0.8045676609957392,-0.005294347181916237,0.3337448930386354,False
aria_c_1_7,aria_d_17_12,False,0.592,0,0,,,,False
aria_c_1_7,aria_d_22_22,False,0.614,0,3,0.44950816320313064,,,False
aria_c_1_7,aria_d_3_33,False,0.528,0,0,,,,False
aria_c_1_7,im0249,True,-0.279,1,2,9.089857542977647,,,False
aria_c_1_8,aria_c_4_1,False,0.552,0,3,0.16117875842960788,,,False
aria_c_1_8,aria_d_20_2,False,0.556,0,0,,,,False
aria_c_1_8,im0037,True,0.384,0,0,,,,False
aria_c_1_8,im0194,True,0.46,0,0,,,,False
aria_c_1_8,im0331,True,0.031,1,2,0.2076848821376615,,,False
aria_c_20_1,aria_c_38_42,False,0.22,1,3,0.36641583539713746,,,False
aria_c_20_1,aria_c_6_5,False,0.083,1,4,0.06755085681313446,,,False
aria_c_20_1,im0010,True,0.348,0,4,1.377155550400214,-0.023119552060961723,0.8322187848582591,False
aria_c_20_10,aria_c_20_18,False,0.019,31,81,0.9859056182900874,0.7213395237922668,0.7873512599677249,True
aria_c_20_10,aria_c_27_3,False,0.495,0,0,,,,False
aria_c_20_10,aria_d_3_32,False,0.47,0,2,0.7039890470989807,-0.02766098827123642,0.36804092328078647,False
aria_c_20_10,aria_d_4_31,False,0.507,0,2,1.3187721719133465,-0.023332910612225533,0.36918553880188626,False
aria_c_20_18,aria_c_22_9,False,0.517,0,2,25.91149683712377,,,False
aria_c_20_18,aria_c_35_26,False,0.452,0,3,1.6597570269861026,,,False
aria_c_20_18,im0001,True,-0.027,1,3,0.08860470784386353,,,False
aria_c_20_18,im0034,True,0.324,0,2,1.9836713976727138,,,False
aria_c_20_18,im0037,True,0.381,0,3,2.795849655015635,,,False
aria_c_21_12,aria_c_25_10,False,0.526,0,4,1.2143221962196136,0.01865583285689354,0.999935927306617,False
aria_c_21_12,aria_d_4_31,False,0.538,0,0,,,,False
aria_c_21_12,im0092,True,-0.174,1,2,1.4574393641511032,0.010451962240040302,0.998689322660675,False
aria_c_21_12,im0097,True,0.458,0,0,,,,False
aria_c_21_12,im0372,True,-0.076,1,2,1.0270189226410804,-0.0027881059795618057,0.528124452095188,False
aria_c_21_3,aria_c_4_1,False,0.538,0,3,0.20378611815647693,,,False
aria_c_21_3,aria_d_14_2,False,0.499,0,3,0.9694250008502246,0.03063364513218403,0.6971077467700634,False
aria_c_21_3,aria_d_29,False,0.536,0,0,,,,False
aria_c_21_3,im0057,True,0.084,2,2,0.5431859039564112,,,False
aria_c_22_1,im0031,True,0.597,0,3,1.119235454643625,0.002228633500635624,0.296874652553868,False
aria_c_22_1,im0086,True,0.407,0,0,,,,False
aria_c_22_1,im0094,True,0.206,1,2,1.1446422134433694,0.010134946554899216,0.9266868247785354,False
aria_c_22_1,im0245,True,0.678,0,3,3.480014666151678,,,False
aria_c_22_9,aria_c_23_23,False,0.559,0,3,1.3574939120809195,0.00774061493575573,0.9511712870474262,False
aria_c_22_9,aria_c_28_19,False,0.078,1,2,0.9659683253840992,0.0014194143004715443,0.6247932408802819,False
aria_c_23_23,aria_d_16_22,False,0.484,0,3,0.8205507136517003,0.024368828162550926,0.3617210368980069,False
aria_c_23_23,im0106,True,-0.048,1,4,0.135093788248096,,,False
aria_c_23_4,aria_d_13_2,False,0.105,2,3,0.6424991433576668,,,False
aria_c_23_4,aria_d_2_6,False,0.027,1,3,0.592255885393762,,,False
aria_c_23_4,im0115,True,-0.06,1,3,0.8046438063005497,-0.005559992976486683,0.3221020991903815,False
aria_c_23_4,im0245,True,0.644,0,2,0.1860167226398552,,,False
aria_c_24_2,aria_d_7_17,False,-0.079,1,2,0.882101858739661,0.002376568503677845,0.6510051161989198,False
aria_c_24_2,im0199,True,0.432,0,3,0.536340138642615,,,False
aria_c_24_2,im0212,True,0.402,0,3,0.04170172501673539,,,False
aria_c_25_1,aria_c_26_2,False,0.552,0,3,0.12829019625141969,,,False
aria_c_25_1,aria_c_35_2,False,0.599,0,3,1.347333799981748,0.008978444151580334,0.8643056782296217,False
aria_c_25_1,aria_c_5_4,False,0.614,0,2,0.8219563728559308,0.002949387999251485,0.5880371851309931,False
aria_c_25_1,aria_c_9_1,False,0.649,0,3,0.6220474826252903,,,False
aria_c_25_1,aria_d_18_21,False,0.218,2,3,4.117824514583486,,,False
aria_c_25_1,im0057,True,0.424,0,3,0.9491935182944159,0.017185091972351074,0.767304519451683,False
aria_c_25_1,im0282,True,0.351,0,3,1.7274758730361983,,,False
aria_c_25_10,aria_d_12_20,False,0.59,0,3,1.4819638212898747,-0.0010904796654358506,0.9807560621284166,False
aria_c_25_10,aria_d_8_23,False,0.584,0,2,0.24570903981521966,,,False
aria_c_25_10,aria_d_9_24,False,0.478,0,2,2.5700161654866283,,,False
aria_c_26_15,aria_c_32_21,False,0.166,1,2,0.09633869766339366,,,False
aria_c_26_15,aria_c_35_27,False,0.495,0,2,0.18045914432863674,,,False
aria_c_26_15,aria_c_38_42,False,0.513,0,3,0.2925730799877002,,,False
aria_c_26_15,aria_c_9_6,False,0.467,0,3,0.6059282285551241,,,False
aria_c_26_15,aria_d_4_5,False,0.169,1,4,0.46175391005987937,,,False
aria_c_26_2,aria_c_44_12,False,0.171,1,3,0.7187733945351581,-0.014224560000002384,0.4373779296875,False
aria_c_26_2,aria_c_9_1,False,0.538,0,0,,,,False
aria_c_26_2,im0057,True,0.179,1,2,0.8971426300760387,-0.02584020048379898,0.6773061127986884,False
aria_c_27_3,aria_d_12_20,False,0.504,0,3,0.753800464615994,-0.017755495384335518,0.3713305643907153,False
aria_c_28_19,aria_d_10_19,False,0.468,0,2,0.5291008463825225,,,False
aria_c_28_19,im0059,True,0.412,0,3,0.9557323858479327,0.0013722660951316357,0.7050586602750094,False
aria_c_28_19,im0101,True,-0.025,1,3,0.34988025424988894,,,False
aria_c_28_19,im0205,True,0.604,0,2,1.322214854889369,0.0019152687164023519,0.6439965376530233,False
aria_c_28_19,im0368,True,0.241,0,2,0.9160351093169025,0.014454514719545841,0.635359419652671,False
aria_c_29_2,aria_d_5_2,False,-0.135,1,3,0.6655012866815514,,,False
aria_c_29_2,im0105,True,-0.163,1,3,0.37583520437204904,,,False
aria_c_2_2,aria_c_2_3,False,0.043,4,11,0.9849483619945675,0.5891281962394714,0.7187933792287041,True
aria_c_2_2,im0004,True,0.28,0,0,,,,False
aria_c_2_2,im0007,True,0.319,0,2,0.371096153774371,,,False
aria_c_2_3,aria_d_22_2,False,0.63,0,0,,,,False
aria_c_2_3,aria_d_8_2,False,0.568,0,2,1.0390962338481262,-0.01103651151061058,0.70491191984074,False
aria_c_2_8,aria_c_31_20,False,0.588,0,2,0.43781277966628634,,,False
aria_c_2_8,aria_d_17_12,False,0.512,0,2,1.3116204050367983,-0.01000871043652296,0.4497641302118433,False
aria_c_2_8,aria_d_20_17,False,0.328,0,2,0.12150207294264082,,,False
aria_c_2_8,im0073,True,0.482,2,6,1.000768773885417,0.023630740121006966,0.7146669548344053,False
aria_c_2_8,im0215,True,0.342,0,2,0.2943209634789522,,,False
aria_c_30_2,aria_d_3_2,False,0.071,1,3,0.6791101103092442,0.014944723807275295,0.4671733546150585,False
aria_c_30_2,aria_d_8_23,False,0.557,0,3,0.2226914745738539,,,False
aria_c_31_2,im0236,True,0.029,1,3,1.6974132511522344,,,False
aria_c_31_2,im0297,True,0.204,1,3,1.0716389967048425,-0.010829197242856026,0.8564632519567349,False
aria_c_31_20,im0361,True,0.052,1,2,1.5450876577125314,,,False
aria_c_32_2,im0194,True,-0.11,1,3,0.06028590629377055,,,False
aria_c_33_4,aria_c_35_26,False,0.382,0,3,1.2319861390134936,0.011086838319897652,0.4798530131631004,False
aria_c_33_4,aria_d_12_20,False,-0.186,1,2,0.7301576511778545,0.003690962912514806,0.463889617745125,False
aria_c_33_4,im0289,True,0.392,0,2,3.341404673868544,,,False
aria_c_34_1,aria_c_35_2,False,0.557,0,3,0.9301782777399943,-0.0015770726604387164,0.715689240039202,False
aria_c_34_1,aria_d_15_22,False,0.06,2,4,0.1452687468135436,,,False
aria_c_35_2,aria_d_4_5,False,0.474,0,2,0.7716862971405063,0.011327044107019901,0.5443303081679466,False
aria_c_35_2,im0069,True,0.478,0,2,3.5575707757415307,,,False
aria_c_35_26,aria_c_35_27,False,0.263,130,200,0.9999747708829969,0.8412684798240662,0.7678484306391283,True
aria_c_35_26,im0174,True,0.442,0,2,5.654967328939064,,,False
aria_c_35_27,aria_c_9_6,False,0.555,0,3,0.827020686790992,-0.020333506166934967,0.5585430789800849,False
aria_c_36_4,aria_d_11_22,False,0.429,0,2,4.408098202265176,,,False
aria_c_36_4,aria_d_7_17,False,0.45,0,0,,,,False
aria_c_36_4,im0068,True,-0.129,1,0,,,,False
aria_c_36_4,im0192,True,-0.009,1,2,0.7728418446097307,-0.0006148085230961442,0.49911299569478396,False
aria_c_36_4,im0358,True,-0.169,1,3,0.11016419474996357,,,False
aria_c_36_4,im0385,True,0.463,0,0,,,,False
aria_c_36_44,aria_d_3_33,False,0.544,0,0,,,,False
aria_c_36_44,im0116,True,0.535,0,0,,,,False
aria_c_38_2,aria_c_40_a_6,False,0.687,0,0,,,,False
aria_c_38_2,aria_c_41_3,False,0.526,0,3,2.99136677282962,,,False
aria_c_38_2,aria_c_44_12,False,0.579,0,2,5.710229803513516,,,False
aria_c_38_2,aria_c_47_2,False,0.652,0,3,0.8160534359172449,0.02540288306772709,0.6033376057942709,False
aria_c_38_2,im0038,True,0.149,1,3,0.04186744751295894,,,False
aria_c_38_2,im0128,True,0.645,0,2,0.9821573727110108,-0.00530980434268713,0.7589597584048902,False
aria_c_38_42,aria_c_41_15,False,0.509,0,3,1.3684577983618729,-0.01849895529448986,0.5220591227213541,False
aria_c_38_42,aria_c_44_12,False,0.626,0,3,0.8977760583989417,-0.00033148456714116037,0.5820770263671875,False
aria_c_38_42,aria_c_44_3,False,0.471,0,2,1.627402812345972,,,False
aria_c_38_42,aria_d_9_24,False,0.276,2,3,0.580708577673811,,,False
aria_c_38_42,im0091,True,-0.049,1,4,1.2363134509675044,-0.0035941714886575937,0.8191078058771344,False
aria_c_39_a_10,im0046,True,0.128,1,3,2.075719987991171,,,False
aria_c_39_a_10,im0118,True,0.454,0,0,,,,False
aria_c_39_a_10,im0175,True,-0.018,1,0,,,,False
aria_c_39_a_10,im0240,True,0.228,1,0,,,,False
aria_c_39_a_10,im0286,True,0.045,1,0,,,,False
aria_c_40_a_6,aria_c_40_b_14,False,0.642,0,0,,,,False
aria_c_40_a_6,aria_c_43_1,False,0.548,0,0,,,,False
aria_c_40_a_6,aria_c_45_2,False,0.592,0,0,,,,False
aria_c_40_a_6,aria_c_46_12,False,0.515,0,0,,,,False
aria_c_40_a_6,im0287,True,0.556,0,0,,,,False
aria_c_40_b_14,aria_c_43_1,False,0.476,1,5,0.7762534242124439,0.0403861440718174,0.6025746663411459,False
aria_c_40_b_14,aria_c_44_12,False,0.544,6,6,1.1914172995520491,0.02126876451075077,0.9999847412109375,False
aria_c_40_b_14,aria_c_46_12,False,0.525,0,0,,,,False
aria_c_40_b_14,im0045,True,0.229,1,0,,,,False
aria_c_40_b_14,im0138,True,0.599,0,0,,,,False
aria_c_40_b_14,im0139,True,0.48,0,0,,,,False
aria_c_40_b_14,im0260,True,0.577,0,0,,,,False
aria_c_41_15,aria_c_44_12,False,0.65,0,0,,,,False
aria_c_41_15,aria_c_47_15,False,0.691,0,0,,,,False
aria_c_41_15,im0027,True,0.023,1,2,1.8691294102832603,,,False
aria_c_41_15,im0032,True,0.328,1,2,3.5447375846034532,,,False
aria_c_41_3,aria_c_44_3,False,0.522,0,3,0.4773847948575239,,,False
aria_c_41_3,im0128,True,0.568,0,2,1.3703536113857946,0.0024928313214331865,0.8089206447387571,False
aria_c_43_1,aria_c_44_12,False,0.568,0,0,,,,False
aria_c_43_1,aria_c_45_2,False,0.568,0,0,,,,False
aria_c_44_12,aria_c_44_3,False,0.547,0,3,0.9536879080808875,0.013730727136135101,0.7809906005859375,False
aria_c_44_12,aria_c_45_2,False,0.537,0,0,,,,False
aria_c_44_12,aria_c_47_15,False,0.567,0,3,0.2718427038702113,,,False
aria_c_44_12,im0059,True,0.322,1,2,3.260773289888456,,,False
aria_c_44_3,aria_d_21_2,False,-0.002,1,2,1.677175079125792,,,False
aria_c_44_3,aria_d_23_1,False,-0.034,2,3,0.6685438519753473,,,False
aria_c_44_3,im0006,True,0.468,0,2,0.32298163660009466,,,False
aria_c_44_3,im0025,True,0.39,0,2,1.0618433025906933,0.001521785045042634,0.9191141095473775,False
aria_c_44_3,im0039,True,0.146,1,2,0.5709503996162691,,,False
aria_c_44_3,im0356,True,0.001,2,3,0.5901819429999424,,,False
aria_c_44_3,im0363,True,0.458,0,2,0.7605240231066446,-0.00344283040612936,0.4800014024876625,False
aria_c_45_12,im0009,True,0.647,0,0,,,,False
aria_c_45_12,im0317,True,0.374,0,0,,,,False
aria_c_46_12,im0316,True,0.509,0,0,,,,False
aria_c_46_12,im0356,True,0.198,1,0,,,,False
aria_c_47_15,aria_c_4_8,False,0.166,1,2,0.4115084228066287,,,False
aria_c_47_15,aria_c_6_2,False,0.109,1,3,1.2559450451642762,-0.004415931645780802,0.7782984859408796,False
aria_c_47_15,im0055,True,0.398,0,0,,,,False
aria_c_47_15,im0064,True,0.12,2,3,1.2544646732090532,0.02397753857076168,0.9557270178851481,False
aria_c_47_15,im0196,True,0.545,0,2,0.31247833089869903,,,False
aria_c_47_2,aria_c_9_1,False,0.55,0,0,,,,False
aria_c_47_2,im0252,True,0.5,0,0,,,,False
aria_c_4_1,aria_d_11_1,False,0.562,0,0,,,,False
aria_c_4_1,im0052,True,0.192,2,2,0.8285009089565226,0.004981484264135361,0.426888995069826,False
aria_c_4_1,im0194,True,0.462,0,0,,,,False
aria_c_4_8,aria_d_20_17,False,-0.078,1,2,1.6483200256219095,,,False
aria_c_4_8,aria_d_6_11,False,0.533,0,2,3.3854913713670554,,,False
aria_c_4_8,im0073,True,0.484,0,2,0.8671011562544537,0.007499679457396269,0.44396468692297936,False
aria_c_5_1,aria_c_6_2,False,0.517,0,2,0.8989289768452081,-0.0020768672693520784,0.9066979091564528,False
aria_c_5_1,aria_d_1_19,False,0.51,0,2,2.124748067445116,,,False
aria_c_5_1,im0050,True,0.02,1,0,,,,False
aria_c_5_1,im0073,True,0.502,0,2,2.3694614507745615,,,False
aria_c_5_4,aria_c_7_2,False,0.07,2,4,0.5899368008482343,,,False
aria_c_5_4,aria_c_9_1,False,0.573,0,3,1.574026221136967,,,False
aria_c_5_4,aria_d_11_22,False,-0.082,1,4,0.48647008246615664,,,False
aria_c_5_4,im0160,True,-0.062,1,3,0.3543717472154086,,,False
aria_c_5_4,im0245,True,0.506,0,2,0.13287889826799695,,,False
aria_c_6_5,aria_c_9_1,False,0.541,0,3,0.7532504716416544,-0.021016815677285194,0.405964314234973,False
aria_c_7_2,im0164,True,-0.15,2,3,0.5509459443713732,,,False
aria_c_9_1,aria_d_22_2,False,0.259,1,2,1.1354921465108192,-0.023741181939840317,0.9560803603176484,False
aria_c_9_1,im0220,True,0.482,0,0,,,,False
aria_c_9_1,im0282,True,0.382,0,2,1.033304266001459,0.01122335810214281,0.5525655034006021,False
aria_c_9_6,im0397,True,-0.024,1,3,0.16087771234120984,,,False
aria_d_10_19,im0341,True,-0.018,1,0,,,,False
aria_d_10_2,aria_d_14_20,False,0.398,0,0,,,,False
aria_d_10_2,im0072,True,0.402,0,0,,,,False
aria_d_11_22,aria_d_2_31,False,0.543,0,3,0.45720793604876975,,,False
aria_d_11_22,aria_d_7_17,False,0.546,1,3,5.87931494178523,,,False
aria_d_11_22,im0261,True,0.287,0,0,,,,False
aria_d_12_2,im0057,True,0.451,0,2,2.436549674386229,,,False
aria_d_12_20,aria_d_8_23,False,0.572,0,2,1.2378513185527122,-0.013545065186917782,0.9809184897942295,False
aria_d_12_20,im0256,True,-0.035,1,3,0.5673922203107525,,,False
aria_d_13_22,aria_d_1_19,False,0.48,1,2,0.16693697834475626,,,False
aria_d_13_22,aria_d_3_33,False,0.533,0,2,0.14113140196098728,,,False
aria_d_14_2,aria_d_29,False,0.519,0,0,,,,False
aria_d_14_2,im0177,True,-0.033,2,0,,,,False
aria_d_14_20,aria_d_24_21,False,0.447,0,0,,,,False
aria_d_14_20,aria_d_2_6,False,0.37,0,0,,,,False
aria_d_15_2,aria_d_21_2,False,0.478,0,0,,,,False
aria_d_15_2,im0120,True,-0.032,1,0,,,,False
aria_d_15_22,aria_d_8_23,False,0.342,0,0,,,,False
aria_d_16_2,aria_d_17_2,False,0.6,0,3,0.9347608588288221,-0.018937937915325165,0.8311428687994311,False
aria_d_16_2,aria_d_9_3,False,0.466,0,3,0.7980470765126494,-0.004367925226688385,0.6265137866440766,False
aria_d_16_2,im0078,True,-0.15,1,3,0.14090648505658263,,,False
aria_d_16_2,im0124,True,0.474,0,2,1.979293108760602,,,False
aria_d_16_2,im0237,True,0.529,0,2,1.1976469987050307,-0.006164103280752897,0.6552402268628176,False
aria_d_16_21,aria_d_16_22,False,0.005,106,106,1.1284198662123384,0.8316353559494019,0.7659521575110471,True
aria_d_16_21,aria_d_25_33,False,0.448,0,0,,,,False
aria_d_16_21,im0093,True,0.065,1,3,1.789655069710736,,,False
aria_d_16_21,im0185,True,-0.119,2,3,0.8361246570472093,0.03460982069373131,0.46332093647765904,False
aria_d_16_22,im0029,True,0.456,0,2,1.7544980064322482,,,False
aria_d_16_22,im0198,True,0.39,0,2,1.2613733098173365,-0.0023796691093593836,0.7844078357120448,False
aria_d_17_12,aria_d_18_21,False,0.294,0,2,0.5952678269287133,,,False
aria_d_17_12,im0011,True,0.145,1,3,1.3922663205166335,0.030265534296631813,0.6860963704350552,False
aria_d_17_2,im0081,True,-0.043,1,2,5.72050283068435,,,False
aria_d_18_2,aria_d_7_17,False,0.426,0,2,3.7166296815610074,,,False
aria_d_18_21,im0111,True,0.048,2,0,,,,False
aria_d_18_21,im0158,True,0.309,0,0,,,,False
aria_d_18_21,im0307,True,0.116,2,3,0.6658561017726735,,,False
aria_d_18_21,im0321,True,0.298,0,0,,,,False
aria_d_1_19,aria_d_7_17,False,0.51,0,3,0.17252349012992677,,,False
aria_d_1_19,im0261,True,0.272,0,0,,,,False
aria_d_1_2,im0020,True,0.426,0,0,,,,False
aria_d_1_2,im0208,True,0.023,1,0,,,,False
aria_d_20_17,im0180,True,0.349,0,0,,,,False
aria_d_20_2,aria_d_6_3,False,0.453,0,3,1.6602519815499686,,,False
aria_d_20_2,aria_d_9_3,False,0.548,0,2,0.2612415948547409,,,False
aria_d_20_2,im0014,True,0.085,1,3,0.21549583846630951,,,False
aria_d_21_2,im0012,True,0.485,0,2,1.651656288009444,,,False
aria_d_21_2,im0147,True,0.471,0,3,0.030510310410552802,,,False
aria_d_21_2,im0242,True,0.022,1,2,1.4399581437358104,-0.002164052566513419,0.9033311383339411,False
aria_d_21_21,im0048,True,0.298,0,0,,,,False
aria_d_21_21,im0073,True,-0.005,1,3,0.9620612267909119,0.012576752342283726,0.42530269358529216,False
aria_d_21_21,im0279,True,0.292,0,2,0.9975802823541271,0.005937032401561737,0.7354914859302899,False
aria_d_21_21,im0298,True,0.202,1,0,,,,False
aria_d_21_21,im0356,True,0.279,0,0,,,,False
aria_d_22_2,aria_d_29,False,0.523,0,0,,,,False
aria_d_22_2,aria_d_8_2,False,0.598,0,3,0.4071026914906865,,,False
aria_d_22_22,im0162,True,0.522,0,0,,,,False
aria_d_22_22,im0165,True,-0.052,1,0,,,,False
aria_d_22_22,im0253,True,-0.209,1,3,3.9194903452209906,,,False
aria_d_23_1,im0031,True,0.585,0,0,,,,False
aria_d_23_1,im0065,True,-0.063,1,0,,,,False
aria_d_23_1,im0289,True,-0.024,1,2,0.7012922152970663,-0.00037815820542164147,0.4181893504197967,False
aria_d_23_4,im0225,True,0.294,1,2,10.033873945423197,,,False
aria_d_24_6,im0033,True,0.404,0,0,,,,False
aria_d_25_2,im0107,True,0.356,0,0,,,,False
aria_d_25_2,im0184,True,0.356,0,0,,,,False
aria_d_25_2,im0385,True,0.361,0,3,1.0473046022820078,-0.016245299950242043,0.5119888728746081,False
aria_d_2_31,aria_d_7_17,False,0.438,0,2,0.6298325438698252,,,False
aria_d_2_31,im0134,True,-0.045,1,0,,,,False
aria_d_2_6,aria_d_7_22,False,0.496,0,4,0.8751677010688149,0.0027318717911839485,0.5384044334720232,False
aria_d_2_6,im0012,True,0.416,0,3,1.3273579008290093,-0.003135774750262499,0.9963483052816785,False
aria_d_2_6,im0213,True,0.171,1,2,1.9403923407978607,,,False
aria_d_2_6,im0256,True,0.144,1,0,,,,False
aria_d_3_2,im0154,True,0.057,1,0,,,,False
aria_d_3_32,aria_d_3_33,False,0.28,105,89,0.9960375911518426,0.7292367815971375,0.9051358892218663,True
aria_d_3_32,aria_d_4_31,False,0.588,2,2,0.9619375283481707,-0.0009270342416130006,0.6314839611107876,False
aria_d_3_32,im0188,True,0.356,0,0,,,,False
aria_d_3_32,im0212,True,0.036,1,0,,,,False
aria_d_3_33,im0011,True,0.403,0,2,0.7012247776286651,0.007791094947606325,0.40455318958375314,False
aria_d_4_31,aria_d_7_17,False,0.645,0,3,3.2671252069227408,,,False
aria_d_4_31,aria_d_9_24,False,0.486,0,2,0.6169766048703115,,,False
aria_d_4_31,im0080,True,0.018,1,2,2.289743295937956,,,False
aria_d_4_31,im0345,True,-0.178,1,3,3.138714494593484,,,False
aria_d_4_5,im0377,True,0.275,1,3,1.6320344723369247,,,False
aria_d_5_2,im0088,True,0.236,1,0,,,,False
aria_d_6_11,im0003,True,0.017,2,2,1.070800408823349,0.008822772651910782,0.6216413558557896,False
aria_d_6_11,im0032,True,-0.039,1,2,0.2981513450376516,,,False
aria_d_6_3,im0199,True,0.121,1,2,0.7758363205562013,-0.001247167936526239,0.5200964034111977,False
aria_d_6_3,im0222,True,-0.077,1,3,0.18856766696679633,,,False
aria_d_6_3,im0249,True,0.103,1,3,0.7402965512726387,0.002744689118117094,0.2213981288981289,False
aria_d_6_3,im0377,True,0.494,0,5,0.024535428193860422,,,False
aria_d_7_22,im0274,True,0.444,0,0,,,,False
aria_d_8_2,im0015,True,0.088,1,0,,,,False
aria_d_8_2,im0160,True,0.539,0,2,1.3255992075318201,-0.002064203144982457,0.9883061123217329,False
aria_d_8_2,im0290,True,-0.024,1,4,1.2110096975579534,0.010395124554634094,0.362421977497714,False
aria_d_9_24,im0202,True,0.434,0,2,0.8797501987832749,0.028201673179864883,0.5855545681429962,False
aria_d_9_3,im0173,True,0.37,0,3,1.6592675994149118,,,False
aria_d_9_3,im0359,True,0.074,2,3,2.4581235272857045,,,False
im0001,im0062,False,0.264,1,2,0.8124431203761286,-0.0004465384699869901,0.32910510922317093,False
im0001,im0176,False,0.013,1,3,5.8852256692247975,,,False
im0001,im0196,False,0.457,0,4,1.1982218631380652,0.004397944081574678,0.8703619024272966,False
im0001,im0266,False,0.441,0,2,0.5644120641446448,,,False
im0001,im0308,False,0.0,1,3,0.03809082803389631,,,False
im0001,im0395,False,0.486,0,3,1.147622460510947,-0.005571094341576099,0.42539509854393925,False
im0002,im0116,False,0.04,3,5,1.1118442426159174,0.009138399735093117,0.980043393384412,False
im0002,im0136,False,0.395,0,3,1.1464672864637762,0.0020430958829820156,0.9667325792928894,False
im0002,im0189,False,0.413,0,3,0.4592439393860656,,,False
im0002,im0248,False,0.152,2,3,5.613251038794669,,,False
im0002,im0283,False,0.085,5,9,1.023038576989027,0.0972074568271637,0.9409305989970326,False
im0002,im0355,False,0.09,3,9,1.2724361226294139,0.0015316109638661146,0.9589378564779337,False
im0003,im0083,False,0.095,1,5,1.0908393838466037,-0.006600759457796812,0.9882828411068616,False
im0003,im0086,False,0.412,0,3,0.4048990380985838,,,False
im0003,im0281,False,0.323,1,6,1.0091992260663163,0.03383434936404228,0.9853547597030965,False
im0003,im0283,False,0.394,0,4,0.9138383116863433,0.08404696732759476,0.798132763444056,False
im0003,im0291,False,0.406,0,5,0.7586860525645802,-0.002840603468939662,0.535070021068286,False
im0003,im0344,False,0.324,2,5,0.7781669097071103,-0.0033264479134231806,0.5439054485381847,False
im0003,im0378,False,0.215,1,3,0.6908339729987003,-0.003517268691211939,0.505144641420358,False
im0004,im0074,False,0.39,0,0,,,,False
im0004,im0176,False,-0.071,1,0,,,,False
im0004,im0292,False,0.252,1,0,,,,False
im0004,im0338,False,0.218,1,0,,,,False
im0004,im0371,False,0.349,4,2,0.9244519760922211,0.03519050404429436,0.8080053624437422,False
im0004,im0402,False,0.404,0,0,,,,False
im0005,im0027,False,-0.02,1,3,0.2744995908271025,,,False
im0005,im0153,False,0.354,0,2,0.5460157858949188,,,False
im0005,im0168,False,0.918,281,393,0.9994997427807365,0.9255703687667847,0.9875445594975386,True
im0005,im0169,False,0.108,33,172,1.3140901014163375,0.3629794716835022,0.8910403299725023,True
im0005,im0202,False,-0.02,1,3,0.6405520617983476,,,False
im0005,im0231,False,0.365,0,4,0.35260945201623206,,,False
im0005,im0324,False,0.25,2,4,0.6552917853909681,,,False
im0006,im0048,False,0.224,1,0,,,,False
im0006,im0264,False,0.435,0,0,,,,False
im0006,im0265,False,0.433,0,0,,,,False
im0007,im0067,False,0.264,0,0,,,,False
im0007,im0089,False,0.334,0,0,,,,False
im0007,im0378,False,0.328,0,0,,,,False
im0008,im0184,False,0.457,0,0,,,,False
im0008,im0203,False,0.191,1,0,,,,False
im0008,im0217,False,0.042,1,0,,,,False
im0008,im0327,False,0.474,0,3,2.2497732781869293,,,False
im0008,im0369,False,0.185,1,2,0.5283198317235295,,,False
im0009,im0032,False,0.62,1,0,,,,False
im0009,im0089,False,-0.044,2,4,1.3910301721985086,0.015111668966710567,0.8686635555580574,False
im0009,im0202,False,0.5,0,0,,,,False
im0009,im0265,False,0.101,1,0,,,,False
im0010,im0043,False,0.321,0,3,1.2628993516426652,0.015687432140111923,0.964346726635717,False
im0010,im0156,False,0.354,0,2,1.1514344121426652,-0.013092134147882462,0.9757751163274117,False
im0010,im0331,False,-0.035,1,0,,,,False
im0011,im0306,False,0.326,2,2,0.32348429277304663,,,False
im0012,im0350,False,-0.028,1,0,,,,False
im0013,im0302,False,0.377,0,0,,,,False
im0014,im0205,False,0.441,0,0,,,,False
im0014,im0311,False,0.073,1,2,0.7173654770218577,-0.012902512215077877,0.39897120533246283,False
im0015,im0192,False,0.516,0,2,4.1146463562935764,,,False
im0015,im0383,False,0.206,1,2,1.0456839642283675,0.022586168721318245,0.7803037673639263,False
im0016,im0081,False,0.096,1,4,0.4811773349564632,,,False
im0017,im0018,False,0.074,1,3,1.1884905918108706,0.03105190396308899,0.6309811893008098,False
im0017,im0155,False,0.365,0,0,,,,False
im0017,im0159,False,0.35,0,0,,,,False
im0017,im0354,False,0.315,0,4,0.05140471814864936,,,False
im0018,im0058,False,-0.077,1,2,1.6594529095755497,,,False
im0018,im0100,False,0.069,2,3,0.17866370801899228,,,False
im0018,im0222,False,0.497,0,2,0.6737216414800135,0.0011795773170888424,0.38186377112602166,False
im0018,im0229,False,0.48,0,2,0.9348926754587037,-0.006486589554697275,0.4267224672078196,False
im0018,im0233,False,0.154,1,3,1.496910595042686,-0.012538455426692963,0.9995167585000604,False
im0019,im0028,False,0.046,1,0,,,,False
im0019,im0210,False,0.553,305,393,0.9966719724622473,0.7969397902488708,0.9115459020776647,True
im0019,im0214,False,0.138,1,2,0.36478842748465057,,,False
im0019,im0268,False,-0.081,1,0,,,,False
im0020,im0033,False,0.14,1,2,2.418854740516395,,,False
im0020,im0035,False,0.389,0,3,1.0484400858362084,0.016349520534276962,0.32448956760082787,False
im0020,im0071,False,-0.084,2,3,1.9593217491618844,,,False
im0021,im0026,False,-0.073,52,63,1.5806540655245938,,,False
im0021,im0320,False,0.377,0,0,,,,False
im0021,im0355,False,0.094,1,0,,,,False
im0022,im0208,False,0.885,275,348,0.9990871020373591,0.9020830392837524,0.9728514696804995,True
im0022,im0326,False,0.321,0,4,0.4301072472342323,,,False
im0022,im0342,False,0.02,1,3,0.8495075031107909,0.00627326313406229,0.6149885610621397,False
im0023,im0035,False,0.044,1,3,1.493409020007937,0.03935800865292549,0.7283940258432623,False
im0023,im0165,False,0.458,0,0,,,,False
im0023,im0190,False,-0.041,2,3,2.8426385754465247,,,False
im0023,im0289,False,0.41,0,0,,,,False
im0023,im0322,False,0.557,0,0,,,,False
im0023,im0398,False,0.1,1,0,,,,False
im0024,im0040,False,0.465,0,0,,,,False
im0024,im0323,False,0.076,1,0,,,,False
im0025,im0113,False,0.403,0,2,0.9020063076253574,0.0031046662479639053,0.5926671291858426,False
im0025,im0217,False,0.098,98,214,0.7637931452502357,0.7425132989883423,0.561643689842133,True
im0025,im0218,False,-0.032,48,186,0.989678374718998,0.6660072803497314,0.7734731342592831,True
im0026,im0099,False,0.373,0,0,,,,False
im0026,im0363,False,-0.01,1,2,0.08371555073292562,,,False
im0027,im0064,False,0.344,0,4,2.512804570328119,,,False
im0027,im0161,False,0.05,1,3,1.4225333537108793,-0.0018123427871614695,0.9568910029128438,False
im0027,im0256,False,0.204,2,3,1.4512149417096665,0.006987909786403179,0.49908690741346734,False
im0027,im0270,False,0.304,0,2,3.440133052220551,,,False
im0027,im0315,False,0.318,0,0,,,,False
im0028,im0030,False,0.436,32,50,0.9969055549747006,0.6377489566802979,0.9485362596918796,True
im0028,im0296,False,0.398,0,3,0.5492089948975818,,,False
im0029,im0048,False,0.37,0,0,,,,False
im0029,im0216,False,0.017,45,55,0.7425987671415124,0.6770368814468384,0.5394610934713584,True
im0030,im0070,False,-0.069,1,0,,,,False
im0030,im0105,False,-0.078,1,0,,,,False
im0030,im0253,False,0.423,0,2,7.031279461322041,,,False
im0030,im0346,False,0.396,0,0,,,,False
im0031,im0040,False,-0.036,49,72,1.3118039969521584,0.6109914183616638,0.7970424953736892,True
im0031,im0094,False,0.138,4,18,1.9387714191735799,,,False
im0031,im0208,False,0.342,2,3,0.8519192013788253,-0.0038158975075930357,0.35196949750637746,False
im0031,im0245,False,0.597,0,2,2.2256758510800374,,,False
im0031,im0282,False,0.156,1,3,0.531585248353274,,,False
im0032,im0077,False,0.506,0,3,2.6211476796496602,,,False
im0032,im0236,False,0.479,0,4,1.1924606831944702,0.026751024648547173,0.9998951712570622,False
im0032,im0317,False,0.362,1,3,1.7639706541390119,,,False
im0032,im0380,False,0.062,1,3,0.8886136458014008,-0.00443164212629199,0.5769350245922857,False
im0033,im0229,False,0.151,1,0,,,,False
im0033,im0332,False,0.388,0,0,,,,False
im0033,im0354,False,0.108,1,0,,,,False
im0033,im0395,False,-0.117,1,0,,,,False
im0034,im0092,False,0.451,0,0,,,,False
im0034,im0313,False,-0.042,1,0,,,,False
im0035,im0270,False,-0.03,2,0,,,,False
im0036,im0370,False,0.076,1,0,,,,False
im0038,im0143,False,0.085,1,3,1.5547048984752077,,,False
im0039,im0073,False,0.092,1,3,1.28242548476622,0.0024785499554127455,0.8249099084284365,False
im0040,im0094,False,0.186,30,57,1.481453330360445,0.600034773349762,0.5596107961037098,True
im0040,im0161,False,0.466,0,2,0.5845405726762936,,,False
im0040,im0218,False,0.43,0,2,0.31021458937841917,,,False
im0040,im0249,False,0.047,2,2,1.1831166905311499,0.006655841134488583,0.9213877338877339,False
im0040,im0277,False,0.432,0,3,1.2019024699273357,0.009605573490262032,0.7852994731341515,False
im0040,im0280,False,0.543,0,0,,,,False
im0040,im0361,False,-0.084,1,2,0.5345758061011797,,,False
im0041,im0051,False,0.35,0,3,0.41099259223471224,,,False
im0041,im0233,False,0.336,0,0,,,,False
im0041,im0256,False,0.338,0,2,1.3328043264652223,0.016014451161026955,0.9945583904236116,False
im0042,im0045,False,0.354,0,2,0.8499243281737876,0.012702293694019318,0.44872648923214636,False
im0042,im0052,False,0.449,0,0,,,,False
im0042,im0095,False,0.443,0,0,,,,False
im0043,im0238,False,0.355,0,0,,,,False
im0044,im0090,False,0.4,0,3,0.9004914277376846,-0.016892043873667717,0.3311946510804109,False
im0044,im0196,False,0.369,0,0,,,,False
im0044,im0290,False,0.368,0,2,0.46059788447208855,,,False
im0045,im0052,False,0.358,0,3,0.6941880362578022,0.005792752839624882,0.31541168038572637,False
im0045,im0143,False,0.416,0,3,0.970549872999266,0.019589824602007866,0.9100765204240839,False
im0045,im0323,False,0.211,2,2,0.7486901902483567,0.024266062304377556,0.5443016417870733,False
im0046,im0195,False,0.478,0,4,0.8975640004435798,-0.00233474001288414,0.7581521878609008,False
im0046,im0219,False,0.479,0,4,1.2647730891998672,0.013460993766784668,0.9873871068203052,False
im0046,im0253,False,0.162,1,4,0.7964029039102305,0.007628246676176786,0.6404440664489278,False
im0046,im0276,False,0.581,0,0,,,,False
im0046,im0281,False,0.492,0,7,0.9970283091711161,0.32511240243911743,0.987873940969185,False
im0048,im0250,False,0.388,0,2,0.609364916950264,,,False
im0048,im0294,False,0.438,0,2,0.7217028321301094,0.009237312711775303,0.5066520249583774,False
im0049,im0081,False,0.164,1,2,0.40146494752658607,,,False
im0049,im0093,False,-0.008,330,438,1.0083400981609474,0.5706464052200317,0.8964472188822822,True
im0049,im0293,False,0.372,0,2,3.5336745421313327,,,False
im0050,im0072,False,0.211,1,0,,,,False
im0050,im0085,False,0.066,1,2,1.1398816571487365,0.005619705654680729,0.7826618423626052,False
im0051,im0146,False,0.338,1,0,,,,False
im0051,im0181,False,0.488,0,0,,,,False
im0051,im0216,False,0.413,0,0,,,,False
im0051,im0247,False,-0.097,1,0,,,,False
im0051,im0296,False,0.402,0,0,,,,False
im0051,im0400,False,0.413,0,0,,,,False
im0052,im0079,False,-0.076,1,0,,,,False
im0052,im0095,False,0.915,258,290,0.998771979851482,0.8417850136756897,0.9804948006129115,True
im0052,im0236,False,0.035,1,2,1.2494497353917906,0.020080894231796265,0.9448876677259888,False
im0052,im0285,False,0.364,0,3,1.514993383686667,,,False
im0053,im0062,False,0.479,0,3,1.2035079015397123,0.0599270723760128,0.8802776914753431,False
im0053,im0137,False,-0.005,1,2,0.4270501015637207,,,False
im0053,im0231,False,0.504,1,3,0.8126476277774579,0.0024986823555082083,0.6262777268066274,False
im0053,im0235,False,0.019,1,2,0.7305200504184028,0.0006546005606651306,0.4858800344186305,False
im0053,im0244,False,-0.028,1,5,0.04998231398053132,,,False
im0053,im0322,False,0.54,0,3,0.6071510261923588,,,False
im0054,im0118,False,0.37,0,2,0.28567794691615317,,,False
im0054,im0142,False,0.344,0,2,1.9120554848511746,,,False
im0054,im0154,False,0.357,0,3,0.8788061257560946,0.01833694614470005,0.760355093064421,False
im0054,im0344,False,-0.016,2,2,1.361624094038278,-0.005345107987523079,0.6571489756585053,False
im0055,im0066,False,0.396,0,2,1.5239570411677728,,,False
im0055,im0262,False,0.401,0,3,0.08076305788699016,,,False
im0056,im0234,False,0.392,1,0,,,,False
im0056,im0254,False,0.432,0,0,,,,False
im0056,im0303,False,0.449,0,0,,,,False
im0056,im0378,False,0.136,2,3,1.4980311867784935,-0.011752810329198837,0.99989875899846,False
im0057,im0127,False,0.343,0,2,0.399081552476082,,,False
im0058,im0128,False,0.022,1,0,,,,False
im0058,im0228,False,0.117,16,23,0.9971032350691014,0.343212753534317,0.9120695401021995,True
im0058,im0320,False,0.243,1,0,,,,False
im0059,im0088,False,0.253,21,40,0.9999897105322285,0.4231606423854828,0.8657931670928422,True
im0059,im0097,False,0.416,0,3,2.503210934022561,,,False
im0059,im0195,False,0.186,2,2,1.4451184123443475,0.01168991718441248,0.9641473116899781,False
im0059,im0205,False,0.463,0,0,,,,False
im0060,im0174,False,0.051,1,0,,,,False
im0060,im0289,False,0.62,0,2,1.6399199959753032,,,False
im0060,im0336,False,0.519,0,2,0.8403785133013555,0.011794681660830975,0.5265399023668189,False
im0060,im0353,False,0.387,0,0,,,,False
im0061,im0112,False,0.165,1,0,,,,False
im0061,im0372,False,-0.058,2,2,1.0390919438529942,0.0023978487588465214,0.3956922063363033,False
im0061,im0382,False,-0.141,2,3,0.6774816352711619,0.002498539397493005,0.37331859131046996,False
im0062,im0396,False,0.112,1,0,,,,False
im0063,im0081,False,0.522,0,0,,,,False
im0063,im0097,False,0.458,134,212,0.7613263827853636,0.7391414642333984,0.5875017115316155,True
im0063,im0119,False,0.297,1,4,0.9827437540833459,0.013643496669828892,0.9130521533597323,False
im0063,im0121,False,0.451,0,3,0.6378440199188085,,,False
im0063,im0255,False,0.518,0,3,1.0069194102628591,0.0021548871882259846,0.8749533541556974,False
im0063,im0293,False,0.019,2,4,0.4206646418344708,,,False
im0063,im0338,False,0.513,0,2,0.2740369189226379,,,False
im0063,im0364,False,0.377,0,3,0.5667727729649734,,,False
im0064,im0164,False,0.386,0,0,,,,False
im0064,im0216,False,0.188,2,2,0.7041959739413408,0.00424057524651289,0.37221630203122963,False
im0064,im0322,False,0.445,0,0,,,,False
im0065,im0129,False,0.399,0,2,0.96631114448031,-0.001460459316149354,0.7355454920614235,False
im0065,im0170,False,0.467,0,3,1.1990250469791115,-0.006662590429186821,0.8741842860871835,False
im0065,im0325,False,0.438,0,2,2.9620120213604637,,,False
im0065,im0396,False,0.394,0,2,0.8218276183944431,0.01500911545008421,0.5680484336191011,False
im0065,im0402,False,0.127,1,3,0.42092046810689393,,,False
im0066,im0090,False,0.633,0,0,,,,False
im0066,im0125,False,0.614,0,0,,,,False
im0066,im0240,False,0.63,0,0,,,,False
im0066,im0262,False,0.562,0,0,,,,False
im0066,im0290,False,0.652,0,0,,,,False
im0066,im0307,False,0.74,0,0,,,,False
im0066,im0310,False,0.06,1,0,,,,False
im0066,im0337,False,0.176,2,3,2.2038558057766098,,,False
im0066,im0374,False,0.781,0,2,0.47324655958544537,,,False
im0067,im0176,False,0.33,0,0,,,,False
im0067,im0327,False,0.264,0,2,0.9667740695401833,-0.0020367559045553207,0.7001670422080795,False
im0068,im0075,False,0.573,0,2,0.9612713110277157,0.017924273386597633,0.9326529928279376,False
im0068,im0133,False,0.505,0,3,0.8518277601504048,0.011240369640290737,0.5242391129846657,False
im0068,im0234,False,0.53,0,2,1.006693412079403,-0.017975134775042534,0.9254413708337833,False
im0068,im0275,False,0.167,2,3,0.9960712728566529,0.012033638544380665,0.9710864142014368,False
im0068,im0279,False,0.498,0,4,0.8066115312973604,0.007301350589841604,0.645787227114781,False
im0068,im0358,False,0.452,0,5,0.4721761981524965,,,False
im0069,im0074,False,0.443,0,3,1.0909662649732226,0.004869438707828522,0.8504334672111136,False
im0069,im0194,False,0.143,2,3,0.03817388110187431,,,False
im0069,im0345,False,0.498,0,2,3.027341956606672,,,False
im0070,im0082,False,0.517,0,4,1.7180181192308903,,,False
im0070,im0133,False,0.554,0,3,1.3135688955791078,0.02067568711936474,0.6384200686701502,False
im0070,im0137,False,0.434,0,3,0.8496707392902855,0.0023959658574312925,0.5410472635968604,False
im0070,im0195,False,0.219,1,4,1.2998868412774458,0.019844628870487213,0.9778108558963172,False
im0070,im0249,False,-0.062,2,3,0.2014252588474317,,,False
im0070,im0366,False,0.02,1,3,1.13665945524066,-0.012511083856225014,0.5247959628683571,False
im0071,im0169,False,0.063,2,10,1.03024575177889,0.05784115195274353,0.9687626031164069,False
im0071,im0232,False,0.467,0,4,0.3151383402337895,,,False
im0071,im0270,False,0.153,1,5,1.0379447941831834,0.0015099854208528996,1.0,False
im0071,im0283,False,0.427,1,9,0.8456283375608911,0.026640968397259712,0.6945997329823419,False
im0071,im0290,False,0.226,1,4,0.0926576568150564,,,False
im0071,im0291,False,0.454,0,7,1.117744613908276,0.03432067483663559,0.9787582104349981,False
im0071,im0306,False,0.336,0,2,2.6416500757505923,,,False
im0072,im0146,False,0.469,0,0,,,,False
im0072,im0274,False,0.435,0,0,,,,False
im0072,im0339,False,0.425,0,2,5.498953691124872,,,False
im0073,im0273,False,0.217,1,2,1.4749686133278734,0.010526360012590885,0.7957996234807234,False
im0073,im0379,False,0.386,0,2,2.1344864740828857,,,False
im0074,im0195,False,-0.002,2,2,1.5323981766413013,,,False
im0074,im0307,False,0.399,0,2,0.45338997156826844,,,False
im0075,im0098,False,0.396,1,4,1.6250893823088937,,,False
im0075,im0117,False,0.436,0,3,0.8305821382264741,0.026915866881608963,0.4925365267441125,False
im0075,im0205,False,0.16,3,3,4.486802321965632,,,False
im0075,im0229,False,0.448,0,3,1.5301332581499758,,,False
im0075,im0241,False,0.403,0,2,1.1819859198601648,0.0018589490791782737,0.8270360029544109,False
im0076,im0105,False,0.458,0,3,1.042988211638568,-0.0037346056196838617,0.9172588221124894,False
im0076,im0170,False,0.582,62,127,1.3248115337811224,0.4657806158065796,0.9981461652789542,True
im0076,im0259,False,0.479,0,4,0.6513680024879476,,,False
im0077,im0081,False,0.574,0,3,1.4057846188574015,-0.02988053485751152,0.47863511508688433,False
im0077,im0114,False,0.618,0,3,2.4469764412137267,,,False
im0077,im0294,False,0.559,0,5,1.002249267153211,-0.031417444348335266,0.7255691795414176,False
im0077,im0298,False,0.458,0,2,0.5891593804435342,,,False
im0077,im0299,False,0.441,0,4,0.904369506156261,-0.006954182405024767,0.7239392135035079,False
im0077,im0361,False,0.389,0,2,0.4315630688750857,,,False
im0078,im0079,False,0.342,11,12,0.9917557111190796,0.48832353949546814,0.2674393153997683,True
im0078,im0084,False,0.348,0,0,,,,False
im0078,im0113,False,0.493,0,0,,,,False
im0078,im0123,False,0.422,0,0,,,,False
im0078,im0131,False,0.416,0,0,,,,False
im0078,im0217,False,0.401,0,0,,,,False
im0078,im0272,False,0.488,0,4,0.9997923725422683,-0.002944802399724722,0.9653401459085043,False
im0078,im0278,False,0.483,0,4,1.1419744545032349,0.031522974371910095,0.9622221753616464,False
im0079,im0113,False,0.407,0,2,0.2544238105025684,,,False
im0079,im0159,False,0.38,0,3,0.9990704656949555,0.11260688304901123,0.9755058966308735,False
im0079,im0277,False,0.374,0,0,,,,False
im0079,im0371,False,0.14,2,2,0.3006033113003505,,,False
im0079,im0401,False,0.205,1,2,0.5537459304287238,,,False
im0080,im0099,False,0.558,0,3,0.9574646213267761,-0.014650093391537666,0.7296490116641202,False
im0080,im0179,False,-0.006,1,3,1.8221147404318367,,,False
im0080,im0183,False,0.5,0,2,0.01881753397521844,,,False
im0080,im0269,False,-0.017,2,2,0.8140584888970065,0.001761295716278255,0.5433568879871266,False
im0080,im0289,False,0.59,0,3,0.11530146668751134,,,False
im0080,im0300,False,0.506,0,2,1.3193112720915787,-0.0026065772399306297,0.9223732371200769,False
im0081,im0114,False,0.608,0,4,0.7647950946786538,0.013090633787214756,0.6341756325469681,False
im0081,im0221,False,0.419,1,4,2.4623764860023334,,,False
im0081,im0255,False,0.52,0,2,0.47140588465162425,,,False
im0081,im0269,False,0.558,0,4,1.0990243258696881,0.0126435412093997,0.9057487348119125,False
im0081,im0294,False,0.561,0,5,0.8090107546350552,0.004453551024198532,0.6390194778577899,False
im0082,im0117,False,0.588,0,3,0.9656817090643404,0.007724169176071882,0.682670616263625,False
im0082,im0133,False,0.674,0,5,1.0608386839504678,0.009588118642568588,0.9725889060938285,False
im0082,im0137,False,0.305,1,5,1.4379114277871157,0.017562508583068848,0.9570574238347113,False
im0082,im0142,False,0.526,0,3,0.5251397515593546,,,False
im0082,im0150,False,0.423,0,5,0.45324951732568175,,,False
im0082,im0175,False,0.137,1,5,0.8641668298847498,0.004166237078607082,0.6100927956627766,False
im0082,im0383,False,0.508,0,5,1.0419558152337032,0.030907392501831055,0.8958921139397871,False
im0083,im0197,False,0.138,1,3,1.4341122550601655,-0.004285949282348156,0.18785655468938756,False
im0083,im0223,False,0.318,0,0,,,,False
im0083,im0255,False,0.31,0,0,,,,False
im0083,im0267,False,0.318,0,2,0.9663750687726714,0.002336256206035614,0.5746414742066233,False
im0084,im0158,False,0.37,0,2,0.6114762849748777,,,False
im0084,im0345,False,-0.029,2,0,,,,False
im0085,im0087,False,0.565,7,18,0.9966133784273525,0.1748449206352234,0.9512980607734512,True
im0085,im0203,False,0.227,0,0,,,,False
im0085,im0375,False,0.02,1,3,0.3119803585828856,,,False
im0086,im0090,False,0.232,4,6,0.7116071078483307,0.48607009649276733,0.44926053843428976,False
im0086,im0155,False,0.129,1,3,0.544086596352824,,,False
im0086,im0381,False,0.372,0,0,,,,False
im0087,im0099,False,-0.03,1,3,0.46923773257945967,,,False
im0087,im0370,False,-0.017,1,2,1.263090661312872,0.006474426947534084,0.9669298683268618,False
im0089,im0263,False,0.54,0,3,1.683762436015364,,,False
im0090,im0162,False,0.045,1,0,,,,False
im0090,im0225,False,0.158,1,3,1.251363384854452,0.0013358889846131206,0.9876604361031581,False
im0090,im0240,False,0.631,0,0,,,,False
im0090,im0254,False,0.689,0,0,,,,False
im0090,im0374,False,0.636,0,3,0.47440142820995534,,,False
im0091,im0320,False,0.361,0,2,5.489332963470724,,,False
im0092,im0123,False,0.403,1,3,1.0109093927455528,-0.009470917284488678,0.718233720247864,False
im0092,im0206,False,0.451,0,3,0.9364512297940158,-0.007336985319852829,0.8579518640868334,False
im0092,im0242,False,-0.031,1,2,1.031109836597529,-0.01637459360063076,0.7409374642859087,False
im0092,im0248,False,0.065,1,0,,,,False
im0092,im0272,False,0.49,0,0,,,,False
im0092,im0274,False,0.514,0,0,,,,False
im0092,im0278,False,0.546,0,3,0.7883126725419042,0.0027643588837236166,0.624978912740922,False
im0092,im0285,False,0.347,0,0,,,,False
im0092,im0380,False,0.056,1,2,2.064680409768502,,,False
im0093,im0363,False,0.004,1,2,0.7838536703667435,-0.004324214067310095,0.4558654663709755,False
im0094,im0181,False,0.413,0,4,1.0125998036202664,0.09551165252923965,0.9892205461305073,False
im0094,im0206,False,0.376,0,2,1.4904383361944222,0.014175214804708958,0.7983855921507512,False
im0094,im0360,False,0.238,1,2,0.8898295294975598,0.008181539364159107,0.6268193053206713,False
im0095,im0285,False,0.338,0,2,2.8700206685642526,,,False
im0095,im0321,False,0.027,1,3,0.48884365217926606,,,False
im0095,im0375,False,-0.07,1,0,,,,False
im0096,im0132,False,0.354,0,0,,,,False
im0096,im0181,False,0.44,0,6,0.9789737542557636,0.020420314744114876,0.9179094910473912,False
im0097,im0205,False,0.467,0,3,3.9415667377450943,,,False
im0097,im0281,False,0.185,2,4,0.8987784534368511,0.01192754227668047,0.73347162172294,False
im0098,im0114,False,0.5,0,4,1.101710510440832,0.0030190255492925644,0.95429868719771,False
im0098,im0222,False,0.499,0,2,0.3718292316524522,,,False
im0098,im0230,False,0.478,0,0,,,,False
im0099,im0289,False,0.721,0,3,0.4102611163416309,,,False
im0099,im0329,False,0.467,0,0,,,,False
im0100,im0101,False,0.399,119,239,0.9876409080686374,0.7794893980026245,0.9616832731280899,True
im0100,im0197,False,0.49,1,4,0.9321229884372767,0.002754105720669031,0.7251009570581187,False
im0100,im0213,False,0.487,0,2,0.4399586571097876,,,False
im0100,im0219,False,0.405,3,3,2.155974139261712,,,False
im0100,im0302,False,0.455,0,5,0.8431247201671043,0.019674165174365044,0.7542495332413345,False
im0101,im0146,False,0.062,2,2,1.7790969817923705,,,False
im0101,im0209,False,0.462,0,2,1.098158153114773,0.005529381334781647,0.45237182925894703,False
im0101,im0232,False,0.002,2,4,0.5078606397518189,,,False
im0101,im0302,False,0.444,0,2,0.11162829095173799,,,False
im0101,im0360,False,0.449,0,2,0.9479809580134108,-0.01490380335599184,0.7282789124495902,False
im0102,im0184,False,0.333,0,3,0.6119692039117335,,,False
im0102,im0235,False,0.053,1,3,0.8165232613949539,-0.0005691290134564042,0.4821939101229633,False
im0102,im0319,False,0.321,0,3,1.185919574179794,0.028734710067510605,0.294882710277933,False
im0102,im0327,False,0.348,0,3,0.4231205815395281,,,False
im0103,im0172,False,-0.047,2,2,0.07523981624427774,,,False
im0103,im0225,False,0.016,2,2,0.9260986820863847,0.0029317026492208242,0.7359159146082583,False
im0103,im0296,False,0.079,1,4,1.7439673236888777,,,False
im0103,im0337,False,0.362,0,2,0.4934884086851154,,,False
im0103,im0372,False,0.347,0,0,,,,False
im0106,im0358,False,0.431,0,3,0.14270434475469254,,,False
im0107,im0316,False,0.055,2,2,0.9946352737410814,0.009046760387718678,0.43573722807341303,False
im0110,im0145,False,-0.062,1,2,1.6147117797650046,,,False
im0110,im0199,False,0.059,1,2,1.0136438844376923,-0.0014441990060731769,0.7922029768525876,False
im0110,im0253,False,0.286,0,0,,,,False
im0110,im0334,False,0.274,0,2,0.6024607391829968,,,False
im0110,im0373,False,0.263,0,2,0.11863040162608032,,,False
im0111,im0112,False,-0.072,62,92,1.0197159323122371,0.4957468509674072,0.5332664604753545,True
im0111,im0115,False,0.636,0,3,0.9285707567885085,0.014283907599747181,0.8068874129377354,False
im0111,im0175,False,0.468,0,5,0.6783196493453675,-0.008607604540884495,0.4093468017780055,False
im0111,im0195,False,0.465,0,3,1.0254287531366215,0.001493483199737966,0.9586449377646606,False
im0111,im0364,False,0.207,1,4,0.9872638413042806,0.041250456124544144,0.9466046311486432,False
im0111,im0399,False,0.497,0,3,2.0325761434786953,,,False
im0112,im0120,False,0.067,1,2,0.4345457338192995,,,False
im0112,im0242,False,0.366,0,2,0.9247210556368621,0.0028366430196911097,0.6952832909752872,False
im0112,im0257,False,0.354,0,2,0.4776789640411365,,,False
im0112,im0323,False,0.433,0,3,0.4431945719941056,,,False
im0113,im0114,False,0.265,4,15,0.9872507651051912,0.23275598883628845,0.36948749163732875,True
im0113,im0142,False,0.455,0,2,1.7732088119914764,,,False
im0113,im0151,False,0.328,0,3,1.0786003101872255,0.005804498214274645,0.9243526283935674,False
im0113,im0159,False,0.508,0,3,0.7405858612677149,-0.006772372405976057,0.29009313246972535,False
im0113,im0180,False,0.402,0,2,1.8590633764569282,,,False
im0113,im0222,False,0.347,3,19,0.9778446926910744,0.16284586489200592,0.3617022421428149,True
im0113,im0319,False,0.387,1,6,0.6927114029975543,0.023124968633055687,0.37438691244143346,False
im0114,im0115,False,0.34,13,107,0.9868994423804748,0.7503092885017395,0.8659146857139779,True
im0114,im0131,False,0.014,1,3,0.09339076381083666,,,False
im0114,im0222,False,0.763,58,149,0.980344177392776,0.8122952580451965,0.9332684060715958,True
im0114,im0229,False,0.552,0,4,1.011279676527239,0.0018848063191398978,0.7608965536612083,False
im0114,im0230,False,0.683,0,6,0.9127357000142222,-0.0005623895558528602,0.7377349059312751,False
im0114,im0258,False,0.169,3,6,1.138940039652196,0.02030094340443611,0.8619935350078782,False
im0114,im0361,False,0.386,0,2,1.318444995825958,-0.0014642439782619476,0.9917257499026101,False
im0115,im0159,False,0.275,1,4,0.19787535433330933,,,False
im0115,im0222,False,0.426,35,140,0.994155071529435,0.7215684056282043,0.8768516376197881,True
im0115,im0309,False,0.016,1,3,0.16773275874149213,,,False
im0115,im0399,False,0.449,0,3,0.04598254953196786,,,False
im0116,im0162,False,0.522,0,4,0.9234978732730471,0.016005711629986763,0.6132792566763055,False
im0116,im0182,False,0.131,2,3,1.1080383076313471,0.012948182411491871,0.9694239723871444,False
im0116,im0315,False,0.183,3,6,0.6542721670152934,,,False
im0117,im0118,False,0.128,40,100,0.7716415934454542,0.3772880434989929,0.605570549615253,True
im0117,im0133,False,0.624,0,4,1.1083180973930358,-0.023633698001503944,0.9915016805025454,False
im0117,im0150,False,0.448,0,3,0.855000552283481,0.003672138787806034,0.6008509202887906,False
im0117,im0219,False,0.051,1,3,1.0226765713870463,0.014523363672196865,0.7640218603389558,False
im0117,im0257,False,0.1,1,2,1.6778085696568037,,,False
im0117,im0402,False,0.539,1,3,0.6992097309118458,-0.013293775729835033,0.48613721186088255,False
im0118,im0126,False,0.314,0,0,,,,False
im0118,im0142,False,0.354,1,4,1.0207804172370794,0.0009031200897879899,0.760617168367212,False
im0118,im0226,False,0.407,0,3,1.4368243422407645,0.009424394927918911,0.9999945576158004,False
im0119,im0166,False,-0.036,2,5,0.9916226719872033,0.0351283885538578,0.9784904783531723,False
im0119,im0222,False,0.471,0,7,0.8879927749280102,0.005983514711260796,0.6638884255497742,False
im0119,im0230,False,0.499,0,4,0.47023511263802814,,,False
im0119,im0239,False,0.549,0,3,1.5816796908455442,,,False
im0119,im0292,False,0.003,2,6,1.0666163901737258,0.02262767031788826,0.9459210805186798,False
im0120,im0220,False,0.555,0,3,0.06706420494680826,,,False
im0120,im0245,False,0.541,2,3,0.4640068140280991,,,False
im0120,im0252,False,0.488,0,2,0.7614342183405829,-0.012415419332683086,0.4357996127465459,False
im0120,im0355,False,0.205,1,3,0.21962247015743716,,,False
im0121,im0133,False,0.223,1,3,0.21311141290203925,,,False
im0121,im0222,False,0.482,0,2,0.678660908781103,0.004099767655134201,0.41584296929227493,False
im0121,im0314,False,0.369,0,0,,,,False
im0121,im0319,False,0.506,0,5,0.9633538052224278,0.019981641322374344,0.8643032870372789,False
im0121,im0384,False,0.37,0,3,0.5379115057708148,,,False
im0122,im0129,False,0.481,0,2,0.2582640235931399,,,False
im0122,im0192,False,0.468,0,3,1.1141755450409652,0.0069258431904017925,0.9635625121692664,False
im0122,im0324,False,0.17,1,3,0.9346167465401044,-0.0009404798038303852,0.7001535644363763,False
im0123,im0157,False,0.465,0,2,0.4349599721315282,,,False
im0123,im0215,False,0.018,1,4,1.5013412745644172,,,False
im0123,im0280,False,0.087,2,3,0.5727667167676408,,,False
im0123,im0300,False,0.132,1,2,0.1918327493444429,,,False
im0124,im0127,False,0.137,7,10,1.3130813692834222,0.2699742019176483,0.9999840729670469,True
im0124,im0224,False,0.419,0,2,3.5871952616505025,,,False
im0124,im0237,False,0.486,0,0,,,,False
im0124,im0274,False,-0.022,1,2,0.310189992369924,,,False
im0124,im0377,False,0.47,0,0,,,,False
im0125,im0152,False,0.123,1,3,4.004311972082662,,,False
im0125,im0207,False,0.177,1,2,0.892061524635092,-0.0015623803483322263,0.783652105707735,False
im0125,im0244,False,0.505,0,0,,,,False
im0125,im0290,False,0.655,0,4,0.9116508369579325,0.0151108643040061,0.8073346673911219,False
im0125,im0307,False,0.574,1,3,1.1744672858823169,0.01854233257472515,0.7793955762348527,False
im0125,im0336,False,0.055,1,5,0.9999182231162274,0.12780171632766724,1.0,False
im0125,im0337,False,0.159,1,5,0.9728529721475963,0.203392893075943,0.96547576936682,False
im0125,im0374,False,0.583,1,3,0.2853234305382655,,,False
im0126,im0127,False,-0.056,5,15,1.3036213974300683,0.2564539909362793,0.9814556246316873,True
im0126,im0164,False,0.335,0,2,0.28058939508944936,,,False
im0126,im0177,False,0.261,1,0,,,,False
im0126,im0184,False,0.316,0,0,,,,False
im0126,im0382,False,-0.039,1,0,,,,False
im0127,im0312,False,-0.072,2,0,,,,False
im0128,im0129,False,0.33,42,118,1.0239900170076055,0.6158459186553955,0.9906604982515584,True
im0128,im0138,False,0.409,1,2,0.8142524620332902,0.008325452916324139,0.635050284215129,False
im0128,im0211,False,0.128,1,2,1.0234861114088933,-0.012363786809146404,0.5984214302798374,False
im0128,im0224,False,0.463,0,0,,,,False
im0128,im0252,False,0.529,0,3,0.6469159235825064,,,False
im0128,im0320,False,0.046,1,3,0.09715041131300407,,,False
im0129,im0137,False,0.41,0,0,,,,False
im0129,im0170,False,0.533,0,2,1.5410242143776063,,,False
im0129,im0201,False,0.465,2,2,0.4785333006456219,,,False
im0129,im0232,False,-0.076,3,4,1.4775729892093923,-0.0014132646610960364,0.4404051544545309,False
im0130,im0163,False,0.18,2,0,,,,False
im0130,im0169,False,0.464,0,0,,,,False
im0130,im0213,False,0.071,1,0,,,,False
im0130,im0234,False,0.418,0,0,,,,False
im0130,im0325,False,0.416,0,0,,,,False
im0130,im0379,False,0.091,1,0,,,,False
im0131,im0188,False,0.029,1,2,0.6805869515656529,0.01946207694709301,0.31951244199860424,False
im0131,im0231,False,0.384,0,0,,,,False
im0131,im0246,False,0.041,1,4,0.9771562884173082,0.008804446086287498,0.8637269698436655,False
im0131,im0321,False,0.415,0,0,,,,False
im0132,im0316,False,-0.053,1,0,,,,False
im0133,im0142,False,0.537,0,4,0.49731989230288776,,,False
im0133,im0150,False,0.519,0,2,0.5549592442480027,,,False
im0133,im0160,False,0.622,0,3,1.051465669060199,0.007854771800339222,0.9991423763187987,False
im0133,im0244,False,0.037,1,2,1.3597016923049001,0.020122336223721504,0.810604059891229,False
im0133,im0319,False,0.347,2,2,2.2420640053711383,,,False
im0133,im0383,False,0.526,0,0,,,,False
im0134,im0201,False,0.173,1,2,0.6983343461842837,0.006757539696991444,0.2931153421633554,False
im0134,im0229,False,0.358,1,2,1.195343080594891,0.032142024487257004,0.2943066595511614,False
im0134,im0239,False,0.538,0,3,0.23873179809517506,,,False
im0134,im0255,False,0.516,0,2,1.7162119729051286,,,False
im0134,im0294,False,0.618,0,6,1.0054111680513698,0.015709051862359047,0.9786042133708485,False
im0134,im0335,False,0.323,0,3,0.8912321680098522,-0.00016012962441891432,0.6670770261087091,False
im0135,im0137,False,0.3,15,79,1.0062540580678572,0.5136195421218872,0.9358416015026252,True
im0135,im0139,False,0.343,8,45,0.7783971510431933,0.348756343126297,0.5813690928780443,True
im0135,im0140,False,0.201,13,23,0.7607664045648562,0.3812716603279114,0.7072987736419379,True
im0135,im0240,False,0.6,1,4,0.9862243191131936,0.1566573530435562,0.983796086807001,False
im0135,im0290,False,0.553,0,5,1.194395170871007,0.007012216839939356,0.9634680201610588,False
im0135,im0351,False,0.499,0,0,,,,False
im0135,im0374,False,0.54,0,2,0.4162747775549213,,,False
im0136,im0138,False,0.074,6,15,0.7732814001155663,0.42857009172439575,0.07632269348491473,True
im0136,im0141,False,0.169,12,40,0.7661620080692194,0.4594119191169739,0.5973419636943258,True
im0136,im0189,False,0.443,0,4,0.8497803981304212,-0.009338865987956524,0.5517611872452748,False
im0136,im0225,False,0.438,0,3,1.0058921888119166,-0.011304929852485657,0.9949161214470003,False
im0136,im0364,False,0.055,1,2,2.2172394091283314,,,False
im0137,im0139,False,0.193,77,150,0.768040610262455,0.4761788547039032,0.5230340314739291,True
im0137,im0140,False,-0.018,2,21,0.7531972414814377,0.419882208108902,0.6206440538906641,True
im0137,im0170,False,0.401,0,2,0.9573567717389745,0.006329410243779421,0.6840756662884417,False
im0137,im0194,False,0.225,2,3,0.8776420565323857,-5.767651600763202e-06,0.6063388536563373,False
im0138,im0141,False,0.09,15,27,0.9914201601258545,0.3790702521800995,0.18149067587142773,True
im0138,im0250,False,0.22,1,2,2.8233581689872653,,,False
im0138,im0264,False,0.527,0,3,0.6560722232179924,,,False
im0138,im0290,False,0.641,0,3,0.8171681009550464,-0.0009432993829250336,0.4054033757846424,False
im0139,im0140,False,0.056,2,26,0.9795597567693493,0.35040485858917236,0.8060389498229553,True
im0139,im0234,False,0.493,0,3,0.0996138351184242,,,False
im0139,im0374,False,0.54,0,2,0.9500045976645518,-0.030329285189509392,0.04841912255888843,False
im0141,im0207,False,-0.073,3,4,2.197435423291924,,,False
im0141,im0247,False,0.094,1,2,0.28348380107098287,,,False
im0142,im0143,False,-0.025,19,34,1.044575992243403,0.4581403136253357,0.8072505364949705,True
im0142,im0158,False,0.398,0,2,1.2767478656442182,0.009062639437615871,0.7771315850295893,False
im0142,im0184,False,0.525,0,4,0.9048575210514503,-0.002201834926381707,0.8173676199631499,False
im0142,im0193,False,0.177,1,3,0.8967571605020718,0.013034431263804436,0.66954019874511,False
im0142,im0356,False,0.326,0,0,,,,False
im0142,im0365,False,0.46,0,2,0.2151437075211864,,,False
im0142,im0383,False,0.521,0,3,0.5232761856837501,,,False
im0143,im0179,False,0.397,0,0,,,,False
im0143,im0184,False,-0.016,1,0,,,,False
im0143,im0333,False,0.384,0,2,0.34615908220259706,,,False
im0143,im0346,False,0.412,0,0,,,,False
im0143,im0353,False,0.396,0,3,1.5861688078258027,,,False
im0143,im0365,False,0.14,1,2,0.40970752398153126,,,False
im0145,im0278,False,-0.088,1,6,1.2509053527803369,0.15932431817054749,0.9949126987474168,False
im0145,im0295,False,-0.01,1,0,,,,False
im0146,im0152,False,0.286,0,4,0.7356582656665515,0.03794265538454056,0.14653416488177734,False
im0146,im0175,False,0.1,1,3,0.9844750379372218,0.05400098115205765,0.7745689724174364,False
im0146,im0206,False,0.412,0,2,0.05783821826920335,,,False
im0146,im0262,False,0.188,4,4,0.062352578486414165,,,False
im0146,im0274,False,0.452,0,0,,,,False
im0146,im0281,False,0.433,0,4,1.047344310969132,0.04030470922589302,0.9616074775697898,False
im0146,im0368,False,0.218,1,2,0.15584532707806897,,,False
im0147,im0148,False,-0.009,8,18,0.9872477180951599,0.21946731209754944,0.8719187727766251,True
im0147,im0179,False,0.381,0,0,,,,False
im0147,im0274,False,0.463,1,0,,,,False
im0147,im0287,False,0.124,1,0,,,,False
im0147,im0369,False,0.042,1,0,,,,False
im0147,im0380,False,0.422,0,0,,,,False
im0147,im0395,False,0.373,1,0,,,,False
im0148,im0149,False,0.407,7,15,1.0112317856902098,0.47319334745407104,0.9453790465783363,True
im0148,im0178,False,0.354,0,0,,,,False
im0148,im0204,False,0.282,0,0,,,,False
im0148,im0231,False,0.097,1,3,1.2525629459746275,0.004496296867728233,0.8315937179556371,False
im0148,im0383,False,0.496,0,3,0.9684758487306594,0.012720956467092037,0.915512674990541,False
im0149,im0184,False,0.427,0,0,,,,False
im0149,im0305,False,0.416,0,0,,,,False
im0149,im0337,False,0.009,2,2,3.940138802998066,,,False
im0149,im0385,False,0.46,0,0,,,,False
im0150,im0203,False,0.228,0,0,,,,False
im0150,im0233,False,0.088,2,0,,,,False
im0150,im0259,False,0.393,2,0,,,,False
im0151,im0154,False,0.199,2,3,0.9515802813496366,0.014295702800154686,0.8849755940567505,False
im0151,im0208,False,0.309,0,4,1.06872671253614,0.004642251878976822,0.9400765839829134,False
im0151,im0399,False,0.114,2,2,1.302891540231145,-0.0007587798172608018,0.7695239713119323,False
im0152,im0291,False,0.295,0,5,0.944942956242949,0.026005227118730545,0.8307150824141777,False
im0152,im0348,False,0.31,0,2,1.083734911980544,0.0015068647917360067,0.6041206769683591,False
im0153,im0154,False,0.225,1,4,1.062987012755436,0.02205069363117218,0.8973287561014858,False
im0153,im0181,False,0.424,0,4,1.1652259975020094,0.012824180535972118,0.9675815136105295,False
im0153,im0240,False,0.042,1,0,,,,False
im0153,im0257,False,0.456,0,2,0.607817988716674,,,False
im0153,im0325,False,0.444,0,0,,,,False
im0153,im0329,False,0.101,1,5,0.7637421676674423,-0.0020985447335988283,0.3919710608050032,False
im0153,im0358,False,0.316,1,4,1.1663539419080968,0.017972726374864578,0.8772033460268568,False
im0154,im0156,False,0.385,0,3,0.4207216548842326,,,False
im0154,im0170,False,0.119,1,0,,,,False
im0154,im0185,False,0.369,0,2,2.6945491912316357,,,False
im0154,im0255,False,0.487,0,0,,,,False
im0154,im0294,False,0.44,0,2,0.0,,,False
im0154,im0354,False,0.314,0,3,0.9892335692120466,0.011540653184056282,0.9500346642979396,False
im0155,im0156,False,0.174,6,9,0.7489707588681659,0.09830459952354431,0.5570497342991306,False
im0155,im0336,False,0.357,0,0,,,,False
im0156,im0220,False,0.081,1,4,0.44136272351475225,,,False
im0156,im0225,False,0.443,0,5,1.0387544770211525,0.004494827706366777,0.9356132768699855,False
im0156,im0230,False,0.366,0,4,1.0404202048832392,0.024332894012331963,0.9414529869080158,False
im0156,im0291,False,0.197,1,0,,,,False
im0156,im0352,False,0.336,0,3,0.9233276919820427,-0.0028890534304082394,0.7040333928882002,False
im0157,im0207,False,0.358,0,4,1.0502685827403744,-0.0037103407084941864,0.8636619605003821,False
im0157,im0229,False,0.478,0,3,0.7886905150083006,0.002758851507678628,0.6530404741173497,False
im0157,im0230,False,0.52,0,5,0.8978707549862892,0.00017500277317594737,0.730736915992215,False
im0157,im0352,False,0.118,1,2,0.4942995778120337,,,False
im0157,im0355,False,0.281,1,3,0.9944656990047436,0.009802311658859253,0.9182254406311556,False
im0158,im0194,False,0.052,1,0,,,,False
im0159,im0180,False,0.385,0,0,,,,False
im0159,im0222,False,0.535,0,3,0.6109261974354104,,,False
im0159,im0230,False,0.543,0,0,,,,False
im0159,im0333,False,0.361,0,0,,,,False
im0159,im0355,False,0.426,0,0,,,,False
im0160,im0161,False,0.218,25,81,1.022846813654665,0.42464736104011536,0.46807326838528085,True
im0160,im0200,False,0.583,0,2,0.6206333160933063,,,False
im0160,im0269,False,0.081,2,3,0.12362141915575418,,,False
im0161,im0181,False,0.378,0,3,0.5313996342680073,,,False
im0161,im0280,False,0.382,0,6,0.9440104862368629,0.00495666079223156,0.8730389137363079,False
im0162,im0163,False,0.046,71,130,1.2976866490625094,0.5575109124183655,0.7799880330722367,True
im0162,im0212,False,0.201,1,4,0.7218781038920666,0.02512417733669281,0.32970250516218547,False
im0162,im0249,False,-0.21,1,3,0.8546933673974171,-0.003333514556288719,0.5151507276507277,False
im0163,im0183,False,0.49,0,3,1.1382543290983984,0.010275587439537048,0.901769153944928,False
im0163,im0249,False,0.55,0,3,1.049255028702833,0.048405811190605164,0.9575259875259875,False
im0163,im0289,False,0.496,0,3,0.8103882216876168,0.015429836697876453,0.6668692001767565,False
im0163,im0330,False,0.46,1,3,1.7802131995786392,,,False
im0163,im0375,False,0.222,2,4,1.2600404242673013,0.02260090783238411,0.8933065869293981,False
im0163,im0398,False,0.154,1,3,1.0201513178066755,-0.0008650111267343163,0.9151647166429633,False
im0164,im0227,False,0.405,0,3,0.9860143891157032,0.09462375938892365,0.9372977821439631,False
im0164,im0258,False,0.072,1,0,,,,False
im0164,im0300,False,0.45,0,0,,,,False
im0164,im0322,False,0.548,0,0,,,,False
im0165,im0166,False,0.122,13,14,0.9833231439632913,0.3481144309043884,0.6342589169720846,True
im0165,im0187,False,-0.218,1,2,0.6819713980648199,0.008860238827764988,0.14049347490774325,False
im0165,im0290,False,0.117,1,0,,,,False
im0165,im0322,False,0.59,0,0,,,,False
im0166,im0275,False,0.529,1,5,0.6987001597342463,-0.01312303077429533,0.48196447499437894,False
im0166,im0285,False,0.144,1,0,,,,False
im0168,im0169,False,0.107,36,189,1.3168454798546496,0.3641510009765625,0.8813428047662695,True
im0168,im0325,False,0.22,1,6,1.18018903836792,0.02823624387383461,0.8877405614515225,False
im0168,im0329,False,0.344,0,5,1.0804242887762077,0.028357187286019325,0.8839268293969067,False
im0169,im0196,False,0.552,0,4,0.9547090627709992,0.002178433584049344,0.9033936896888214,False
im0169,im0218,False,0.087,1,3,1.614265135400664,,,False
im0169,im0290,False,0.52,0,5,0.8084024852940883,0.016269896179437637,0.5303056405906961,False
im0169,im0316,False,0.499,0,3,1.015685197005012,0.04884081333875656,0.9545672242507327,False
im0171,im0172,False,0.278,9,9,1.0317386534027797,0.1365087926387787,0.6231072746966113,False
im0173,im0174,False,0.121,10,22,0.9871772199681739,0.5197340846061707,0.5742681999879696,True
im0173,im0221,False,0.118,2,3,1.3237485554700745,0.0323152169585228,0.8294786337764886,False
im0173,im0222,False,0.092,1,2,0.6990179844293047,0.013383043929934502,0.3266630436537189,False
im0173,im0377,False,0.393,0,2,0.42058398638437333,,,False
im0174,im0238,False,0.404,0,0,,,,False
im0174,im0258,False,0.228,1,0,,,,False
im0174,im0313,False,0.425,0,0,,,,False
im0174,im0381,False,0.104,1,2,0.11414238630462574,,,False
im0175,im0270,False,0.262,2,4,0.6268408943695188,,,False
im0175,im0399,False,0.47,0,3,1.3499982750784265,-0.0045392876490950584,0.616894320250994,False
im0176,im0306,False,0.121,2,0,,,,False
im0176,im0369,False,0.345,0,0,,,,False
im0178,im0230,False,0.361,0,0,,,,False
im0179,im0340,False,0.19,1,2,2.667079950131191,,,False
im0179,im0353,False,0.382,0,2,0.40366609402009523,,,False
im0180,im0181,False,0.121,40,67,1.338117963821127,0.38793596625328064,0.669955343788727,True
im0180,im0211,False,0.379,0,4,0.5820808383083417,,,False
im0180,im0306,False,0.012,2,4,0.2545845487155742,,,False
im0180,im0339,False,0.439,0,4,0.6567484809735122,,,False
im0181,im0185,False,0.251,1,5,1.0319689020674465,0.012294836342334747,0.9837384512100255,False
im0181,im0233,False,0.469,0,2,0.7437456228995993,0.009664046578109264,0.4463365566942079,False
im0181,im0274,False,0.516,0,3,0.4985832895281337,,,False
im0181,im0295,False,0.623,1,3,0.6880024989167262,0.003918920177966356,0.3545871607679658,False
im0181,im0310,False,0.339,0,4,0.8090150606609992,-0.006209275685250759,0.5290241672109732,False
im0181,im0337,False,0.293,1,5,0.5928201649654253,,,False
im0181,im0347,False,0.389,0,5,0.5420979808079659,,,False
im0181,im0359,False,0.545,0,4,0.14608369340571983,,,False
im0181,im0366,False,0.406,0,0,,,,False
im0181,im0400,False,0.447,1,6,0.43127433058869247,,,False
im0182,im0294,False,-0.012,2,0,,,,False
im0183,im0273,False,0.497,0,2,1.033878842943521,0.009572693146765232,0.9764968774499085,False
im0184,im0250,False,0.343,2,2,0.4102786775657034,,,False
im0184,im0332,False,0.026,2,3,0.2503199393054786,,,False
im0184,im0383,False,0.455,0,0,,,,False
im0185,im0319,False,0.367,0,4,0.6173097593837922,,,False
im0187,im0280,False,0.02,1,0,,,,False
im0187,im0311,False,-0.097,1,0,,,,False
im0188,im0189,False,0.008,5,12,1.015882499973379,0.31991609930992126,0.32757721175054627,True
im0188,im0318,False,0.357,0,3,1.1136002325662226,0.03268687427043915,0.7918293938966179,False
im0188,im0319,False,0.414,0,0,,,,False
im0189,im0191,False,0.392,0,3,0.22336679922154007,,,False
im0189,im0221,False,0.602,0,4,0.8903303107723071,0.015615822747349739,0.7425894993690406,False
im0189,im0270,False,0.615,0,4,0.7501785932335059,-0.007148461882025003,0.4109544539016308,False
im0190,im0191,False,0.06,14,49,1.0242372913338122,0.6026244163513184,0.9063041517617373,True
im0193,im0198,False,0.126,2,3,0.3350053137580487,,,False
im0193,im0215,False,0.228,1,6,1.0006345632035143,0.08957940340042114,0.9856276258252593,False
im0193,im0223,False,0.177,1,2,2.7527204885455436,,,False
im0193,im0224,False,0.09,1,2,0.8041834883967648,0.010103228501975536,0.49609861826063395,False
im0193,im0254,False,0.099,1,3,0.5681650503275181,,,False
im0193,im0258,False,0.416,0,4,1.088867067296768,0.016215389594435692,0.8471955254024376,False
im0193,im0397,False,0.098,1,2,4.7025366408672085,,,False
im0193,im0401,False,0.309,2,5,1.0436252042027456,0.026190539821982384,0.9696021528916132,False
im0194,im0270,False,0.041,1,2,0.15330460465779897,,,False
im0195,im0196,False,0.35,140,220,0.7769866405838777,0.7600239515304565,0.5540543725751783,True
im0195,im0202,False,0.518,0,3,1.0174596784472778,3.362901043146849e-05,0.8129426727188552,False
im0195,im0344,False,0.437,0,3,0.842085246574266,0.004629169590771198,0.6183065988191265,False
im0196,im0301,False,0.549,0,3,0.0318913381386668,,,False
im0196,im0395,False,0.561,0,2,0.6435353692991123,,,False
im0197,im0200,False,0.494,0,2,1.350250870642178,0.00969699863344431,0.6783013948637726,False
im0197,im0219,False,0.463,0,3,0.5861332870001863,,,False
im0197,im0224,False,0.132,2,3,0.4998800075068162,,,False
im0197,im0376,False,0.034,4,4,1.0775724344210846,-0.01931338757276535,0.8442445956669151,False
im0198,im0257,False,0.376,0,3,0.28403080218285065,,,False
im0198,im0350,False,0.358,0,2,1.1970447966659783,0.012528282590210438,0.4551556462943449,False
im0199,im0226,False,0.19,1,0,,,,False
im0199,im0256,False,0.372,0,2,0.530534201615139,,,False
im0200,im0201,False,0.256,58,107,0.7589787255931412,0.7653212547302246,0.562754712175242,True
im0200,im0222,False,0.32,1,3,0.9901621985524688,0.06386540085077286,0.9630721714940624,False
im0200,im0234,False,0.589,0,4,0.5164240789981817,,,False
im0201,im0204,False,0.091,1,0,,,,False
im0202,im0318,False,0.491,0,3,0.9921465009519098,0.05274810642004013,0.9596018214993386,False
im0202,im0330,False,0.153,85,135,1.420721512803661,0.3933526873588562,0.720698563715893,True
im0202,im0338,False,0.371,69,98,1.4005858321696483,0.7165496349334717,1.0,True
im0204,im0293,False,0.329,0,3,3.4112564750762937,,,False
im0206,im0207,False,0.07,4,9,0.7429470940841266,0.23224060237407684,0.45307911990668115,False
im0206,im0280,False,0.428,0,5,1.0183326455244064,0.008743716403841972,0.8998794825785372,False
im0206,im0358,False,0.281,4,7,0.5804311045351119,,,False
im0206,im0368,False,0.171,1,4,1.01795368315386,0.028513005003333092,0.9801494834029457,False
im0207,im0304,False,0.353,0,0,,,,False
im0209,im0239,False,0.575,0,3,3.214309792293308,,,False
im0209,im0314,False,0.349,0,0,,,,False
im0210,im0262,False,0.041,2,0,,,,False
im0210,im0299,False,0.376,0,0,,,,False
im0210,im0341,False,0.135,1,0,,,,False
im0210,im0380,False,0.173,1,3,1.0445999166299724,-0.006109008565545082,0.23427905772715507,False
im0210,im0401,False,0.364,0,2,1.3431859552783014,0.010298437438905239,0.9666707602932461,False
im0211,im0292,False,0.329,0,2,0.06301464286865455,,,False
im0211,im0339,False,0.334,0,3,0.9721978981559667,0.021599190309643745,0.9530520585587227,False
im0211,im0385,False,-0.073,1,2,0.5205231599840702,,,False
im0213,im0221,False,0.435,0,0,,,,False
im0213,im0302,False,0.423,0,3,0.1913082650241827,,,False
im0214,im0215,False,0.022,6,5,1.3237641885906193,0.23362620174884796,0.5918878075966733,False
im0214,im0333,False,0.472,36,37,1.326814899683214,0.5805368423461914,1.0,True
im0214,im0355,False,0.337,0,7,0.9094143256441434,0.029141923412680626,0.7872061387493121,False
im0215,im0263,False,-0.03,2,4,0.7299207047025158,0.048651982098817825,0.4912690856342437,False
im0215,im0333,False,-0.067,1,3,1.080301648208751,0.34294605255126953,0.3779781475383102,False
im0215,im0335,False,0.166,24,14,1.0162551586970798,0.3211219012737274,0.6174793425056876,True
im0216,im0217,False,0.391,0,3,0.9519779171044476,0.0017040636157616973,0.8766860165050042,False
im0216,im0219,False,0.1,4,32,1.3214419292219892,0.12507012486457825,0.7564169538180248,False
im0216,im0249,False,0.401,0,4,0.9880937761144574,-0.032973144203424454,0.570977130977131,False
im0216,im0347,False,0.359,0,3,0.40312107342608267,,,False
im0217,im0218,False,0.208,100,190,1.2929453197479777,0.6965603232383728,0.9945594882422211,True
im0217,im0231,False,0.408,0,3,0.9899468763068175,0.014490528963506222,0.9208807814776836,False
im0217,im0254,False,0.04,2,3,0.9009215590148287,-0.006566520780324936,0.6855939412994027,False
im0217,im0272,False,0.445,0,5,0.915513294425473,0.018653441220521927,0.8239089783770971,False
im0218,im0295,False,0.399,0,0,,,,False
im0218,im0347,False,0.226,1,4,0.5674274393689904,,,False
im0218,im0352,False,0.141,1,4,0.4251287726637831,,,False
im0219,im0240,False,0.389,2,2,1.2573515780001205,0.0025009899400174618,0.6735642274068309,False
im0219,im0295,False,0.463,0,2,0.7274532706828127,-0.001518517965450883,0.5445204403339164,False
im0219,im0331,False,0.351,0,3,0.02602795505485222,,,False
im0219,im0348,False,0.012,2,4,0.362162960191633,,,False
im0219,im0399,False,0.213,2,2,1.3517411432161306,0.01872902922332287,0.3693880692887971,False
im0220,im0263,False,0.061,1,2,0.5347547122816263,,,False
im0221,im0270,False,0.554,0,2,1.0638411906613514,0.011182556860148907,0.8987420220608447,False
im0221,im0318,False,0.104,1,5,1.0004445016851558,0.04576381668448448,0.9706176053871209,False
im0221,im0396,False,0.037,1,3,0.6491510807790071,,,False
im0222,im0223,False,0.424,0,3,1.1902331689821355,0.007348448969423771,0.9824965079640077,False
im0222,im0229,False,0.604,0,4,1.1821972389128805,-0.013351423665881157,0.9817431115355447,False
im0222,im0230,False,0.623,0,5,0.9891539921094961,-0.008389316499233246,0.953103895689536,False
im0222,im0298,False,0.483,0,4,1.088233911532235,-0.0024544072803109884,0.9792189795471832,False
im0222,im0355,False,0.393,0,3,0.63989882585881,,,False
im0223,im0229,False,0.409,0,2,0.6317267167208196,,,False
im0223,im0257,False,0.166,1,2,0.7175881567539941,-0.009007765911519527,0.49150181398588316,False
im0223,im0385,False,0.433,0,2,0.28678194449986916,,,False
im0224,im0377,False,0.439,0,3,0.42796975203563087,,,False
im0225,im0315,False,0.387,0,0,,,,False
im0225,im0320,False,0.434,0,2,0.41571050057525005,,,False
im0227,im0228,False,0.196,2,0,,,,False
im0227,im0271,False,0.27,1,6,0.9835363652151181,-0.0021969869267195463,0.9212602066771838,False
im0227,im0363,False,-0.03,1,0,,,,False
im0228,im0382,False,0.194,2,0,,,,False
im0229,im0230,False,0.608,0,2,1.1272063646636052,0.0037670580204576254,0.5423389026556202,False
im0229,im0241,False,0.337,0,2,0.8734846770040124,-0.010132241994142532,0.6036846323487043,False
im0230,im0231,False,0.09,7,35,1.0316038184838776,0.4235646426677704,0.44727724108154787,True
im0230,im0232,False,-0.063,1,18,1.022730040725489,0.36310890316963196,0.39794312000980364,True
im0230,im0378,False,0.391,0,2,2.0948434485981338,,,False
im0231,im0232,False,0.076,12,24,0.9819627245305682,0.6016473770141602,0.7836222580432303,True
im0231,im0295,False,0.497,0,0,,,,False
im0231,im0321,False,0.449,0,3,0.7699498449263579,-2.7715181204257533e-05,0.5966674363118603,False
im0231,im0322,False,0.537,0,3,0.9575968280510047,0.0435287170112133,0.9278495719750529,False
im0231,im0329,False,0.448,0,4,1.1141709903790065,0.01823572628200054,0.9221731816767648,False
im0231,im0337,False,0.275,1,3,0.5188950555411954,,,False
im0232,im0251,False,0.439,0,3,0.10574942446364864,,,False
im0232,im0283,False,0.527,0,3,0.35352330678567406,,,False
im0232,im0348,False,0.409,0,0,,,,False
im0233,im0248,False,0.38,0,2,1.8312057585162609,,,False
im0233,im0257,False,0.486,0,2,0.9516008218044351,-0.001482710475102067,0.37913864257721136,False
im0233,im0295,False,0.589,0,2,0.1468652413963395,,,False
im0233,im0328,False,0.406,0,3,1.0012047721296002,0.08708297461271286,0.9405549008249605,False
im0233,im0335,False,0.328,0,3,1.8190963514444842,,,False
im0233,im0359,False,0.431,0,3,0.053666422634238126,,,False
im0233,im0381,False,0.403,0,3,0.4798465746032132,,,False
im0234,im0260,False,0.505,0,2,1.5446116615787473,,,False
im0234,im0377,False,0.174,2,3,0.9378791173381097,0.0068055409938097,0.8774506336414933,False
im0235,im0236,False,0.052,167,240,0.9952089965942291,0.7289592027664185,0.8627295197740112,True
im0235,im0314,False,0.089,1,0,,,,False
im0236,im0317,False,0.483,0,3,0.2926555026101899,,,False
im0237,im0238,False,0.278,130,121,0.9799739965368355,0.5706021189689636,0.7351258236000856,True
im0238,im0331,False,0.055,1,0,,,,False
im0238,im0378,False,0.428,0,2,0.5704054677215125,,,False
im0239,im0261,False,0.094,1,0,,,,False
im0239,im0271,False,0.434,0,6,1.021872035195152,0.0005016042850911617,0.9850053699069388,False
im0239,im0280,False,0.059,2,5,0.9269125882305722,0.002362848026677966,0.8609925279198694,False
im0239,im0286,False,0.377,1,4,1.0066152231688854,-0.018500788137316704,0.960475968968984,False
im0239,im0294,False,0.689,0,5,0.8452873373565689,0.07160630077123642,0.7040215779645664,False
im0239,im0302,False,0.588,0,5,0.9959074946230494,0.08863764256238937,0.9932191465757502,False
im0239,im0305,False,0.162,1,3,1.348226620100335,0.01990608684718609,0.6003751931141028,False
im0239,im0325,False,0.559,0,7,0.9667754632080399,0.016176069155335426,0.9079166002191482,False
im0239,im0383,False,0.356,1,4,0.08468080485889862,,,False
im0240,im0254,False,0.63,0,5,1.1017480292690558,-0.009221824817359447,0.9007647352554974,False
im0240,im0307,False,0.604,0,2,3.5137850219762217,,,False
im0240,im0310,False,0.192,1,5,1.0421414428518077,0.012337379157543182,0.9837282821685173,False
im0241,im0294,False,0.363,0,0,,,,False
im0241,im0336,False,0.082,2,0,,,,False
im0242,im0251,False,0.487,0,3,0.8037524599315191,0.001572632696479559,0.5465615032060703,False
im0243,im0357,False,0.012,1,3,0.29134292549202356,,,False
im0243,im0368,False,0.252,0,2,0.7527852387662277,-0.022197380661964417,0.25182457683007253,False
im0243,im0398,False,0.155,1,3,0.2419363326685868,,,False
im0244,im0272,False,-0.007,1,0,,,,False
im0244,im0287,False,0.63,0,0,,,,False
im0244,im0290,False,0.524,0,0,,,,False
im0244,im0292,False,0.227,2,0,,,,False
im0244,im0374,False,0.475,1,0,,,,False
im0245,im0272,False,-0.112,1,2,1.7039275674881367,,,False
im0246,im0321,False,0.091,4,4,1.7634079899330493,,,False
im0248,im0295,False,0.385,0,3,0.8361280846467969,0.010087820701301098,0.587616394163795,False
im0248,im0330,False,0.414,0,2,0.4695299413260278,,,False
im0248,im0378,False,0.373,0,2,0.6725540469443597,0.0016010536346584558,0.26735617117189125,False
im0249,im0255,False,0.125,26,39,0.5131005182010261,,,False
im0250,im0294,False,0.549,0,6,0.9890712216361074,0.03796869516372681,0.9699861848397593,False
im0250,im0319,False,0.493,0,6,0.7905294809440498,0.03009374812245369,0.49073121301234274,False
im0250,im0325,False,0.475,0,6,0.9362422537410022,0.010632324032485485,0.8542304348497086,False
im0250,im0355,False,0.403,0,0,,,,False
im0252,im0253,False,-0.007,3,21,1.832706279609643,,,False
im0252,im0254,False,0.293,13,32,1.7285810702286621,,,False
im0253,im0254,False,0.036,1,2,1.9062956870167853,,,False
im0253,im0325,False,0.047,1,3,0.9308688156045393,-0.0017709943931549788,0.17698017891958906,False
im0253,im0346,False,0.5,0,0,,,,False
im0253,im0347,False,-0.049,3,2,5.088226034433722,,,False
im0254,im0262,False,0.552,0,3,0.9786704614193906,-0.0027592757251113653,0.8987712029795859,False
im0254,im0303,False,0.73,0,0,,,,False
im0255,im0269,False,0.524,0,3,1.5043396016555655,,,False
im0255,im0294,False,0.63,0,4,1.0472448650574426,0.011229035444557667,0.976210597695449,False
im0255,im0376,False,0.119,1,4,1.3073424317861781,-0.0031650476157665253,0.6345636857671869,False
im0256,im0299,False,0.115,1,0,,,,False
im0256,im0371,False,0.379,1,4,0.3095856474334892,,,False
im0257,im0258,False,0.34,77,91,1.000733262207131,0.4720142185688019,0.5708902088398209,True
im0257,im0295,False,0.5,0,3,1.259016951330955,0.007395887281745672,0.7471169859541441,False
im0257,im0297,False,0.368,0,3,0.5621233710124621,,,False
im0257,im0323,False,0.471,0,3,0.3500708320511907,,,False
im0257,im0325,False,0.489,0,3,1.0005685115689313,0.012246411293745041,0.9259937547906517,False
im0257,im0359,False,0.532,0,4,0.013971923098433797,,,False
im0258,im0322,False,0.073,2,3,1.0287232432664397,0.004505631979554892,0.9889952100665329,False
im0258,im0401,False,0.406,0,3,0.6337988588655378,,,False
im0259,im0260,False,0.72,2,11,0.970078588576649,0.25783345103263855,0.9016156900227924,True
im0259,im0295,False,0.114,1,2,1.4566260762979162,0.10560894012451172,1.0,False
im0259,im0326,False,0.342,0,2,0.969217808594004,0.008231968618929386,0.8347728678162667,False
im0259,im0396,False,0.435,0,2,0.928181192301651,-0.004085022024810314,0.8139171540741927,False
im0260,im0365,False,0.092,1,0,,,,False
im0261,im0300,False,0.267,0,0,,,,False
im0261,im0359,False,0.038,3,0,,,,False
im0261,im0397,False,0.097,2,2,0.13515742071198056,,,False
im0262,im0263,False,0.214,43,144,1.0082996603097798,0.4255489110946655,0.8359046702790004,True
im0262,im0374,False,0.639,0,3,0.8001341095896057,-0.008179496973752975,0.5753536991564661,False
im0263,im0268,False,0.522,0,5,1.0628560162330916,0.005463761743158102,0.9146928944199116,False
im0263,im0293,False,0.496,2,5,0.6312688560590074,,,False
im0264,im0265,False,0.473,74,130,0.9257429208809408,0.6200394630432129,0.8078039927404719,True
im0264,im0266,False,0.466,22,91,1.0041576264695904,0.4917721450328827,0.6050334870570786,True
im0264,im0267,False,0.225,7,51,0.9419937386191048,0.45333611965179443,0.5439351867287111,True
im0264,im0301,False,0.492,0,0,,,,False
im0264,im0303,False,0.522,0,0,,,,False
im0265,im0266,False,0.384,4,67,1.082845604764973,0.40408214926719666,0.6260712382100068,True
im0265,im0267,False,0.209,8,75,1.0218910302577549,0.36738651990890503,0.5709073762722843,True
im0265,im0273,False,0.411,0,3,0.018943996939555004,,,False
im0266,im0267,False,0.492,100,208,0.9383486279987518,0.6484177112579346,0.8760127073638888,True
im0266,im0268,False,0.58,0,2,0.45050494840209454,,,False
im0266,im0301,False,0.623,0,0,,,,False
im0266,im0303,False,0.667,0,0,,,,False
im0266,im0373,False,0.057,1,3,0.5075268116516669,,,False
im0266,im0396,False,0.216,1,2,1.5581026317664892,,,False
im0268,im0269,False,0.55,7,41,1.0023984853507477,0.438084214925766,0.9307026749690991,True
im0268,im0270,False,0.54,20,50,1.00707045465866,0.44410648941993713,0.958872068091742,True
im0268,im0285,False,0.28,2,7,1.0898678085868303,0.046236615628004074,0.9457285581237829,False
im0268,im0365,False,0.245,1,3,0.43444499694116145,,,False
im0268,im0401,False,0.091,1,6,0.8404692151256495,0.01870645582675934,0.681311170795,False
im0269,im0270,False,0.721,42,74,1.0010376391002662,0.5667346119880676,0.9851261726383551,True
im0270,im0271,False,0.445,0,6,0.9969450442385641,0.1350373923778534,0.9851543912478224,False
im0270,im0362,False,0.089,1,2,0.5659221420856367,,,False
im0270,im0365,False,0.275,1,0,,,,False
im0271,im0274,False,0.228,9,14,0.9977848124917482,0.22265762090682983,0.5582941795681532,True
im0271,im0276,False,0.287,9,31,0.9929693170447267,0.3798315227031708,0.8648718461081084,True
im0271,im0294,False,0.472,0,7,0.9965531559409492,0.24269065260887146,0.9688020282477012,False
im0271,im0295,False,0.301,1,4,1.0573558242060104,0.03110543265938759,0.9070208331151216,False
im0271,im0296,False,0.166,4,7,0.6266323457472149,,,False
im0271,im0367,False,0.255,1,2,19.809920896962907,,,False
im0272,im0275,False,0.032,35,36,0.9882785702710895,0.41096240282058716,0.49569053201854407,True
im0272,im0278,False,0.579,0,3,1.003037364769268,0.036717966198921204,0.9865832314115811,False
im0272,im0289,False,0.145,1,3,0.0116131478115648,,,False
im0272,im0329,False,0.187,1,5,0.9989693610845459,0.005392849911004305,0.8219933663434209,False
im0273,im0280,False,0.577,0,3,0.4061088268631028,,,False
im0273,im0289,False,0.581,0,3,1.0578845728796935,0.005639308597892523,0.9993703049049933,False
im0273,im0299,False,0.449,0,3,1.008967568148264,0.008852958679199219,0.3634866803013436,False
im0273,im0319,False,0.316,3,5,0.9935676441143516,0.11289118975400925,0.9601355974698222,False
im0273,im0400,False,0.425,0,3,0.1076811157232727,,,False
im0274,im0276,False,0.525,46,41,0.9654371746573861,0.19538374245166779,0.5188539011516549,True
im0274,im0278,False,0.534,0,2,0.997159029251756,-0.003971963655203581,0.6906551811395555,False
im0274,im0281,False,0.516,0,0,,,,False
im0274,im0284,False,0.48,0,0,,,,False
im0274,im0382,False,0.514,0,0,,,,False
im0275,im0319,False,0.406,1,5,1.004746875984503,0.16055549681186676,0.9732513619815198,False
im0275,im0337,False,0.494,0,4,1.0047426044514174,0.3032134175300598,0.9490423972914245,False
im0275,im0400,False,0.103,3,5,0.9786123405192911,0.04886274412274361,0.9304953273502237,False
im0276,im0281,False,0.517,12,28,1.1069199738533921,0.14446517825126648,0.8862269762327244,False
im0276,im0292,False,0.546,0,0,,,,False
im0276,im0331,False,0.37,0,0,,,,False
im0276,im0340,False,0.402,0,0,,,,False
im0276,im0342,False,0.551,0,0,,,,False
im0276,im0371,False,0.595,0,0,,,,False
im0276,im0382,False,0.602,0,0,,,,False
im0276,im0395,False,0.591,0,0,,,,False
im0277,im0295,False,0.375,0,0,,,,False
im0277,im0358,False,0.089,1,4,1.1827331420014904,0.0033608018420636654,0.9629004525364192,False
im0277,im0381,False,0.384,1,2,1.3818810299536293,-0.004245624411851168,0.780380835769852,False
im0278,im0281,False,0.314,4,4,1.1376935817193914,-0.004799385089427233,0.8363181965861095,False
im0278,im0282,False,-0.074,1,3,0.8975331756675604,0.0046402644366025925,0.6795896978481436,False
im0278,im0348,False,0.433,0,2,0.8443939641179449,0.005167518742382526,0.5062492668308965,False
im0278,im0395,False,0.26,2,0,,,,False
im0279,im0286,False,0.237,2,3,0.9955385450232439,0.2390614002943039,0.9565995928554637,False
im0279,im0358,False,0.816,27,18,0.9735931646653434,0.10486920922994614,0.9454002679353157,False
im0279,im0359,False,0.204,1,4,0.9901825335098201,0.22236183285713196,0.9920099469078547,False
im0279,im0364,False,0.147,2,5,1.0029773180464985,0.04441309720277786,0.9993115133259823,False
im0280,im0300,False,0.498,0,3,1.0732280896887332,0.001058866735547781,0.9748484484568111,False
im0281,im0286,False,0.382,0,6,0.9999017382010392,0.029445171356201172,0.9500022507990337,False
im0281,im0335,False,0.392,1,5,1.0072484298404663,0.14708766341209412,0.9613096703664674,False
im0281,im0344,False,0.439,0,4,0.8085496762812853,0.026873726397752762,0.6514383610536084,False
im0281,im0369,False,0.093,4,5,0.8753645488193438,0.021814478561282158,0.7976339559297647,False
im0281,im0371,False,0.385,3,10,0.9999427890757094,0.4323485493659973,0.9553768074308149,True
im0281,im0382,False,0.518,0,0,,,,False
im0281,im0401,False,0.276,1,7,0.9994309435672156,0.1226344183087349,0.9748722521531585,False
im0282,im0363,False,0.361,0,0,,,,False
im0283,im0289,False,0.144,3,5,1.3182712481832997,0.2886922359466553,0.43852739726027395,False
im0283,im0291,False,0.646,8,8,0.9952949135693742,0.5121025443077087,0.9938629322096915,False
im0283,im0304,False,0.557,0,0,,,,False
im0284,im0287,False,0.339,4,6,1.012901172366447,0.23749925196170807,0.44272366854902945,False
im0284,im0356,False,0.322,0,3,0.5878436999080872,,,False
im0286,im0292,False,0.354,3,7,0.9979543143910568,0.21762171387672424,0.948517369607522,False
im0286,im0294,False,0.439,0,4,0.9996832673606713,0.3446391224861145,0.9753098290057639,False
im0286,im0325,False,0.404,0,0,,,,False
im0287,im0290,False,0.644,0,0,,,,False
im0287,im0316,False,0.525,0,3,0.609933699931436,,,False
im0287,im0342,False,0.535,0,0,,,,False
im0289,im0300,False,0.492,0,0,,,,False
im0289,im0341,False,0.418,0,0,,,,False
im0289,im0379,False,0.386,0,0,,,,False
im0290,im0316,False,0.61,0,5,0.7671162947534524,0.0017549576004967093,0.5591482892406926,False
im0290,im0339,False,0.225,4,6,0.9267903703530168,0.024785172194242477,0.9022425305361985,False
im0290,im0351,False,0.455,0,3,2.214764210465191,,,False
im0290,im0357,False,0.256,2,3,0.8566113929655913,0.021360602229833603,0.7517466278471657,False
im0290,im0367,False,0.573,0,2,1.33088612708717,-0.0014826400438323617,0.9762868196770335,False
im0290,im0374,False,0.661,0,2,0.6483096571510295,,,False
im0291,im0304,False,0.51,0,0,,,,False
im0292,im0304,False,0.521,0,3,2.256096777304976,,,False
im0292,im0342,False,0.586,0,0,,,,False
im0293,im0302,False,0.564,0,7,1.023995975040574,0.06175500899553299,0.982222583001867,False
im0293,im0327,False,0.389,0,3,0.9941623368356775,-0.0333513543009758,0.934629775143495,False
im0293,im0360,False,0.47,0,4,1.1425051173980567,0.02762526087462902,0.7558423312085338,False
im0294,im0298,False,0.505,0,4,0.8730438459087378,0.012087023817002773,0.7720599727017932,False
im0294,im0310,False,0.169,2,5,1.0031550272573946,0.18936364352703094,0.9970685826257348,False
im0294,im0319,False,0.497,2,3,7.304450103152106,,,False
im0294,im0325,False,0.552,0,5,1.138591122701891,0.026939818635582924,0.8133330589693861,False
im0294,im0337,False,0.399,1,3,1.2160169645625039,0.015235787257552147,0.9902723735408561,False
im0294,im0338,False,0.511,0,0,,,,False
im0294,im0365,False,0.529,0,0,,,,False
im0294,im0372,False,0.413,0,0,,,,False
im0294,im0397,False,0.492,0,2,3.4514392511091674,,,False
im0295,im0324,False,0.514,0,6,1.143386009431626,0.006707643624395132,0.8760402539354185,False
im0295,im0328,False,0.424,0,0,,,,False
im0295,im0330,False,0.544,0,0,,,,False
im0295,im0338,False,0.541,0,0,,,,False
im0295,im0344,False,0.467,0,0,,,,False
im0295,im0354,False,0.277,1,5,1.0093103613279382,0.10590925067663193,0.9986513421582859,False
im0295,im0381,False,0.458,0,0,,,,False
im0295,im0397,False,0.425,0,0,,,,False
im0295,im0398,False,0.385,0,0,,,,False
im0295,im0400,False,0.572,0,5,0.8748271620538282,-0.001826319727115333,0.6492097529981733,False
im0296,im0298,False,0.18,50,84,0.9838662574849242,0.4641014635562897,0.5592173124811153,True
im0296,im0300,False,0.2,21,29,0.9686511103481525,0.4620898365974426,0.5897065043154988,True
im0296,im0311,False,0.298,0,5,0.8211439249260754,0.009369218721985817,0.5908830048807199,False
im0296,im0313,False,0.431,0,3,0.556637804437261,,,False
im0296,im0319,False,0.406,0,5,1.0044014323302102,0.08995214104652405,0.9880020266493948,False
im0296,im0369,False,0.134,3,4,1.2477184925551001,0.002048203255981207,0.8734432868828436,False
im0297,im0299,False,0.26,28,92,0.9773735938061799,0.32467663288116455,0.6927071737385766,True
im0297,im0316,False,0.348,0,0,,,,False
im0297,im0325,False,0.355,0,3,1.0212151950415618,0.01702972874045372,0.9000715061037404,False
im0298,im0300,False,0.074,27,68,0.9980481275213299,0.36800000071525574,0.42087730199092516,True
im0298,im0402,False,0.299,1,7,1.1167060205565333,0.05184197425842285,0.9822076233490727,False
im0299,im0325,False,0.445,0,6,1.1357904272241166,0.019093209877610207,0.7684591206292537,False
im0299,im0338,False,0.242,1,3,0.2550587030435425,,,False
im0299,im0341,False,0.024,2,3,1.6760410836615705,,,False
im0299,im0361,False,0.375,0,4,1.3941823123172137,0.006317014805972576,0.9783716400467471,False
im0299,im0383,False,0.28,1,3,0.5367196431952064,,,False
im0300,im0373,False,0.219,2,5,1.1468894238857494,-0.0012937728315591812,0.8739493086814126,False
im0301,im0303,False,0.714,0,0,,,,False
im0301,im0336,False,0.169,2,0,,,,False
im0301,im0367,False,0.589,2,0,,,,False
im0301,im0395,False,0.577,0,0,,,,False
im0302,im0329,False,0.017,2,6,0.94068443512104,0.03924006223678589,0.8565063093561979,False
im0302,im0354,False,0.211,1,6,1.0459440264823325,0.00890480075031519,0.994107069350261,False
im0302,im0358,False,0.204,1,8,0.6513146728977588,,,False
im0303,im0316,False,0.342,1,0,,,,False
im0303,im0340,False,0.419,0,0,,,,False
im0303,im0351,False,0.524,0,0,,,,False
im0303,im0367,False,0.737,0,0,,,,False
im0304,im0307,False,0.589,103,106,0.9962695411309709,0.6607908606529236,0.8970581025853578,True
im0305,im0317,False,0.098,1,0,,,,False
im0305,im0399,False,0.37,0,0,,,,False
im0306,im0312,False,0.123,4,7,0.9268284380965498,0.04995262622833252,0.7888484519009579,False
im0307,im0374,False,0.666,0,2,0.6061989027847033,,,False
im0309,im0316,False,0.31,15,18,1.0196603319746222,0.3882567882537842,0.27242089907684464,True
im0309,im0369,False,0.103,2,2,0.7661752708346523,-0.012705295346677303,0.5537875356372066,False
im0310,im0359,False,0.421,0,4,0.8471992576336479,0.0075048841536045074,0.693639435082786,False
im0310,im0360,False,0.342,0,6,1.0079556062196213,0.045254185795784,0.9899362560166515,False
im0311,im0319,False,0.302,0,0,,,,False
im0313,im0369,False,0.342,0,0,,,,False
im0315,im0320,False,0.408,0,0,,,,False
im0316,im0344,False,0.211,2,0,,,,False
im0316,im0348,False,0.104,1,4,0.7721552949362197,0.010593827813863754,0.670143221251773,False
im0317,im0319,False,0.172,9,10,1.0067156141027724,0.30702415108680725,0.6958458910728184,True
im0318,im0320,False,0.312,10,22,0.7413955669539013,0.4334231913089752,0.5348676311987465,True
im0318,im0324,False,0.481,0,7,1.0468840219035578,0.022367650642991066,0.9919734877069294,False
im0319,im0325,False,0.501,0,6,0.9922591467298436,0.07231146842241287,0.9593546959961726,False
im0319,im0381,False,0.429,0,2,0.6108568953363757,,,False
im0319,im0384,False,0.381,0,4,0.831468265168671,0.02684166096150875,0.5853057481804115,False
im0320,im0327,False,0.181,1,0,,,,False
im0321,im0322,False,0.371,121,136,0.6884861135394919,0.818876326084137,0.47261955652011883,True
im0323,im0343,False,0.318,0,3,1.200169936480139,-0.023759761825203896,0.5991997505716067,False
im0323,im0347,False,0.508,0,3,1.387370941248852,0.04176280274987221,0.9957226026680069,False
im0324,im0338,False,0.458,0,0,,,,False
im0324,im0366,False,0.249,1,2,0.5274349585705982,,,False
im0324,im0378,False,0.293,1,7,1.0064424285511913,0.11530175060033798,0.9914850989231154,False
im0324,im0384,False,0.355,0,0,,,,False
im0325,im0365,False,0.508,0,3,1.9635879042607223,,,False
im0325,im0398,False,0.464,0,4,1.0974876243966918,0.022285420447587967,0.9993919944169226,False
im0325,im0401,False,0.442,0,7,0.9918383245998496,0.0977424755692482,0.9910189392523614,False
im0326,im0327,False,0.264,62,91,0.6865169348538382,0.6152887344360352,0.4765282280516426,True
im0326,im0328,False,0.254,84,109,0.6868576423329963,0.7154192924499512,0.4643249505622915,True
im0326,im0365,False,0.224,1,2,1.7235052662959025,,,False
im0326,im0396,False,0.325,0,2,0.43997156410526894,,,False
im0327,im0328,False,0.275,36,86,0.9923510447771541,0.6591118574142456,0.8390178375247188,True
im0328,im0371,False,0.38,0,4,1.005691543264271,0.10941754281520844,0.952403523891602,False
im0329,im0332,False,0.243,83,81,0.7509238417147163,0.5225391983985901,0.4765404934255982,True
im0329,im0380,False,0.107,2,3,0.5524507011529277,,,False
im0330,im0338,False,0.35,28,88,0.9938040953751608,0.6105630397796631,0.403884288193978,True
im0331,im0337,False,0.175,2,15,0.9876045649201793,0.12440959364175797,0.8259234928495629,False
im0331,im0351,False,0.065,1,2,0.9515876830601232,-0.00589585117995739,0.43670945839609704,False
im0334,im0336,False,0.003,15,19,1.047624451548155,0.3230765759944916,0.6155300630104071,True
im0336,im0341,False,0.437,0,0,,,,False
im0336,im0374,False,0.148,2,0,,,,False
im0337,im0353,False,0.032,1,0,,,,False
im0337,im0376,False,0.384,0,0,,,,False
im0337,im0397,False,0.447,0,0,,,,False
im0339,im0348,False,0.407,0,4,0.9962073262779504,0.14441180229187012,0.9914045920380501,False
im0339,im0352,False,0.358,0,7,0.9900774577834223,0.10931802541017532,0.9790293083729926,False
im0340,im0347,False,-0.1,3,6,0.9152590145898222,0.26947256922721863,0.29666394421059245,False
im0340,im0395,False,0.513,0,2,0.1285312679201836,,,False
im0342,im0345,False,0.214,24,38,0.9720758710248906,0.548362672328949,0.2666534838205916,True
im0343,im0347,False,0.136,2,8,1.315443842341824,0.4716586470603943,0.17571359762099223,False
im0344,im0357,False,0.404,0,0,,,,False
im0344,im0396,False,0.413,0,0,,,,False
im0347,im0354,False,0.322,0,3,0.4943960435870454,,,False
im0348,im0372,False,-0.04,1,0,,,,False
im0349,im0372,False,0.014,1,0,,,,False
im0349,im0384,False,-0.043,2,0,,,,False
im0350,im0376,False,-0.035,1,0,,,,False
im0357,im0395,False,0.369,0,0,,,,False
im0357,im0398,False,0.382,0,2,0.019703035716165454,,,False
im0360,im0372,False,0.38,0,0,,,,False
im0364,im0366,False,0.126,34,72,1.0199816252051508,0.18231609463691711,0.9520486781716612,True
im0365,im0367,False,0.302,1,2,0.6417773150981921,,,False
im0369,im0401,False,0.313,0,2,0.18710937118126558,,,False
im0370,im0375,False,0.355,0,3,1.1281054463173226,0.008840509690344334,0.9910456911758379,False
im0370,im0379,False,0.109,1,3,0.3433305764128567,,,False
im0371,im0374,False,0.559,0,2,1.1045445536529999,-0.006500893738120794,0.24001787499481717,False
im0371,im0395,False,0.615,0,0,,,,False
im0374,im0376,False,0.223,1,3,0.49402401842083543,,,False
im0383,im0402,False,0.491,0,3,0.9928712841300534,0.021151257678866386,0.9479915144049819,False
im0397,im0398,False,0.213,31,37,1.0003702683213789,0.5298795104026794,0.6235335169686428,True
im0399,im0400,False,0.162,43,150,1.006445375572269,0.4294419586658478,0.627464061631324,True
