file,readable,width,height,channels,dtype,sha256,fov_fraction,brightness,contrast,mean_r,mean_g,mean_b,sharpness
(0001)aria_d_26.tif,True,745,575,3,uint8,81a234f7f10fc37d3ff103915d5c33e1f2c0c3f894a1e968003f1a91c7aca722,0.8875890031645569,109.64066939266654,32.428913184230026,216.120190968547,76.0845431350484,3.199586643343398,96.62413970802614
(0001)aria_d_27.tif,True,720,575,3,uint8,12753481a9abf31260caee3781af745ab2e1ebfa39a1ce6d64db4e65c5756d5a,0.8449820446210269,86.06283838007076,31.62513324586424,169.45226227210563,59.68065963627321,3.2693364077176086,36.82224623436124
(0003)aria_d_29.tif,True,647,575,3,uint8,20888d8abfb2f45ec32ccd922c2ceb2bdeeddf4fe64bcfda740f69ae261926b9,0.8276013049450549,46.46552350128113,15.917831849718931,147.17500700214734,4.203503148372908,0.1694415917177564,7.7602091474370285
(0004)aria_d_28.tif,True,744,575,3,uint8,fcf06bcc3b08b2bf2f4ce9cd2d1c9cd043650741c5d300b080cbcd8c24f823fe,0.88296539614899,64.102841534328,16.78049331922156,190.97942722443486,11.901744468587836,0.23113789848231792,14.018997332427698
(0007)aria_d_28.tif,True,742,575,3,uint8,4d3224691cc5b5d5267730d60f8972d14c44a24612cfcbac9562811b47206ea9,0.8619184902392947,65.47793626603195,22.532179051475087,194.70540591448483,12.331255672186167,0.296911476794694,18.10333853752966
(0018)aria_d_26.tif,True,748,575,3,uint8,66ccad790584429f8448b80ed96b68b22d94cf1beeae5962688b892720099edd,0.8843789657360406,124.1667843770319,44.87660502720361,222.885237999148,96.12919553373243,9.619162126409721,49.064210157476126
(0024)aria_d_30.tif,True,654,575,3,uint8,76cec38391152598ce6c2d0f20f90581c78094fbbf35b03c236ee3f2e2bedb38,0.7525564236111111,57.96560335430737,30.921914591847845,127.15472146445276,33.791947586063706,1.113894191673059,15.94607642711939
(0026)aria_d_27.tif,True,745,575,3,uint8,0a0510ad2234b2f4918ad08a0bc8e6c7823eb9d40e9d1aa6a6ff6e3c90d74050,0.8933148734177215,121.52705574990037,46.23544049245805,190.1324835052916,105.38593743081078,24.66921467475535,133.1112517836599
(0031)aria_c_37.tif,True,682,575,3,uint8,c5bc16a80123f9db7a6094280a0ff5c473cfd4138a7a4f4c1baa88aef4c14594,0.7949083116319444,62.152746258979306,29.94002873158094,153.26658362766676,25.817149259758505,10.334231974565041,40.67795520140446
1.png,True,1390,1391,3,uint8,92703f4b1c8ee9a03cec6e3a36dbb35746565de7db5763aea2ea9e943da4c862,0.787078857421875,119.50389186150207,20.082154421016167,154.28211876235898,112.74261370245435,63.06433445775658,23.233898425392407
10.png,True,1389,1391,3,uint8,887ff3e8035078063e4b86ebe4b399ea814e9c11690c9ecd43c1952303e0c735,0.7870214652641878,125.89100577922393,17.739084104450317,162.78855810791123,112.38419697926278,98.64172211160215,54.85478040238845
100.png,True,1391,1391,3,uint8,461c2a1d43afd9259094b2b942ca37b8c39712cecc9bd7f42256f18917110dd7,0.7871170043945312,164.37046981166824,16.678644368281713,224.0119706500984,145.93588674892652,102.84714885285308,20.40538356326394
1000.png,True,1387,1389,3,uint8,0ad3a4a54881037615094d0c76814f9cf605428a2c683d7120c505b0099c3e33,0.7867883133561644,74.30968331155361,24.806729214889987,97.44951882204917,66.63303197975215,53.132752648786244,19.68019961078324
1001.png,True,1389,1391,3,uint8,04f3aa458d9d8b1558f1342556eb223955d92da48d6ce210fbf8b27e70e86c09,0.7868112463307241,105.36618493599865,19.2910639632594,140.131213718394,95.609851594569,64.3597386509922,19.816179340737282
1002.png,True,1388,1391,3,uint8,f0e412aafce60ba83138628b3b5f21abd85e82179b52145ec99ff029fa3d2920,0.7872240398727984,106.75724280574666,18.785756437437705,144.83953428528426,96.33388035715153,60.48030957016552,22.75590979164115
1003.png,True,1390,1393,3,uint8,6fb1c424d511ffea7ded94d4ea6f6192c0dfc4eeae2c5a546097dd4744e188b7,0.7853817575831703,100.75874655077598,14.71512116065249,166.33550060589545,82.75487757992224,21.440765812897542,19.01562912890594
1004.png,True,1391,1391,3,uint8,aab1b751a86ac4f5710ebd7150864689a331165f13d3a748559687edede3cec4,0.785400390625,96.25795578178428,23.088078146619676,123.53104114858564,87.39408319086105,70.35227890892135,47.2677060982149
1005.png,True,1388,1390,3,uint8,1fdff21d1075de35a00f74df04c2e4bcc194044aec75bf6f22346dfbea66ceb8,0.7871858182485323,112.61144047428297,31.88037861533507,140.738663675693,105.99665943200633,72.87203876612625,27.05002071702582
1006.png,True,1389,1391,3,uint8,96504c7f67c75036c0cb8e605354e8ccd6dd215c97102fda2005164eb203a5a9,0.7868265349804305,114.8968468709165,27.531543299740097,147.8577327199685,105.50041047513103,76.78924409425869,24.5323569638377
1007.png,True,1394,1391,3,uint8,8e0d9773d87bf2be47761997d71b3f0aff545253da17e96b23939815e46b1236,0.7840401785714286,123.06812752888412,27.404743609445404,150.25898210890654,117.22981523911666,81.77621508311802,19.592631110007353
1008.png,True,1389,1391,3,uint8,f29f3022da102e9b264772f1b1f81257d105a348dc6954753b1c96cd8dc914cb,0.7867883133561644,111.97261099155206,12.449841571612422,148.30601557452306,104.6766561897313,54.18580124265846,18.87335060917702
1009.png,True,1389,1392,3,uint8,1000d92a8856db313156f12e6dd5d0373f53bbb22dfe4b651f2b9c74436daaf2,0.7858442392367906,90.54156087975798,19.31032535449516,131.39497670256125,78.05617163257166,47.6343566696822,21.350434401424476
101.png,True,1390,1396,3,uint8,55020f8b12ea39c86fba98d743a9d9947743672ed6f28f769e1b397d19bcfd90,0.7899586397058823,134.03086671126755,31.107305389658755,179.0383131175039,127.6811619496398,48.64189863967344,37.37033462970758
1010.png,True,1391,1392,3,uint8,0edebf54f9acc6ee728ac1f8154c350d8cccb792a0b6e4641af7f2264f96ac72,0.7855186462402344,105.40446971867578,17.610776684928407,161.98706287423695,88.99712508316377,41.40327507417965,21.52418081557148
1011.png,True,1388,1391,3,uint8,2a3292b9bc94d4779518ba1e82d8f0f8c4dc50d773e7ade3ba91444b6c108932,0.7865092954990215,96.41620013995801,43.21811318759294,111.99671001477334,92.59023404089884,75.2324809501594,20.986300054452755
1012.png,True,1389,1391,3,uint8,35bf1f7cb7473cd239b00c6153a201b256f78a6d2499247df71fb189de474640,0.7872049290606654,121.59044562483614,12.444211570466216,148.32830965536664,117.91620621680148,70.35105215626487,17.643853290699724
1013.png,True,1390,1391,3,uint8,c43950364299e7b1d5511f4d8b0b088e0ab63f55c187e7c3d4ffc2adfa204b9a,0.7878074645996094,141.88675618223988,31.605655172971932,151.367617507348,145.5159718960483,98.334961916337,19.050732331178
1014.png,True,1388,1392,3,uint8,18e9dac602d95208427c060db277647a46bf52eb5bd370dc9f7ba09db854a0e0,0.7857486851761253,79.15163174868783,16.65961805216687,111.71632526985023,69.16767926373086,45.09625590411379,33.74194891731877
1015.png,True,1388,1390,3,uint8,8a14ea429ee0935d791ad383f71e45304062dd58d9331d7d3226e4c3581c0e7b,0.7864290300880626,72.59433306602513,16.743810160618494,106.39339505722826,61.67192534810819,40.17111613326529,29.705770274294544
1016.png,True,1388,1391,3,uint8,f47b9cf5817d5c8d2e173dffa165dcb28d830b487da27bdb879a9cf2ffe9c10c,0.7870443982387475,109.41343071932245,15.357770581444505,157.0101789079042,96.61109384409177,50.451936712057346,30.358461400048192
1017.png,True,1388,1391,3,uint8,78f4475d10306d142c96d9729aa786eaedccc34593c7de91f8f7f3717ae9bc0f,0.787743853962818,113.7666170141534,15.087884854964031,157.75276444815356,102.98132936113227,53.8965448643613,23.9218774318931
1018.png,True,1389,1391,3,uint8,06f2e356030005b5316e926dfb0f90717bed514790ddb7eacf64e272af87e4ba,0.7859359711350293,93.66510071683543,20.837064394574462,129.00574343711398,82.40352873663836,58.93727933238014,49.25913414842212
1019.png,True,1388,1391,3,uint8,ea2943269f3049d88f22b8b52bfbb8263ad965ba07e13df46f2e41d78eb43241,0.786157656555773,85.79750491044516,12.714514732739639,106.17035355205071,82.60787421481496,48.70541704750977,17.449309248046607
102.png,True,1389,1391,3,uint8,610c41218b75b31bb25c0f142cd8602c8a9ae4e057f87305e215c7b874163e45,0.786593383072407,114.46575282558625,14.437759084577591,162.91231693213734,105.6538790464436,32.69853934440568,22.940910097731177
1020.png,True,1411,1391,3,uint8,b15931c223498b023d22005621d703867a7b2c79bb3c9d1450ec6911cb7b24a4,0.7759514232673267,126.45166226386881,18.14623056448698,157.23369386432736,119.38800777550715,82.07228231072123,22.962609562473887
1021.png,True,1390,1391,3,uint8,77e0ad5ff5be3cc9ef8e1d4198f193d4cef6e4a7de2753d25bd94c9dfd9058f2,0.7870559692382812,138.18457556634775,18.319711648011502,181.2067981116895,130.3898566318667,65.46161340041294,18.67865411893641
1022.png,True,1388,1391,3,uint8,4f673f60d5340bddf125aa067274b17a3a78e2b860d51e292c49d2cfe161efae,0.787426614481409,117.3477448353526,13.04228198552697,139.74413152376513,118.9178995806151,50.47353118204411,16.393882077664845
1023.png,True,1389,1391,3,uint8,59671921fb8dc79496df1b68a5d614fe6931437c7c439f690419a1c70e6e1bc6,0.7870826198630136,109.46918796072376,14.463427951949084,140.75923875566951,106.2394598059497,43.985407379349866,19.23557206942939
1024.png,True,1388,1391,3,uint8,c9ac21d34c92c18458e688025ee9a3667aab1c0f797ea29491f3cf6616a3dd82,0.7870443982387475,100.15883661298783,18.15090628463086,150.59798170127624,86.99746012937314,35.568149148196355,29.51011941875289
1025.png,True,1390,1391,3,uint8,4ef12e87944b5ea924ef418d811b9ab7fd69f7f8e14087e950b0e090856bde04,0.7865982055664062,115.72881931310074,24.16512848269715,157.59901940815317,113.08151230346941,19.48361800564495,35.19584683634517
1026.png,True,1388,1391,3,uint8,6236ec2f2aa77a1d5f59f0503ce2b5a5eb6f17fffc06175a6ad138c10c1e272e,0.7870023544520548,113.31523760957724,15.443248149802589,147.24778417231246,114.32022049003182,19.107054224035355,28.706127201271524
1027.png,True,1390,1392,3,uint8,e9d7d5f34b584af1608f68fad6de6d64fbae492ff256981c4d09acbf1fae96c9,0.7861958781800391,119.17668964578452,16.74880059781735,162.1850224119323,108.98300874113976,58.82600367536243,18.56714408394765
1028.png,True,1391,1393,3,uint8,62395de364f7e450050a2be83330e26597badce6a4aecfcfbcfaf0155a2f15d3,0.7855499327299413,122.91772290475612,18.48337581667477,175.08606252280745,109.33163848680209,56.00507967400559,22.46012978844057
1029.png,True,1398,1392,3,uint8,de9bdfb8bc1998f42653f335a94f4c6b2871b7b3a73ad5bfd8572aaaf9212ffe,0.7820848651960784,116.18841630022818,16.726066915623438,156.21746369076183,109.37711171395274,46.25680400356482,19.718978458343027
103.png,True,1392,1394,3,uint8,76b8088214cc2d888cf33796a2bcd70ab1d2a7e32430095ce95be467e1040518,0.7847969667318982,145.96828976077302,13.122096131107925,199.28591327047457,134.37565748461,65.80120587547728,18.6685526679068
1030.png,True,1389,1391,3,uint8,5ccca73eaa9d10dc5f66ca02619c0cbd265bb4204981a9cf0602bbb7611edb69,0.786941199853229,118.60677355273958,24.169625882730976,173.12351801213276,105.93708745974773,40.83991859691387,36.140706612925676
1031.png,True,1388,1389,3,uint8,7df9e0c4b80ae427fedb4f0f834432ec3034d7a20bd75afdbdb21987074e5fca,0.7848052978515625,74.06573114537359,42.61065144648871,123.54812571695216,56.306379172904556,35.717613205529524,28.011128838921145
1032.png,True,1389,1391,3,uint8,c25152d482b2c6987525c7b06d141952b7c10828794f53d048807cfe3a469c35,0.7860812133072407,95.38389314610238,18.592694665118305,137.1713036797884,82.74583300918002,50.790955150147816,38.378104409616085
1033.png,True,1391,1392,3,uint8,dd6ae4cfd68575b04cdb100455fc975f3f8e6d0d10e8116865bdd2830cad83b3,0.7854156494140625,114.19134303421211,34.480144062808655,160.89583373807628,100.21989198220426,63.60920288306491,15.766624889342006
1034.png,True,1389,1391,3,uint8,cf36483f00f02c5fa8618d5ab2946874e3e36ee35436154a90289ba93f1ed059,0.7868953339041096,131.66522243864054,14.17077514699446,145.18417307421421,132.36634495354022,92.59797840458138,21.061631161643255
1035.png,True,1388,1391,3,uint8,07e109d2c87b0d446777ce7be53488b203f9633ab1b40efaf641e7b393975a22,0.7861614787181996,87.200680652454,19.435027355983447,123.46356807739991,76.35240780805601,47.91312929965724,31.4390529285564
1036.png,True,1389,1391,3,uint8,8b55f18fddabdcf7deb7d869d23ed9211d4bc92cf385d54bd90f62b29a310c98,0.7858786386986302,110.28140031418552,16.00371554487379,151.7745743175219,99.67602900623021,56.02932236115772,23.65949376725281
1037.png,True,1390,1392,3,uint8,86ec89fa03ee23a4bd091bcbd5dad8a925c5b009013a7430a207f76f45f41942,0.7858939273483366,119.77457383945723,15.344370335874428,152.359798652822,112.69333463025558,70.75032949930696,20.763953818069673
1038.png,True,1387,1390,3,uint8,507bfdfab34b19adae9960412b951fee89905ff7681d0cd607164f243e875d68,0.787189640410959,100.3714324557911,23.5067305186621,130.99955815376248,95.64814473134777,44.335434126066986,26.711990758864985
1039.png,True,1389,1391,3,uint8,ec72e3a6863844dd5e9fab222bba3afa15a808824bac5d9697cbb599c513ef67,0.7860468138454012,96.10569157083465,13.678276759229236,149.65413921373172,82.36569983710584,26.36355060659843,39.724554072246015
104.png,True,1391,1392,3,uint8,c320714a78d776312d1fa9457370ff580e34599ce20398eef52aaa582324570e,0.7858619689941406,156.5908334101908,18.178868064857312,206.88086442825315,141.38154643729158,102.99015576989355,30.96834474894473
1040.png,True,1389,1390,3,uint8,9e62a2b1b869138875abe46a215b44a68cd03a48f13095a63aa64f6d3f6f1d8f,0.7864799499511719,94.97427378244274,16.5023475161716,143.94614179491782,82.37290404567082,31.362742577763118,33.01959117858757
1041.png,True,1388,1391,3,uint8,ef05bad3ee909251e7366bf90cd0bb0a3f89e8e9c0768450b533290b6599bdd1,0.7866010273972602,91.15773566569484,16.7917950463499,128.23453352769678,82.98655976676385,35.93514091350826,25.024579525209568
1042.png,True,1391,1393,3,uint8,a7ef7ce289039babef014aa5b50607adf6e250dbea569574e61602cb136f76a5,0.7852976700097848,97.11932307662356,17.140786540698794,124.95028205140684,91.89239215609928,50.99415941866747,22.01683677683
1043.png,True,1389,1391,3,uint8,7dd9e037c54c7e5b6139c8762280a20196872ddd71841b8877b71d6bbad7f80c,0.7854161570450098,80.1365224585138,11.992694095143339,134.00062290135773,66.17857803299431,10.689444741836585,16.698265274972258
1044.png,True,1390,1391,3,uint8,76d3edfec49a8a3998ad2a3d23248b519a86acf5140efaa2803605f4af700e58,0.7866134643554688,97.04656508540003,26.31826885143771,144.73815019931524,83.99000514049058,39.13790578353685,29.743357417141535
1045.png,True,1389,1391,3,uint8,f93823630c95b53b08a681e3c54abcbdbd1890a69e0cff5788a36d0d2cf963eb,0.7862493884540117,99.24528457813989,19.271321662662967,153.98282030839832,84.22491590020806,32.95167907908297,29.855165924230313
1046.png,True,1390,1392,3,uint8,ec6e82d644e9e86bb8a57661de81430a14978952ba83fcace17f1366209d4949,0.7856607754403131,97.23059147474629,17.803039734791263,136.46990085330376,87.88027963454859,42.40972688441967,23.027715146832072
1047.png,True,1389,1390,3,uint8,0d4c04507e84e99a3dee5f18091f2481c59dfa8d5503f9c27b9f980b5ef25d1a,0.7868156433105469,90.90337391338075,19.255235870716685,120.34544432000543,84.2223854474229,48.03670627705942,22.777196621354157
1048.png,True,1391,1392,3,uint8,509f1e58b25576cb5d480e2ba792850aa4af8a627d259c643e26647af1c9d3a4,0.7851219177246094,100.92873211379151,17.652249918366035,170.60644753783737,80.66967422199548,22.461948837548285,19.126913296378614
1049.png,True,1389,1391,3,uint8,ff1abae597f9706d81c3fca2014ee9f552ebbf8e457a1f0b86f4f55d473540c1,0.7870864420254403,105.68087234796796,18.4881955601473,141.70771195617866,96.75870089886222,57.07742063935278,28.530519375605255
105.png,True,1390,1393,3,uint8,f4fdbb73106bd13a07f8ad10a0d4a14ced9f31c181c0f7e46fe106082d581a9a,0.7853702910958904,146.53509378132938,19.14517469760276,196.60125658221318,130.1066342868823,99.79325767235422,31.33161581063392
1050.png,True,1388,1391,3,uint8,056f1a0f8e90cf01a33b5a083a237da8c150001a1c9f4af4f954325da1bd712c,0.7867806690313112,123.97521460113579,39.25589971560733,156.86877146618605,121.01657055968754,52.90575524540071,68.48600659225873
1051.png,True,1390,1392,3,uint8,556feed204f570a6c5b4757caee909e42ce1e07d9e8fb310449ec8976960fed7,0.7852823813600783,77.66756223990654,22.440058159667974,108.72382273490545,70.88165778394296,31.11404443795478,18.666724824440905
1052.png,True,1387,1389,3,uint8,b33cc599b51c849081a8a5001b716903e93ac9436817b9f97ddf5388648b62dc,0.7843574180528375,57.40662628585908,20.277259093202566,80.72142115752901,51.61629136555676,25.997719442725362,18.866632154538607
1053.png,True,1389,1390,3,uint8,922a9ea0bfd1ef9eadff5369ecd10d26466f3c86a83a72b2347ab8e527f55c19,0.7867698669433594,106.78816176720146,18.07173790021522,140.52093363782262,101.25523280338624,46.75520613633168,26.223461123432397
1054.png,True,1389,1391,3,uint8,4335508826cc2568dfbbcaa15597a36164ed30556080c0b5f9a15b62787cbb4a,0.7868762230919765,103.9035225771353,18.853663433949375,136.42610942721691,97.96542026113313,49.1373426206575,37.23608450894037
1055.png,True,1391,1391,3,uint8,110569bad15f47dbbe8dc0a01230eaf58506ad49dd9e08c9a9cd2e75493c1bab,0.7857551574707031,106.02989596127799,11.856063677255634,137.88647011132096,101.60627436511135,45.212553585039394,17.36373399686321
1056.png,True,1389,1390,3,uint8,f7d7522f564a868769f9e2329adde7a073863f385f38723a498e958dedf14dbb,0.7864532470703125,88.94189092179042,17.645676495381583,104.85690033177471,87.96778293009449,52.203910479036104,19.05243827309749
1057.png,True,1389,1390,3,uint8,8a8543744f0dd98000a0ed6ddd9a9c5c54a2570abf35c263db29c84fe12beec8,0.6777229309082031,56.06322715733898,19.35199175776071,82.7840099965665,46.76183855770259,33.81317790623716,15.73405846870587
1058.png,True,1389,1391,3,uint8,c1aa7cc199b4056799c3a0c597ce8d075e4dd2095a2bc6fb6282b44dfdf90f5c,0.7859703705968689,115.93564325139202,19.731543809452166,165.56869210008023,99.94675517300071,68.01562477204756,22.50201436423395
1059.png,True,1389,1391,3,uint8,b1d71636b1d2e1406e0785fd6dfd763002fb41b288f41c248ac7fae934aa3144,0.7859818370841487,111.89822892656026,19.464377991504616,161.58531010805396,96.41760764061117,61.22565381884671,33.28847844214713
106.png,True,1389,1391,3,uint8,1ddfba7e97962808ef3ee960ee7bf571b75586fcdd2cf0e25580ac7bc489724d,0.7870787977005871,148.5349423333738,17.643140234691064,198.18732062644168,132.03152604103437,103.2566905426733,36.958984295866124
1060.png,True,1388,1390,3,uint8,9146f60aff0c1f0a456dbc6282518bea38f7ca86638f8a611b4c37cbce09ff7b,0.7860162365459883,88.25916254552705,17.32129635281565,114.78544787913269,80.58562488147165,58.1765403823056,33.49599501226853
1061.png,True,1388,1389,3,uint8,f6b722f1200a2cae8c4c6afeb1a2ec2e19b4b4bc6952a6d3e97e84b142444bd1,0.7870407104492188,99.61448831415582,17.79610764022367,132.02358010449888,96.15564807723999,32.38027220116519,28.154470346499696
1062.png,True,1388,1391,3,uint8,8f72fd6e7881074fe505d093dae912ea7d7890a5ee9036ab687026c3a00e4493,0.7866468933463796,104.34362913727091,18.65153080492059,147.14553573163857,91.9227547470507,55.96358327016889,19.79432734415679
1063.png,True,1388,1390,3,uint8,940bc4f5bbb4f235f01a5c1bad0d7dce573443531e0956bf2265498ec97b0179,0.786761558219178,87.92027380223666,22.05659584480384,125.60870473469943,77.4403765995278,42.99478240592299,31.034349373621772
1064.png,True,1387,1390,3,uint8,ce10ae63991ef75b72310fbacaeda404c7e43f462ec137eb6399c0570c14c886,0.7870367539138943,86.09223753605875,22.23050273968188,122.58998902454422,75.94618627193877,42.58038307254485,31.247181514571665
1065.png,True,1388,1391,3,uint8,82a3cb795dd5ca086495b5cfae95b7ec1a75676825de992b37ea1306ab76802d,0.7860124143835616,88.66064012915399,21.857093233028166,125.69394007177382,78.80496095231612,42.22308724701672,39.23842496337878
1066.png,True,1389,1390,3,uint8,1884e937a8841c41f827ed9d1e061917b1dac44f9b3e1de7eb725dab288b20b6,0.7860221862792969,82.26368714541546,15.579270782058574,132.99280760588397,69.70009851929862,13.872774216092132,17.690474460537878
1067.png,True,1430,1409,3,uint8,c5f3f5a3e61e444859ef82dc5cd0b223c87dc8888cc0894812b4ce317a1dee12,0.7859429253472222,133.44148492931842,54.51476519795717,171.77941038701056,123.51996686570256,83.91564067037784,38.584341118663644
1068.png,True,1388,1390,3,uint8,137f39292cb086b7090f34e98ff0e8480f71a456d6882af5a6f6459399614651,0.7862684992661448,93.86311025555021,16.551575493267414,125.5108379149592,83.61660177042774,63.6039579414038,22.013044754302303
1069.png,True,1388,1390,3,uint8,6ef106446825f1ffbd13f763890aca8c26f9b91f255297a120924ed0ded1e44a,0.7868991560665362,86.61798735173258,15.145336360806269,130.680164952059,75.4381429778801,28.564169071003217,26.445947007730933
107.png,True,1391,1393,3,uint8,482854de689b7ae60137267d2bc94a944e20b95296ae78026da5eb039ae9c55f,0.7850645181017613,146.1850358815568,24.21414485343219,233.2819988510112,124.0074879015375,31.921182289993087,22.04894261901283
1070.png,True,1389,1391,3,uint8,35f5feb389c772b88cbbacc5c21d3a4f48366a4420bfcea6739b01b6c226c80e,0.7856378424657534,87.51812715278183,16.793184072216434,131.8936160896725,75.75725378013894,31.606928795220583,22.955829326483535
1071.png,True,1388,1391,3,uint8,23a9c5d01cbe22a030431f356a09eaa71310adbf2458bafa8e2392358cba5ba4,0.7864634295499021,92.07458544740577,21.844478664299096,128.65537703388347,78.9718804066795,63.575683793083336,30.367601823650116
1072.png,True,1387,1390,3,uint8,37f1375095167e9c2b38a6abe7cd6f23ca3e2ed1c4290ecc8de71db033ec64ad,0.7873845706947162,91.94575374384117,20.328629261026872,131.67776024853765,77.36971918157326,62.744637266085775,31.627769851549065
1073.png,True,1388,1390,3,uint8,1d6d7dbcaee9299488fe04718fbea999d787d547245f8edc638996e64d6f443e,0.7867233365949119,92.47847759337712,21.664931922659452,119.24254732014458,84.07295269928873,65.55072583466128,28.546986628237065
1074.png,True,1388,1390,3,uint8,e531389038d76c5ff05fdd2d51854f45d35028872679ec177778e44430464f28,0.786792135518591,94.13437940247753,23.454844476139606,121.92203060480932,85.1626912800583,67.42148651931018,22.86805042149606
1075.png,True,1389,1391,3,uint8,9b898dc3ffd70d4d0ea30c80d9149be8953edad568fa1cad3679908eb1011614,0.7858213062622309,108.28077394501838,20.942757637643258,155.53550652736433,91.5228506391175,70.55846417245472,25.390267575163584
1076.png,True,1390,1391,3,uint8,f056a7a4c05cf62e0dda28acd19a72e016cf871390071b6863685fc4c9c02481,0.7855796813964844,109.83601136280865,8.904910086676892,157.42609561269333,100.2975550537791,34.078850122611506,14.78077598373513
1077.png,True,1388,1391,3,uint8,54da81dc3115cb64f8a39b2f2558b727d90abc2b93749d07509006282e9f2000,0.7859321489726028,83.60683768996961,15.41873509037072,120.50107234042554,73.74603768996961,37.548036474164135,24.21763659234575
1078.png,True,1388,1390,3,uint8,08994493cb6303bfec9e8233637a4a77b886b2004c538b5edc99fb9f9c1101dd,0.7870252874266145,86.49228550198872,10.733773830487776,115.95445605140085,82.3389425528505,30.550121168854506,22.25452661186302
1079.png,True,1389,1390,3,uint8,da44780a89e495650e80a71dbb66f1fb6eb495701a31910cf5f3cdeca1a275b7,0.7857284545898438,76.7928476409644,10.735522597452725,124.74564750890889,65.49246021342499,9.154257333449852,16.746102459082206
108.png,True,1389,1392,3,uint8,7ab8f79761cf79be20dcc1580f1a4eb191f5309f70c1f103db4909bdebb73062,0.7864213857632094,151.62925449446666,26.388892290286183,232.74739128955594,132.65947033579099,36.52680641351523,19.266334685788625
1080.png,True,1390,1391,3,uint8,57874b5fe5364ef5ad30ff2b6853f27cfec3f50ea1a37f5425323c408d9d984e,0.7846107482910156,82.03313383346055,16.347264034785894,136.22889814810313,68.5348914095128,9.314093183133105,16.60998384503602
1081.png,True,1388,1390,3,uint8,3ff20e2b29e7711753faeb1af39bdf4c7aad4f7a779167b4f4668862ba545ea4,0.786306720890411,90.97763497518508,22.073249675169624,130.72489707033245,77.27016424998664,57.275389723074234,26.145309863948942
1082.png,True,1388,1390,3,uint8,d1c25deb8d4fcba778f0617bbfaa7f0f4364e28151497026bb8a6ab392f199cf,0.7870061766144814,97.73164453682749,18.670048361213837,136.59607782191873,88.27708760308101,44.429064718852295,21.967062970521066
1083.png,True,1390,1392,3,uint8,3eb5f057667ca3c2dfc19dc6d87156bf5854e1abea451b3264ca8bc631bb5fe1,0.7849001651174168,111.19224270166298,22.390473074950723,152.91372501278275,97.47997370407343,72.34845511431423,25.560321220200397
1084.png,True,1390,1392,3,uint8,a03e7d24cf0e38e2de82a816c63acd617ec6e72c37e19a499ab93e60199bbdec,0.7858671722113503,118.19055192404964,19.803462333024218,187.13630792576166,98.97238920664566,36.30450177035913,19.8556641562541
1085.png,True,1389,1392,3,uint8,5fbbe3a4a7fcb3b97aa80f0959a110e8d2461265138a0da5bcb4294f34e19eb1,0.7859856592465754,106.88326630648855,18.962424373767117,172.6968668394614,83.59553878398553,54.15131857283881,44.038657257987886
1086.png,True,1389,1392,3,uint8,ac5b03e2b4fd028eec862ff8c600f517ab4d2d4949530475b193ae21e8305f33,0.7860812133072407,107.4071057647425,20.072936825150038,172.55160358643224,83.71462190757741,58.49939221254084,50.29352480034546
1087.png,True,1388,1390,3,uint8,f59974160e930e8cc077b73f72cc5e6d09ffd94cda0d92076bf7e85b5cd90f20,0.7859092159980431,78.41378471833829,19.685079457015224,111.87303216142477,68.03352802999723,44.06488699974224,25.19835743667607
1088.png,True,1387,1389,3,uint8,a76370ab1dd7c483dc46fcb6a0284e51063d420b547f49400c70e1d1a27dbfdf,0.7835547639432485,43.545211533489756,11.743614345670784,67.09971073594045,35.70697501987776,22.1021253347512,16.509645688533983
1089.png,True,1391,1392,3,uint8,554c750bcc93956aef93b17cbb9d40d0470c39218d8fc48982eb4c2bd109d192,0.7853660583496094,118.94681341953283,20.587243858347946,193.0293910500828,98.99839711675304,27.29980231106621,18.994620906825745
109.png,True,1391,1391,3,uint8,c6095feb5dadc6bd0c2ee986df4e9ead72331d72892fd6a325d1cdb802fdf965,0.78619384765625,158.70814086639237,23.584889196160887,217.8846071733561,140.60990994488006,96.66755783712445,20.6451901890398
1090.png,True,1388,1392,3,uint8,e1c3bc1eca79dc01ccbc60a824f43af33ebd46c65af1ebf09b0197ddc050faa1,0.7861461900684932,106.75122641371833,19.062678781406827,124.66572507912738,106.86722643316592,59.14945960006029,19.59543472528871
1091.png,True,1389,1391,3,uint8,cf3480212601d00d0d74f02e4f571e065600bb316a061602d0f6eef99d85c795,0.7859703705968689,98.03067571181948,19.790919988871966,142.26376832737617,87.48414423614658,36.28350232207552,19.89944630753295
1092.png,True,1390,1391,3,uint8,e0f3f9a185d7208a3e623f45ae76940a37420c6bd2325f97f24c8ee13bd81b48,0.7855148315429688,94.67520080808866,19.940508355751327,139.68366048621297,83.07486960829068,36.30386367388961,21.74216812691449
1093.png,True,1387,1391,3,uint8,4c877ff5e73decfeeeb368faedba659a80f839a38fe3578671aea50073ebc697,0.7864137414383562,69.57745527360741,17.245112219301866,101.25123085671515,63.72295152878965,16.617702951625994,25.78062789138999
1094.png,True,1387,1392,3,uint8,867764b6851049fb59ad6bf11b07774f8f0dbe4db7546ec8a4ff0abcfabb2283,0.7865004595588235,128.97770863461736,27.228661419150033,203.4039567417016,106.3552156828374,50.242750923937656,24.59655310771493
1095.png,True,1389,1392,3,uint8,654ce8082bb720075025697c269235733f956330b16994b094a97ccbc20d01ab,0.7854773116438356,140.9317878796726,20.413894109185218,196.6581511002112,125.81477913053634,72.58803635903574,19.53982380938167
1096.png,True,1389,1391,3,uint8,3fd4178e90bffc4d7a06384b843a606aa51920742ad0e034e474131e381247dd,0.7861767673679061,90.67155754561499,17.585785885195275,154.56960751425697,72.97942038708925,14.123098464186223,15.194064556239157
1097.png,True,1389,1392,3,uint8,c1ca602a9b2564a89889c1f65617f3ab8f6d0766311c3111a61505032bad95ad,0.7859015716731899,96.57512267954498,18.004532380813757,157.53555396684126,80.66225555279962,18.531454111284575,18.924500717933597
1098.png,True,1389,1392,3,uint8,aff63b54ef86874f33655a2ceed45355cf37a1131aa5dbae29f201f9e680ceaa,0.7858289505870841,99.15431570346016,17.226514849737033,159.48409517602312,84.41761593011606,16.72400509732585,22.27314867866723
1099.png,True,1389,1392,3,uint8,04592a5d975eee9b0327bd11c16bdd8922ad4ca5198cfd68f490f5fe84a2010d,0.7859359711350293,96.41884781107447,19.441809906046863,161.04930310369312,77.2033692237363,25.79623685720677,29.316242885726165
11.png,True,1390,1391,3,uint8,d30d3f62fc0d2e7edf34cebd408d5cb67f8a061456b46733a5c0a193d1c49a77,0.7887077331542969,147.69789847887597,41.47465073930548,144.53161954970858,153.0299001233344,128.56048946821116,27.75278449939457
110.png,True,1392,1391,3,uint8,36fd9eba31835c397a73558be9f0b2c8fe128cc9fbdd48a11c841492f680bd71,0.7863197326660156,172.99709405275337,18.55217669938616,232.73294393316806,154.4133770599964,111.99893270718822,13.81896060753637
1100.png,True,1390,1393,3,uint8,75bc756b345ad2979a1b7dc436cf70cf927f4f480c5940da26d870942d2b799b,0.7851447835127201,94.28318217886368,18.81879398089931,156.20475223810845,75.71577604797999,27.43567050759667,24.228145219597184
1101.png,True,1391,1392,3,uint8,44e10f73c69dc6917517ed4fd1c0abdede959762cc40a42b84a9d6f155d6d350,0.7849388122558594,89.76324191925819,12.693172430947323,146.43542939344016,73.69605913484669,23.73395150825934,19.28570042994297
1102.png,True,1392,1393,3,uint8,8f9c8259255c0b7078ed8a2995a0b8c0a15ad8538f4624a3e94e247660a0891b,0.7842788696289062,90.39122250649338,14.063500460288301,143.61922526921992,75.97961029991147,24.935620689319727,15.48856119201145
1103.png,True,1392,1393,3,uint8,960239aea1b94e85db7d9d9216716ca64e425cf3e0abb21e0c2d0142932a6757,0.7847785949707031,121.17277919552801,20.29375874219045,202.37639081297849,97.38573824279986,30.6419005954551,23.54666010276498
1104.png,True,1388,1390,3,uint8,a54a3c2a3369b1a4821db248be9f0f96a2e0076eb4061bf2be58fb7b557d660d,0.787189640410959,127.21716985346242,17.137084483789643,157.22236033288988,122.72391893335406,71.63642852287404,20.301805233007432
1105.png,True,1395,1405,3,uint8,0d5a67d86e1095495c718d5bfd4f61621c889130ced83a71b0ee669366069262,0.7781242310531497,147.8720125304491,27.36961544735838,204.33169126475514,134.99848804518078,66.05120882270106,25.5557817574751
1106.png,True,1387,1391,3,uint8,dfd21918c949ddb7dd3690478e51159c3fe04f114cb5958ad0122ea185c65586,0.7866889371330724,89.64771186893593,16.06287067329921,127.71845712092428,78.38362087813316,47.74025254709143,28.865870826653353
1107.png,True,1388,1391,3,uint8,ef31a11f66e44561e2ac0ce8e8cc01b23e65621123fce2d84128939feca42796,0.7865016511741683,91.63555162459787,18.61851767401931,131.76087357975254,80.2291008582231,45.07973310525139,28.764446556886426
1108.png,True,1388,1391,3,uint8,e5c6b19d8287dd7084853239ed7f9c56a81b100956d0ce570ff2cd41b9b82cb9,0.7862608549412916,89.74478272916859,18.312389851199942,133.1127358284195,76.86732357530711,42.24187816888742,31.228103373372758
1109.png,True,1389,1391,3,uint8,959198fd4f53948439bfa81bf8067bf89d10d3255003ed7cc89e3f95b8e15f6e,0.7857142857142857,92.72299676992527,19.53843981675562,135.2183754280822,80.46086453144459,44.33275607098381,30.31072277503435
111.png,True,1390,1392,3,uint8,4158ab38b848c38f77ce47489eb06af5abf29c1685716b7837f3fd396027cd22,0.7859665484344422,119.99320151336842,16.576040805942615,161.38296682455237,114.88362819378118,37.70034138323429,29.950831662157686
1110.png,True,1389,1392,3,uint8,9f9488a734740dbedd146bb912eef485164ca95f60cf700320e2ff1676d8ab28,0.7855155332681018,110.39667957725919,23.325266315476554,149.327487884155,99.71712178127251,63.23047840557426,21.39028253183442
1111.png,True,1387,1390,3,uint8,744e57fcfb2adc96375a858d983853a19e4890be39a1f3b1bc1d41039e514d0c,0.7866812928082192,78.6674100310464,23.7948619599562,95.47114725902604,75.84338332823181,49.1720086871602,17.371277724012053
1112.png,True,1388,1390,3,uint8,b1a05e18c2a88a31ecb5f3bad9dab00f141e7d017b0e009852ee9df3f79d2c0e,0.7869450220156555,78.88390888338434,18.666639414334167,127.01547428238379,65.43493613094371,21.831502258487543,18.384792956715973
1113.png,True,1387,1390,3,uint8,749c1d4d6d61e7fe67f65137edf28591fbda9f0722b6cc5fb601b8fe8ae5b29a,0.7870061766144814,88.70802210717513,23.819002847462333,122.41666585723583,76.50622614202597,63.101774596174955,56.85627953095963
1114.png,True,1388,1390,3,uint8,e541a8cc9a5b70c5e61dd6390a64994c3ce606149edd4c7c59643ea153584fc5,0.7865475171232876,88.24375321936381,23.40856595145889,115.54606241435278,79.08995266927779,63.761810813174854,48.09770206851185
1115.png,True,1391,1393,3,uint8,25bfe38ee7912c350e236c775c6b3a79edeba1b163be723be4995c401f163d10,0.7851447835127201,105.26335928030026,21.297696489475502,179.21687867237208,81.569572434877,33.31107151724037,19.41630750982897
1116.png,True,1408,1411,3,uint8,a468d012acb92a1bf2a3119c925df90b6dbc0dfeb164953b88f4abe27f501bd6,0.7739496697651663,153.8909921477604,32.39277284027231,224.03247567781125,132.6674601214875,79.19253790310633,36.649357363786486
1117.png,True,1389,1392,3,uint8,61279d92135eba59ac7adff31a48885e3310723e95f1cb9ccc2088f0ec94cf8d,0.7858060176125244,98.33894314953889,19.67375539781884,135.0360130744387,88.24364761274758,54.021382154947666,31.66022282595656
1118.png,True,1388,1391,3,uint8,cc483fa6da405cab1b6989fffbc5a8fa6a6d21047f2bf83737ffc928468ebc9e,0.7853397137964775,60.26350805470385,9.300196134508816,92.68732175013383,52.17987540760208,16.765420742687496,15.421847760912339
1119.png,True,1387,1389,3,uint8,62fbe7bc1ff73a8b5c24e35ebde092149e88bab78076d3bbb082b20052dd0e5c,0.7870749755381604,84.73677181872924,21.704322263648614,102.06121190342068,80.80760377615043,59.5230084885686,19.878899361764272
112.png,True,1390,1391,3,uint8,6a7df37c12270ea228b2e60ce117a57b70f9fb20b45b615a338809a92291829d,0.7866020202636719,123.69931087326566,14.728549080262606,163.69280272352972,120.21404150279093,36.72746274302508,30.72436726302583
1120.png,True,1390,1391,3,uint8,78f2a4d76bb60b0b4bedbc6053a60345308b01ccd849d73112cdf142f2c51233,0.7862472534179688,107.89363931881034,26.888633549208972,170.46500412401144,91.63678133035758,27.466576100140703,30.101197047113093
1121.png,True,1414,1391,3,uint8,be722e5fee99a9a4d922e273b40139f6bd8e6fe00d48739884b2c19b81443f31,0.7828194754464286,93.36234746664687,35.40591560746071,146.41499962872206,76.75685255315463,39.710838840622756,40.91202159543818
1122.png,True,1391,1391,3,uint8,19ac6f6e9653d928ba14716495d4ff8efed16d85782b7735cdb796c826491bca,0.7865333557128906,123.00035890098698,13.198207867020825,146.39646434027694,122.58342750442564,63.767524310691854,16.35913810564679
1123.png,True,1390,1391,3,uint8,6a2cc81392799c9eb46e570f2384ce42263fe454878c47a40ea7ef3833e13a8e,0.7870140075683594,106.98216769828075,14.532414217273061,135.69990451308945,103.98074266519963,47.07020469097625,18.21717403731088
1124.png,True,1389,1391,3,uint8,dc83a9abbe83f3aa9c5428991eb8bd6f8f1ebcf6c22a73eb203a173120116470,0.7858021954500979,93.13020025195655,21.119638724276058,132.48695711388143,82.16894708425953,46.3088170202003,33.56517878210239
1125.png,True,1389,1391,3,uint8,bc3479a1b065b132210989e2bd2e0ba557d0add40d75cdc5549beb10054a041a,0.7864596073874756,94.0856373594864,19.230083842520575,133.4348595228491,83.01604272877047,47.84062246370825,38.66310681042617
1126.png,True,1388,1391,3,uint8,2ece8edc01e3cc758cd83856e34127ad1b50f4b78af10d8d9c16f50eca7517e6,0.7863602311643836,95.42414344527236,23.550240845099776,146.8869138754818,79.86020987960357,40.54795685754142,39.60513075073422
1127.png,True,1389,1391,3,uint8,a480ad1dc67254a80ac509900dc5b1d7e309cc91cd5c0eed9e5c898c69cfd952,0.7863411203522505,110.31769000447184,23.507210310302916,169.53549763770343,90.33858126105808,57.83758967977757,31.036381448296066
1128.png,True,1389,1391,3,uint8,374c70b4a9d20c1b3bf32a6872ea9b02213d8fead9bd3efbaabeee4a61755ae4,0.7863411203522505,106.03901191841814,21.86130692946503,157.53535667761943,89.46918320922364,56.230139210234675,24.249607455005805
1129.png,True,1389,1391,3,uint8,24204c9d0c7e8d31f8adfb812475f916e7d39ad18df0cc79e56bc4c88bd9c746,0.7869450220156555,119.75859925202778,16.754404145885566,172.54136674923504,112.63403759288941,17.96765263004517,20.189459608273445
113.png,True,1391,1392,3,uint8,56d3df646aa74b0a1aab357a652a1e91dcf91a0c3454a848558e92fcb29ae9c6,0.7871017456054688,153.90706330512663,14.884370180990503,206.95302761541967,143.15723050975603,70.09676543856078,20.677381981453244
1130.png,True,1389,1391,3,uint8,7c2aa55d6a32c076cabe0300e9358bfa3d4a664b23f342a3ffbc959e400eba99,0.786207344667319,89.00114731862885,16.44178438692784,126.94349941904841,81.75955896294063,26.725781124663946,20.00309317341348
1131.png,True,1420,1394,3,uint8,830f9cc56e8cfd844391a2eb96e3ea0a1a5cc7b33741b9b7b4e51c9b83832857,0.7734491488568589,171.27082548910343,26.588607322120385,190.77782630741348,169.54541620856364,128.99055680226516,17.209468040977438
1132.png,True,1391,1393,3,uint8,fdd1761afcb699186abbfe09b1d34176b22067e13e7b4b5ffb235d23962cfc17,0.7851868272994129,113.4025945577569,18.348579284610057,177.72534683347126,92.08097162050333,54.44779730321764,28.62513937104719
1133.png,True,1389,1391,3,uint8,ffba1cfff32211e30373fb5e37c849d5d8c4d5b432da0d1eb1d65ea1305463ab,0.7863793419765166,94.08049887723459,15.682106605416559,153.69869059307288,76.70343925887762,27.122838312060736,24.04729633536685
1134.png,True,1388,1391,3,uint8,5ae2157880a6618ef618d7037a3c485131bfdd98a36ac2a2abecf920b2717316,0.7865054733365949,91.53494836593366,19.028662165574666,131.34051269590572,80.93196938403597,41.664648280889324,40.84835795960853
1135.png,True,1389,1391,3,uint8,c109c12c68fce65f35ef642c2795d64d5b0a0cf7ae3dbe0cef4c7c8d965b2d4d,0.7865895609099804,100.59602909663406,14.078446760297915,122.31558769078266,97.96579639158978,57.14641126935767,26.32410820311243
1136.png,True,1389,1392,3,uint8,73ebada5204ad684f52c60b13e215585b4b7410bb47bded3f4373c776c6d0c8f,0.785324425146771,83.19043053351892,17.51874280844165,118.11082125509817,73.55537169166675,41.18171376286101,20.449093706059593
1137.png,True,1388,1390,3,uint8,fa2b29a3de2209565db0881628f042646778675564d1c6f6fcc7b12a15e83cbb,0.7876291890900196,87.87282900387734,17.00276389186236,117.93927276785931,79.52571711417049,51.9393067370638,20.711514752638017
1138.png,True,1387,1390,3,uint8,82344274cb186eca71ffbfcb0758470a151d1d9d35b009f0647dd4519dd0b6c7,0.787644477739726,83.54076468047731,29.74644024592213,109.4120578629903,74.71682364987164,61.10437563387732,69.0011189297429
1139.png,True,1388,1391,3,uint8,4106a3846ba152ceb9d8a4f847f2874df505dc49ad96bc358152103a639c9a03,0.7871475966242661,86.66796637904663,28.52715177840404,113.5861087776715,78.04838717509213,60.46273969010843,65.70010964044397
114.png,True,1389,1391,3,uint8,69ee414ee01e0d4c6accc872a4866267b4ec0793bdaeae18aab7f8cee485275b,0.7864978290117417,125.89383446807891,32.247162993985164,160.4646625164623,113.98492999567485,96.51238986650338,19.07006253867098
1140.png,True,1388,1389,3,uint8,2e8b364d4fc2ecc3e22fc2ce67d00812ec0c97e04dde8465c7162b57db9bf690,0.7873878479003906,79.47016845195704,21.20159614817432,103.09306764724407,73.93809378467024,45.96030211860917,39.17579925591583
1141.png,True,1391,1393,3,uint8,f4ca8f930c4acf82d3f1d61cd9c78047876fd541394c32366a7d951dc843a4f2,0.784888698630137,88.40264521407144,16.66934479807517,143.93789687950445,73.36486131130935,20.08603763294246,16.168581885411268
1142.png,True,1388,1391,3,uint8,077741fce8139129729dc80777b12c2bb57b60cf0ca13a04d4478faa07b1da8c,0.7870826198630136,84.31813855462642,15.597967059397051,132.69926089954643,71.63642279265368,22.657614871361556,18.3045113345005
1143.png,True,1389,1391,3,uint8,a33dc727e2963d6b913ec4bfcb1f0a030b6bae0dfbf9feb4d08dadeb1c226e9e,0.786425207925636,97.2110238440079,22.39250817021703,141.33780145221965,88.4031853572713,26.78562749691379,31.616672308639487
1144.png,True,1390,1393,3,uint8,91ef053646bf6266b3f77ac1aaaf8a21ca211b7405f4a1a7a1e9c70f3e37a7b7,0.7854505565068494,104.39339850802193,22.525165042289167,150.63547267869916,94.90255913654082,31.939172453393933,31.377289761667576
1145.png,True,1389,1391,3,uint8,f9dfe8aba0355f9b72a918af49fe56ac7ef05811dd690839bdab3760a002c79f,0.7861958781800391,81.88446916293134,15.97922030227165,125.50366077766002,70.07528172917051,28.231470047740817,24.312906938921888
1146.png,True,1389,1391,3,uint8,dcfc3fa81c7e8ebee47933b27bd98612e078c282096c17a703d26f67348869fd,0.7863411203522505,92.2392627301538,14.540547108486596,129.95104310462153,87.48658934925048,17.776636595182083,16.746150153219585
1147.png,True,1390,1393,3,uint8,4d63d3dbd2b0de380d0512bb392820f5fe3f023213884ed9dcfcd961c0d18c4a,0.7852518040606654,95.93700565109249,19.83887904554836,146.73027593491264,82.49679966122649,31.84194950522519,36.79670238095346
1148.png,True,1390,1392,3,uint8,93922bd45ab5acc0e8566928836f75ce838729932c450b04ce88c3a4ec23c2a6,0.784957497553816,87.95077177776696,17.912491224946532,137.58448653649512,74.06541851292789,29.210025807079905,34.281921398548725
1149.png,True,1388,1392,3,uint8,ab3176f5969c32d9de46b3831f673c0b1ba751be9c217d14c5af40219f6abb0f,0.7810780026908023,53.69305375449585,19.748384515030843,75.50688752416139,48.46209292652492,23.343563896161093,16.067930777383392
115.png,True,1388,1390,3,uint8,0ff36f896e3b7114c071bfc51a54ce55a356e17ece78e81032cd9ab9790714bd,0.7877018101761253,122.22775707464773,23.04036896084311,158.48170684367844,112.67874888397189,76.26688599045067,36.95246996401434
1150.png,True,1390,1391,3,uint8,d49bf95aec1d45f9778a44a14ddf5441df7c2b24bdd16b0989cbd6c6b40e82f2,0.7843437194824219,53.90940659789603,12.274528411494346,80.83899207727212,46.99961577931142,18.81345842391701,15.465054753161477
1151.png,True,1390,1393,3,uint8,eaec93ad9c9bea173f863efb70652daee39071b4279d0422a025f2339ea0db4c,0.7863220095401174,106.34440788034628,19.394867608416977,146.17700642113093,95.64568092666495,56.89465165000219,29.26311045178343
1152.png,True,1392,1392,3,uint8,461388294ba01d8d69ef2954bfd8c5fd7e30d0a1ed0a7fc9c90d706be4ce4f01,0.7846336364746094,89.96601632577655,16.79937831664668,120.29373271038034,86.44742740182899,28.50543301229538,18.23141534823443
1153.png,True,1389,1391,3,uint8,d5f97335b33874b5599b3e85c117fbc2928d0be7c59270e176638ae163497940,0.7868685787671232,108.87570797104969,10.591784639911996,133.1099868849274,106.31316364696167,58.47928790013115,22.24141918653306
1154.png,True,1389,1391,3,uint8,65593b640d23f0a65217b917904b3833f5a8a3203eb87163ea301e2166dbe15a,0.785790728962818,90.15944510379984,20.331438034684382,125.58476175652275,78.3726579372337,57.90440103507987,28.035802967577553
1155.png,True,1387,1391,3,uint8,7b56ce6f97ac3a33f0d63447a1ff0bc1e131c6730cc02bbc07374e4ce6e66f04,0.7867577360567515,82.67469551741392,19.50450109254567,115.81372029867714,74.64352582818778,37.08215564440515,29.26422685746117
1156.png,True,1389,1391,3,uint8,b315e28a2f9577386ee666ccd18edff41092ac0da7332a6400f89f8696582069,0.7861423679060665,86.9927265655387,18.37312860987809,121.6894690781797,78.77660443407234,38.26722578763127,21.693417218477663
1157.png,True,1392,1392,3,uint8,fa524358c0d266f8ccccf46b9a26d3fc33f6d9051a111e04f336f59c6a42c285,0.7852706909179688,95.16858064453447,30.12573557880022,142.7761957503862,84.80340435454254,23.61374080659108,21.50586210492345
1158.png,True,1389,1391,3,uint8,6d79571f10e68113d8e5ef4b10c57558ce0d9af1fc7fc5b915b42ca2a297d3fd,0.7861156127690803,85.59739975592323,19.421563502614646,127.20656576215643,77.49923908339937,18.126569846309433,31.32868050620113
1159.png,True,1389,1391,3,uint8,129d209ef01613612171b24878436588e70c2e58dd92224bb8634498d591e0a4,0.7856072651663405,93.32366935876229,20.89657436806293,138.36535467548896,85.6885083195485,14.439885180500147,20.843144634554037
116.png,True,1388,1391,3,uint8,40d82d52f92daea56b0958669bb23c2d8e847fbd88ced5c2983f8a287ad93d36,0.7855805100293543,91.23925598322411,39.19109496545492,116.2571022658162,84.11508614188476,62.25131730670987,26.44102550928233
1160.png,True,1390,1393,3,uint8,17ba8ffd0333a51819b61d8ceb0ba72bf539e332c913e375b42cac9546284c5c,0.7850645181017613,101.31292904507346,20.36052711020125,140.7985764223605,96.89924926240762,20.443256506879326,22.390909087123365
1161.png,True,1389,1391,3,uint8,922eb42619a102fc7d091211d16035f2814dbacb8bd52710358ee664822a5bb1,0.7854008683953033,69.44600605394041,19.200158338039753,109.6661378390742,59.36492510438667,15.800039905395014,21.191890756526078
1162.png,True,1388,1392,3,uint8,06ff367a855deb8bd4bc44c61f2088489be5388796eaa3319658696cbf6c49d5,0.7856798862524462,70.43704240631644,18.68390524490286,110.984909442058,60.61293837778935,14.613089186073099,20.378778467013845
1163.png,True,1388,1389,3,uint8,4c5c2e3acf34f8b99519174ff3c72565ccb761091f7c51af0ec542bdfe14abbc,0.7340431213378906,61.53464466675328,22.365470761927764,91.32923476679225,52.6970663895024,28.860184487462647,18.04869414993605
1164.png,True,1390,1391,3,uint8,b51fe90c1c3574a18e1e3ff0f5cba26b0fa4087204c631093467b4ddcdae0386,0.7855300903320312,103.44336690591584,20.290977297793702,149.91221433358263,88.27196219927934,59.61182875069201,28.635125721823307
1165.png,True,1390,1391,3,uint8,41b9c12b6b55dc2388e1179c156e4df7b284d42bfbfb2161990ec15ead28adfd,0.7864952087402344,127.24420031526616,26.900556533448775,162.37103916575725,128.94215108524313,26.33448769249424,20.55533650138209
1166.png,True,1391,1394,3,uint8,e3a41065df2adae29b0d42af67ad0120b867b33e5d7e6fce279cb7472d258f83,0.7849039872798435,106.37434990942559,18.163130263627313,128.48943785426283,106.70842829038352,46.62592278774421,20.56167689267438
1167.png,True,1388,1392,3,uint8,ddb5baffec35481a3e0684cca65ada1ccb8404a966df959bae0e00f76f0d26d8,0.7856569532778865,86.24830578974766,21.453517346350154,144.1597592834938,67.69806327321908,29.841101808292752,21.512377850480544
1168.png,True,1388,1391,3,uint8,ae97afd1a66f82b02d51049bf9883fcedcbd0172e24097504fe65c739b8ecb6e,0.7865016511741683,84.97608541409508,17.819588714976376,124.94593097281484,74.14841525168389,35.85047187691351,27.025578705150302
1169.png,True,1388,1390,3,uint8,63338003a7ed78719807cc62b04a6958da75cdbe1be1cf8ab2aa555c96134397,0.7864710738747553,74.02971336372384,22.86746383087095,124.6924613395799,57.74112341203114,24.98248981853173,21.770749279639332
117.png,True,1391,1391,3,uint8,df19ddd02fbacf534a920275e6574395a4e43b999e31212173f0a88fc19359d9,0.785888671875,119.81974700994097,15.668533995322862,178.20335313762038,105.54011338925132,40.169598477788135,38.04012379822021
1170.png,True,1391,1390,3,uint8,b79fb70d1fbd2532f678a78cb654cb3211aef9b0a81eaa160e0779b8b01e444f,0.7846946716308594,84.35825437645538,17.300143864147937,138.09982353198544,64.4544610433489,45.85940409230784,22.885255124538993
1171.png,True,1389,1392,3,uint8,cbfa99aea98c907cf1eb72d8b85b54e59c1585f51e559137cefaa9c73663b348,0.7863908084637965,109.5961019708863,28.331930607234025,145.1098690126127,97.8496682786945,76.8956766871613,17.861509833223508
1172.png,True,1389,1391,3,uint8,922fbea45b3042b39f8ffa50670a8a52f0a51fb8052fe5b60c71eda78f965676,0.7853473581213307,64.35242271453045,14.69249793834856,104.31342470020246,53.839637517520636,13.613689456470954,16.76957695305479
1173.png,True,1387,1389,3,uint8,3116ab839b653e23a6736049f404d9acd8dea88110dfb8a95096ab95e53e9e51,0.7875947896281801,80.58293700863825,24.177396450188578,107.82594875279045,72.24301174415218,52.05887605551781,27.107271270370923
1174.png,True,1389,1389,3,uint8,652cd8a0c3c98cd2c4ca8d5ca7ccb51fceb21de2545170c236394a9384711f4d,0.7867546081542969,80.98264668376623,23.97394627690974,108.8135597329364,72.4727093768031,51.800429590337615,30.74291076359857
1175.png,True,1390,1392,3,uint8,9e25d16eaefd1c7cf64d75ed227c361530928359be0b87868a1e0fcba4150d51,0.7863793419765166,100.80780297654344,14.58817002219746,141.28981442777848,92.01918908147097,39.888262970127634,30.254838642686007
1176.png,True,1390,1392,3,uint8,2b0315a61af1f8b72c3e2d80ce6c7e1a23c5006ca41f4ca7378c6a37f76523e6,0.7857754403131115,97.74760195345941,18.38602511463341,141.20185909409292,84.85360728461359,50.12227118841933,21.306386014185495
1177.png,True,1389,1392,3,uint8,73cd35c2217a585ae10f91c38f92eabf631b68c7787c03071bec6857d262ef61,0.7867539138943248,98.30633015934707,20.30635428739516,138.74650699572484,86.40806937427128,53.439088612514574,23.032639857551995
1178.png,True,1389,1392,3,uint8,6be00a665919eb7b145228de3b081ab7b4866f34256f15b822700365d8dab31a,0.7851600721624267,75.3178076456872,8.932228846642902,129.61750144823122,58.2581356518014,20.679256947858807,14.730005433149719
1179.png,True,1389,1392,3,uint8,16e7bfb6bad5516d8658758b2fd4a38a9be7458b4907ef395542a907ae026e67,0.7858365949119374,91.97187743190662,20.132016793449868,109.61396887159533,86.6131079766537,73.2889640077821,17.960232299213725
118.png,True,1390,1392,3,uint8,8a2856b23ce44de092b2d4b6229a1e3fac34982f3fde22d1875f9ff77e0c122a,0.7861461900684932,117.66692110598451,16.3594210871427,174.3362099561943,103.90242171129078,39.86543725477803,45.524643985870654
1180.png,True,1389,1391,3,uint8,b854f175fb281f435db0da0fd0404ecf89e69639d0ce90f911f0c3b511dd0523,0.7857142857142857,78.40658079078456,17.919967992388724,120.28208184153175,67.63244279265255,24.00169773505604,24.724320007299266
1181.png,True,1389,1392,3,uint8,532e57cc35fae95b18216309ec5ff4b7af9d227d0e9617b75eedf54576bcc03a,0.785958904109589,85.47996907096172,22.394780851933774,132.7141544117647,74.3181946389667,19.03146397447868,32.416797790787456
1182.png,True,1389,1393,3,uint8,d2a123f336d172dd590c4376f5d60d8ea9168ce4ee4b5bdb875d2a800b7a8bf1,0.7851447835127201,99.92929086403886,17.353112922193286,135.84058923468618,91.7783749312381,47.66432511111436,17.215887867282643
1183.png,True,1389,1394,3,uint8,c0228de0ec362158e65386faad884764fb0189f12b730326b14a610fc3119d4f,0.7844975490196079,100.97526458642506,23.96087282363997,129.26986839022103,92.50322190111693,70.37240783410138,18.003911378794196
1184.png,True,1389,1390,3,uint8,9eb1cc92b5814c31a441c4100ecd4957838a3d9c519e4f95fda2041c8fa0c7d5,0.7859077453613281,80.33336892841021,17.8593771817888,125.6647040835643,66.35901679925833,33.33323787380898,25.51778959663144
1185.png,True,1389,1390,3,uint8,608e6f1fff002b4a54d667cb8fd6c6481e130092f7cd4c23cc407ba527193759,0.7865257263183594,86.71800778919697,16.542730822758884,132.5171958890888,72.4787155100081,39.869504275328225,26.08386037761979
1186.png,True,1389,1391,3,uint8,31a3bb6311de39512a2df37c8291dceb200ce5c34c5e46107d0ab640e84d8802,0.7850415851272016,78.47811988782426,21.55726589200149,127.09550031159928,64.72549563761004,21.722910337306224,29.05259711363501
1187.png,True,1388,1393,3,uint8,135c341631726c396604494f246976df50bb2af7af0de1960e967123025f318e,0.7853400735294118,80.30052470400062,20.212016894196157,127.84443209081866,67.64496654768175,20.728616849045196,29.72330613937982
1188.png,True,1389,1392,3,uint8,43aaa5623dc8931eb02415ba60f09afe5a69e899d44f45cfbb0b3a960d331e5a,0.7853435359589042,85.66862476943218,19.294122619726163,133.7239123769291,68.3597879992797,48.70553022080975,46.359289092491814
1189.png,True,1389,1390,3,uint8,3bb00d5512a37db472e37cf5f1b1aa8b214e1d6ed570697d845e7c7302e087b4,0.7863883972167969,89.45945369081286,23.006525742693867,137.85830984685686,72.67168088791009,48.890903093423624,37.92351782571652
119.png,True,1390,1392,3,uint8,b3cfb104a9b6cf0d16f735338f59ed2a1824ea96ebffd9a5c2ca69800b017e3b,0.7857563295009785,122.93482797367436,17.778206090051487,179.00994751409434,108.7763682088151,48.71989843320573,33.48187811443521
1190.png,True,1388,1392,3,uint8,b645005c2121d6a24ff4ea14421d03ab64ac61dfa056c0a40c6cf4df2c72bfaf,0.7850339408023483,57.19607088952724,13.755741163702957,91.04362432445592,48.29155752470909,14.222162714835191,15.369575782339732
1191.png,True,1389,1390,3,uint8,2c8b298716f82b7876f6b2f47e6430d7b5e5d99803920fa749f24f7a33c28435,0.7872314453125,116.78678864940301,29.567546533583922,124.81247577143743,117.90195185300047,89.97090149635602,20.141515691654373
1192.png,True,1390,1391,3,uint8,6d2c47a726173f5269f6584b8be5ce8ed603d5eff1b087fbbbeb2b992c3434ea,0.7864799499511719,108.45326452313856,12.091432769157283,126.21104326020634,108.50003637757007,61.6129087019998,16.854774966800285
1193.png,True,1389,1391,3,uint8,9bcc94976213af99b52af1dee0bf8cc195e929e6962d7de5c27fb9a2f4ad565b,0.7863678754892368,98.26601665216609,15.911650346385166,156.22267533136645,82.13145295738776,29.207612557658003,28.870742755507273
1194.png,True,1389,1391,3,uint8,1984e813f5d60eef780392bad9c1f751ad0eb1a40e90a70c728399a084237c60,0.7869755993150684,102.85904671244985,19.305714951686365,160.25196456497878,88.12031685591894,28.108898580850713,28.06366961195317
1195.png,True,1390,1391,3,uint8,38e2b97c3736dc2f31b49c3d944b636cf14ab908bfdb6a0bfa5a9703f1fec4db,0.784881591796875,71.54197772075119,11.99397777753162,120.33544752906411,57.44242583304172,16.083469419495316,17.161972208159003
1196.png,True,1391,1391,3,uint8,37d7ab477d158197916276a44adc30e5129e533add502e47e0d167fcfd27eda1,0.7852020263671875,88.29265045958918,17.854678591586296,145.79148934102878,72.64094716181815,17.974537981694166,17.422238078170096
1197.png,True,1388,1391,3,uint8,74b2374328af9cfe3c987b46e62ef72485f19d262dd9800e6b4fba5be9f8a86e,0.7864901846868885,85.44684625141541,15.358944428249151,131.66274159138072,73.42625054064956,26.06534448488854,20.604358614921182
1198.png,True,1389,1392,3,uint8,24e2c72d2a9df88aac5107e0d15f5d968c0f5cc80439f7d8caa4ffe36376c9df,0.7861461900684932,87.02922000573705,15.581791574882674,137.5207481488324,73.92586092055173,22.03168012602039,16.175211011344842
1199.png,True,1388,1391,3,uint8,42d204f4ee54dd8996f50bbc90dff05c00cccb7aa8b36094fb2d77a811e786e8,0.7863334760273972,75.07153550770427,13.09459992450614,115.83366548388665,62.94961843192534,30.53906090506975,15.841024777563257
12.png,True,1389,1391,3,uint8,ae7864d748bc77df2c8b57ceea498ba04001d04075424b306eabae4bd79972c8,0.7868494679549902,136.84449032132707,17.34093102254789,199.22471036844533,115.55653462220387,82.83633449104995,28.578106178372234
120.png,True,1390,1391,3,uint8,88f5b66f7c92b7b56803b5af9460abf806f98605330f914be8aba0f0f6f5c009,0.786224365234375,120.9392588207895,17.998626124048073,177.01998020416877,106.40795423669604,48.6307495245119,39.10702607472071
1200.png,True,1389,1391,3,uint8,03c749b30b581f2b17a6a375ab8cc47ad0a5e5617f34dc041cb78cd1e81bd4de,0.7850836289138943,69.07025700695705,9.966094700697019,124.96402194709911,51.578005189797615,12.492977220391133,14.535417545791118
1201.png,True,1388,1391,3,uint8,ef2fcd36a5e1800a60f9184784ecad17933d70a24b28f08d615d4f9b23ab301d,0.7867539138943248,97.78408472600077,15.346871870276797,144.70177808006218,85.71137776914108,36.83660610182666,25.901137329306174
1202.png,True,1389,1391,3,uint8,4aec49f75e799827f968fd815a9d20f4ec1147149a146c06f9cf9a50b7314261,0.7865092954990215,96.25337745898453,10.546909386564362,133.34245976207137,86.91431945416375,47.018617331467226,18.245323576487515
1203.png,True,1388,1392,3,uint8,b62ed7e109a2aa6867c36bf5f1486c53df1d0d74c2f5fda3a5a236884a9a094c,0.7856493089530333,95.8664419049287,25.053112423168695,166.82381987925137,73.16181872138787,26.654645319166534,24.09018000609841
1204.png,True,1390,1392,3,uint8,648f26245f41455d26528fadd41ba1493c21a46a19b73b9e6ef445cabd3acc48,0.7850989175636007,100.28831052495777,34.002530961243124,128.32023738236768,93.59260395215352,61.22177433096243,28.760142056232375
1205.png,True,1388,1391,3,uint8,707b81ede7488046b20190dc0f834e3a943a23b6440d6521fdc28cdaa0c19e65,0.7842695083170255,54.392850528778204,15.412546340109612,70.91964033334958,48.90610166187436,39.260607242068325,17.86793468429813
1206.png,True,1388,1390,3,uint8,dc6c787f6b776d4c9ce97dcc5e08b1c7279d23e541b3a4a4d6079e3ba4c5a599,0.7876291890900196,96.8550534044422,21.38663744410551,153.82373379790263,81.97731827688784,23.948949138395392,21.971629325903688
1207.png,True,1388,1390,3,uint8,6d6157949503b73809f8b1dd5846d77a35f1f80ff33f2af058ae3a0e72996de7,0.7868647566046967,89.57802291748636,16.154417840870963,146.96135892242154,72.92682725422478,24.749214306185,27.92047204804022
1208.png,True,1388,1391,3,uint8,7f0b177981dddfdb10d0874694236f21668a393fa64855dc7a50dd5dfc714cbc,0.7861614787181996,91.59498261905341,16.646200017432225,150.7954590757712,74.30577825315409,25.285932372316893,21.386131681725974
1209.png,True,1389,1390,3,uint8,5e94585ff6e36bbbc745a60b2d4b3a3c2a6d82b272ba124f05a7ba39fcc525d4,0.7864532470703125,88.18133621776838,16.83101179261282,133.01362507518286,76.64416192933781,29.928013620224675,25.9799503721593
121.png,True,1391,1391,3,uint8,b954508755fa74c3f6c5782553af97f63432f539b0272b695c83b1c0bfe647c1,0.7870903015136719,144.52645506491996,26.338680350029648,196.6219617992449,138.83563303623788,37.15923443399198,21.650895438721445
1210.png,True,1389,1391,3,uint8,5172f5f480dc4220db719dd2ded6f357d1af01a8a2cea7f4f3ac3ce2912f3cdd,0.7865360506360078,90.95952532522122,16.399250348548012,132.69486303533333,81.2202417109285,31.59042292123256,22.025192279721196
1211.png,True,1389,1391,3,uint8,469e3bdaf898bb07c6ff54c8af683c5f111fcb6a944ae03b02983cc24c7b9990,0.785355002446184,74.86216747617704,29.18746865238078,95.8632771056192,72.31069137701121,32.89942766481404,17.69668833543519
1212.png,True,1393,1391,3,uint8,42c03aa1d7a4e91279cb10230a37a1d3a4d251d163964344604db885f49b348b,0.7860812133072407,115.66998599657694,30.963989227455404,161.78820795083243,108.87046833670453,29.65015267620974,17.235278440852024
1213.png,True,1390,1390,3,uint8,3420abbcdf7ceec435e9c6ddeaeed75fd394b4abeda70792a2c02f5375d9344f,0.7873001098632812,106.30550521837722,31.571195816505462,145.0006201971064,96.60379580010272,54.72618782281744,28.853303893613255
1214.png,True,1388,1390,3,uint8,1089ae5af4921e0811e1186e35fbb76a0a30536af19dede01add2088840474a0,0.7864863625244618,85.73623463089858,21.932328994714418,121.73932060067065,74.57821839918356,48.72090683773145,38.43912098543942
1215.png,True,1390,1391,3,uint8,df003846f30744d57c32e76c4331c19957a1a615ab88e391e95606ab66e4d5a2,0.7867546081542969,101.95856344215319,17.834271985987936,132.64039506795382,96.18326925035032,51.18651299680474,18.383731896640054
1216.png,True,1389,1391,3,uint8,0511d8e411f1d29bea9da7549abcb95d026b3027b0b2d55100ab887414139fcd,0.7855117111056752,79.21893779042892,14.68508737886215,101.05505194268058,74.09054813517261,48.316448921003335,18.0196497316724
1217.png,True,1387,1389,3,uint8,a89d303a7d4d2f1eb201b80d2c6a2cda6e7738f6d3feeb80dbca064ff7cca4c6,0.7874151479941291,78.25159091901968,15.548272163410457,103.99434987112464,71.73995330391772,44.2233596908933,17.017507007158347
1218.png,True,1388,1391,3,uint8,05b354e0c81396ba2782f43add06de9d26d2b47ccd454a6fab61fd8517971c2e,0.7868074241682974,93.63875853760432,15.002131456584943,138.57495603680277,83.16098788461726,29.687215210780455,22.719993605488508
1219.png,True,1390,1391,3,uint8,9872868507d33745ddf9f15178cc7e002a44afac8555084e1f7e223d600b405a,0.7857818603515625,84.7063372623648,17.470338468783197,126.16486397265861,74.10271957589762,30.510578286113756,27.794646560542347
122.png,True,1390,1391,3,uint8,cb6401dfcf0eee76569de30ef3dab6e9b4811b1f29af72382d7899fdcef133ad,0.786041259765625,121.31966552781768,17.761023860912392,181.05200042706838,108.59281942772839,30.149192452537175,29.639931480339666
1220.png,True,1389,1390,3,uint8,9ccb2f3b861340cf1feb3c75da08ad19709346fd75ff2eab22357eb484130cad,0.7853736877441406,101.7058689242815,19.39993458308162,149.36420067903305,85.35034801657268,60.84855329049305,23.089520345471463
1221.png,True,1389,1391,3,uint8,4a93c986b24921b75fc625d9b0fc09ea38f06749a1f730f1274155fe2c793ba9,0.7876788772015656,123.14792655350783,22.40701512943405,161.04569540280082,116.91779000591997,55.80242330722722,19.729307301479157
1222.png,True,1391,1393,3,uint8,687d2940db89b82863d5ec86ff9a27202ebcfcc4f087be16ef5f0f8219e27e08,0.7845064823874756,89.4647750082825,12.671800753825742,146.2162853467932,75.58163136047395,11.96506733186522,14.909070242400256
1223.png,True,1390,1391,3,uint8,6da7e6ff7619aa03444daef1798164ea378c6ab7fb9cfab484414b7a264052b3,0.7847709655761719,71.1399162952125,11.188303747630968,129.3844052439445,53.69838083247863,8.099940210866068,14.662166101027305
1224.png,True,1389,1391,3,uint8,8591062e3c22bcc511cd826216e3a3e14c366194d9c30dfcf60a6236d47ad007,0.7857257522015656,93.62135709803425,21.136128470699692,143.84429710416353,76.50611710795783,49.96632793536053,52.88166985281654
1225.png,True,1389,1392,3,uint8,c754c9ccc1dfba0dcd3b6ffdf264b81f98896cf6d46c695f544c253b920c1a01,0.7854543786692759,90.40954744525547,15.452901784664382,142.7755815085158,75.3900291970803,30.36429197080292,37.71176473207961
1226.png,True,1389,1391,3,uint8,ad327974eccb02f1282da71b6f7210a41f667949b203383529a5946484d648fe,0.7873616377201565,108.58027466152748,21.04481962089904,140.40997286394594,99.98657275035316,69.31429764222156,17.60988871610494
1227.png,True,1388,1391,3,uint8,188b490943269c167d6799db67b9d467a45f0bad122a6993e8a4ffa227c76635,0.7859741927592955,92.83581182283258,19.252355457451714,134.06892275671575,80.11134237195822,50.154788072127445,27.411972106259725
1228.png,True,1389,1390,3,uint8,f2f8cc6b7fe1e4151ce2a0781d3751836a3be6b4da8bca43eea8b52231316dd9,0.7866172790527344,92.42885547047385,23.08383762614561,135.2571930147861,77.71403492606943,55.82591764586071,29.820805313743207
1229.png,True,1389,1389,3,uint8,fe9a291ee1114e1ebf1ecd104721f17aa7775e2df5dc89ea4b819d37a9926521,0.7867927551269531,91.13114475910653,21.76255275125535,138.40220021042117,74.89544394505776,50.67791498790321,27.956199554738006
123.png,True,1390,1391,3,uint8,5d6f0744c4458fc284fb1d83db9fc657ae21c8708001dd4287fe62eb0f6dd317,0.7866172790527344,128.7451880876983,17.77259277279538,182.10101014999492,116.6465299432124,51.07068625216409,33.723309441196044
1230.png,True,1390,1391,3,uint8,14e684ec248cb2dc403bf9eb0601cea0e4502bd5fb5d2ec378d955eebbec55b3,0.7852287292480469,86.14086949762684,12.975961189583687,132.96607608711494,74.35202071481663,23.969617621196736,20.521056832625852
1231.png,True,1388,1391,3,uint8,a0d6b8278eec44e55991717097c095135242bbd9d8e46435697f9045ef75dc7b,0.7859665484344422,86.35928397054961,16.180209841291983,136.78275966036745,73.037017224778,22.6510693756869,19.827733812568322
1232.png,True,1389,1391,3,uint8,03c0ee6fba2ceb17888f60bd0f03cb39ce32cdf17dbcdffa22c0984b111eb65b,0.785840417074364,89.89741781411568,17.868327597681493,136.18457108671652,80.67510858410222,15.928502293276784,21.98167231251655
1233.png,True,1388,1391,3,uint8,8eb440ba2cda69ec687d4504a198c3af03998040e5e51200479dc3ff0a9035a5,0.7841089774951077,54.58378341490046,15.044642255811267,74.03932283034688,50.015564373038,27.0566956538694,15.215142949985145
1234.png,True,1385,1391,3,uint8,1dc999f3d7e68f403c0a438971280f36193f2e6c642c2545650175fee59eddf1,0.6791743259803922,57.576421233069816,36.57164170748095,56.75729365195719,59.74492235517012,48.54364349914856,15.050637625498403
1235.png,True,1390,1403,3,uint8,64285105d81fc4d33f89c6a9eaddc9aac5bc210eff962c33c821e8d2e9471678,0.7815158099112426,145.72159373783083,30.667554537849224,184.69245177922699,139.98632615135875,72.99806771857702,23.95767683450701
1236.png,True,1391,1393,3,uint8,01ab73b3572b223a2bdcd9f6089b4e226170d254cfe758a5c11b60b6cb1a588f,0.7847090569960861,114.96455030320742,9.937663528803588,164.2542120260101,103.74978690241348,43.383531818513916,14.862571006173997
1237.png,True,1388,1390,3,uint8,e1486a0c703d0fa5973743951c826fb7b8776a6811f3502f57106dcf12bfe8e0,0.7868265349804305,84.12014534220025,20.89784758856899,128.66555749323567,72.0329205912785,29.44357059929369,33.823075068151134
1238.png,True,1388,1391,3,uint8,e8705bae9578ffa1073fa39d6cea09f2a226175997d70ea368d690796ebbfe05,0.7861500122309197,81.91568051652551,18.713895386320015,121.32423352553943,71.43510370377574,32.46129948172422,28.290181381576176
1239.png,True,1388,1391,3,uint8,3ce0c508b48ab92814885ae66300877caefba21a2bca9586ef79ee2ec238f6a2,0.7862379219667319,85.84538538197904,18.95680922105393,132.13847500060766,72.3790573880071,33.70769305558932,27.08017762595086
124.png,True,1391,1392,3,uint8,663b1ca8999ff2f12e7033f165fae32cd26fe59e76e3b018b1650517ccfc6417,0.7858238220214844,127.52964820217574,18.379620743108504,180.84688275185803,115.31695299491746,50.54263855649785,35.02867202536414
1240.png,True,1389,1391,3,uint8,88599eea8185465338733f9ba246540d0a4557f06172ba31cf79cc9695994fda,0.7868074241682974,120.75769720287194,16.19794180910456,145.34923295150932,121.25866390742954,53.64834785819075,19.748325002364787
1241.png,True,1389,1391,3,uint8,031087cfe61ff5a6e86d929e2e3194d383fed1ae8f5cab6baf95b569710d4482,0.7872240398727984,123.6451741332181,14.95832443098427,152.27650597437403,122.58495943446152,53.966115273131585,22.487953668545344
1242.png,True,1389,1391,3,uint8,3532a20b0eca94df7cc6762c3d51eb77362bbf0f7a34234b46c7b691ba5a66c3,0.7863296538649707,92.48047188291393,13.46261677550023,137.68467741543486,81.16444934841466,32.12717215365846,22.91838530819682
1243.png,True,1389,1391,3,uint8,4d526b71842b3d8f6952a05ceec398904d9616971c8bc7e7bffea732f8fdbcfd,0.7863908084637965,91.12903837274295,15.294766742877483,134.78550147026658,79.40347517558142,36.94137403096065,18.60768277561475
1244.png,True,1388,1391,3,uint8,5d6782db10106293796af6c1a1d47e23a1edeaf9914485db83df9c6a80060514,0.78589010518591,82.19525421420721,14.67862564674188,134.18878578306925,65.6991206824438,30.686232454988474,27.358623276538818
1245.png,True,1389,1391,3,uint8,4c6619168c116ac35b7bbadc4f913dafcc52c2743fa8243d91554d3b9debeac6,0.7853435359589042,84.24924685235386,18.996969918720826,137.1242121759275,67.31292493831246,32.69344579040351,22.61368424764467
1246.png,True,1387,1390,3,uint8,48b5f1e22f05c9883d85d8fbc480d2380f7373073babe272ca03b38eb5ec51ab,0.7882674902152642,133.16200857270312,29.201860086078465,148.85849221280475,142.16954362962818,45.58361779708683,20.713802397318933
1247.png,True,1388,1391,3,uint8,11641f2a3d7f3eac18eb082d6bb90476dc3defd7600b752c4216f4abed23cd11,0.7864863625244618,99.25916800311028,23.60513441502984,121.1230208485202,95.84857850998688,59.43722116926666,26.57774621710423
1248.png,True,1390,1392,3,uint8,f8a27f5266af720eed0267b5f9548353f1ee4ee42b8b801a686ea20726a76196,0.78589010518591,102.23701693464453,11.456433233983082,147.3496016808194,94.11845983250167,25.596579026719972,16.597221506297345
1249.png,True,1390,1391,3,uint8,96bd46354304f8b59601570d2b1a21541ee079fd11de97893640f63df83768f4,0.7866363525390625,105.45092914088414,10.215991831838105,153.24361821814443,97.29276666731324,22.0043498923438,14.35832309092559
125.png,True,1391,1391,3,uint8,55662fd891a5261459468c4d1598ae73b840ef0ca5c3fc2a5cb2eb3a4d8318be,0.7859039306640625,131.902820114552,17.614689067704674,169.38115231530918,130.61096495485876,40.223381225123774,18.74383351529215
1250.png,True,1389,1392,3,uint8,54271937bad826651cbcbc109b5750c6f0e82152f431d631146be81538835dd3,0.7859206824853229,108.66580910602951,18.82616838509983,152.85815233778487,94.43236132320472,65.98720953983523,55.279945618629455
1251.png,True,1399,1390,3,uint8,9333db089b037e13c104771f8546e98652431add984321a16bb5d0c7a53b843a,0.7803520997053045,92.7181780631964,23.155253717209376,117.22792403843317,92.780735226144,28.05777760294248,22.234897768131287
1252.png,True,1390,1391,3,uint8,3d3bd3eb678b1b785d5fcddbb54b929cd1a51c7de76b287053ee79476042f722,0.7850456237792969,92.99650623192983,26.031342833746283,117.50367112903618,92.61562234262252,30.667892805947666,23.956571835462686
1253.png,True,1390,1391,3,uint8,46fd20088fea6ac068d9f697a2cf3733cdead9448b300015a496eea4e328497f,0.7860107421875,121.0548561500233,18.70751527854712,187.96902663457058,102.95979577574157,38.70282652585805,37.08935945213707
1254.png,True,1389,1391,3,uint8,fcaad3decbaa70676681255cb95f6293e62ed2471d70b38cdf1d57352567e6f7,0.7865475171232876,119.81675624192123,18.197545885144876,184.99410552710097,102.89206262816712,35.973759147852626,33.305418716012824
1255.png,True,1388,1391,3,uint8,b4fb5851beb9969d526d91f5eb69806b81471883009ceb96f87a173c0f88f6f1,0.7864443187377691,110.9736876637231,21.583779383766206,146.7352679591172,99.0615331528633,78.47536195257558,66.66508468549037
1256.png,True,1389,1392,3,uint8,0fb98426bebc120564f732d66d710eaeb012a4bdc2b9e6d60da35d28181822dd,0.786425207925636,124.12356989414543,17.76789963147797,156.7115827638831,115.45090739426693,83.272247441119,31.110744496310083
1257.png,True,1390,1391,3,uint8,e282537035a91b20f1dc1f84c603d235b16d320da01220af24487d0b363a8dee,0.7866134643554688,141.25886249672658,17.329101433988086,183.76402238538162,132.80437523641407,73.28204319951892,30.237706459783258
1258.png,True,1390,1392,3,uint8,41865cd504b23e455f9f254f234b7f3d593dd49d07c3d63f42d256bf480d6c34,0.78540469055773,125.47946585428762,17.244987729926965,184.7899477825848,113.44075294300856,31.858555529060233,27.247978443589517
1259.png,True,1390,1391,3,uint8,f54b32c178d9f6e0e7a59562e0b4b62c5368327f3aad61c582cf920b8db711ef,0.7851524353027344,105.60878035982373,36.11619378171607,165.87784649917648,86.94810589681425,43.59911671679064,21.468708788975498
126.png,True,1391,1392,3,uint8,24f7dab6f28cc30c7e24526ddd6bbb71788c583467abb0fef8304451d32e05f3,0.7858963012695312,134.9343892281257,20.642888220366817,179.60888854371947,123.74867730004175,75.3507023658127,38.20174594994991
1260.png,True,1397,1391,3,uint8,5cbd2033b3b923d32ae6b65594300a3785971edb20baf765dbb99b1a058d446c,0.7836818321078431,136.43804823221834,21.059877421408107,160.2735455811567,145.5892882449239,26.77813179563613,23.15106861029552
1261.png,True,1389,1390,3,uint8,c603e11d61091b9679e3a801506597231314fa00f43878022b434042e1ce789b,0.786163330078125,102.84484297969799,17.340479297017573,137.42080082294942,94.12696517992313,56.98781588447653,19.03879947033308
1262.png,True,1389,1390,3,uint8,96d16b343ce0c3e73a9981792bcefab31657d0a5ec45630e0c000b33fa1c3f3f,0.7872581481933594,116.94054512416717,23.172315453103504,147.26652937613568,108.98514354936403,78.33589339794064,56.229628099581106
1263.png,True,1388,1391,3,uint8,29bc1cb61567e7af5a31b795eff53a09c8e1a8e673713547a5e0f53eafdfbe36,0.7868571122798435,120.20111528316826,25.268859606192873,147.91511024107797,114.12089358663603,78.80469915042237,59.244121434531735
1264.png,True,1389,1391,3,uint8,4409ff426820820c16a296f45e0d46e60a1a3e75bd469d401cf26f985f6d38b4,0.7864978290117417,110.92626340676377,22.9523777178099,152.24777789117135,96.70945167733376,75.70689546247564,62.446379607707236
1265.png,True,1389,1390,3,uint8,cbe9f16c5baf4621fb999924fe0b8aff746bb1726bd7f8ce1f83a0c74a605e15,0.7868614196777344,111.40213117694684,20.3365314474578,154.61822553824823,95.9527757173815,77.58744564189828,67.48801739075685
1266.png,True,1387,1391,3,uint8,7e881c846aa5531b52dbd846e5e152679905bda584b55bf1ecb28991c97cdd42,0.7873234160958904,101.3115166343834,24.36937177423241,129.59326468889117,94.69175538499628,61.18658763332022,28.83904304554953
1267.png,True,1389,1391,3,uint8,7d8523da8b0a458a8b6c961912b509e5245012d7a4c5697c343545cfdecae85e,0.7867806690313112,119.10748274203657,17.97799434412061,154.89290589612673,112.0318246075969,61.63241630920052,29.300326636362513
1268.png,True,1389,1391,3,uint8,600b393b4e42501b85d4720c7d5c709aeeca8b1467cf8ff573b2d40d2fa8deb1,0.7870940863502935,136.04851672178276,14.327499689390601,153.87635058685274,138.8531532712731,74.83067950604334,19.90192408462818
1269.png,True,1390,1393,3,uint8,7e806916bcda9ca33c06267b2ec6b870a1eb20faada433999d831c13d31c4a55,0.7860812133072407,141.38853177999067,15.924608771823323,180.03619982106738,135.85469989886417,68.49629492764898,21.995252922390918
127.png,True,1392,1392,3,uint8,86a20c32936a75a454b977b96742563eb43c4e005a30aac5478186a07b279f3a,0.7852592468261719,130.60826520152926,18.69667136670687,174.3141301232445,123.19420843231269,54.11010876799238,34.22486636112281
1270.png,True,1398,1394,3,uint8,5c2b047cd329bead524d97d15a3d190ea7475a413f5c9cd3654a1e852414aca0,0.783570052592955,145.5680049949514,18.1000830569872,182.0316086767769,138.0255454691791,88.75899359534064,20.460059158475293
1271.png,True,1420,1394,3,uint8,a5e017961c6d6450fbc620b9c3b84c4bc2a4bba9e4522bf86664ede4b02b1614,0.7910078590954275,154.87757776872365,32.62000577828466,202.83343232881555,145.24427012512703,78.6684305861678,32.990959227931626
1272.png,True,1389,1391,3,uint8,d146752d22a5be2b6e9f31703b4856ece02a0fcf81c6f50920ca3e2bac96f962,0.7861767673679061,109.96622570968793,17.83595502650219,168.63907646981608,91.17779754872647,52.781388406769445,37.727969468596086
1273.png,True,1389,1391,3,uint8,2904e947e347cf9d2784dc4ff69f1b8ca43b0e8ced3dcb8f3a1a3497b79e5f09,0.7685986423679061,89.99938833358198,31.39317043334591,132.5637575215078,76.89140185986375,45.79628027251479,24.04061443442609
1274.png,True,1055,1389,3,uint8,a0c9a4ef6127a17d8ea973608b524196a37272b97c5a4b11264800031bc3e514,0.8127661070051414,78.27879192226196,30.12038093416432,129.58252871007,59.55059705826029,40.13370645613645,22.787690750594155
1275.png,True,1389,1391,3,uint8,c57f54c06e67a92db82a82f826938352d658ed12d3bee397c2c6c7762fddf63a,0.7859971257338552,88.96207000515459,14.814913862123706,158.465046050904,68.91120977232278,9.911822487624123,28.122615429008945
1276.png,True,1388,1391,3,uint8,12f8ff93d9d3d9fd34d3c9c36ba861d292f6f7ab8f3f6750e98740e7fa1d9c6f,0.7868380014677103,92.75982940027785,16.35567916308226,161.24993927971164,72.63333203796718,16.77423225267412,22.697282882759094
1277.png,True,1389,1391,3,uint8,d22e7f75d3357fbc3770402e36d7c6894f0d54f5a4038869648216c27eaa47f3,0.7855652213796478,89.8136710634509,14.69982569134793,148.8986906957169,74.26773837268706,14.786516744595653,28.028958594755004
1278.png,True,1390,1391,3,uint8,4db24a59a35cad3b34790befcdd528c8c7d5cc075d16fccaebe12d066fa87a5d,0.7870292663574219,122.30608535491845,20.994170344958736,156.7992244868284,118.19565227928167,52.962639652957854,25.91724666802809
1279.png,True,1388,1391,3,uint8,d59240cc25bb615e08a6192153dc63e3d726f2c70fb3c1557e8c04097189ee93,0.7875565680039139,113.82898325649114,14.422122945150912,149.530812909488,108.92673137587964,45.391152632856105,16.65313407098829
128.png,True,1392,1391,3,uint8,072c960b623ed5a1d4b0e133f26b016c33d89294e8b28cb211878e4336efbd8d,0.7859687805175781,135.82216786305372,12.223831096414365,155.4654164057912,136.36952586185976,81.45920878288851,16.217090800428885
1280.png,True,1389,1391,3,uint8,db0af4128de0099682bf990222173c36d38acae017af111fb1602856ba24cfda,0.786910622553816,116.91060855542764,18.502756909435526,173.5161039629689,100.5096633492163,52.836021779571695,39.356276999171044
1281.png,True,1389,1391,3,uint8,c151aed92926d2f32cc983f8fd99bf7ae201781264c75ca8e6e5c42638ac5224,0.7864443187377691,114.51594826957752,20.60704188576165,173.63207927721265,96.99810457865756,49.62120247473987,37.91419768738246
1282.png,True,1388,1391,3,uint8,826f033bb655e5b997e5a1169a20fd33e80cada929bce01b9c0ac9267cdfcc64,0.7859933035714286,94.40824543743709,22.81739035462811,135.96008091771583,86.8942623309554,24.079381057279434,21.808609666523946
1283.png,True,1389,1391,3,uint8,5ee7ac08fa742a4354ccd7ddf899e7ce8a39ec602580d69044ace23564e0b286,0.7857869068003914,100.35461386177141,22.670964485792265,145.59438583178897,88.83473176805927,40.94908238361375,33.65190917726837
1284.png,True,1390,1392,3,uint8,4292d0ebfab92cfca12f170497f26f75687739b6c3b1a59c196db3aac7aa1ea5,0.7860353473581213,119.19224709703771,12.838433756413442,161.591810437049,111.15504347149553,49.32965397856573,17.479551558215345
1285.png,True,1402,1396,3,uint8,ed371ec1d6134c711ad5a70ceef885415990da37f7cf288c070053a63cc71832,0.7803270526960784,154.35538552898277,39.12379122911065,158.50794320741662,162.48324736576052,101.60248136278643,20.998950496063248
1286.png,True,1407,1392,3,uint8,f244c200a68028dfb59a5e67387c85ac4da3b073d8d478cf0b9eb7c34cea7e0b,0.7808416543392505,130.0246085231926,21.0388213353455,188.06141276998827,112.60107353942396,67.48260431981213,32.83054885576891
1287.png,True,1390,1392,3,uint8,69a3b069f7ae9648bc30c02f089e3d4d9b8f583f9e94e405c75a4a83ef3f3b2b,0.7859971257338552,148.30611450968186,35.598815075790924,198.86656908608163,136.29863549274953,77.47728090565157,20.432629316807766
1288.png,True,1391,1392,3,uint8,4fa7132ce7f003f4500139e63b6e23753a9af06e33a8ebf074bbef0aedc9575c,0.7859878540039062,123.49012337290455,22.59347818737373,203.73669446035274,98.61684510924957,41.11076382485125,15.505358000457194
1289.png,True,1387,1391,3,uint8,10f1eb89d5d561a11ad3e4b0015ee5cc7e865c4a917c7f011e7f2558128f238c,0.7859971257338552,87.66937687826417,21.18163334548371,119.37788000505734,77.91900487254549,54.688439132083914,23.054815134640904
129.png,True,1390,1391,3,uint8,51f0c7fe0581295dfa2bd5b5f8962b6894e31d446b0b463ef3474efe9a1f9fa0,0.7866249084472656,117.51917229606855,17.08137914613382,158.95858085728557,111.85866766242016,37.935895135517846,18.948557782450937
1290.png,True,1388,1392,3,uint8,9375683c973d35c1ff4f4f4cf1b44cab198ae43bfc8bdc01f57636f8c1b55069,0.785591976516634,80.58516269655924,25.898066490937403,118.77783940526234,67.42837751050911,48.10936283668068,21.731207421513503
1291.png,True,1389,1392,3,uint8,0084e05e2e3d0ef4c215e83a811d3f0e9b72e75929442e8599385f12a0246a4d,0.7864175636007827,120.62936447762355,17.44021781655034,174.8761324312765,105.85072320074653,54.41176756483534,26.686298514398825
1292.png,True,1390,1393,3,uint8,40e10e9489c3c4364bff91f81d17b6a3b80f3579482cceff8497cebc3cd2e28a,0.7860200587084148,135.90181766902668,12.638420665825922,176.64270987318136,130.17894168676574,58.462907492414224,20.54073608655059
1293.png,True,1390,1392,3,uint8,9de4942e3a3b3cc3e3a288e3c69f5c0a12d9d7a463fb9e191bea2696a7ff1687,0.7865169398238747,137.55730933335926,19.051086939896635,184.79069677030586,128.3222015958946,61.190797850110314,21.556805760744304
1294.png,True,1390,1391,3,uint8,561d62800028e274c89c18016b7b3763df4584637c814aa07e6b8f83275731dc,0.7858924865722656,109.4315517651456,20.16339534809687,149.89529504846686,98.70054898382172,58.49431357606411,18.072043664638073
1295.png,True,1389,1391,3,uint8,e348ce097ba857cfe76782aaf18c8568d83b6a0624c7a3269e003e218fd0661b,0.7861041462818004,102.77457091457188,21.539339200706877,150.94801380852823,88.36731657509603,50.5623620362717,54.70578687400485
1296.png,True,1391,1392,3,uint8,f3d67c763e08a0548044f2517eb7136d6e95bca6138789d3a3ffe7a065a1252b,0.7855262756347656,119.88725773476236,12.395142350335608,196.80755726710728,100.87083396059654,16.09072411264514,17.651449215285844
1297.png,True,1388,1391,3,uint8,8f9f435b716301ab21c5cb9f94362e1bd05a8f640c8cb0df66a3ad46eb7db495,0.7860888576320939,82.6957688679704,13.801520465538657,125.83564128246769,71.56579599933873,26.824676903328697,21.292475000062595
1298.png,True,1389,1392,3,uint8,d72308872ec29341d3c25c75180da8a5e392c8f7a5955a922a7277c6dd9eb228,0.7862799657534246,122.6472029399755,29.888165604079212,146.38261972816892,122.45106360224776,61.37181842929087,20.922098347736554
1299.png,True,1388,1391,3,uint8,1453418e31b43ae3145640c38ad3925ba490c34352a9e4dc1c3dd85637cc7d87,0.7867042257827789,107.15953689263313,16.707460308799302,142.6861296137047,101.04296812371555,45.41200619938103,18.46917519966498
13.png,True,1390,1391,3,uint8,9f4136ee66689c14f772c881559bd2c110526e3c25c4d2a0179c4432767f25c5,0.79034423828125,138.10107440729013,23.248160764269727,189.51959610780756,125.91329446289289,65.97702042628775,48.076576244870665
130.png,True,1392,1392,3,uint8,754f6b55d4051ea451b45284d7ce8cf5f9d94f331ed73dbe1c30d44b6c3735a6,0.7855415344238281,129.59092388005342,17.511669927314998,184.71459026344542,119.16502610173607,38.624290396989196,20.185978126959693
1300.png,True,1389,1393,3,uint8,bb2ae328414d3bd3417302458bea5698ee0a2aad59d1762b114490729717c8f9,0.7863640533268101,119.35866490390691,20.480846677498104,165.93483459545635,107.71305252311191,57.11818915319484,46.63948829163854
1301.png,True,1388,1390,3,uint8,c5617c66a4ab7516325cf9e9782e96e94579830d968a3ae4dbb5fc300b53cd97,0.7867042257827789,108.28150825693422,24.96569036706904,148.82896801682966,97.10871265674571,59.402114397042176,47.41447749891573
1302.png,True,1388,1390,3,uint8,132846c1cef4df26b1ce684ae727b158aed495a627585086ac4a73af2abfd821,0.786761558219178,110.76285694853334,22.276453466028507,150.15297655483332,100.61892616667153,59.670169353193224,42.44311346299237
1303.png,True,1389,1391,3,uint8,cd4de947968f67e08e2404e088d792aa0edf9073c68c1076b26e20e59d988f5a,0.7865475171232876,118.08991865335834,17.66052582232325,162.8563070374078,108.37238198905659,50.70171440234029,30.642028545939944
1304.png,True,1389,1391,3,uint8,440d6539ef93dfa4e10cb1ff2881eb15d028e52ec6282f2b7729d3cd57e9452f,0.7862379219667319,112.47498116234414,25.045912435219943,162.89904960987823,93.85866167570065,75.99234826572032,16.350131133679415
1305.png,True,1388,1392,3,uint8,d781e447eb6354bb795c49689e455aeea352b9bf229705dbf0df06fcca555121,0.7858709943737769,104.0333253894528,22.6187101023171,167.3654557923048,82.13868069977481,50.6221079816545,35.49237149497853
1306.png,True,1388,1391,3,uint8,b0ccbda512dc874ba3f18b1dc71ea87019d6900ac1bfc90774134b62f5c5d9d9,0.7864901846868885,104.96550534331854,23.522756535319882,170.76593397514714,81.49202268541242,53.23999494583785,37.706060937441485
1307.png,True,1387,1390,3,uint8,8753f17f892b76c4a39b4f2207e518ec26ae72d07ce31eada8a8376e48689217,0.7866392490215264,87.91433360866819,24.082279095718327,113.4245129002478,79.60245857830037,63.790797337349986,61.793771209449005
1308.png,True,1390,1393,3,uint8,5bb588c5887ab38529befa10d2d17fd67b995b911dea894d7301649eed6579fd,0.7849689640410958,111.00145588758016,19.691452223480344,167.80536876804643,98.41673442955013,26.76179439361552,26.98923001917981
1309.png,True,1390,1392,3,uint8,20d36ed660785e4709e9f30a0ff84b632eae2bed692e8d8b6066f94c33058962,0.7857792624755382,111.59937738648247,18.081899747442723,174.75511345672106,96.00420264124328,26.188535155774982,15.78864741248733
131.png,True,1391,1392,3,uint8,8ff6ff9060b47d16734b64c31081244a07a73f2f56e4bfadad97fbe52ffd387e,0.7862167358398438,123.12412785902126,14.089733289247416,177.11128470369042,112.81246179076379,34.549164976565,19.71433586114611
1310.png,True,1389,1391,3,uint8,b31eb56623f0bf9066f7c0df72c243234f7b03ce2d60b03ea1f30452ccde7870,0.7860277030332681,95.53027960126428,17.661900455144806,149.46853391684903,81.73193775832725,25.031893994651107,31.30313797507675
1311.png,True,1389,1391,3,uint8,537bf905bc310362eab1c73109388e3b34ea3dd15a91a77a978fdb46af83eb3d,0.7861882338551859,110.60696089298563,16.95449619251672,150.82565680726523,97.33208875405947,73.4312418567567,47.6387677917507
1312.png,True,1387,1390,3,uint8,ac33f721a82025f9b868e60d17ffec5f33adfb199600248af59b2cb5cdb7201b,0.7862799657534246,85.64570086915943,21.622183103774127,122.26967761379767,73.86505668008323,50.22130023916468,40.37353867044653
1313.png,True,1389,1391,3,uint8,4358961eb288fdc8a1ed43424b70890115b3a20104cf9eb54b6bc0e6e36c1827,0.7860506360078278,95.34639397829385,19.41719499110689,127.41467790874081,89.46837437273895,41.5010746100284,28.747960406910035
1314.png,True,1393,1392,3,uint8,b2f440f9aae1ecb3f9ca9557f8259eeb14f19d48beb4e15e8e784a8a814f0387,0.7842369079589844,124.52834621539719,20.855561592973505,202.75999961086276,102.82726198177865,31.09685139335451,30.490669315055744
1315.png,True,1390,1392,3,uint8,3e4137d7bf04f6e6c94ff2d122edb8f8948adc9bc1a396b1d87a7b6590a3be24,0.7853817575831703,115.48895518320428,21.71276353550787,191.03831011139715,93.77868513390533,29.138655155464495,27.98587517377164
1316.png,True,1390,1391,3,uint8,e808cf9e8c446d014a2a94844a65642048781079a0d2f935067dedd3286488d4,0.7858161926269531,113.96729564022777,24.15036979272365,178.79818152691544,92.42080709913252,54.82804603950543,33.83199486406976
1317.png,True,1389,1392,3,uint8,533fbae53a1d4e54014057702eef6954b792ffa914ccedf1b90eec578e145bcc,0.785771618150685,110.37825598420103,16.71975389750049,156.9729792833065,98.69916286852512,48.30456312049148,16.88606088580946
1318.png,True,1390,1392,3,uint8,bb671fc244053257c836070e332a206038bfeec03dffa6296b10a34de427915c,0.7851142062133072,112.37451743090682,18.23538116839413,158.75895643368662,97.02438038858678,69.68821046584652,17.21629311683626
1319.png,True,1388,1390,3,uint8,12a787dacd4dcf572c728dbc5b2c8c6be00f941f2df59e05bf83319d6a7ab0a4,0.7866277825342466,84.47368165319935,24.554684085523242,115.39622558999451,74.25553066708129,55.968655099194876,48.37954597634764
132.png,True,1391,1392,3,uint8,ff092a0d106e5eaee5e90e600c1740480647a48aafa95aed487be17aa6ce133e,0.7859306335449219,131.5255767447956,14.371705149423155,180.82175637173768,122.80471976973892,47.09565736529678,23.205659521667894
1320.png,True,1388,1390,3,uint8,6b9ada97bbe79223bfd05b065ac5f9fc79fc1fdb5c83ef67dc05374d128f3acb,0.7861117906066536,76.59841884165078,10.764893816584237,137.36507643237778,57.55813625578591,15.243484771869774,15.436641713242764
1321.png,True,1388,1392,3,uint8,3164907790601ca45b4558c7b9419bb53e94e0c42d0b283c870be9e53672f15a,0.7857257522015656,94.5663104231628,19.113718606561143,149.56463217088015,79.31853228325006,28.742483132348433,16.39861119928881
1322.png,True,1390,1391,3,uint8,fd475779d3f600683321a239c4aa35b45a6a84d878d3054507d6124b2e8f0df8,0.7852706909179688,94.05826945310754,13.059109261089874,157.79216337792803,77.02515374974496,14.532178145676061,20.939295633037165
1323.png,True,1390,1392,3,uint8,2c735d73e804046b20961de2f00495d60575770e8bfc2c016fbf57e170d4f8e6,0.785691352739726,101.95233554839902,16.381372027662387,167.27127581946078,85.37250561874276,15.950769111022465,23.953566072504387
1324.png,True,1390,1391,3,uint8,19a6e2daa386dd60188801de7c53e0b0e793ef281aaed7e66adb02878f479e6d,0.7857208251953125,97.10162060862642,15.896950605814071,148.7409210960713,83.42612588118773,32.00171382518012,15.993039259587478
1325.png,True,1390,1391,3,uint8,10f095367a9cf1019fdba82d8ef68bcc3c6f552a3c15daab5b4632d633e258ef,0.7852287292480469,91.8684531414719,12.536416151791263,147.12771384015974,77.4536758597572,21.132814815174672,16.50332198026276
1326.png,True,1388,1389,3,uint8,1a16b0ec1f9ee9701fd901acf96ff533dca343d008e65099410d89f53c74c088,0.7872200012207031,96.4027863252005,21.890445234307442,134.98224505124415,87.13467399995154,42.90726625154459,48.823631800396775
1327.png,True,1389,1392,3,uint8,0b5161793ba74d33834e6f290b21a800bc793b6cd641cf25af04e8159164e503,0.7868265349804305,111.23658426398651,15.417812419138968,144.73882123200832,104.02058690657198,60.4743635206622,20.71571189742663
1328.png,True,1389,1391,3,uint8,b13ef5641a245160e4444351059113c8524701a03cbf6d8c4f0ebeaf5e0e3dc0,0.786960310665362,92.76288284262776,28.9694483335508,132.7662777934277,82.49339951625593,40.700365236480906,20.68373920500274
1329.png,True,1388,1390,3,uint8,e4642784bcd0dc5b7fc3203bb4ae5292c17c9eab9df3793408c5c3db699880b8,0.786673648483366,89.55462323692176,21.7253687262706,128.24149859828296,78.54125226533993,44.7605566055612,35.409983164272994
133.png,True,1390,1392,3,uint8,74c16bb36db77266fc3e98ce174edacf4c9d13a070df1ab2575663c328d52525,0.7863602311643836,139.27146308150697,19.061781545974387,183.26419166217065,133.98551062764597,51.064334563058665,25.663379215318077
1330.png,True,1389,1390,3,uint8,6dad3fb303b2225718cd05340b095857b63d14c025b8917d6537276e5657b352,0.7866249084472656,92.07097168406811,12.3421504545752,135.30758114340304,82.54867634293363,27.643778884529773,18.343944756334697
1331.png,True,1388,1392,3,uint8,01c67e0bf95440a33e50537d1edc3b0dc2ca26b92ef390296407e58dcd99e174,0.7871705295988258,125.63433665616245,16.841373558863594,140.7775760018257,123.65371038460978,96.12114164186279,18.76074074742812
1332.png,True,1389,1390,3,uint8,a697f4b840c97cd47d01eed01366735f08d084ce6ba03a2e47f7e8cea7e3800e,0.7857856750488281,80.17686381311623,13.582683843323943,128.46672395127896,67.27221841943016,19.929268067712353,21.686483866860392
1333.png,True,1389,1391,3,uint8,222e12f4da63e82a07c984962faec4fee6bac99a9913a038b14af5b96332a214,0.7853588246086106,85.50229954982358,14.698394028687986,132.00197104270592,73.8169315001825,23.646399805329114,22.42907792323717
1334.png,True,1389,1392,3,uint8,d78d4610aae1839beb3bba8ba35d157fa2e0163e5c82f05a1a3dab7248a2ee6c,0.7860773911448141,106.37750105755532,21.682976255453095,162.52995434278407,87.09486879020534,58.31689219742977,56.780559527635305
1335.png,True,1390,1391,3,uint8,95dd8a6b366efb8bea7117930238029270cc9ac8c674cf54ecbbb7aed2395a02,0.7866401672363281,121.20607333194319,11.068638953900802,174.7504328049153,110.53703209787938,35.63849029886573,16.90243572247398
1336.png,True,1391,1391,3,uint8,3bd1d87068c3467a83f539ae4b1f6d99f783a0f5dbffa64fdc523621a77c997f,0.7862586975097656,120.59912766298099,17.318325703476535,177.93000926676143,107.51121472202142,37.57405889002634,16.762085108597397
1337.png,True,1389,1392,3,uint8,42ecc9206eb6e47c3f37c5283cbdad34c7891c7c74e8eb1b49ef19f09a21cbea,0.785790728962818,96.53441348716851,19.37930976496953,144.23893904313482,85.84408136661673,26.41937759013172,34.234224563262856
1338.png,True,1388,1390,3,uint8,d6388376242a9910d58747ee6f0821f471530db731057c96337b809095b20894,0.7869373776908023,88.36050182623562,22.22431893660868,121.60190491917936,77.21246502953062,58.55410223033883,45.72075532960999
1339.png,True,1390,1391,3,uint8,36c2df4df7fe9554df147a5655a0bb9570e1d6b21b4af6cb5b0fc37321513ff6,0.7860984802246094,111.66219409815064,16.820306316481524,168.82689946668867,94.52547908245216,49.90314988523373,29.668606754188517
134.png,True,1390,1392,3,uint8,f732ea50904aa135dbc1440306c413879684b0fe03738bcb8c952a6849727778,0.786157656555773,117.84623500126408,14.768904614931534,180.81692304700414,102.49751074463741,31.638751677330273,18.240192917634193
1340.png,True,1388,1390,3,uint8,6151f842ba2a7379835c9d4cb2abe97498c36f5c2e4855bca86c748b96948818,0.787376926369863,93.18304587797265,13.419829088698526,141.99285447299312,80.76767328631136,29.02620350189075,18.817264505757894
1341.png,True,1392,1391,3,uint8,22b817610f216024b0f79661793d05cd75d3d409558dcff8ccbf01033d48f561,0.7850074768066406,108.65555798527589,17.614142055949014,172.14859197706343,90.74355759652065,34.31715139587433,32.414607554231054
1342.png,True,1390,1392,3,uint8,cec8d72db18e48d11ee559a4b05e92830672424dbf30f2127a7d467b47d5025d,0.7861309014187867,121.14654044934534,19.55081267922524,176.43282428273457,104.11034291632025,63.81087335968533,62.25617380316685
1343.png,True,1390,1391,3,uint8,1ab99f383b2a1e3916ebacac80dcede0321b65e0f1b1d9189cf6b874719f0e0a,0.7860336303710938,115.85333941588128,22.861451957423434,169.39536238073515,98.35715394993545,65.4462325409844,50.0468189487289
1344.png,True,1389,1393,3,uint8,7663d20bf6a0aafac1d673910df7fe7e01938aa65c395cd952818f27fad55fcf,0.7863946306262231,133.82203785249774,22.87899456422705,167.06723338485318,127.14577683162734,80.98391220242435,30.84888573130764
1345.png,True,1390,1391,3,uint8,0c4bf23608402e339dbafa7ee278c140465cd431cd2c6822ee9c0ae39aa391e3,0.7858619689941406,83.37151774922455,34.31632286093865,107.52846720288919,78.57630491871714,44.65752952540908,20.795251327815336
1346.png,True,1390,1391,3,uint8,378d264f15470f6924953410d946443f4f6dab75d9a88ab0edb2b8412573fb4a,0.7862472534179688,114.43101256610548,11.66593793244934,158.6053126971035,105.66369414390374,43.676386395613996,16.15508697823411
1347.png,True,1389,1391,3,uint8,111a130a0883f771e2855efd645a3e837cfc1a476de005898f49a65619469892,0.7859092159980431,96.61386350483176,19.960452990674398,162.52260248323356,79.8704010816121,9.904196596618016,18.26470245111885
1348.png,True,1388,1392,3,uint8,c9d3c97080ceaf5a6a0d135d33c7eee2c934aa75f612c39aca9eac8261c471ee,0.7861194349315068,96.30164726703424,16.233578255961753,148.66464891041161,83.22398553049972,26.245932884078687,20.413671580782417
1349.png,True,1389,1391,3,uint8,4ff983b32fcd6c7910befd98ba7d5532ff714b6b491e821bfb18cd5f50eb5dd8,0.7869373776908023,121.41195698632266,13.5542366796625,160.8676804864781,121.45910397886229,17.638215923220393,21.89477600121884
135.png,True,1391,1391,3,uint8,9efd8f87efdfb6144c64c6588219a893dd6bd0cebb79e465312661f4ca19c340,0.7861595153808594,117.84208610926453,17.61909588769661,182.7624595437849,101.83124117484364,29.976204224429488,16.326661989601625
1350.png,True,1389,1392,3,uint8,334a9d17437f770015fae68cceafb59d477667ce32a19307babafe1147e53ebe,0.7870329317514677,142.50393127194494,40.39836543227418,158.9384303079456,138.38964028497472,120.55591924744917,33.14186910254897
1351.png,True,1389,1392,3,uint8,a986b6d36f0f2999536c83340be363b3f2812959c483c1403cd43e5570e9b3c7,0.7875030577299413,162.22699431167368,19.411415892574656,170.50102409287697,161.10602516065154,146.30120464384865,25.162465227363874
1352.png,True,1390,1392,3,uint8,e84953f4724c7cc3228e68070937ab750861d396bb937745045c1e8eece1ec4a,0.7878470523483366,182.825271921058,18.983664563564155,185.3508582129377,183.72568720103237,171.55146366785365,21.06572200460154
1353.png,True,1408,1404,3,uint8,3eb583a92b051344bbfc79a59ddddf53b6dc4508a9af84939fa45ecdf3b503d0,0.7864290300880626,146.69156035090276,47.38962504498174,138.91424266724988,150.1955481033268,149.07421447838448,44.1379260159202
1354.png,True,1387,1390,3,uint8,4aac81ab5d60f1c566d6841140cab6dbb6f76abb546d6104154836ab71759cb0,0.7531494618395304,99.66283849620397,48.447715514890604,107.44510982095733,98.34739758840486,85.98314623847996,18.823611647924867
1355.png,True,1388,1390,3,uint8,a82aa0a372117f74e46c76ab71d0d33da651bd88688e38ca406ac23e13ce00c1,0.7868265349804305,93.18898372186788,31.35672340810174,105.37141441472076,91.44826313156092,70.23202774714731,19.243764632220085
1356.png,True,1392,1392,3,uint8,45eb87dcd8e1d84bb3480fa8ff7acc1a2ee9fdf8ae81aa5397b28d934d3a410c,0.7845077514648438,111.86549252628201,16.726417208673723,185.04129751913408,92.55914788917308,19.33391035428438,21.04039282960984
1357.png,True,1389,1392,3,uint8,33f43ea5509692711732725f5d87e42f7dde1c0427d7fedae86ede74d9d94e6b,0.786425207925636,116.34362879944011,14.113922979791724,174.00451024038415,103.14826929245604,32.992248024339744,21.713501797752667
1358.png,True,1390,1391,3,uint8,d628ffcafb5edf7336d2ba18c748bd856af705db0f5286d02e296a29d7661795,0.7860031127929688,93.85755122642517,12.818098933928171,119.72327538510818,91.83419721809693,36.38435106723741,16.95171827776662
1359.png,True,1389,1391,3,uint8,3e54e386091910889258a4a98ca7bf72eb184e7c3d4a86c549f9e87faa7b7c6e,0.7869870658023483,141.46128479220596,13.744988526797835,181.4820569108455,137.1474495024308,58.67764119649735,23.041823982235947
136.png,True,1390,1390,3,uint8,f7af6de9f7d365fb7e3a095ccc049220860904e99ce480991cea6b6b14192ec8,0.7861709594726562,101.59678781115046,20.167175282375606,134.96953272841964,95.44528604007958,45.684171963705175,23.593930674252306
1360.png,True,1389,1391,3,uint8,ca8ba69cabec1e553e3602c107a9036a8e0ac0d57560bf2a6d60298475b32cb8,0.7862455662915852,111.1230633862727,21.666599504236824,163.7863514610587,98.20861224946161,39.47127224644762,19.01692691822003
1361.png,True,1391,1393,3,uint8,1176f065e24428ee1e0dbc82e6f051e9b70e179a4d0b6a5dbc0eec738a5d8847,0.7855269997553816,110.7765072815652,14.282795627184761,170.41776672716392,97.30591332188264,23.638393530525157,17.450487512073355
1362.png,True,1390,1391,3,uint8,0013681b81ad72fc1c5b1d550ef8dd0dd3af3a5d7b7b51b6aa27bc07ac793408,0.7869071960449219,107.78391336174091,13.217089418771739,170.05251523392621,93.18887644643523,19.501786380845733,17.177233822198332
1363.png,True,1389,1391,3,uint8,d8d35f7a20c9d41e4f08a16d41060f24638051754d78a34a4e4fa7f7aca219d1,0.7871858182485323,103.78087719042695,20.745162871746285,140.4207416255165,96.25764130651169,46.399139609522564,20.548082884320536
1364.png,True,1390,1393,3,uint8,04533c5271fe66248e415d49ee435ff6228471c17d4353d0b44ba163bcbd043f,0.7853511802837574,114.70075873715768,17.29533463441456,168.15769955176592,100.9494191450945,45.282859548456486,39.8997050315984
1365.png,True,1389,1391,3,uint8,c7a7749b7502add34829e717b56b4c1aa98002646a9d2c853bde4c4333d11e55,0.7861423679060665,119.68032866588877,18.28198480861171,170.53485997666277,102.97535005834305,72.24343154414625,37.42011844660038
1366.png,True,1391,1392,3,uint8,f30330d5ae30c25c893f514b047876878d82cbc0ce9437c7dbf72b236709a973,0.7862892150878906,140.69142882093527,11.910654738967745,175.78351065636204,134.36272383696954,81.22140878416076,23.4923131471176
1367.png,True,1390,1391,3,uint8,fff9d948bb0b8bc10d6eaed0480f641bc6343c009568b4a4c95a275d56bae52c,0.7873420715332031,139.40471518481374,13.8749207120188,176.40066473834406,131.28992184963928,84.12011802497129,20.383993833273248
1368.png,True,1389,1391,3,uint8,138fe0576cb315e19004380bd1435e35a5e6b184486f5e5779ab521ed1a237b0,0.7861882338551859,101.78972444237014,19.8251140114029,142.3913812885285,95.45988662660677,27.837981059059175,26.698149782905624
1369.png,True,1390,1391,3,uint8,358fcd2af994f24331518d3144e53d51c1e3db51e394ad4dbf41cf41ddbdec1a,0.7856521606445312,103.13874942948425,22.006898858932747,165.09465705934335,83.37878846732765,42.339022305951815,43.350296220832455
137.png,True,1393,1391,3,uint8,a1b9a027fee529100070ffb3892018df2f7611a81d6bb4b2a78eb4421fa9cc66,0.783986668297456,98.90122662298407,17.070009096966366,131.67664151016984,93.3271758419626,41.608709218198484,20.617159139059346
1370.png,True,1389,1391,3,uint8,90dc285a5d3b3e0d1bd85c42af0d5d066dfd5d8604f8e2b61702af9ab8f10e81,0.7864787181996086,106.96108238404416,26.424504420442073,166.22159422261964,88.33008047898605,47.4152151938105,50.36882579833612
1371.png,True,1391,1393,3,uint8,e906ef44cdf7c1769a6ad09f71c5d97acdcb543cf451ae36fbea819ba59304f6,0.7853970462328768,113.42604083023092,18.53966367441341,178.42108183079057,97.99347884273791,22.340603937027034,45.99196255050684
1372.png,True,1391,1393,3,uint8,0d88410a5f930e66f00ece74c96c17e7b9169cb92ce5098e7f273bb6b92a8502,0.7852747370352251,117.38907682048936,18.914258525233716,184.70285174711492,100.18229473407543,29.426710731894886,31.305624380871283
1373.png,True,1389,1391,3,uint8,ce73a012868bdcc5c72d725a3ccbbb5ac3e95b4ae059fcae2b82ced92e70c0f6,0.7865322284735812,103.97421543186479,17.15115248611006,157.38146193544625,92.23814522164233,24.264449757510373,18.12898179279337
1374.png,True,1390,1392,3,uint8,ebaad6ebbb5e5ccdeb070ebc645287fc6530df2bfe582d04f4e3e696f4da2653,0.7865589836105675,122.9718886820967,13.26642047834924,185.29529761065947,106.12620694011828,46.20600226445534,22.204771208933966
1375.png,True,1390,1392,3,uint8,f2b1142338e91f49afcc3683cb3bbf7168d2facff9e3c074135995f64dc65562,0.7860353473581213,110.4308443389804,16.412591562236404,165.15562698150273,97.87779355415945,31.455575438118764,21.750912093368147
1376.png,True,1391,1393,3,uint8,26118269215867b0a506272f5f992111a9f3d942a3d7511c317c0a855b69b6ac,0.7852021159491194,102.11122793695299,14.644718589175843,161.56462416153119,86.29803245811307,27.51190650038455,15.663053507794515
1377.png,True,1390,1391,3,uint8,8bf07367cd5ac4bef91f15eff8bac5670584a2caadb0e52fac51143306a01f64,0.7859306335449219,117.37142219223693,19.27636815231982,164.59967382915832,102.3949191125435,70.55629601945375,31.158146139263753
1378.png,True,1391,1391,3,uint8,050c19af51f8a7facd7d971a2c63c89e64786f9db910a9adc6d3d0751e29beab,0.7845726013183594,96.9292364990689,19.91366906806424,144.62716668854628,81.08614243135882,53.33240466570396,33.54778274499447
1379.png,True,1389,1392,3,uint8,3d0550fbe3899622084404a6cf0d65c0e6f2465541c6467302cb8b87c2af1863,0.7858174840998043,90.1425618327294,13.693518425241805,138.30267273036796,77.96885138257254,26.43845910649578,25.69287670340586
138.png,True,1391,1392,3,uint8,5862f02c1222112e1f5bd5bf4ac4fab107a72f551c3cdd94c002ae33fd6ce8ea,0.7853279113769531,129.37740990629965,21.173185686911292,167.84146228912562,118.42705798347492,84.83538075183733,34.839110546340514
1380.png,True,1388,1391,3,uint8,050ee4ec68a65a14f0d94f4d8036632b1008a01be0d448dab721405b21999a8a,0.7864557852250489,95.30939629280431,15.03326166005415,145.4408296964454,82.34599197130666,30.53424344631176,28.402913054287122
1381.png,True,1391,1393,3,uint8,9706fea38e94633b6b8e54e338b75839c870e3e4c6efb8cbd43774b991d4bbf9,0.7851027397260274,114.51127025237577,21.64255683473798,179.7438415251597,93.01434218725659,54.086982980214984,31.660985810038447
1382.png,True,1390,1392,3,uint8,50392dd24b9199c622f3e16baf8097cf65fc3f45df0e3376c4b9fd08e6c45e17,0.7862837879158513,115.27289917702475,17.488897762264205,177.76998984041182,95.49337196245327,53.15198549463584,45.537318812980324
1383.png,True,1390,1392,3,uint8,e3ddfa0eaaddd5b8ae5eed7c9f9ff820ee7c23a90e0925ae3fc597f64e60d4fa,0.7865666279354208,116.4514677512622,16.00881189146568,166.18059584724307,109.23342614594418,23.139797172859843,22.324208463856984
1384.png,True,1390,1391,3,uint8,b119f2343a5f9a449382f9c9870ddd668945d939ea08fced1b6a1d10cc695839,0.7864303588867188,114.12972089368348,15.060118094041357,168.34057373470833,105.04486364826977,18.64162923582883,15.77236442876547
1385.png,True,1389,1391,3,uint8,f12c0e9a44e1f9fcb5b67ea3d57d5f3a4ab4e8631bacfa2433b51122916b9333,0.7875642123287672,134.64799662221188,14.91263355358965,176.05039019276688,128.322248752742,58.60499776755382,19.938171837141756
1386.png,True,1401,1409,3,uint8,c1bc3f86de7bfcb6a5f45e18a92335aed11041278b1ab8a14af8428bb7c57981,0.7893848231827112,139.6771631343574,37.686092484534576,179.69581469959166,130.81490375267353,80.30924557651177,47.54178007012457
1387.png,True,1390,1393,3,uint8,5ab902494a1b01802009af235244bf5297fbbe5bee65430fdb2d6e6de7775b9f,0.7853626467710372,99.23506394907434,32.349308056907354,149.26760302906422,87.41396075454068,28.805631801280928,27.240601622191935
1388.png,True,1389,1391,3,uint8,4e24455f3fbde8c734ff2c4cbc6fa45635938288a935231926e3799579c4db07,0.7864213857632094,115.07930382546063,25.76783767311528,167.0982828925945,97.38458248482404,69.71367124659179,62.400838870175285
1389.png,True,1390,1392,3,uint8,4aca19688f63a8b3a6feede3091c37c9ecae08946e05cd41d2a64927fc107325,0.7861614787181996,119.72868220823104,17.338225106109938,179.87131779176897,103.73345163721224,44.31908987043295,18.221640927745796
139.png,True,1391,1391,3,uint8,157924a4f032f73c229b97ec0c2a3bee40ea7b63cd0bfb733cd2aac7f98195c8,0.7861137390136719,123.69466941647458,15.833640370659502,154.58912531845203,119.90649035545312,62.13446560718185,18.536316564490402
1390.png,True,1392,1392,3,uint8,e8e910e2db419d5e971b83b3f961bace6c94cbbcd338eeacb1198b93ef1bbdc5,0.7855567932128906,124.59845869207348,11.087300496838598,153.46562164629557,122.20962079163206,61.17223897556925,13.021483937863062
1391.png,True,1389,1391,3,uint8,9331bba72e050bfb10a9c7606333ad1953d6ffb31f4911f7df2a0576157e0f12,0.7873922150195695,124.96294300679104,14.744787007996974,161.26685015557723,120.75200357269414,51.3677059517395,21.78247817020038
1392.png,True,1389,1391,3,uint8,6dd971d77c15c533b735ee81208c77bff47745d1daa8944005031caf66f13d3f,0.7868532901174168,105.85134504969251,22.34793330609379,144.52689613632168,93.74937095003546,66.68211360788085,49.64626595848812
1393.png,True,1390,1393,3,uint8,48d630ee38b9a9f652ce19145a940788dc056d2e0efc45221d0124654ee589b2,0.7859818370841487,94.22568299633336,16.98725371029629,152.88587226096345,79.06971474143884,18.36121242182865,23.49784862481265
1394.png,True,1389,1391,3,uint8,bb8c9bb3a02cb5f10980d0ec78d38440e04ad128fde943abde2b142f02a3b5e5,0.7863640533268101,89.62809495572039,16.980341527595005,146.92022377975871,74.78962564037757,15.686659732280862,23.780739980790415
1395.png,True,1388,1391,3,uint8,a7aebed6f549e5675573a5c814923141529ae0867a33cb5137a94876e566e0c5,0.7869029782289628,97.49828297203698,17.501866932303855,146.35023970390375,85.83411615560597,29.36218361270455,30.301137754892494
1396.png,True,1390,1392,3,uint8,fc9406a7dbaaeca87b13a6ac37cc41ca120339b6850e22720cdeb0206969348e,0.7857104635518591,98.5335243497254,19.312532580422566,146.74969717902192,86.94473821187253,31.641177815505408,29.28897786953637
1397.png,True,1391,1393,3,uint8,13d851788d31f0347e312e6a7a6021ae6b805f00046902ce9d17a5927230e508,0.7857219300391389,112.75315464318723,24.248702888307303,193.07392129201733,89.72370968526536,20.662411830520018,20.173037416597023
1398.png,True,1392,1393,3,uint8,56900db95584649fd3ba95af9d812f9835037df6965d3cbaf10db577b6b0f9db,0.7851753234863281,112.6625548392112,13.48153501032985,189.86245378445213,91.81816945134068,17.54871762482449,20.486123127848778
1399.png,True,1391,1392,3,uint8,84eb31f7bac79c55d02c23c3d462429b52abd548f401f118676ef49e1fbd3c5e,0.7858161926269531,124.36794710602581,20.29173445296808,192.38864158215895,104.31916969664607,49.160211071035015,35.296570376305716
14.png,True,1390,1391,3,uint8,ddb943a4c3c7e44b3bde7cc0a6e3624d8864bc1beb355502e7f5d7397dbab75b,0.7874069213867188,128.299558169504,15.942914447110303,175.4130630674276,115.96670283992366,68.20109585590124,41.634495473175356
140.png,True,1389,1391,3,uint8,eaf47b1bbad0a9c98cff76b3acd6b23ca13e79a1c725b35865126097daa4e59c,0.7869908879647749,122.83041932569863,14.246254049550185,148.4941816980894,122.67896863556449,56.23931773367913,19.375805672883512
1400.png,True,1391,1394,3,uint8,06f47e63a8c9e55ad6acd6b6cd9ff98542a8490c25b295e647c92f5822cd9359,0.7860621024951077,133.35649302972396,23.15298887390627,200.9526594994627,114.40774291424154,53.60300302928634,38.73305322737619
1401.png,True,1390,1393,3,uint8,1a0595b08dc53b40dcaa6a1a05c5e5a93adce2c4d2f967cfce1714443a3c67c7,0.7852938478473581,99.79244419784092,19.309380091515138,148.29892240749933,86.70978983539214,39.86387485520155,21.11009977052775
1402.png,True,1389,1392,3,uint8,0a5d19fe4742a9c3af5bc7d757c345738ee788138d750ca77899e84f205d0da9,0.7857677959882583,89.1823311379401,18.520545129093534,140.72305941181622,74.26490646068235,30.736484711696548,20.59533875973912
1403.png,True,1387,1391,3,uint8,7c83e575d7cec353c1d656b7acd977719b9b1a20b2cee1a5b0eeb4f369cd7c72,0.7864290300880626,87.09075356613448,22.342145006834084,117.07094845811767,79.22690092585843,48.917372603338926,21.790844452939226
1404.png,True,1390,1392,3,uint8,bde6755c600a13aac3a04f9477313754420eb6b0c65aad56fb23bd167334f9cf,0.7858174840998043,104.42741798195482,17.680597955911455,162.58206182056958,89.47513315012525,28.785130961356064,36.5922310507749
1405.png,True,1389,1391,3,uint8,b735a8e9183c3cf51cbda66564582dc3586a4ed155d3edf160a81ab6955141d8,0.7863564090019569,107.30311175487032,24.380195552504443,154.7795864603181,94.74768149473111,47.39186141462846,33.91593029819645
1406.png,True,1391,1392,3,uint8,d6431c551baa0f6f84ec19e5fdc2f0dbe826a853f46545464bb81f4b9c4cba3d,0.7862358093261719,133.03755330968866,16.545219398547918,165.66755132043065,128.57483248992028,70.40560485573027,24.516453139558465
1407.png,True,1390,1391,3,uint8,0a9363e1887955fff860ca974eb88a29dbbedc1b48fe755e43525dd4efb6a72b,0.7867507934570312,114.12380601429389,20.80540531821125,156.26255078984883,103.46153547773974,58.475310557500414,31.30193768913371
1408.png,True,1390,1393,3,uint8,58b906f357939b92871177a05bca95c9cc00b10cc72e656b6b75bd1b84582a4e,0.7852250489236791,110.23310455607476,21.302693264990257,166.95753991433023,93.7991140965732,46.0079390576324,34.39462421702314
1409.png,True,1390,1391,3,uint8,e0d496179fa2a8a108057aabb35760d2ab267a117162ddee5201bfe0079edaa6,0.7859840393066406,115.22794492358317,20.989336369850697,163.89675355875772,103.47652166316412,48.05006285156838,27.583866181634495
141.png,True,1390,1391,3,uint8,13bebfec007ed6c960efaac3daa81c68c2d66db3922722eb21810db18348d5c8,0.7854156494140625,101.34340333767217,23.259397512447133,141.05827326948108,87.94479630097332,66.1235162123832,38.84900487543178
1410.png,True,1388,1391,3,uint8,441e58b0466ffa260d2a522d6bc390499690017c1b0fb414f7b0508aad946e80,0.7858442392367906,85.54342370210406,23.1652324390508,113.9847131837239,75.77653427495841,61.22473516794584,55.28968736531766
1411.png,True,1387,1391,3,uint8,fbc42883892d574361d9f7ddd2a008e78ed3107b014fb3044ea6a7d0a66df1a2,0.786107968444227,86.39170325422641,25.455815243328036,112.98853994972553,77.94756674494703,60.09700443912851,61.03233536849541
1412.png,True,1389,1391,3,uint8,f4b309865983048bcff622664e500cd8a6e49f02c9d41a364f132411d0159a55,0.7869794214774951,113.71329632489716,18.87702125019063,150.97003870829872,108.99663427214314,40.2264411191895,23.58981965227578
1413.png,True,1389,1390,3,uint8,a55abe836149117ed2e1fc2a5a0b943a35fb06382163e2cae2f86a1d6bc079a1,0.7866592407226562,102.00011638169316,25.359862911579324,146.14404174223395,88.15870583557206,57.40784024672919,17.946581847302575
1414.png,True,1390,1392,3,uint8,2de1cf859720be45b645d6dcc72ef0f5248960c06fa5788d9f2cd0d9f2069e96,0.7860429916829745,105.77831211646746,20.540457712632477,158.49433514543844,91.07845215750727,43.148049636768555,37.80509605765364
1415.png,True,1390,1391,3,uint8,4b1f812bf3545c2df90b525f820a9a1c61ec90ef373f6f489c5f0cff99071dda,0.7859954833984375,104.58657859486323,18.16234986006792,155.89607559550387,90.07660014365864,44.67368134961465,28.38894399299378
1416.png,True,1389,1391,3,uint8,0cf3b2a91d3c64ff600c84ff635aa62037b977d7b98bec8b48c7aa9f972d2790,0.7861041462818004,98.2971750863033,19.19148526608,141.19184129916857,85.07459522536101,53.84109495794233,29.14376701143364
1417.png,True,1390,1392,3,uint8,ed4b762c83ef4939ae29cd158641269c7c96b5913c91f667d9c79eaef44061c3,0.7865513392857143,116.41370446140913,22.61908099181947,155.126417120615,106.01086074436189,68.4177328985796,23.73883759112994
1418.png,True,1393,1393,3,uint8,b7d1bf29680e53a6a76e2963e672c5d63b3398abe9166f678d1f69e1b3d4ff66,0.7843513488769531,121.75872148161838,15.319016092866534,186.6360103689942,104.32732366144164,41.30895906387242,23.430144486356756
1419.png,True,1391,1391,3,uint8,97fafe26e27239a8adca492ba87c44f80a608f3a9a88aa3b701ac14223ee7bfe,0.7856521606445312,108.05635724482165,19.442715178489063,153.26729269642735,95.9247550423881,51.89845790807656,32.538358799430085
142.png,True,1389,1391,3,uint8,fadfe06ab05ee44bcddd9aac3385487449ac53d0021bc40ca9862a98482282c0,0.7865475171232876,109.29082639246596,21.38577308124369,147.42079150185143,96.49887747465814,75.13040731633834,50.36734499703051
1420.png,True,1390,1391,3,uint8,6d3af50dae6de8043569bf397a0f90b88e4a6c2181ad6b606a0c90e7af44485e,0.7865486145019531,111.45475267836791,15.938593904817404,166.94137417611998,99.29603907094946,28.50090450993991,28.80407778504632
1421.png,True,1392,1391,3,uint8,45cb6897538e1f374e6960cff79110631a5af4d2b8095ebfda04d559c37e1300,0.7857780456542969,143.04464844868852,25.1893000938705,207.10798254258765,122.64346779165676,80.04136183351376,25.827431394110906
1422.png,True,1389,1391,3,uint8,a0a9bc8bb9e79af2836551e7df112399e8898dde879f822b14807edae94e70f1,0.7873157717710372,118.6420453717953,19.113381647815217,160.26839557836175,108.43307101904489,62.006578085024785,35.17826789228109
1423.png,True,1389,1391,3,uint8,f49dc3a7b1441482e3aface634dafcbd7d52775f952452796fa3753479d48754,0.786941199853229,108.65235150979412,25.680092041462228,148.90546848058906,97.99068915775005,57.931914769608866,28.08480929147244
1424.png,True,1389,1391,3,uint8,18cb745490208e262f9d8d7fc15b8284ad2d737f6bbc2ca86553eafcb773809e,0.787277550146771,137.8200867087102,28.388266953499198,176.57018987556864,127.13263131320487,91.17881608140715,40.2346486246177
1425.png,True,1388,1390,3,uint8,b618c55944d937b86d2c27e6d7bd3a4228b6aeadeab60259379d76cb3a4f7b27,0.7875947896281801,123.6759827234786,32.379048509587044,161.66945064544308,111.16900902649714,88.40596913520334,34.211548341630696
1426.png,True,1387,1389,3,uint8,e773ed581aa1f1e713e0922f4a0a82af178629f4cbc97140436ad3b8fffe626e,0.7875145242172211,86.7863171535486,24.94702264291585,122.23123777537262,75.5943632030829,51.425686399176854,46.56092340557764
1427.png,True,1387,1389,3,uint8,1eca442f2a505cf6769c4a2360ed0c9e213db3f283bbccc7b4f04fd58d05adbb,0.7877591426125244,86.27819585352955,24.58711615782316,121.11041081401046,74.92019524218473,53.38850962868081,39.8286636740864
1428.png,True,1390,1392,3,uint8,59c1d1abf04a9481e281de60bbb6a52225d322299fa719d25d71bcc4ed096ce7,0.7870023544520548,116.91129404336951,16.96151349021057,163.65964886719604,106.14887448094996,49.658653262426846,18.60054916510386
1429.png,True,1390,1393,3,uint8,418f47069402be1f6d6c5bd2c803ae9826a654133b1f920e71818be5c9ac5be3,0.7851409613502935,122.02106436631648,26.85228671901458,197.5582032733256,96.38839829031535,55.869782589646476,25.2800920340025
143.png,True,1388,1391,3,uint8,180ba8985d809e3a3f05f1ab79d6753f99ce922532d0fe1f31627fccd6b93366,0.7867118701076321,103.01009090069913,14.196289762989078,153.7026609467082,93.4753266060662,19.069115625106278,22.662753231186894
1430.png,True,1391,1410,3,uint8,49fabf56cec97511dbc8846307af691385b47ee87205a69d2296ce290e345740,0.781222926980198,101.51271578718074,30.437515013983102,151.0903150109162,87.92399241557875,41.39813260855574,29.34025128052693
1431.png,True,1389,1391,3,uint8,153b5b50138cf229f92bc2b4b7e5955c57d9f075480024744eebec1d8c3215f7,0.7869297333659491,131.20539036165644,19.462971775226656,173.08613504560776,121.08553277056235,73.41704146955111,19.633527284020282
1432.png,True,1388,1390,3,uint8,9297a1514538a4baae8d300ffdc3bed724549bfbdd0cf9410dc7a68085490d52,0.7866621819960861,90.02719905158006,19.588318411580918,138.84386053562406,73.06508726240914,49.2617434990477,22.454304362721754
1433.png,True,1389,1392,3,uint8,8e706ad8a2f6710d1833dc66e5a9ba8572115f83110079f35cc81d87675bbc36,0.7855805100293543,105.77767073900542,17.852515131684605,155.82392121946353,88.65210939362535,62.64085086093231,36.73048057860855
1434.png,True,1389,1391,3,uint8,a6867eb17babc1942d36f7f8bd36f9800fc72efad4aedac6c0e76857e1ce3ac2,0.785741040851272,96.36543354007054,19.398079489450758,141.86539219263042,83.27177429162106,44.41662653532774,32.53004865732475
1435.png,True,1390,1392,3,uint8,00422cb7e81b93ec25c9769f1b627975abbae42147a94dd1f077436d22a970d8,0.7865895609099804,133.24605800862014,22.959771466022833,191.65008722187397,116.06562777883059,68.49747080861238,38.779001475726005
1436.png,True,1389,1391,3,uint8,c43ef53b2b06e04b2e017678c56e6a080031e64b0c37e8d73c9315bf22b3dbe8,0.7862417441291585,95.71006679435699,14.326917720406653,153.76246682158032,80.98291250619816,19.22425694923823,18.961976419914578
1437.png,True,1388,1391,3,uint8,c7eca6cc3d26295b953bc5830ccab144664b5454fdceed282f951aa45d437941,0.7866277825342466,98.62070289154401,16.958543484118,157.37566749430292,85.1746247698086,13.696550651824282,21.65977477145666
1438.png,True,1389,1391,3,uint8,21e866e7023d8c7d0fc6e48b873d70184131b2ce5b823edf53f7d9fca6c9cf6e,0.786692759295499,123.46348822294776,21.426981895775768,160.9199315920398,118.91655977922886,48.59697605721393,21.95503954475887
1439.png,True,1390,1391,3,uint8,728f8b5f7f483cd76c7ea1d69cfa8674d21a2f9da337654a3f34e36feab95ae5,0.7874259948730469,138.11126398248223,27.27547654456548,157.15516497996794,136.85985786192163,94.61196401494048,24.00958056723006
144.png,True,1390,1391,3,uint8,9a3899224263d5256ef41c9f548b76fc808d8005b22c9777f5f6aa4d2bab182a,0.7860336303710938,98.94257815912334,13.835739826599266,151.39821114853387,87.7971648208722,18.6632824405253,19.654462936919035
1440.png,True,1391,1391,3,uint8,ae61149eab4ad3e7614ae2752c057bbd6b4f82c1b79b4769c8096b69c901f607,0.7858161926269531,126.953625538236,15.749007377946592,186.3960300392724,118.96641698665515,12.110661805754452,16.807448857686428
1441.png,True,1388,1392,3,uint8,af56af3499d64148fea8a2fda7088978e3831765a037211685cfa9e93bb5b804,0.7874304366438356,106.61344452156861,30.16780651139275,185.64956775411738,77.29832489551833,50.28685011431096,23.67907927364095
1442.png,True,1388,1390,3,uint8,5facd296ccf7b5f252fe2fb87f71c17d130d525c4aafa59f5cdd1c0e0bff51cd,0.7862646771037182,90.22151843353815,19.85539284726215,132.9537460138446,83.23769152990589,14.057546472738586,18.77039863776889
1443.png,True,1389,1391,3,uint8,c49ec6f4ca9875eaaa2fd4fe9956228b5b374c943f03adc734662a37fb16f50f,0.7869297333659491,136.6646202267274,17.571172204131898,168.37755359762198,134.63587616447938,63.904898827506486,31.398160680972996
1444.png,True,1390,1392,3,uint8,2c14343cdca9616e324c5c764ca01227e6c5a1a0792de61560f0096b62bd10e3,0.7852326932485323,97.63832127802495,22.003255248246045,150.0143690189932,81.5337710886771,43.142147175358495,32.66162166941253
1445.png,True,1389,1390,3,uint8,f94aacd7b8f979c88261bf493888653eae404979cba2970c71784c18f2120faf,0.7865219116210938,114.16566916607657,32.57125078096574,170.40445819712681,98.03385843575094,49.70666692533781,47.450487884136216
1446.png,True,1389,1392,3,uint8,67a0676c4820182996e7b027572a0dbfac5fb0a603662b67b9c1265513822176,0.7861156127690803,111.81801694923494,29.66573813018079,170.10615394339558,95.10584763192057,44.96436090298678,47.81492416372687
1447.png,True,1389,1409,3,uint8,0121198ee4201886d98edce085850791ff5c16a58605b89972a524f4bb2905ee,0.7780785891089109,83.33398946217318,38.07829538048801,119.2692315339497,72.9327815886271,42.62093150412566,24.10039228028279
1448.png,True,1388,1391,3,uint8,cbad0cf37035ff5f7323e76cf81de904a10500d3802b2be42cc663735d8afcf2,0.785771618150685,85.28936731149949,25.68832693769644,124.06650355330937,72.2007656275081,50.933574274137456,54.29953180012183
1449.png,True,1389,1391,3,uint8,55afc389f0ce63e270de0a0d09ad87c3ca94011b2335553328d295396e9a3686,0.7857448630136986,97.28746059851345,18.515030027161597,162.52555745806904,76.66830272016189,32.3342170292252,24.610740033657443
145.png,True,1390,1391,3,uint8,e7b9a4959fb70ad9ca3fe6e43c4b1416f95ca178bf12820d673e340923f18212,0.78643798828125,113.56589542103221,11.549871786070469,169.78679666278617,103.02539774932092,20.32596526969344,17.934484368789846
1450.png,True,1388,1391,3,uint8,3fafc2d0b704bed7cdc2d7669474dd5292a472329789b47f6d8c097192351fe4,0.7866316046966731,99.35151694783488,15.566949344387853,146.04744227629635,87.35502021301407,38.59299444142113,24.156044230293695
1451.png,True,1389,1391,3,uint8,719d86d1378461d6f6ab5b9e4b5706e36c52ac52cc718bd862bd50b9cff2e896,0.7866316046966731,93.54594087693384,17.27057686640426,145.41791378372076,79.56172743527948,29.423559822747414,26.649592113844037
1452.png,True,1388,1390,3,uint8,d1900ea6db19383db01d04fd0d851dd1a0412da119ca464cba867be24704f359,0.7860353473581213,80.41287223075875,23.672139072502567,102.66719020481202,73.12556649096533,59.56155544317585,46.133006213743144
1453.png,True,1105,1389,3,uint8,a5f1e4ed5b8f634980212fe7cdfe24423dd7f1aa432fc2cee39f33eca63dc977,0.7857800982800983,62.00287033418019,29.622555634088993,120.7093633965214,39.36814173343756,24.57284541723666,18.496165515292706
1454.png,True,1388,1390,3,uint8,9c299ddcf912f7c6934d58287ca581c08bbef028d41b26dbb555eef5fafdb7cf,0.7870443982387475,101.96418442471688,20.91701619178774,145.7007226247596,88.81004875774588,54.91374638201985,19.061978927681203
1455.png,True,1389,1391,3,uint8,62e555f029d94a9119c3e8bbb1b117cba1058bb30f7e195291f68692cd1395b4,0.7870252874266145,118.11816755782839,13.658104949632369,162.0774557940081,108.45432735502231,52.5397234727625,18.246334504588052
1456.png,True,1388,1392,3,uint8,ff848b078e6cf9d366af1d6487ca1ec8e81728a94c40f624affd140d335833e3,0.786058280332681,92.19958863744664,14.71309055643981,147.0465238405508,77.48393449318772,24.06099446654154,27.943574410637012
1457.png,True,1388,1390,3,uint8,4fb7bcbbe9201f6ec158d4407f20495f5664ada3534d6a11ca0cebdad02432bc,0.7870902641878669,94.14334136202945,22.394925656579556,142.06807233596209,78.38810652266811,49.476885124898025,24.800870039524003
1458.png,True,1388,1391,3,uint8,03c99f0d75dfee665ff1bc4fca887bc6b57dcd6ed01796bba7f6371b5a5696f1,0.7861500122309197,89.47015295456093,13.298883602681967,149.94413220408202,72.2355286315769,19.507924854873057,27.682905308020263
1459.png,True,1388,1392,3,uint8,ffb07a8feff5e9b7bffc200e69f569971bb06dba0d12db3ae28934304abec662,0.7858862830234834,89.82079440502302,14.768890536327959,149.03652979140423,73.30884720324104,19.42377184322003,26.17439235384598
146.png,True,1392,1391,3,uint8,929f704a092eb45a9d50668567373c66d4b8ecf3e0770195485d69ed331fa117,0.7855606079101562,140.74974991501966,17.749443941151448,184.4420337007721,133.0459088039625,65.79232748992376,17.718511102344603
1460.png,True,1389,1391,3,uint8,24cc594578761e98fc9d4ba8b69818f1e17748deb5e6f1980cf6a08439c19ee3,0.7861538343933464,85.69538075582328,21.007630802243686,123.26254965164841,76.09610419918029,36.584161063383945,32.21968371402099
1461.png,True,1388,1391,3,uint8,da17d04f15e710c86ee3a120bc65e0b5167187087c78ef4930a425688896de52,0.7867195144324853,84.82941345084073,23.21507306220526,128.1411206280881,73.46639718992766,29.678546963285413,26.154578356719956
1462.png,True,1389,1391,3,uint8,3b3c2c579cc4a8e0715c9afb8cfa1d9cd81e44f6e66aaa7b85f4347d4d9dabc5,0.7869068003913894,97.21724305420634,21.731377019623466,152.13036720419663,81.15249659996114,35.843947930833494,22.948795799956283
1463.png,True,1389,1390,3,uint8,2102a870884513fc65976f27ccdf0deb0276b87b112ea8bc5bab3d3c449f639a,0.7871971130371094,94.0178572293915,19.78387643524352,151.52157647594726,77.38324473369225,28.787225175543593,28.094527255394564
1464.png,True,1389,1392,3,uint8,a60a56ef3e5ffcc23ac400e5e3234010c2fe1f6d04f6bc219a9d82f2364da9c5,0.7861041462818004,97.27974911265619,18.87676050348208,154.7983517284971,82.37589828365829,23.056517722565275,28.667905386611558
1465.png,True,1390,1392,3,uint8,080e785c6cef750d6aedca19e3c4b9015cdcf2aac92fb1a3d2d762811ff49ddc,0.7860659246575342,90.6015511037635,21.50310052583229,145.87746766507829,75.70954487989886,22.226786929884273,24.48329984565415
1466.png,True,1388,1391,3,uint8,3844befa01ef494fb0600071977fff0346c78c173d3eae0dba3dbffea0eb0d07,0.7861117906066536,93.43538255085768,20.952854439309032,147.57352483566066,79.07072425998678,25.343887354622893,25.4734019350527
1467.png,True,1388,1390,3,uint8,283c69c8dc655f44c095ed5e52455eed53127604be5837a0afaafb76def9f4c2,0.7864557852250489,97.3547399422634,19.752503249456147,154.3379778579135,82.74852985488089,23.03787871424267,22.61141535021368
1468.png,True,1388,1391,3,uint8,0a060ccf13858daa8764a5063419bd3a55c86659087574812e1656c0e3e7de6b,0.7865475171232876,104.67110493425209,22.199014029105054,154.70597125168865,86.76725821970396,65.56707939315599,36.181693745929884
1469.png,True,1389,1391,3,uint8,1ae0c182bf16444e74d7c9295a67289c7a55a7d990ec63e11d905ec4c6099799,0.7860162365459883,89.46760225045831,19.970521719149453,131.35724323719774,78.08987731403813,38.11026662192981,29.365891448268776
147.png,True,1390,1393,3,uint8,0e9cdb3dce7599bf6c47f48d4955c0129e1c3cf63cd347c7168c0e5e8ced3aa1,0.7855422884050881,123.08644287987232,16.144790306885348,161.88317609221352,113.70490407399659,69.60968845336045,32.349724462805064
1470.png,True,1389,1390,3,uint8,f7aacb3f538010e8a86988975d55332e47b83c0fb24d5b044a9e71477d50384f,0.7864875793457031,90.83170444238576,18.350965604783788,135.3141875997342,78.39701124783555,38.10207447143903,30.570623800314067
1471.png,True,1388,1391,3,uint8,960ce1b0ec5ee5e3644b02661596fd08ba3b94b98799fb5ca5e3a3421daca671,0.7864901846868885,111.26924104951621,22.185061451312205,175.6472389209364,89.62051503856229,53.85826477005992,18.758008659079827
1472.png,True,1388,1390,3,uint8,beea8e34ce08384720885b15ab7f4562a7c2cc14636632f89e513c413fa5fbcc,0.786494006849315,96.33070582975331,24.61313775811152,145.99774993682328,82.17040705246583,38.91873043951558,34.71235631449724
1473.png,True,1390,1391,3,uint8,22a4e93c1d91d5e89fbe4842b08c3dcfd55db5e661dbd53051cfad02233e42d0,0.7863311767578125,102.23809500708283,22.17797447551133,161.90819474899578,85.47431742766771,32.02339277744358,19.45645523754197
1474.png,True,1390,1391,3,uint8,c001b0ae64a8801269609f00e1f80875732141864b7368db21885c76666bc6a7,0.7865982055664062,112.6710943637792,19.235477130168686,173.4415524582691,96.69717073549238,35.479127263557096,18.94046117345627
1475.png,True,1389,1390,3,uint8,2d927be3ca9eff5f2d4fe1b4ef3d9b6ce8b73aaf7be3dff55c9bfbb297e28e16,0.786590576171875,122.45276430649855,26.39404507725156,167.28517458777887,107.08217749757517,83.9590397672163,28.894776624231252
1476.png,True,1390,1392,3,uint8,e66947fdc8383cb98bf840b93dc4f545940340252549a0cf81b8226466ba0a34,0.7856684197651663,129.8127274319407,23.999354784190892,186.98883029442098,112.00140107805173,71.52255346474927,49.437189046966346
1477.png,True,1415,1391,3,uint8,3af9d628409a412a604e774de2c4d477e274dd5908939d07f25dfa39acd6b505,0.7812849465705766,96.95573756641105,32.85004544037012,135.90717115039587,86.17779522784767,50.25521721195374,45.701548784985775
1478.png,True,1387,1391,3,uint8,61d02947ecc594e556dacb954cf68488be5bb092e6f46d49aa954f62264e49ee,0.7870749755381604,81.84047027058527,21.374765451993877,112.4120986383326,72.2289922495678,51.123297915735904,28.415608729454583
1479.png,True,1390,1391,3,uint8,057687bc4fec079ff64c37f6a5c1fb5589874e9b1370a7dc6d9db421ac3f78ae,0.787689208984375,137.35804986246174,20.56713066606017,166.26743927007865,130.39781972802294,97.34209251869358,23.6282053549633
148.png,True,1389,1391,3,uint8,877d8b7b2e4cf70b030b26df9a453c21092df6bfa1726102c16f37f901073f35,0.7865322284735812,119.16987394427112,16.160801808129456,157.6061463101729,109.29123052550757,69.19330164931822,37.72638996365553
1480.png,True,1390,1391,3,uint8,68c7c1dfa7c003055549ca338ed1413b6aad50afbcf7db1a22230de5641bdad3,0.7851982116699219,89.52065003522239,19.717367385441143,142.7431437802123,71.48824543930819,42.720018461388975,22.104479438971048
1481.png,True,1390,1392,3,uint8,50f8966976f9837cad8df1e888debe016a8efacae908cb1903c0c5c3c2e7a11c,0.7863946306262231,105.86218444100979,23.20389196439217,159.8080594519456,90.01415337357713,45.94539383511709,39.67433409677155
1482.png,True,1389,1391,3,uint8,c9e4f86dec33e254f688693d2ce0df90c454c3ecad715903ea4d1cbe8953701f,0.7859741927592955,82.92369526736563,19.594726691645672,142.1965171468031,65.57308058900193,16.713629909159874,25.021591895423345
1483.png,True,1389,1389,3,uint8,725932297883e82f8bac4d00fd1e2c4060373f5af9c5facd2eb012d09d65c1e5,0.7870101928710938,84.471630071252,23.149625052781595,124.22502060006786,72.01160874412292,44.33463719645194,34.699915053427176
1484.png,True,1388,1390,3,uint8,61e22bb940c893af36c0c34985ea7460804b9498738c5c80d8a9c672d9ccf84a,0.7869068003913894,83.86714105304061,19.47734568405489,136.6934476394016,66.91752962891005,32.52105109772683,38.781054587456296
1485.png,True,1388,1391,3,uint8,c3869256beb713581863aced1d308e922574529be19e065a7fb58adddbb9817b,0.7866163160469667,85.25844978717615,23.55363335297865,137.81293366504053,68.31369652679248,34.59754912440963,39.38376907620689
1486.png,True,1390,1393,3,uint8,8eeba2b5f73b846dbc42084f2c2a367480fa1594bbae48058e94ff33074f0fef,0.7853970462328768,102.19658855877557,14.196416682708898,170.7974986008711,83.3606881280872,19.244621261892597,20.490808489150623
1487.png,True,1388,1391,3,uint8,620f2c52e84911f7089457942f7189846c832e418d2f916f9583b714f0931cc8,0.7862532106164384,68.2336504479629,14.194252832870783,94.80419913567223,60.59502987229533,37.86377844430725,28.178840876271412
1488.png,True,1389,1390,3,uint8,bebe28716a6a45476787c47d2fc631a164796eda61d1c381ad04d42c9ab545af,0.7862815856933594,79.62252873340158,30.734834467678454,116.3737501152247,68.23062890854312,41.848412810075736,16.57208940713121
1489.png,True,1394,1390,3,uint8,93f8c06fd92980b6b1295180bfeddd5e09f94ea90fe122fcc95205d5eedf3ea3,0.7820908757338552,76.17171830710585,19.746758973343958,106.65940768253347,66.74106147981624,44.74441892288144,26.57014520779658
149.png,True,1395,1391,3,uint8,d202ab098e1d063b27a69f23a5c17eaed75c8fb894c521acf3a11609becc4e4e,0.7844376834637965,149.913869047039,14.563918873179821,178.68823391835662,148.65685022949413,80.88230507615697,16.911698718818506
1490.png,True,1410,1391,3,uint8,06d57a6c7a0673e0e908f19965a0c3256b5d3c7ac36d0f0d3e1c9596c88902ac,0.773101021039604,58.33527937446534,11.730968938875751,115.29796441095986,39.1710164938242,7.548723567108403,13.53816400246318
1491.png,True,1407,1391,3,uint8,3f6d4e3bf0c01038859440182e36e9f5a3152f1755b9e1e8f177fe56a8630e30,0.7746533782114624,90.64179758932887,23.423394997390734,169.9254625269693,63.92614516844303,20.270938906079497,17.283230177280185
1492.png,True,1389,1391,3,uint8,186b0a0258205b0d129bc79ffeb1a73ab786b73d9e75284797efe069eb0d8bcd,0.7847052348336595,75.10830280949226,20.709688784665133,114.92100981958461,63.309117211549705,31.383738261310057,28.196967446925516
1493.png,True,1401,1391,3,uint8,876c98a188e53e7fc9bce1bc8cd43d5f5c4437f25d0025caa1bec1da689730e3,0.7788431963582677,93.62758794317138,21.30267917488184,151.1386160119265,75.55200075034308,35.78488354872787,24.254552340123702
1494.png,True,3410,2847,3,uint8,51ff1d13f972a9cc23a50fbd7fb48b358490eb0b31b820b43ed88be1f357a7da,0.8676083138173302,79.24534479122732,29.28148031724172,132.2660217207929,65.61770877266976,10.327435681147195,22.95836706841561
1495.png,True,3803,2847,3,uint8,3118fddafe35dcef7bc75a5bb7d24a769a9cb2b5782051fb16da8bdb833b5604,0.897249306462141,102.79573394260771,24.315650236753438,168.38895235497054,84.80358289712242,23.390350503276554,29.05465966965734
1496.png,True,3413,2847,3,uint8,71f95abb35dad3e0767a68f4bb23ff684dff093b4bcb08c3b1e6eaa1b1752aaf,0.8674344994145199,86.20180128874405,15.209287067372038,164.50866369264193,61.13586125436348,9.891643201400534,13.51942008872631
1497.png,True,3421,2847,3,uint8,012f5970fe7bdbbd58b0d784d64cf548a05938d8c58145277e96ced2ca2a46d5,0.8658624926643192,84.57288925366022,11.999879623309356,155.7072463000715,62.208429747690026,13.166768155463187,12.272333075196894
1498.png,True,3419,2847,3,uint8,e5602f7724456c6ff1f6db83f2486a735375e20015f383e3b561312e0aa1dd13,0.8668069615610329,113.76080735847161,19.60070776417945,184.41454345422906,94.83340826505732,25.900317886819597,17.602128965990328
1499.png,True,3411,2847,3,uint8,1352a7a40ff86b30ef07dce5b2700d553c8acf46c0adef513491311b6b3863fb,0.8680611460772834,85.50280062599128,17.375687850408145,152.25412189968333,65.18153220324693,15.051660088840178,19.19169368295058
15.png,True,1389,1391,3,uint8,0b1838dccf35404d5218c57791e940b14b8b11d5bf9476a8f876bb633f80ea24,0.7863487646771037,125.6971283307572,19.364219277939657,163.78616077070393,112.88406388832182,91.76917281538297,21.94615823344774
150.png,True,1390,1392,3,uint8,50cbef6ee1a6ab2e87a89273031c18f0c18af17218e501c4bd4cb97eaecaaffe,0.7864863625244618,144.82855129513536,20.712049390288975,182.9838023035428,142.06576274481216,58.92948923555426,22.25955930678224
1500.png,True,3409,2847,3,uint8,d54bbb9e72fdf0f30bd13d16851a7a7da4bcc72f05de278913329c437cc3ca18,0.8679039500584113,84.9708342753787,31.13333772544333,145.91435887459318,63.545804436639344,35.429846100457965,16.26275934669045
1501.png,True,3412,2847,3,uint8,9184f52bc91470aa9662e5580b577768ee6ea92e49c61e7aab6db14a7553ec2e,0.8668170008782201,67.53624932060558,18.709569659138463,117.52478800255399,49.43413699757792,29.61475829388888,15.179664843673846
1502.png,True,3521,2847,3,uint8,a0476996d59634cbcabd769f7b37c56488ff21e9dfe1eec74839731fe8a1aa1c,0.8425045289855072,141.76725238543207,17.101478331148467,224.15708014155803,121.35125767145993,30.809910182323165,20.935146538752367
1503.png,True,3412,2847,3,uint8,b6fcdf18a727abc73be5568a72e0be949b5c57a9873a9580acc4fad2e34814f5,0.8678553132318502,77.87800288825409,14.00576687492187,150.1740910959554,54.900481727049446,6.581751293916747,20.551172729957386
1504.png,True,3414,2847,3,uint8,894814c484565b0bd180f616197ea743ec23e66cd5af22df5358928d3bef964b,0.8677180913348946,103.51560852696834,20.093446532434527,160.90217391304347,83.72795513009741,54.84964998102307,32.134150865536824
1505.png,True,3412,2847,3,uint8,aaea8819329137f4ee1967f121d3914ecdf5564806b1a345e9ca38ea9702a198,0.8678370169789227,91.73004796289464,24.42322502899153,147.39332735993253,72.51071522690138,44.66268381384072,47.34932848314768
1506.png,True,3408,2847,3,uint8,825ba1e290c92c240f7b57439499da88eb3de759824a69f67b4f3ec4775e297a,0.6071480724299065,26.393136311707053,4.819607227169309,33.136928025975585,23.805596476459623,21.97054446515543,7.147169678287018
1507.png,True,3359,2847,3,uint8,08043dcd43cc59912ed1c3703ecb86ee1cdcc72ae70957848c2e026952f9b0d7,0.09611265120967742,31.085030669101467,13.714128926908076,45.62738212295734,25.820339935384183,19.902608044200964,22.461715921507004
1508.png,True,3430,2847,3,uint8,f12c79520d0c331fac4b10aa62a9feb273602bb8d2e0c25baf078d3747678608,0.8653125,137.01382958383786,21.12311802546715,193.8364773861874,122.33132050219871,63.55930682132008,38.562668314734935
1509.png,True,3410,2847,3,uint8,1f3b6febe31b5b1bd6cd3adc35eceeeebe15c888ee7b9cfaa1211e70fded800d,0.7644723360655737,43.89587870665103,12.639252372337317,69.04885360074671,35.47231529569442,21.275686283895364,15.19669065624867
151.png,True,1392,1391,3,uint8,6f93a17f57cf5258ae856c60bbb4e4c909ac55434eef0c3b5ba64de3bfee6744,0.7854537963867188,96.23133335276005,21.955591303337204,128.71390758710456,86.48558051888763,61.19380093442511,19.79000277156549
1510.png,True,3412,2847,3,uint8,7111406a243ce5dec0f1115edc719a13c767f861c46f63567c7c7776ac2ca704,0.8663778908079626,59.10522620122379,16.58780881884649,106.79338053228165,43.443284708913424,14.638558478652243,26.411639017739745
1511.png,True,3409,2847,3,uint8,7bb8c154dddb49703d92fcbab009f54755081eae11146e3c57c2dd44d5d75253,0.8671829366238317,60.72051402139651,25.785306492900123,109.26017860243854,45.070178023585626,13.971815124900674,25.060420786831557
1512.png,True,3413,2847,3,uint8,2f41c8b87bcbbcceeacfdd5be3c0455e5f3cfcc14305c49b4f1a1406f862dd37,0.8678095725995316,76.72883240918387,7.453976433670268,147.92198667538108,54.203622103687465,5.987381670215682,12.252790825012134
1513.png,True,3416,2847,3,uint8,2d5475b53904a001ea4bc1b8511ac9e706f9db9ec321b7cb1d4683d1aedca3ae,0.8672652590749415,97.49390047730809,17.71400987674323,177.1224440283748,73.37158830199625,12.855177869781915,23.672394761151466
1514.png,True,3412,2847,3,uint8,b016cbb5680420fe7d6997eb2eb088568b881499d3fa7a6fa2b63f3ba36a4acc,0.8678644613583139,80.97102816545095,16.629182906945275,150.57959480541385,60.0435289033183,6.163996289581313,28.37214642912402
1515.png,True,3412,2847,3,uint8,f6c38fd77c4f91f03338762caafa857375495f2bb0e39bdd850cf4590c51c0ef,0.8680885904566745,85.7998735411123,13.746585460915732,149.56854335168742,67.71039860895223,11.657180493716574,41.69096291880618
1516.png,True,3420,2847,3,uint8,ca6b1346d5d7646ebc6194971dee9265b0949e51e0fcffd5d84a7a0843134515,0.8667840375586855,127.87868673832092,15.285834626442051,197.3045288168585,108.81929692789438,43.93370747291808,16.169224539337854
1517.png,True,3409,2847,3,uint8,da216b124f206b4d8e016cde06dbbd740f811e407dc5fb83085694889b2aa078,0.8671783732476636,51.79213808346051,12.857957937612213,101.3694048308162,35.22037573014787,7.0526074830289955,13.226854007252033
1518.png,True,3414,2847,3,uint8,72c8f409ebd5965b0b5990cf7509bdfbcaa59723b4955891ed375bdb5ed81e3a,0.8674756659836066,88.18805595541284,12.648289406673792,164.59216139118698,65.0348534940496,7.032628354187429,15.16879254909772
1519.png,True,3412,2847,3,uint8,7aa71e84b2d9e0d3a3792cfd43e22d77207018a47e763078815c164bdd00b893,0.8674848141100703,68.30836316852357,13.203301787207298,134.0499438448113,47.45598540492373,3.263286106731768,13.503016025692611
152.png,True,1392,1391,3,uint8,ba35e1502c9ca549986bc4f5d85bfd771adbb504e815753c1020a006f6c06e78,0.7855949401855469,125.79249680730702,20.67108372435673,166.67097053010843,116.22870850106099,67.79079727492122,24.35979319167985
1520.png,True,3412,2847,3,uint8,ee2774f5fd4d098b3788ff934db3068a0984a7706555c0863f6998ce43733d86,0.867919350117096,96.69625503299112,21.15576733792564,174.69209161624892,72.76052448510656,15.362080232729726,15.124694976836574
1521.png,True,3411,2847,3,uint8,b787d92f8f5e5078e6461fd9194a2886068498144761f4a22ea8307945573be9,0.8680474238875878,92.54819365989377,23.737809674708807,169.43844321726667,68.7138837366158,13.593757904055307,15.434506983518206
1522.png,True,3413,2847,3,uint8,70809240ee9c69215237a4d5ae95596e9e7d5faf476227747e1738f512fb57f8,0.8679696648126464,88.53200638704884,12.998419429412223,155.89820772664274,70.12697157974061,6.5952444943322845,16.37992907031882
1523.png,True,3412,2847,3,uint8,9cc65786a7c531fe9d44dc781222abde4b322ba018d4b5a95c95bd9cedd481e8,0.868161775468384,92.16349755796861,17.76812668244016,159.1268591840928,74.25389223449824,8.738668394792441,40.855099643215475
1524.png,True,3413,2847,3,uint8,fd0657f2f6898768e673e3c2c7b0ba930f52d20274ea06621f9a6a272f8f20e1,0.8683447379976581,117.92729178628431,18.70443692173696,160.17798052054087,105.70937258021186,69.99226194552283,19.287591719234253
1525.png,True,3437,2847,3,uint8,90e94c295ec7f5f7bd8f2304f9a5a3c17dd0d7d264aa94098da513791a40f3de,0.8616643941627359,104.79322880191599,21.875918538065573,156.21512159395266,87.46297117990773,59.124154669432315,34.81596996088927
1526.png,True,3412,2847,3,uint8,b43f11dfcd9f79cedee78a1113267fd44cd66c2f0ccf68eecadca54ba5a04c28,0.867402480971897,74.66635378490258,16.941059384835437,140.37663933345638,54.222532760302684,7.584849843119677,27.94450632455479
1527.png,True,3478,2847,3,uint8,33702a8ad1edfe2427f965ac31ddbe2da78a1cb9dc44f488ec26eed487d80939,0.8526019913484487,137.51705511544117,26.021489806921235,202.16951784240078,116.01565823068555,78.60939165805573,20.141378041661746
1528.png,True,3435,2847,3,uint8,833ba771bdafb5e0f7ea0412a69dd2537f2e6b70dba6f4293799b9e90267c657,0.8627791494693396,127.40959108163952,23.834567974359295,188.91128623217423,106.88278634696394,71.74589826961169,34.572452611222104
1529.png,True,3412,2847,3,uint8,af9bfb2dc6b14a52d77319e6eb4e30feba6edd1b0d0f16db4d160d4f721db2d6,0.8679147760538641,88.59287893879745,14.170100882353283,157.29865030804177,68.19946033402373,13.392227545099527,26.588779764989848
153.png,True,1391,1393,3,uint8,8e606bf37dea2a9bd52355a8e992f9f203c69ec60b2dbef96033065e10d8c757,0.785255626223092,126.42179042872162,12.7818752642279,189.8182216424594,109.32809275339746,48.13111346910167,28.36521808059562
1530.png,True,3439,2847,3,uint8,eb20e89631c80b1ea925c8c74ffcdd784d424e8e1b9238eaf123627faf96d1c1,0.8619453862028302,119.2494575615387,21.364662570280913,189.49393965305316,101.19385093897968,27.96268130270738,41.721022122763245
1531.png,True,3426,2847,3,uint8,4c43f27959154235903645de9e8fd9e3515289903399f76065d382f2cb76ba4a,0.8646645220588235,85.84461416628133,9.934793100501983,176.10365610599996,56.460810731805836,0.5924549962530096,11.042955040158942
1532.png,True,3412,2847,3,uint8,89056a6ec03f637b0972f2768e3a986f1f4cb7f2322b52bda4d068aa5d09d7c9,0.8663961870608899,49.67942876752105,13.451804016660974,114.54012089855608,26.294047461922233,0.008436501860993057,8.771364707775378
1533.png,True,3410,2847,3,uint8,b3ebacc81049244e94db674ae76e7cf80e86875eb8c5a1391ab8b518003cf470,0.8672423887587822,57.65681962025317,15.791821656648596,114.45868670886075,39.83936181434599,0.4825052742616034,29.555848426476313
1534.png,True,3430,2847,3,uint8,c6ba52b89a3c136563195225ca2378cab6280a395833c544c6c11ed54d65b1fc,0.863874080882353,89.2747700541018,15.880711736596798,156.2375478111917,70.61155235425234,9.709105804371765,19.55142413134982
1535.png,True,3420,2847,3,uint8,eddb2de71ca17b8c5b42dc0ef09d60f2c32420102fb61884e7d0df192107865c,0.8666785871478874,122.37146424169325,27.074119496465197,181.15276168711284,107.15822634143245,46.47933429612819,41.95405224246613
1536.png,True,3412,2847,3,uint8,1193a1f715ddd16f328298975ff3fcfaf753cf0515d59f3ac990344e48f3d314,0.867827868852459,92.33325075898128,23.393869963098094,147.18898633833697,77.07910271546635,26.968881767583067,61.800729973180225
1537.png,True,3429,2847,3,uint8,3469b3f45d0b32a336b3deaef1d6c307f5aaa5babc00abc25d058c622a54ca1f,0.863984375,103.22720914027968,17.730297342437197,171.00240953601804,83.89395381988585,24.983026866592553,31.419655313276163
1538.png,True,3411,2847,3,uint8,ea5bfbb80c989ddbb58ea7d4542de282afa46a5dd3cf3e54833905d9a81a107f,0.8676586285128806,83.48494657100231,25.222890373664793,148.29303446130814,64.35957425497256,11.965918256532992,42.84449461347031
1539.png,True,3473,2847,3,uint8,8f435fb88946fd2878aa49562f65b7c4663b934de2ae44c0f59a59b7f37d82ee,0.8536272321428572,123.1790710596849,17.983720498734478,186.81985029744394,108.49796801115687,31.82301540607091,23.780285159533243
154.png,True,1391,1391,3,uint8,18c7742f9874867d90faff7e49c3870e20579201b027ddd37da83dc78e9aa270,0.7858047485351562,128.5223890016214,12.839814898819352,186.82522306474945,113.47759643484761,53.03634571880735,20.185629079530045
1540.png,True,3426,2847,3,uint8,2f5b8a128fe732ab41520c2cda5e459337d0195a85056ed5008f3950e3cf13bc,0.8645358455882353,97.45738160671476,23.840129518765966,155.88489977302083,83.2602446271854,17.26427390590199,37.597832817764115
1541.png,True,3428,2847,3,uint8,a6e9d3c340c93fb22c3d10c3a66ce99096bed2af1ec6d316868f701c45687bf4,0.8648391544117647,123.94199979807534,22.25889689122084,191.62652971215107,107.76930638879,29.6552561520599,43.70119486034102
1542.png,True,3429,2847,3,uint8,0e307d5281ae7b6468bd39d01432a09fc1b6538c70a04f463621172ea1ddfa92,0.8646277573529412,124.25700132346141,18.86008121614035,195.34941507257778,106.7462090006006,27.964867148923958,27.53328475468802
1543.png,True,3480,2847,3,uint8,b3ee3b172d611e8ac8c13a80e9ef08b348fe57b73d787c34f6d92ac4e6999dbc,0.851660389319809,121.14326920445527,21.182546476445047,183.82131851892396,101.96023097342712,55.50752852959689,83.64668775473041
1544.png,True,3429,2847,3,uint8,2bed811caaee2904ae58ea814d7d983f468974d0d6c9ce5943b7f8a18b9905e7,0.8642233455882353,120.22379091223313,29.003931429896618,183.4345537209859,100.70363457499136,54.92932918561059,49.615100889934176
1545.png,True,3470,2847,3,uint8,8ed9764f45d61c29961904cabb07f465aef65b8b76428966edc57407f7a369dd,0.8616489955357143,93.30321821586818,17.432345834618616,155.5050002968336,77.40606835807846,11.950957693117239,27.575433758315043
1546.png,True,3412,2847,3,uint8,587d90e57bf3730718058f4865f1a70b90771ccef0dd2fd5c3534097a9b3b05e,0.8681160348360656,99.6125949070293,18.550862622087237,173.2762459758366,80.21019964065735,6.3077543192248315,39.377869171699395
1547.png,True,3421,2847,3,uint8,4c12aff14eef9387a6e3c61d20022b576443ebe55fdfb905a1261f49a6b46018,0.8658716622652582,85.22487384634935,14.017432207286973,137.66343847461306,72.99367246117433,10.626849944667129,22.506430948541578
1548.png,True,3427,2847,3,uint8,3178b1c47d6fae707ba779cec0fafebf3cca9da5f5f6ddef9ef6419c6b15b179,0.86421875,92.37162198092038,15.707632105113015,169.72146830165804,69.57933891329087,6.857253767534857,15.826263984654949
1549.png,True,3417,2847,3,uint8,ed4a10ccecdf182818d1838c31d7777d56674e1a5aa2fcea8a91b2a7435b0b16,0.866213224531616,67.47776633663366,15.455797615187612,132.1648,47.18356171617162,2.3330640264026403,12.500357675232884
155.png,True,1391,1392,3,uint8,6b80a721c3ddda0d9414dbbe3899a3e64e5ddc43420446fa10f039f391b86247,0.785919189453125,122.8937648041005,18.41050922784264,169.5589057585524,110.76111520987845,62.91694656933173,49.28031367991782
1550.png,True,3410,2847,3,uint8,26dd482a9cca251b8531ca5e934d67a9aac79ad1deb8b4173ba0b597f1152c0b,0.8604133123536299,45.52654074542681,18.79162356650862,74.00446554354703,36.75218359763326,16.015501815456098,10.099831749264647
1551.png,True,3409,2847,3,uint8,dea787ac1e6a58f2180836bee75efc979a1cd1400ae1538efd9e803ff497910c,0.8666764018691588,46.016033066554336,16.56033621546531,77.99119629317607,35.53305602358888,16.12691659646167,12.193185390394978
1552.png,True,3411,2847,3,uint8,035e888e69d8b100e0648cccfda48bdc3a9245963d299dd85b0af552bbb49051,0.8668170008782201,75.79711567382735,43.13020588444809,105.98222756943015,68.49627190552327,34.18387711271879,16.29949499666573
1553.png,True,3413,2847,3,uint8,bd0b1148b014617e69465f289671c0ed456f96014a54cd92771ecc0f22b466f5,0.8673384440866511,75.7424863279911,23.776922717741243,125.24088049319433,57.82292573079986,38.14820615860058,70.21495988567808
1554.png,True,3413,2847,3,uint8,9f1cc5413d6e879265351291750c70cab8887700e9cfb869c55c5185fdb3cb24,0.8677272394613583,91.24896945800344,17.933260316525306,160.00393767197664,72.23364574657629,8.819715770718902,44.07656428240515
1555.png,True,3418,2847,3,uint8,476841e50deeb876d86e38a05e02e3fdd52d37b222570667b2e032b5d3717ecb,0.8656836854460094,67.50556096940937,19.150551263136222,126.5907603169223,49.93414752987035,3.01748792475214,28.09753327841032
1556.png,True,3413,2847,3,uint8,d0e2165ae7829e78eef71875e0d0f4b86feb47bf19cc9a076fb7f15c8f298751,0.8677729800936768,97.59772502055705,18.461864515446386,163.4455976301419,80.39713044761643,13.425557148579983,24.249744567334282
1557.png,True,3416,2847,3,uint8,b6f8ea3885ad9172919af98bfd7c4db1f95777411154a0442f133b46ef204b65,0.8676403322599532,126.91750620759461,18.561419788944573,192.7897800060099,112.2474761053736,29.662944745818113,26.40950788634427
1558.png,True,3411,2847,3,uint8,a092afd59ebc90d5669a351948b635e95324802bc866d237811f01b97c55dff3,0.8674710919203747,86.78165568151859,28.247890815305098,128.08543105721066,73.22095438966517,48.246227260743474,58.662838659532646
1559.png,True,3458,2847,3,uint8,b50fbce1ba80546313267afc7c4d917d413da754279fb827d54519ead8b4d360,0.8560704235781991,79.75230042278041,25.888501119414602,119.56619054312685,67.45081258177179,38.658245299136055,34.341894100902756
156.png,True,1407,1392,3,uint8,2267b152051cb28944d3b1a72e8be28c47ca89e7b67d97b5bdaab81cc27c97e1,0.7831183740138067,125.56071033278403,25.84007396853391,167.4822539784047,114.18549819219322,74.13516491625059,50.022205494118566
1560.png,True,3506,2847,3,uint8,6011aedea42600abbcc9af211a6b854248fe9fc3fac3a0d5fbae063906d0e095,0.8467501126802884,157.97780439254564,12.042412603383532,204.91461095308594,147.50415024036462,88.73095242055768,8.949792725667972
1561.png,True,3409,2847,3,uint8,845b8c0f296392009527dace2b0e4a1d2fbc94619d86b2c9b37eaa18fb433d32,0.8672468238901869,62.92470730616433,20.847875205542692,127.44523665447657,42.23853824094294,0.09635086426898892,22.472317937260126
1562.png,True,3411,2847,3,uint8,4b7e1921c71d5a42e6a5855621692e2314a6e976673c3c248a7a0afcd3e9812c,0.8678049985362998,95.79633465631473,26.477485094859343,156.68844051591003,78.53963936897478,24.910005639801184,34.21495136422608
1563.png,True,3409,2847,3,uint8,1b51eff3b70c57d4989229c4b99b09e0e740c996ad1e720d821be7eb199414b2,0.8673380914135514,68.29444663667692,18.125772905713145,121.35342645936916,51.6341725199274,14.877352484676296,33.43714674727391
1564.png,True,3411,2847,3,uint8,500e17abf218a19d1f85a5aa2e19736e46909b126d4b07e423b5a8fd9d82d4fc,0.8679102019906323,76.2271352228769,16.264499044848396,139.74977074615538,56.732268400914904,9.987636103000854,17.084614084233337
1565.png,True,3454,2847,3,uint8,2da0d1382fccb228fe56eea9db44730454fe6e5d2adf7c500308bd26971e62f5,0.8577319683056872,96.81334952111156,19.416166241679555,166.70690948334007,76.67103736678807,17.224028058815595,20.52213730787573
1566.png,True,3584,2847,3,uint8,6454637267291bce93884060143468787fdfb37a789465bcb3ed89ea48881740,0.8283649416461917,144.2064095285544,15.042176860752416,209.92774797529805,128.1439189424046,54.50114124830551,10.007964415525123
1567.png,True,3410,2847,3,uint8,59ab6d624f7d129fa3902b787c8f15dd1f118ce6a0c4cf6438ac3c767fa18c64,0.8613875878220141,60.162983220050975,21.416622546618,106.380554375531,44.45914932030586,19.78423428207307,11.067999590438257
1568.png,True,3411,2847,3,uint8,b2f121e9003649c4fdb6d300d96c03cb98d9e888f5b93c4127ba9fdd16b640a8,0.8671692037470726,58.417028863195206,16.56086699792439,109.35293062705713,39.33413157228458,23.056101780740992,12.187462552282435
1569.png,True,3451,2847,3,uint8,e3b60f72967812d58beafebbf9787f9cbbaa06984f5429a3fba33d7a07d58f6b,0.8588242372630331,121.16717413680676,14.722329067935231,185.481954721089,108.23667149886022,19.016792321662418,33.66776051257999
157.png,True,1390,1393,3,uint8,b0e87a288b8de8db729661f4efb7c65214c95156505dd3fe55138d2cf1c891a6,0.7848963429549902,129.31417454736697,14.933098335977503,208.88696592226108,106.63982196597095,37.36307060003701,18.17953160003727
1570.png,True,3413,2847,3,uint8,fc25ac4d53a7b69f92d2b5edc579b3c28319651fe63f7eb69786e1717d16e4f5,0.8677775541569087,84.81973149480542,15.364082240674383,143.96862695488542,69.2234696943342,9.956667035637292,21.442780403315716
1571.png,True,3478,2847,3,uint8,15c10066210444aae48593ed87dc0a6f044344f2656d13d4de96f4aec1b3449b,0.8523083233890215,126.68991599396206,19.351956720486537,207.89239460961255,107.38261578175931,13.129842926210321,21.127955065751163
1572.png,True,3413,2847,3,uint8,4a09175bac54c4652a9df1fc1db37ce26ffaf748ff5dfe853d7e2568408bce07,0.8674482216042154,88.29639589759815,25.1717210904198,149.21441640960742,70.75750481162171,18.796198159719477,28.326245984496484
1573.png,True,3410,2847,3,uint8,4a4b86ea1f09e9233681bf760847f3272a84117db7acfc2d62c6b50ab06ea2c8,0.8672835553278688,48.310391384375215,11.34164496652634,88.28801375462135,34.98746367524748,12.043837581549399,10.573045510403663
1574.png,True,3429,2847,3,uint8,5a656cf4f6cd5decdf37724c56b77981d955d0353be403fbcbe70cb99d259919,0.862219669117647,42.56374887404794,12.998767345712643,68.2810536246329,34.476023217264775,16.752509074240884,9.060240709044761
1575.png,True,3410,2847,3,uint8,97780da2f9e8c441ad1c24fe398fd53c077ec3169bb45e6b6ceb0a34d3af41c4,0.8672423887587822,53.86882383966245,9.58600325614244,96.76633438818565,39.535917721518985,15.125622362869198,10.612062038129244
1576.png,True,3411,2847,3,uint8,0cee58448adc729dd0780f1352c39e741d00c09e7917145206cca9835408b33b,0.8668856118266979,47.559776701385594,7.8612330640929144,90.72975696752883,33.06550163041758,8.933712181171579,10.388396192730854
1577.png,True,3411,2847,3,uint8,821fdd35de96ce327627128cdd915422fca0e358605b49a18b40e74e1505734a,0.8672972775175644,54.444360061599475,9.747573488051973,92.96497057148282,41.90288061937008,17.972654684302682,10.953367973302411
1578.png,True,3416,2847,3,uint8,d4739f8d766c0f7015b38146eda3e1e77a4310fa25d72a3bed9ce00fa62ad6c5,0.8674619437939111,92.75151860288534,29.914441693456265,114.01901417362693,87.27043786383194,65.16505842402768,13.029747536334703
1579.png,True,3411,2847,3,uint8,d5769f31271953dc8e4deeb6ed91e80bb18f56bc80f27ba2823245a91c9e3c0d,0.8678919057377049,50.13236394683307,7.87788324124834,93.57016896628053,35.57095951344457,11.163611641070506,11.35607369978177
158.png,True,1392,1393,3,uint8,356391305828fed15c094796a98ef4bb92d87064c9f77b526d11b0a287c553d9,0.784088134765625,126.86230685400693,15.918560588476494,199.15225450511812,106.94185673140544,39.82076343751216,18.675989532364902
1580.png,True,3422,2847,3,uint8,ca916aab79fed0c175957fba0669bb12d84193e2fecdda2f33f38a2af4bf750c,0.8657983054577465,96.72987857509757,13.445555430330637,141.86245042125387,85.5217987619214,36.05404546682129,14.148941472019839
1581.png,True,3411,2847,3,uint8,67c9de2882eddb260e69a11bb01efca6c07e2fee9bcbe809117b67b837802dd1,0.8678004244730679,72.30428732566597,14.764998249928135,110.3942979728234,62.512407628003075,22.78884894740726,13.361537325576734
1582.png,True,3412,2847,3,uint8,5e0b4948059c7748a62603e3cd33908eb1161e7ecca96631231e8d661c2d9eda,0.8683676083138173,126.86977866270556,22.02079300021143,182.49756644859517,109.37942332206104,70.9754379865786,21.373105468138608
1583.png,True,3409,2847,3,uint8,a39e2f9601382ccb682a5f20111f4e5847b58d4658908f9a16f58a459d08aa0d,0.867328964661215,62.9649432030432,20.22367354408272,99.53450171785146,49.471854069440134,36.513387666194895,23.14016364818896
1584.png,True,3412,2847,3,uint8,5131e8612d6454885bc769f889c9d3a338806f559f464560b19d82f34e25bd18,0.8674848141100703,92.93991131171138,25.13946705588494,138.09093449615878,76.83861051499318,57.40487627403732,15.955714336707658
1585.png,True,3503,2847,3,uint8,796f9e09c9d62116f4ac0b14996747919ac6bd406df7af9fb5dae9b2da4e9588,0.8464778019831731,126.31952432984087,12.780035071798222,204.91739002623507,107.55058155336036,16.823703637967085,13.350525238655706
1586.png,True,3516,2847,3,uint8,546707de35f0c1ad4beeb0b76dc102b03640afc07229383bce9c0874aad7dc8b,0.8433076054216867,144.10112397173887,25.69468168061893,225.17445001283582,119.8667083365888,56.25770986572612,61.42526760687644
1587.png,True,3437,2847,3,uint8,f3fc6dc3f9ef677c2bd06dde65d823a34e947996bb37ee9af2e1d67e7b5d90b0,0.8621342497051887,115.81939420492736,25.959575231056075,181.11172318723652,95.4903103778071,49.23158384047788,19.234298529730726
1588.png,True,3413,2847,3,uint8,5a196f0b9fdcc4b4300eb8be4d0781e85f8aab581b08232f92c6f829058d6e9f,0.8674573697306791,94.66416552858732,22.529672435532447,153.50268657031222,76.30103297178442,34.861258021482016,24.966930243099103
1589.png,True,3415,2847,3,uint8,16d9e44e3a23f72a2961c996225a84d3d1d3e1ca05cc02b190bf46acf05e3b6c,0.8677775541569087,95.47829134974725,21.13015413910821,151.27440872457396,78.34860344618563,37.295055266528564,34.49337000625568
159.png,True,1390,1391,3,uint8,2ce9897e6f007fecdafc80c39f2e17de31f5b3f474cd96ebca2ad39a3feb5a92,0.7869873046875,124.48459554831705,21.319672123239542,167.27775031022182,112.59069625407166,73.46047095548317,42.71879307592008
1590.png,True,3411,2847,3,uint8,6cea2c0167362823352421c758a9bbfecd9aa8829aae3b78ac44425961713c0a,0.8680840163934426,87.16400750326687,29.74327896069556,139.8809172532985,70.83343169076424,32.95044366226868,24.57404340307645
1591.png,True,3429,2847,3,uint8,e64e986899e86f5d3a03f71d9fdbb7bf97ef83837dbec5fcf9099cc8429b09e9,0.864577205882353,120.46300469882848,17.551065047390928,183.40881402419578,102.7946654476644,46.331910573427166,23.705137950239067
1592.png,True,3438,2847,3,uint8,5b3f22ad0c06329333ed0b870e0cca3b27142141bae77b832beabc03667b5e05,0.8619776311910378,126.08419505678023,26.17682704068361,190.19265197060787,108.91804408817636,46.31322378089512,39.33079852753042
1593.png,True,3413,2847,3,uint8,37ce4b9944d259b450f856a813eabe56eeb6c0ca206f8c09d707c1cee1383988,0.8676677766393442,80.36369818601635,13.296875932989275,152.39372037977154,59.078605958048,1.1338162188378063,20.130828576012334
1594.png,True,3429,2847,3,uint8,6a1172186092df3314b5a7b2d8d9f2e6006d63a7cb361d14ea23ee3bfc20c9a9,0.8643887867647059,107.27281475456029,19.382101744400316,187.02879988941524,86.33507185351772,5.9178748584461776,15.22530457881309
1595.png,True,3418,2847,3,uint8,bcf2ef9cb38ddcfc8593033f33b2153441f009a116f010d3f9b43498cfc8cc8d,0.867728506455399,131.95651530682335,10.796232871360877,152.58001077870887,134.7975134998045,63.2365239720599,10.472519848092299
1596.png,True,3532,2847,3,uint8,5b8c6c84829d91163e4d10d45ace4593237f6668e75aa5c314db87006cb0565f,0.8388222608958837,106.16281416667606,22.325819677703933,172.78211575540948,89.58965801075693,16.755014827426795,25.30847990420702
1597.png,True,3441,2847,3,uint8,0463149e8c6949c70429faeb9924e6a1f3886dc85df6cbac9452e7d197753090,0.8608536630306604,110.45830769313092,20.898844484443238,177.53588112221146,94.09434881020543,18.76099228921078,24.9662732491591
1598.png,True,3413,2847,3,uint8,e66856ef6a228c6751148723cf8b20f070982bb6c45f380f458b60dc0b762074,0.8682669789227166,93.95581696729602,13.650028983228045,155.04604791807148,76.98867898685097,21.059671063722185,23.784180198058433
1599.png,True,3453,2847,3,uint8,4bf9db81bf436f5bf01478b057f0b2cf959c5fae02e9ed42853e6fe806a56328,0.8589862263033176,134.0047845858747,16.694366654976,193.67625379857324,122.23051143343606,38.075502704799675,16.632977254141114
16.png,True,1390,1393,3,uint8,e061545a49cdfc16058957a4f4cac58c38e4dd830f4ec512b0b1fd5a3cc23f16,0.7860047700587084,129.0451459804322,15.662654913715253,187.2153721966116,115.93240259866566,43.94618855886873,28.41128926022528
160.png,True,1391,1391,3,uint8,417ba178095f4baca951c27560b8b9dcb9522e7d54af7e506176c9fde3748d84,0.7863311767578125,122.31632158034657,19.920198691591864,163.7189519337124,111.0112161139464,71.89659053422079,39.794928327301456
1600.png,True,3424,2847,3,uint8,1cdfb8cc0f089399c7e9bffb4fd829e7e9a8b76540c5beebc5f096f993163cea,0.866077978286385,125.33706366263989,16.23689587838352,183.92182189706833,113.3591227197171,33.32574562471546,21.11535050105063
1601.png,True,3412,2847,3,uint8,ddb4cdc5a8c78e56eba9f80ab414b3bfe07eee4b6a94cdf0004efd48f2ffb48e,0.8682029420374707,120.64560349823508,25.83066505603005,169.33805911174332,104.47647647647648,76.16253095200463,59.43941078699462
1602.png,True,3424,2847,3,uint8,7ad06719aaecf286c44b2e1565358313da219272fe771e5a0353dba85552c6d9,0.8649959653755869,97.99838868688582,17.9719688742984,176.4954522807501,75.63203756903735,7.29589857207976,19.053597892154322
1603.png,True,3421,2847,3,uint8,bc8e43df61697ba261307587ababcce9b2eae02804ba7987141d7cc0b0c4eb9a,0.8651151701877934,76.80046318868844,21.07905563331056,148.4936139316982,54.77476522587073,2.2265861827740445,16.6195826366991
1604.png,True,3420,2847,3,uint8,fd827f280d11a3e4c6560f5856715a5a713e1e1d73d152019c52360a0deda1d8,0.8658624926643192,88.44332424346722,17.301307215742032,143.776124539991,73.307521643589,21.216568266659607,31.52008463167262
1605.png,True,3412,2847,3,uint8,42cbbc552db8e9c98db916b1ee5b1592af0fb18b6bad0e07a0ca13056a96e150,0.8677821282201406,92.72132849808663,28.744715290739734,146.35403599025923,79.67784817465923,19.182339050590876,32.89249289621939
1606.png,True,3417,2847,3,uint8,1ab4d394aeb376fc27a0d726b5f8cb92910a70a252d5c7fc7f84460edf20c2da,0.867493962236534,120.56758851598956,14.64497854996169,200.35339432126756,99.09111281010256,21.909293190266535,11.895853415019428
1607.png,True,3415,2847,3,uint8,31ac68ad785cb8df02964e8c5da577b9e460ef312f90a5f00bb6148f9e146bdc,0.8673338700234192,92.50708258622508,12.058026365525109,166.24165699820693,71.03505959286996,9.698939985233626,12.087440973709905
1608.png,True,3465,2847,3,uint8,0ac9eb2dd54d175534d0bae95a43f09b0932bb3567b193a4b82abc6db372eeec,0.8552460659144893,111.61691347979387,17.22154428453448,204.130957417955,85.47714673176024,3.6261676159479252,20.149073240983736
1609.png,True,3413,2847,3,uint8,fa157aa33b0cd40bde9a1d66338143773f9644933c1a29735dee3fc0307416fe,0.8674848141100703,83.66549962299568,13.856567544067337,167.97140567246498,56.92520023411177,0.16850247557381112,11.72916667726506
161.png,True,1391,1390,3,uint8,e1325186ca443d0b0ea8472e76f9bdbd23519e4cc1fbe871c5ba494d7ef10f1c,0.7849349975585938,138.70095642623173,47.81287974279511,186.935621045265,125.77279531117871,78.7339064762886,30.727591413468517
1610.png,True,3421,2847,3,uint8,671d346c28fe5138fb2fa50404bac748de95b48f8ef811dcfd26ee839024837e,0.866059639084507,101.52865038274625,16.35426267729833,164.1880962212411,85.58699403911106,19.23976431725058,19.421275904328507
1611.png,True,3503,2847,3,uint8,ac7d95b56de09649d79c0ae39592b076f1bafd169f72807e2288d27800e651a6,0.8467078575721154,129.24524514533496,12.29110764916267,190.4034168413348,117.04551906932384,31.597952778609532,13.091755658724205
1612.png,True,3412,2847,3,uint8,be462ce8c8e5e82348c12cdc59342b160bfca2f3a1760307af6c34c900bd3418,0.8679742388758782,80.43220383642496,17.82110100506278,117.74611614671164,68.08362668634064,46.129969435075886,14.599071000850817
1613.png,True,3415,2847,3,uint8,e2570e19c21c514a6c20a738a0b5d73001b45a36813a4f648c4d1b2a35c32e6e,0.8678827576112412,117.92369558342996,21.077985078343712,158.88809423421523,106.4851586381364,69.29688521134183,11.158771215119508
1614.png,True,3409,2847,3,uint8,ab4cc63f1eb452d588142eb7092ef4af682987b328302d98fe4a5cb6b7f7d44c,0.867452175817757,69.16584775632595,18.53709358615543,116.07762112683466,55.412736072386764,16.914030196222843,27.039409202989177
1615.png,True,3410,2847,3,uint8,9537625f47bca5a990684e7c53558931f364ba07b42aa553fe982701c7187938,0.8667666861826698,48.76642251023768,7.444589004063219,99.18836809220248,32.433185924768864,0.6784945328661292,10.233673762134002
1616.png,True,3410,2847,3,uint8,87176592fe9b42b5efd977a6c4b497a745cf8f061f49aaa02ee6ca5b14bbd42e,0.8672378146955504,57.89313762203387,9.950195826306171,113.83686095390799,40.47367865864271,0.9265238740710657,12.170337185603604
1617.png,True,3447,2847,3,uint8,a5181bdf135c779f895a87c3ac5eef59dc7592e15ae5ab824c5d3e342b9e455c,0.8600029550827423,127.58248324886178,9.766787844521193,184.0752083154368,119.15609698479513,22.759003736792373,11.23148766797455
1618.png,True,3506,2847,3,uint8,0d356d5c27cd9403304f8af9beeee6f501ed81075c52237e0fabfe35da743873,0.8458580603966346,136.64969110961863,8.963553893489275,186.39084485543486,130.39802732000823,38.36239252668447,9.321446480627548
1619.png,True,3413,2847,3,uint8,0eb16720612b69933ef5939f56af3f6159b59586db9f7f9d10d69e4f24da849c,0.8672423887587822,88.65228375527427,22.695741983302668,177.30252109704642,59.76869725738397,4.909694092827004,16.745316144907473
162.png,True,1388,1391,3,uint8,a2803e9b82838aef9a0b7bb3c1e5e3bbd1c6379c32b346163bb907f0d122b770,0.7870023544520548,124.6126271824385,17.831188959862622,162.48132876812122,113.32035161846483,83.41358393433865,33.82895722617074
1620.png,True,3421,2847,3,uint8,7000f549e581f28e0ab83825fabce3dfc48f5428a1ecf9885b0a110f97594d1c,0.8659220950704225,95.45826185484042,24.472167871468592,163.14932651375563,71.53094224537773,41.107588368596055,16.886215844967825
1621.png,True,3503,2847,3,uint8,ecf9c30b226b06c403124aea50912a35a86448e21890ab378c0e3dc72ad748aa,0.8475294846754807,142.7477467496136,9.890079128740886,201.97671133466653,133.0706027687143,37.177656398012374,8.299937642719415
1622.png,True,3413,2847,3,uint8,e4ae74504ca6579f152eb78dbef70a48581050ea0f70a829b1107f94e1470e5a,0.8680382757611241,85.5371231043241,18.142672778461673,145.2139334155364,65.79512472730721,30.635371547208784,16.920262443556847
1623.png,True,3421,2847,3,uint8,7f4c0e4682b290f6341aed427a93064bc7629b83903af6bda525ab37ca81389a,0.8662063526995305,112.85075954057058,20.901417240496745,172.1895887365691,98.15684645106653,32.81372995289261,24.25957517873183
1624.png,True,3414,2847,3,uint8,273bf934eb1b280d3b1f532b3e81d4d2b20800c3ea68fb05375d996877b014d6,0.8677821282201406,107.24752000337342,16.460637952379322,168.63581737104545,91.37171486100422,27.919585911721608,19.438961090784726
1625.png,True,3551,2847,3,uint8,ceb42f7dffc17ff97c698007a915167bb6c2cbcea451692088f7e80eba6efa8b,0.8360137195121952,152.9033197337831,11.46564308436033,213.14532524957835,138.28103204631444,70.1389604321466,7.592673039357522
1626.png,True,3480,2847,3,uint8,c960b3444595328c000d6572d2fb3e9b83b8ddc7fbd7a109a4adcbcf7da7bc42,0.8519540572792362,131.2137901602031,16.194233120235594,220.54272082640287,108.04067998774403,16.246585835594853,22.188059544594935
1627.png,True,3416,2847,3,uint8,e66bd2295fe5b91886f28410fa2ff39ce065f5273657170cf4253a749d50f190,0.867493962236534,115.50579209617463,20.401813143149738,194.36799451635866,91.85243732039757,30.474667158788325,32.89865265798287
1628.png,True,3416,2847,3,uint8,10c88cb12c88c90a64cf1a2821781388e74f6d5ad2cd8f3a3cc80f8ea01ae03d,0.8667666861826698,90.45356102503483,17.77514988278082,173.82453983197536,65.51052792671085,0.06691434119981425,20.42037682951412
1629.png,True,3475,2847,3,uint8,9d81bb53f8216dfe96d42cd423dc70878c028d0dc77c160d52c5865ec053938e,0.852872352326969,120.57115295275052,14.768106297056205,211.66657557456344,97.4644057606646,0.604366955428634,25.105265088721534
163.png,True,1403,1393,3,uint8,98a4b414ff1f34226d8d33c958481d16b3429e8418da851ff67a8a4b3c0b7318,0.7813268946850394,173.44863202440703,13.525103191671173,187.5048125184529,176.2098612341305,122.33261982088378,7.922425689329187
1630.png,True,3410,2847,3,uint8,32d399102914157aad66ac288551a9067ef7940ed61e73a907a22ac631979ed7,0.8676906469555035,73.5504960516189,17.826612987293725,122.20147286739976,58.29690349924617,24.458339044164937,39.821139571275054
1631.png,True,3408,2847,3,uint8,71c0ad8551147d6a24f890b772598eba22d43cbf9cb54f194c0f99ea97466851,0.8680043443341121,79.27236595149597,24.88593390368504,128.91472627766007,64.60736235023211,24.545856969365598,41.67715250360186
1632.png,True,3414,2847,3,uint8,9b0d45a42a687ca184008aca63b0a53a60e410a83a53ab53b469535d53e7be49,0.867521406615925,91.48343623623201,15.198509000633939,164.64628468688872,68.77102830840289,16.540527572880034,11.824577619017871
1633.png,True,3414,2847,3,uint8,c808afb0bd9d7996974c0a724ac7dc2bfd48316d1452f6fc9843b0156c0ccde9,0.8665745755269321,78.3232763625999,20.45426250500843,151.09230736748762,52.751132200956434,19.130860261593842,17.51780234849668
1634.png,True,3663,2847,3,uint8,ba5909c6fcc4853db3fde05761bcc18cabb0849621a2ce3a79db656de0fce6a6,0.8109247408919598,154.441315122211,17.264765106686166,227.27673119633033,133.59968410924253,70.70280247145183,14.796916262331445
1635.png,True,3411,2847,3,uint8,b6eba758b6a04df7b488a0c7b0447d835667c4ef47c0b73f14f17d51a54083ce,0.867951368559719,79.13611762535902,16.70748343494823,140.71994940844775,59.30929883270533,19.675096835393006,15.29998494306739
1636.png,True,3441,2847,3,uint8,fc33b01aabb3b004ad9c7a64043333b70da5a1a94cab59ed8b7b9a2c846676d1,0.8614294663915094,119.7895735965691,23.1926902906077,197.92425376725882,100.55535651262527,13.901869458733945,33.42812524305131
1637.png,True,3413,2847,3,uint8,d00335c14bc125e74877caff955d22bc06d2b42252a769ea33bb4c147e330150,0.8674162031615925,84.78156276695599,19.34219672713549,156.02191543888884,64.03833092523651,4.748352123519548,29.595172066874206
1638.png,True,3412,2847,3,uint8,c70ed7ae741ccb8e2a71f40b569586f604f2a4c65546fdb850773431329ba8ad,0.8678690354215457,88.97705771673422,14.325739768880755,153.5553002313729,70.51938736250705,14.609791448162456,18.896148558475602
1639.png,True,3412,2847,3,uint8,f04ae0afc6305bf236b85ac1ad07d2e79686e3da2296cdcec3bc7b6a8c766e6c,0.8677318135245902,86.59462750452013,21.8451242801169,152.2062390950255,67.21531097956323,14.268772370023246,19.188211930920808
164.png,True,1405,1395,3,uint8,c57753e77283f6ac2e838c31a130c04ba4fe410a52371808c9b5337020332b51,0.7793430118110236,176.48401610229695,14.167858190973298,201.94626647722788,174.21388823111533,121.37017029757676,8.079525038875444
1640.png,True,3663,2847,3,uint8,4bd0e1359c1ab928467ecb56237df9d03722d0fd5d640095d44f01cc1908114d,0.8241647691582915,165.46790318258954,24.37132012522502,211.4632588049659,154.03117687338116,103.6415969513829,25.839246007785206
1641.png,True,3417,2847,3,uint8,0652cc0297ef998d26e546ac98d24c5c9df3d4770b611ef008296d8a49b0151e,0.8657192257025761,57.50727807805904,7.938337467907654,91.67867615590673,46.38781721060724,25.131348835243333,10.927849400464385
1642.png,True,3412,2847,3,uint8,63cbc698e5a69cf85a9a8ec14f82bbed2463623f23a62804b303d3e4d1c647ba,0.8676357581967213,76.45104014002088,17.95524575697515,150.02677055765844,53.77209704458948,0.3463671541389454,30.207614926811566
1643.png,True,3411,2847,3,uint8,472eab211312a282cb54cafcf823702907bdaee51e7888ed24f29b1fa62db28b,0.8677226653981265,63.92952215281621,14.351247407789335,131.49391423526,41.82018924119027,0.48806831659682137,22.33774084283993
1644.png,True,3415,2847,3,uint8,ed5f8b7b7b80b7880821c1b64c0befd9d67a3f6d45bd61e20cad2f9fd36c2aa5,0.8678324429156908,123.88154156718267,25.01365381951673,193.34750617986708,101.21898602743914,58.382666856410985,41.59732164379645
1645.png,True,3420,2847,3,uint8,5456e78859de406672b4fcb3f4e1545d703119164385b2d3b616ba9927f68515,0.8663759903169014,105.65787677213481,26.479434570556805,172.22402324215338,83.31198569062323,46.11200368318278,60.423370524828805
1646.png,True,3410,2847,3,uint8,48a487616102cb1d6a5f48d7e61c9c41963819492a4033ed9810669d96b46346,0.8670274077868853,56.252958275521884,15.87070155509605,107.23046324774602,39.66497496742336,7.921351811894299,24.007824655479418
1647.png,True,3418,2847,3,uint8,ae235e166d90a36503356a9c803845359f0d6ee70b4d56f15db1724322c9e827,0.8670407863849765,98.23279326536655,12.855662595720982,165.40935001480605,79.1409693726469,20.33210478446635,31.77501250316277
1648.png,True,3423,2847,3,uint8,586cf7bf93337e9934ed540a415c61207f07cf20a26e85a0e645a6a421b21a68,0.8656791006455399,92.70831236925032,11.072079769446,159.2318459868125,73.26832084315335,18.315552260148824,37.44321228273118
1649.png,True,3411,2847,3,uint8,b361f7a1c8f7c81222b14844b373375ac3dc179d8c52055f3f1ca649d557de8b,0.868166349531616,83.87263569403905,25.208603678292345,143.0585610267542,64.23493956860307,29.727373789528034,33.66038996730773
165.png,True,1390,1393,3,uint8,493f1b7e90177dc3b57047fdef0823411837ffcf6d3704133922782742706833,0.7852174045988258,88.15296585831248,13.173214201773193,139.93482218479542,74.23681597367576,23.940945686776544,14.722875554129324
1650.png,True,3412,2847,3,uint8,f9eb20fddbbf8a0b3ca34eb2805b29b04ffcd839528e72836b9761148fedca15,0.8680291276346604,99.23696330333242,23.81823796191787,158.36917458845352,79.54724089960584,45.473526126088146,17.499727020653648
1651.png,True,3532,2847,3,uint8,875835c517013163bcf6e9ef4391e72a848a37c5f7bdf3a1499e6c3b35c018f8,0.8397113347457628,134.30384879647673,18.33628176748254,197.774940584134,119.17103884840225,45.72347687005102,9.493865778181396
1652.png,True,3414,2847,3,uint8,094debd42e90f223dfe4db07b454072e5c9d031b84f11b4c0f423ffaaecabab5,0.8639170447892272,37.787126799489606,8.489770033496686,72.12967443732032,26.70300678233522,4.821345560244185,7.823201052420013
1653.png,True,3412,2847,3,uint8,481328dd33b365a29918b962526d5e890919501fbe44a15f042ff2af876c1e48,0.8671783518735363,39.726092643971604,8.895810171824131,69.89401116116169,30.409123036511136,8.542756321669321,8.715192406153568
1654.png,True,3506,2847,3,uint8,df2588be0c3050dac215d37e04d7503621009846a734ca8fd9460f0480b705e6,0.8556706355168269,116.5724577642921,19.242452444022124,168.45178901624683,107.03395866140652,29.558263054798054,31.88694263632441
1655.png,True,3440,2847,3,uint8,7834552bd8a8338dbc1b5acd2d3a5055a95b4d68b3786d168673973eda4eafb4,0.8607983859080188,80.30824802401682,36.58092938716987,121.35801015684784,68.61161562377923,32.84066378050934,10.247438513756341
1656.png,True,3413,2847,3,uint8,ec81a7223d1b9fcae671ba95918c56e31c483b0ff15100dc4ada19743d168f49,0.8673796106557377,88.21631598375784,25.737468193060494,150.00496229499552,67.58299847070612,32.36969888730686,26.48518996220885
1657.png,True,3412,2847,3,uint8,db66f99c0e5fa876547950a1eb729a08e0a6c916a1e0870f3fdeec91a380e089,0.8683310158079626,105.74705801788893,17.25185569407337,178.33362129815947,84.06279037916539,27.032053645740053,18.66316959157584
1658.png,True,3414,2847,3,uint8,29bde96a74c89d7452d99e9498f1b9010d6e0e1026d4974f20c0a666e50401b0,0.8678507391686182,109.99440266058092,17.47289354701391,185.4725693474514,87.23765502047614,29.213895316049395,25.868601330120732
1659.png,True,3410,2847,3,uint8,d683a68ca3be8ecb29521b837c4b471fa187ad5604b4954a899f2069e9b98b6f,0.8676586285128806,81.65546599469664,22.778594414887625,121.98831784322925,66.64325139305502,53.15330722069049,34.31938416945901
166.png,True,1391,1391,3,uint8,1c6161fa362566557dcf7aca372855b7ecdbc581b2d911e22848cb09e0637a64,0.785186767578125,104.3194158342726,14.602693224738848,168.4004770881107,87.99527770220374,20.23718858097866,19.211196409011
1660.png,True,3408,2847,3,uint8,22d26e12b3ae604309039555ab1385115ebb70606301eb2c74c70f4ddc520f95,0.8682096962616822,69.82034206542764,21.99922425068004,100.23489929358338,58.722279455050035,47.19465877554453,19.79277352544322
1661.png,True,3532,2847,3,uint8,fd4fc16e804bcc728b05ede9dcbb5d6b06613bf8c7b479c4c199b84e64fa7bb2,0.8395552739104116,127.01202057128694,19.38821758678124,208.2204315914583,105.78802336519668,23.296965566189186,32.26373223523721
1662.png,True,3425,2847,3,uint8,4012d744736f26dd9fa60fb498900f8267da4357395b09386b564092774aad3e,0.8649776261737089,97.9838547243218,19.381692190394062,175.90849243620866,74.70892919612852,13.463272943147004,21.307640048632326
1663.png,True,3411,2847,3,uint8,d944f0dbbe316f83274dbb87b685791bf6e434e37c51cccdb8ec67e12781d38b,0.8681389051522248,94.58570254378385,20.540911742395238,159.4496406668212,70.80118126830914,46.91663154123375,29.665983126848754
1664.png,True,3412,2847,3,uint8,d436c8426140fdafe37287bacba9bfaf3291ea0a63191be836b621d4673af107,0.8684407933255269,95.3667242523517,26.26551091864209,170.31270080374168,67.3926114757034,42.83819827032266,28.15147320919813
1665.png,True,3411,2847,3,uint8,ca871895e1455fc5e4eb414c0c886f1c05c74bd76a9924349fe0bb0c7a88b4ab,0.8683493120608899,100.40373047060187,22.026611918556636,151.41225334752056,83.98242222479746,51.134417041539805,26.472973622698728
1666.png,True,3412,2847,3,uint8,928cd65e9c653941e81dc7d2ef91cd3416f66f6ed469b6177a482a2e554d48ee,0.8670868706088993,69.65829842904319,25.798970602522136,111.27512317609698,55.212643617526346,34.85213065634133,19.023135559199282
1667.png,True,3411,2847,3,uint8,5dd5822b530a42bdd295b746c6023d766844500a927696899d346b94d5163eaa,0.8673933328454333,69.62057236873329,24.90108165717855,128.63315984032315,51.3389969045472,8.962743826232776,25.943036460733786
1668.png,True,3418,2847,3,uint8,a0e5041449ae97fa3a8f722ab703a02a6c8e531b03c6d767bded6759b9351cb7,0.8666510783450704,96.69334010485275,23.51274178064199,161.77086871187714,77.89014796827966,22.801425193226365,34.77580793647014
1669.png,True,3424,2847,3,uint8,f93f83ecd7aecdcbd6e247247d2f7fd41bc2d0d6edc6b636a897114533e9530d,0.865642422241784,104.42020687792296,15.01378210968195,176.70196020274673,85.90011493217942,10.206512470406288,12.13908964167882
167.png,True,1395,1393,3,uint8,39c972032cbc258c74c300db2949f7b16b1d5f671c5870478b40ed09d0c911be,0.7840707558708415,142.25236182472287,15.660555322624298,190.66682915890766,130.6689886807905,74.89698154413126,18.33631117130586
1670.png,True,3415,2847,3,uint8,1eefa2fe3bf07665db888ce6e70f6600eea79ca4f9a5c0686858830866b567b6,0.8676860728922716,96.43430312551068,12.527844442065032,163.1577673869381,78.47229529196561,13.917299693722093,27.076794288122645
1671.png,True,3411,2847,3,uint8,0320b34d54ae506ed4ecfa706e5348db90f168947e17b25fcd23638756ce2c18,0.8678507391686182,69.83024566100784,11.373988261274075,129.0895205367543,51.72573563902959,7.606889681816026,16.457972423883483
1672.png,True,3410,2847,3,uint8,f4319c5e7b14b44117013a9328eab808035eed959cfcd0c0a3435e4372b460ce,0.8682989973653396,71.16340850546013,18.262423499043415,99.69520784276541,61.67245602667636,45.19417271151708,12.733980221590944
1673.png,True,3425,2847,3,uint8,82f9e6de2fb7b3f8947bb37c42a3c36f95a55acf0671f877c6325f8f79d64106,0.8640835900821596,82.44486302641842,38.067379669024,158.69745366562847,56.29694323144105,17.08622199111781,16.998539006556506
1674.png,True,3417,2847,3,uint8,b79532b9b267651f38188fe601b8acf3684416ca2de95e1d2d89c306e8acb025,0.8663733167447307,78.58678528060821,23.605563044319442,133.95324428488465,63.266390370096616,12.20852119740246,27.92912394716781
1675.png,True,3411,2847,3,uint8,14d418d6afd288acae713c58e37ba210f242c8843bd49ea30d6a1bf905fee57e,0.8679788129391101,88.6182724585136,23.182614224436886,144.18151253418773,73.07550023450551,22.884533702921043,49.56591620246044
1676.png,True,3412,2847,3,uint8,384dda10c62578c34454e0f2a201d57604845fa8caccf7677c12c25bfba80e73,0.8678141466627635,84.24972460139676,20.023033422280346,143.00046910001316,66.6946317037818,20.50436684675188,25.85478274489936
1677.png,True,3415,2847,3,uint8,3804e5a4321cd8f9bd6e8c635eb4959894c5f040952104a65adc07863524c2fd,0.8673384440866511,89.09715696046324,23.904946337463173,115.68210799436771,81.35181757294815,59.21324642312824,12.767280663398157
1678.png,True,3413,2847,3,uint8,d995aaf6ee4aa605f9fa3017d4526f9868efffe1c987ee2e9c49daa08d9d9df0,0.8677272394613583,99.28747641086734,22.79917127261289,160.56335592970174,83.15544052375782,21.597608931715392,46.68780733791821
1679.png,True,3414,2847,3,uint8,dc8fcf26d643f1450fc0efc2c6063b0bb539b0693bba2cd44bf9a4648070471f,0.8681846457845434,108.19394539687892,17.307185758302115,165.7617409354815,93.85444085013118,31.014251393528127,18.329124778586287
168.png,True,1414,1395,3,uint8,becdc3576104433bfb3d5687d32aba38149f1e1a32c48c85ddb41ad3e4c6a6cf,0.7746944616336634,152.71565362821696,22.766216098249828,204.12109033723573,141.4737425426225,75.75477396969622,19.161909209832842
1680.png,True,3530,2847,3,uint8,d92af3e549be362d24bfe5536e12a3e9f97424b35bbcaf89e1b5b0f9b1e467a7,0.8409598214285714,142.4659723549987,19.056351937315842,197.63211228954145,131.34989259163453,54.972720524557715,11.244142355539738
1681.png,True,3419,2847,3,uint8,6b2ff9eabe8b9579b305ad54b1a7e22cc048ebccc04fdc11de81ce0c016e6a44,0.8661559198943662,94.16515014371238,24.610609572363067,179.39897522218516,68.10583901036952,4.861146840709511,18.380806796919963
1682.png,True,3417,2847,3,uint8,62c2f10777d3fbb4fe625986d352517cb574ec125027f712dcf1b0775e228c52,0.8667529639929742,96.1763020269878,20.834457026746932,183.1288965819318,69.24481643121382,6.8041616313003646,37.958517222509556
1683.png,True,3411,2847,3,uint8,fee95005d1d40fa0b1389c91fc2ab02e4418980d4ee97c661189f23b3f2ac705,0.8671234631147541,57.937850127127135,18.449135427604435,101.52501397871016,42.91273592370262,20.96721596843449,10.5280975415107
1684.png,True,3410,2847,3,uint8,76a54847852facae05027ae7d7cf839ba7dacdb03dfc4d887b76f00a1df5682a,0.867859887295082,76.95368276807126,17.839446255342857,131.96917279363322,60.28102880333096,18.46365193559438,22.84598435739862
1685.png,True,3413,2847,3,uint8,d68c511daa061203f1cf855610d5de52cfe512fef214e87b87f432879d05977d,0.8680931645199064,97.1994720369258,17.93760086307807,151.4482733183691,82.75671018937119,29.238842696510808,29.811772859796296
1686.png,True,3411,2847,3,uint8,dec0eb203373a0fef0b0a3bc92afce73a350f3ff3b6d4f86cf235c03f4149bee,0.8677912763466042,66.77562724014336,12.552778499266475,131.83157284419144,45.91473750790639,3.5832068311195444,10.336849655320998
1687.png,True,3411,2847,3,uint8,fdf24f1aab40e9a82e270c74a2fd847a91be59d72cb2f739cdf752e75dc3216d,0.8676814988290398,69.62210062415654,13.64781374483946,131.57078694331983,51.188549046896085,2.108795124831309,13.0615118713866
1688.png,True,3426,2847,3,uint8,7c14e360cf2594d810a611516b538fcfdf6ba1871dae0559f870e1046b27a748,0.8653308823529412,117.96141713047543,19.803607634526987,184.23508199855547,102.90377915622211,21.656737264732122,29.23430965862395
1689.png,True,3412,2847,3,uint8,22926fe7d603d4057248fe429a6cd096853a6a48c7f456d583d8ae4b84474438,0.8679056279274004,87.33654641756041,22.313739462954526,156.13296793064376,67.81322828006009,7.411747345121084,39.20408647389234
169.png,True,1390,1390,3,uint8,c640b44678cea677a5489dd4741f5eecf3dd37069179382707c6f1f9b78c66ae,0.7872886657714844,114.44990139691738,25.26567436766686,137.0429202017608,116.16646719933328,46.334843470634695,16.096168393596056
1690.png,True,3816,2847,3,uint8,233c2c7ec359a67f99a1ac0f6b12b9deb18d83477c51c51380e18691d32f228d,0.8957736829188482,93.05180965644782,16.384789622240042,139.87183716802036,82.16841420327742,26.25748434637184,13.106499111932957
1691.png,True,3413,2847,3,uint8,8f74e8382da1b82fd014ccd193289b4f69ce715ae33bcac26116cb3026981a4d,0.8679056279274004,92.29730954702363,20.783314048958708,148.64556641808744,76.38510105668134,26.395794355582492,39.121681551435636
1692.png,True,3413,2847,3,uint8,2c52f89052b71a409db4cdf8b7cd64f998d655dc630d2e8935d72dbe06bd1a1a,0.8678004244730679,91.70384035588914,25.498817321830362,137.93057737110087,80.23880203666417,29.468237737320923,35.09898776637165
1693.png,True,3412,2847,3,uint8,c200dd4fa5da23f9cbaad334deab94c27e7f13e2befa7b20956edc272e57cf40,0.8677546838407494,87.92273551488572,20.93578879208029,148.46357109724212,71.87199017458042,11.735904950662055,17.983439371456463
1694.png,True,3416,2847,3,uint8,c3e0940f5c530a58474ffe00f53d019479490e4fd110bb538eae5cbedfa1d603,0.8669908152810304,89.24126196945316,11.410875182795877,108.9616977498747,86.96456778073808,49.211896911023764,14.02762154621672
1695.png,True,3413,2847,3,uint8,db4354ae45c2efae5dc7240aec05acd7abf94e7836fbe4fe65e82b60be600087,0.8677684060304449,81.76930659146615,14.177654053307725,162.8035316132093,55.45086577234272,4.789542208048916,12.419689625858016
1696.png,True,3412,2847,3,uint8,0c51b20979ddd8abece8927e9c640b38a37255745afbd289a1a3b2a055a7f5a3,0.8694516612997658,111.54760288926417,25.485972677098363,167.78213201601406,93.0463955219562,59.28874228626442,82.09375123846569
1697.png,True,3412,2847,3,uint8,fd80da8f7a02ef5b0c7b205e17cb874c950d5f03913687996dd5b8a27b46a79f,0.8679788129391101,107.75238853083616,32.41374708920707,165.83856535326015,89.35683833875242,50.08987621270967,52.806669333018846
1698.png,True,3412,2847,3,uint8,a6c2169661a277c089932552b2962a818bce59589994f10975361e6b4f5857b1,0.8680062573185011,103.26047732218984,34.26584313487262,164.27544831293113,86.00727207575606,32.033852039606465,46.89965884686159
1699.png,True,3571,2847,3,uint8,0322b9831e9884a2545aa0e6add74aa561981b5e17eda8c16217296e3bd9a226,0.8312126608455882,142.73046067370433,19.31867846316457,230.5112216866221,119.81962369771419,30.48025478440655,34.78201497503592
17.png,True,1390,1392,3,uint8,16dd9010b6c5442a740aac48726248f1031fa32f38e73cd69154082f73a49adf,0.7866660041585127,137.78365246796912,18.717941473750127,197.80358279442416,124.65961023627786,47.87800813343893,22.47942303865075
170.png,True,1389,1391,3,uint8,40c652526800bbafacdd111fd0cf5bec06747587a11a2a98703adf07c7e23e47,0.7870635090508806,121.72108235682616,15.945422940938315,157.74907367388465,118.63521447545418,43.07026481029133,24.449702635184583
1700.png,True,3434,2847,3,uint8,d1d550808b8e9afd13838583e4743e936aa8c4c76711dc59c3fe8ad901e3aa8e,0.8632536114386793,116.06968442172442,18.51476860072634,203.99115804527167,90.7579161375012,15.81335844868251,22.656972606230575
1701.png,True,3415,2847,3,uint8,b08166f081b9f1fd8366b5a11ecd1db345715f40f85ae2279566b5626cf4c72b,0.8680748682669789,122.59819160932017,21.795640871617486,176.86515054114722,106.73071734937982,61.94324013868544,58.28219590159624
1702.png,True,3432,2847,3,uint8,47a9a07394716cccf66f45d3e38aaa6ace57db076e3e7b452b38b2dc005c937d,0.8635202205882353,110.84816553309705,18.383669929729844,178.96853146853147,92.94897872295132,24.32566976402593,22.180258066725568
1703.png,True,3411,2847,3,uint8,fe47d73c569e09603c27185d4ac6a20b93783506ae4926d4b5fcd94114393726,0.867429925351288,69.86240317230978,17.905490972012036,126.92028095190386,51.38079318290876,15.329512078084381,17.210250074369867
1704.png,True,3413,2847,3,uint8,7695a3d2a2507c53c986ebd2e2eb4f0a3591fc0f133994db9ccc4b8fd8683f39,0.8676037397540983,102.02375592448294,24.838020156027813,160.80272987521022,82.66825004349454,47.48901038069581,24.97148723458828
1705.png,True,3420,2847,3,uint8,a5915ff757ea7e5bc96292c5b1ec50868282d28b598213236e10e7a993ca1fa4,0.865926679870892,106.33270679677449,31.39254746148973,164.4961269451313,87.24609120607406,52.0290465878466,52.088287499385245
1706.png,True,3412,2847,3,uint8,397f17116f0e82daa18ad3736ed2725fe9f396af98b4801e4e676ee293f53650,0.8673338700234192,77.23626727138488,24.19897129941855,120.85586436029955,63.27705938192174,34.681067397953804,53.70196876995345
1707.png,True,3409,2847,3,uint8,2feb1d6ee55d4c8d5d2626ccbfecfe1de01d2e0ba357165e3c09528988e8da54,0.8680499780957944,74.67990915829482,19.137620896920332,125.70333979949638,60.029134532990575,16.2528322319828,33.302651559762175
1708.png,True,3413,2847,3,uint8,240ef8cf99e30bfa7bdeaf2922146e04b3a9347a730c02a1b7069b9fbd03949d,0.8675991656908665,74.50640559263594,14.238873361127737,118.18916268623667,62.28427123862546,22.82990647307542,12.929611485947746
1709.png,True,3410,2847,3,uint8,82ab54f19a5aedbc09ef26c7ff957413d8db35aabf0b0bd9be9b818bbab1ca55,0.8675122584894613,67.16553393195156,16.666027376541557,124.41975861941695,49.14952625501558,9.736063144907439,26.572541098417172
171.png,True,1388,1390,3,uint8,3f645e82fb07bb249360be87744ecfd59edd53bb1a0abc7ff5a840ea95162305,0.7871705295988258,112.62592680712216,25.107349205428957,144.05758221695663,103.39747218971686,77.67565271013697,33.745064717752754
1710.png,True,3411,2847,3,uint8,9571b00c25bbdf2d6fcc9fa5ac63338afbbc5fb875fdf94632613e58a3f93b59,0.868774699941452,92.81326769684365,15.33062964318674,149.97115328928317,78.72737515465818,15.40920314844552,16.153799816842046
1711.png,True,3422,2847,3,uint8,c1cfde1a8875a10bff533143fd1593a476fbd8c06cd84a6699757a428a56dfbd,0.86550029342723,90.78699093105055,19.077076897984373,158.40187311946434,73.12249968216298,4.4094800186464385,16.698791616045614
1712.png,True,3698,2847,3,uint8,e0a70f7410b8b1a030061ac321e9c97a16e2048d35f7859888a49151862d87a8,0.8031408629441624,156.82492469879517,33.16777379220363,223.59498444598066,137.7990568832708,79.63840608334979,11.497050368672184
1713.png,True,3805,2847,3,uint8,b0c5a407ab914a72564f5e12c269372e6a38756585599fbf2c26b99bad1e5a37,0.8955970545039165,86.48620055459706,45.920084418149365,160.69277372553708,64.05885903327012,7.342335571081237,14.723707882493764
1714.png,True,3415,2847,3,uint8,a838409e20e3d47ddf8df4d60947bf6c486aff75825d6aa43202f9e13c38a993,0.8676403322599532,108.30396389842214,16.284027712255465,160.88455191974145,94.48710243717282,41.48600589391999,25.13289505366054
1715.png,True,3429,2847,3,uint8,8f06ad221d05eb7fc099288f9136dcfa476bc399d42b1f1b1db4c51a2ae5e7ff,0.864342830882353,109.66119384733173,18.323946390368828,163.32621583254024,91.3169857667707,63.32931024399062,69.47502749967731
1716.png,True,3422,2847,3,uint8,af9f5024b86827c76a3ae0b32b0ad292eeb998a0ee5e1843cb0408908805309e,0.8659816974765259,115.64455927276963,22.927285646176802,170.7032311349474,97.3089881989189,65.60519586406255,61.65679566989214
1717.png,True,3412,2847,3,uint8,14298ea2eaed606509c5e64fb667edb967135aa4e3e6cbe8f9a88e6a38a36cb9,0.8679147760538641,82.66032664548057,10.625358105761611,160.81911176461287,58.28175412522991,3.2416638998245033,13.781113224533177
1718.png,True,3411,2847,3,uint8,591a7722de4f0824f52885bb9a27fa9e837bb4630fc908e32f6b55a279668939,0.8671097409250585,58.16954069979058,10.227849024818948,123.66387263874749,36.05143719239757,0.29498182738921036,10.292913076672166
1719.png,True,3414,2847,3,uint8,750be151b753c0d9f125b6d39be290187d5d0672fcbe58e7cb3f24b1e2197c79,0.8671829259367682,84.95868915062742,15.406759886963894,133.23616598184475,68.25533396277172,44.304952343778844,17.08934371298164
172.png,True,1389,1391,3,uint8,f34a92065e9e9bdb6ef30d58f454da0c75fd0e95d916f1f53c20afbb3c52ea82,0.786673648483366,114.10723985637867,22.0364565084094,144.4774972184298,105.2174289059805,80.20915950422459,41.15999579463029
1720.png,True,3535,2847,3,uint8,10fce87914e093ae8c95952fa0c85e272e5aafec699930dcea0bfddce0c16728,0.8392511756674758,134.8692405456548,16.170258383490363,208.7346230971277,113.80752958454543,49.587160730928915,9.450871477076777
1721.png,True,3525,2847,3,uint8,dff098b5902c6f28e3eba534223fde2cec2a86d9274f20a97aa97415b2e5e99e,0.8424667874396136,135.48701953229997,16.694591284097505,206.5122188871965,115.76546120419317,50.74021145058686,9.316600591454062
1722.png,True,3468,2847,3,uint8,827e293f9ee8f9f26b78b7763a5879b1cc78cf28f860320f87afebef21f7ec56,0.8546409970238096,109.67790099139198,16.242492827131446,186.9267284064816,89.15434046859866,12.740159536842564,11.215545396808679
1723.png,True,3422,2847,3,uint8,6a0b64c7d39c2f0071a6ab0b0754c7afb7b2d6b3f108e58c252d82b87c0b3e1e,0.8662659551056338,114.93648878233118,13.246569636209726,193.52603695294349,93.76344717719101,17.825852241152095,11.230617411621475
1724.png,True,3422,2847,3,uint8,0e8155a94b5a62fa27dd66e6958b79cf0b367637cf188eb46455f19a73d76e14,0.8661696742957746,100.92339166428474,15.814775524337229,154.9802987476313,87.70753009178391,27.16056891203777,14.033702642461616
1725.png,True,3421,2847,3,uint8,6411938891445018b654ee135eba2bf455e70cc663517858239f2b0edb9f0613,0.8655644806338029,81.29772233698819,13.26274609289088,150.0364479050797,59.45932517612162,13.436310185920865,11.842176039707981
1726.png,True,3413,2847,3,uint8,573eab6754598a0d768d2b8beb759fba73a5b7676872735b6e1c7e97d7c4c37a,0.8672881293911007,76.69656136279733,15.025428345207223,161.9235588840251,48.03011971942408,0.8504351036337746,13.551891967887267
1727.png,True,3551,2847,3,uint8,aab6387947c4360fbf759a8f59366f1ed67343fcd4a8de3fdac3018384cfc2a3,0.8349418826219512,121.67208494274581,16.384441310058374,200.35235150138928,102.73461667931375,12.826263329358536,38.349410925116985
1728.png,True,3411,2847,3,uint8,31e94b6ddf176abdcdd54622f7a5020c3281ea687b2a57c551d280bf5f8c196d,0.8670182596604216,62.981999567398745,20.465669504603884,110.53474790425796,48.22276326687804,14.205559453656273,16.86041665361559
1729.png,True,3417,2847,3,uint8,4c6b0dc97d036fa56567d2ff5a6f7cee4ec5845c8cc296e6bd5fc6ccfaad75f3,0.8659936694964872,67.01018872110158,13.983247467502766,114.31590845468422,52.314170720499455,18.54744965060451,17.42777521494442
173.png,True,1390,1391,3,uint8,85ad5e810144d37608f0c913a8df78db5b90815fe5c0ebe939ef7f92eab6fc0d,0.7858200073242188,117.06125787629006,22.724566579086552,162.79284750337382,107.05322381770696,48.58913193331974,39.344237903615415
1730.png,True,3418,2847,3,uint8,0aa97b428207ddc4d6cfde21ffde6b67556d3238cfd0927570654acc52a3ef4e,0.8659404342723005,68.60478525138718,20.28980048764563,112.36957304417807,55.12944216188742,23.172709559913592,20.03051979344661
1731.png,True,3416,2847,3,uint8,f225eca9d92ffae73a94c30c4abe996c4c5217a6abef6acc209407b4286521b5,0.8665928717798594,72.62494589829936,16.85606991484505,122.40244275776162,56.72858892208299,23.871116553536933,21.671017007948468
1732.png,True,3409,2847,3,uint8,b8ece260b39408b93714f817bd7ff789e42e65dd286b4dac72b8a8149e8e010b,0.8662291910046729,53.46309700666941,21.832303758094742,104.67050183856455,35.41961943294244,12.044525924286964,14.355274162905536
1733.png,True,3409,2847,3,uint8,b156ac4c1b43cb84451546cf1a3d04295cdeab273c76dd913c95ea0464032455,0.8667585426401869,54.94275500426455,18.52567564162549,107.576888247744,36.51627899630406,11.727295222651602,19.395542789779558
1734.png,True,3418,2847,3,uint8,1485aaaf892777ad8f6906f8f629b3850b2ca4d37a4395467130dd9abcc685ac,0.8657432878521126,63.934845812878315,14.327356656564938,125.05761826838038,43.54212541505807,8.612342383849938,17.84246504923124
1735.png,True,3453,2847,3,uint8,e4193a8b63768558d203ef192e16fa4ab0733f16cb8b45bb3cbfc4ba1717c841,0.8571765773104265,64.53273399746227,14.92864859972307,125.93341432466725,44.35631327447963,7.3546070570448965,17.973341958431586
1736.png,True,3435,2847,3,uint8,2a2c67a59ba3ee03f285feb649a93dd0a895340325141953f57b96f119e1f2f1,0.8622724425117925,82.4942010481385,18.961981486045392,139.67258759863026,64.84513513080363,23.36259075052487,14.78922092607828
1737.png,True,3432,2847,3,uint8,a09eddf33fe675dbbfa6d40ab1c4886af3df7ca774f889e85d54758ba34927f4,0.8629319852941176,80.56197343615197,12.963426809509,136.950051657844,62.813003930256585,24.012813275533354,14.790391134622993
1738.png,True,3412,2847,3,uint8,7582c94830f31487d12ae93ae090d69d1f1691eeaa807c70d224ca5f13b93164,0.8675945916276346,69.93816857078086,18.088839597519094,110.62565308392689,58.10966537851189,24.097381337747855,16.43580700962279
1739.png,True,3551,2847,3,uint8,d7be929c1a3d8a0bcc0599c5dcfed9a0d282ae1b0dd1101ab703ac453cdb7615,0.8342701981707317,78.87368240735454,15.177353775265674,137.3384400159881,61.54453834294524,14.732747102152686,15.377960894810432
174.png,True,1390,1391,3,uint8,1bb6010179893b91e238698a085d093363cfef51cf9caa5d3bb21efecb56e2d6,0.7859077453613281,119.70737934482408,21.385711674650207,161.09930055673937,112.53049931803069,48.08113735978371,31.917475440862805
1740.png,True,3413,2847,3,uint8,9edc32efea07669a3c28d27488a801497fe7e44dc7ff31f6fd374cee6139ae8c,0.8670502781030445,70.79627343609872,22.006699074671182,127.10627354160732,54.168871796495004,8.683321199843848,23.4496580900594
1741.png,True,1471,1474,3,uint8,c2fef45e204d71c32791a1d2dceaa5bfa598e21f47b0042ae7ebc1d83b9efa5e,0.7862570327788649,57.63875844635652,8.12117491400695,91.7793884594818,49.980107918914975,7.505687618492052,43.11890673782901
1742.png,True,1470,1474,3,uint8,26a76accba2bdd169e015cccc5cdc06acb692594ea20b824ce78513741300cc5,0.7883553999510763,94.54721490941002,21.579864883727776,136.91896111199995,79.9512166741815,58.5541430919378,58.21462993787493
1743.png,True,1470,1475,3,uint8,b86685d8f90b9954882579dc6d4cd078f4fb93da7c96a68273b5d9085bd8e428,0.7863932291666667,75.58863462596729,16.338790685715452,130.22242784024778,58.33949051099867,21.083572364288045,66.62121411735356
1744.png,True,1471,1474,3,uint8,c02e616c5335ab82c35bd68675c07c575ba1267de3d9cb37bf43d25e04aae40d,0.7879617172211351,91.63674595937057,27.054043205811038,135.25575292496944,77.27377810978095,51.17482391975009,87.77029138295937
1745.png,True,1470,1474,3,uint8,d435f2808059c8f7076f38cf6299ce978d1b52efb986e2c6d427803d424cf789,0.7819685665362035,58.500386141904706,23.83510868966495,100.31517488806773,45.034547480790664,18.166133888595617,98.38018047024629
1746.png,True,1470,1473,3,uint8,b1e0f6000d186fd070120c90c9fc3cc77ba0a9aa132695f038446b7d52093113,0.7881528253424658,77.30720735575105,19.325743338568802,113.8948042249013,65.90935278313918,40.02260845950166,60.8909280447127
1747.png,True,1472,1476,3,uint8,a5c2cc6f575dec5a5a350076029d7e2f89a13a538d6b0785187fec3c56ddcd80,0.7893873838062623,86.56409511497175,17.968538634727125,126.21472045088099,77.2898672825608,30.310450348377227,47.47825134902908
1748.png,True,1469,1473,3,uint8,6987b5a262b1dd112d9b232eb51fd3fb8c0a262caba6b92ee19fc5373f9f41a8,0.7865436949608611,65.87392181159949,18.034232161684884,105.04515392278348,54.56775275165828,21.33957771460505,78.55687225338788
1749.png,True,1472,1476,3,uint8,e63682617a0c8647f028371b1614d4726224efdfcd205a600e0ce794c1a3f3bd,0.78832864481409,119.11065104823226,8.025583910193337,149.71989120105502,110.86688613928592,81.1584130093284,19.161496007966534
175.png,True,1391,1409,3,uint8,e67a07a2f1fbe94fb474e0df3d1ca5437485b3f4f48ce13f0e6ba330db0072b7,0.7939549814356436,135.74522736683147,31.94093988864343,179.1286504128407,129.77309593979103,52.67159315098522,42.32778683997672
1750.png,True,1470,1479,3,uint8,3a01ea9e9169626b1ed6269faebb41d4340c9b7adcbeb8d38474d16c8eb51d55,0.7856627578585462,84.23701587301588,18.889806136032494,136.76920634920634,66.6519072039072,36.977269841269845,52.73469888473023
1751.png,True,1470,1474,3,uint8,3cd7837a6402bce08f1116f679d391da2bb21166f3c5cc334f769e7b7bdda33c,0.787029109589041,69.4844885193675,14.968866776493597,119.44008605617934,53.751180115777615,19.450177745833173,74.47659714489107
1752.png,True,1472,1475,3,uint8,9ba92a528e0c431961340941d2f292e36767316059d5e6ca5cf903005f1546d9,0.7860735689823874,74.36265328548784,14.412878033901293,124.87647693788838,60.98275325534129,10.736402446732988,46.65168161453101
1753.png,True,1472,1475,3,uint8,1951b9b6b4b4f1ed3419c226e5f96e6de2cc73a42c41ffb8ae66687fc9b0662f,0.7680673617906066,66.24425855059194,32.71918857733945,105.7758359002941,55.87943827102129,15.919109633691795,65.14792341785326
1754.png,True,1468,1474,3,uint8,51f7da2c77e8ffa074e1b1feed2e7777fbf5e112018511abcf072d2605012b1a,0.7559742647058824,46.934326241134755,15.861276564395103,78.0109726443769,39.04097771023303,6.053465045592705,76.08253140847621
1755.png,True,1473,1476,3,uint8,0541ffb22d4d933c440ce3e3a61a0f084722c2bd4e081107da08b3c980b52d86,0.7873425269080235,99.18471897239725,19.05412686447221,163.16451450042234,78.92602697165937,35.687058846374164,56.678047760060196
1756.png,True,1470,1474,3,uint8,8de8e0913150bc78b42e808e70de3e0bce98909b49a5e0eeb254e9ed6ee59ffd,0.7874877690802349,70.52581152442339,18.30190239277689,114.30502543294246,57.08564203618855,24.884867399238953,70.4743944681406
1757.png,True,1472,1474,3,uint8,547422002df983b460010ef680facdfc1dd397559add7f8d3e3c88510189fdc1,0.7817392367906066,53.60093972463428,14.871184430172997,84.96279238050536,45.056838183524995,15.322048814832199,93.14155699819928
1758.png,True,1472,1475,3,uint8,686704bb6a3537dfe1afacb86157a6d4b4c24dd6e49c41d88fcced9925f4adcb,0.7866812928082192,85.00320181128262,20.72384577146654,163.99031197010996,57.03922826145048,21.825770936882048,90.07303699539774
1759.png,True,1470,1479,3,uint8,bb0be250aa780817762db1f2987cd4840ae96dbd2e9e0a75fa1e2d741c9f793d,0.7852099705304518,77.3707631260018,20.932897754996038,114.33421947691465,65.92558348645373,39.34494604949373,72.54154099917773
176.png,True,1389,1391,3,uint8,1fe7d90e73d46868edade5677938ee675194e6d6509e4b0989ccd1d3d3d999c5,0.7867271587573386,108.18894929384501,22.096056269218266,127.86859249974493,111.24994048573357,40.77493890678365,19.508178467719056
1760.png,True,1470,1474,3,uint8,f2db44843e97ff8b3e44bcddbd3facc3ff286106ac743aec07242cb0afc6fafc,0.7884089102250489,86.72325995161752,16.05019241973036,143.85142990115042,67.7507720351185,34.5563694715256,71.75473872569148
1761.png,True,1469,1478,3,uint8,145b43bf6e0cfcd7d8be837cbd896787436f91f12940e6043fdf4a67ccc86052,0.7857701989194499,70.15581263612302,20.346128498992016,110.6353807537919,58.50354041938099,23.958530701540205,69.67256547309188
1762.png,True,1471,1475,3,uint8,d3f6e09f39446900659bda0214d835001c5bb909f45c935151a24214d57ecb04,0.7871323079745597,65.89744050422698,14.80591802575924,102.36916271323062,57.021006220288534,15.911449506892819,42.73936143959693
1763.png,True,966,1473,3,uint8,665e0e2677a92675e1340309e689a18908e61df493d1017c039ab376bb2d4bfa,0.8004789806547619,51.550919336567226,16.84229008498185,94.46136026955587,37.5700249803933,10.984387254190025,97.57254096049547
1764.png,True,1470,1474,3,uint8,224a8337edf95dc3de624c0e5d5c8e346a5c23853f879085242f5264c1e62ce5,0.7828094422700587,71.23496152494043,19.227438029449612,114.4166243506113,58.268300066403654,24.71493301042928,75.91880158915721
1765.png,True,1470,1474,3,uint8,b12d823e9c03c36011893ec062bfc9731f038ba9998293d01575d4877a608fbe,0.7883401113013698,77.86456085913069,19.87760169819329,131.82432425880586,61.646612203340524,19.834665826283,46.43006158931057
1766.png,True,1470,1477,3,uint8,900b1df4ca44317869062c2dd1fa7b7fbd9e1b1df5654cda10a137935aece4ea,0.7851217830882353,72.99571242518694,19.08772475902242,123.00575091092674,56.809185848564226,25.146289711283785,68.3223316911847
1767.png,True,1469,1473,3,uint8,51ceeee7fa21dd6800e080c4f6e972c5ecdf7ba7d31ccfe822b98a4a7df96d19,0.7883248226516634,78.89634474499518,18.046977789246487,123.64479202525078,64.58049657941052,35.240250956359,84.4254424350782
1768.png,True,1470,1478,3,uint8,89d8be5037315b03ccf5c4cb59a3e6688e9bea2b7ac356b69d9665deacf89acc,0.7845384638998035,70.73481465540432,16.332571038304813,110.93335028881378,58.34333380613038,29.091231897171532,73.90968281587409
1769.png,True,1470,1474,3,uint8,8b90b6f69a7e5795bf9d46d8c238a2da5c91762c3d83a8a3ddc2d6bece2edcda,0.7886764615949119,96.70721565548625,16.21559799536151,138.16261273704464,82.02660618484757,63.56576186252987,36.822398179614126
177.png,True,1390,1391,3,uint8,b133e64d3b5807393d18369e3036f8401a8bfcbbc18fd19f9f083e78da989749,0.7862319946289062,98.17606474338447,23.982377894417024,139.59262224292354,84.56972625736272,59.56950792310753,33.92397134032249
1770.png,True,1471,1474,3,uint8,4b5ee50bc824db3dce58cef86f82d32a14aa749e4ee029d6515b8897186a5a1c,0.7887529048434442,96.86644408154562,9.034703823131103,150.5282875321642,83.0422653285715,27.26178142399558,34.572580739596795
1771.png,True,1468,1473,3,uint8,dbccaeb379f6a3d29cf843c65fe209652bca4455b5b97c2de9b1e2f6d109e8b4,0.7681908700980392,54.470566827857816,16.69264292631802,92.37709257689815,42.986449972580886,14.179400767735181,90.20900928756832
1772.png,True,1471,1475,3,uint8,2304493cb4a6569031667ddb4006f9082a0256ac556b626172f20e444342996b,0.7878814518101761,89.37351735513134,15.240437628209243,143.01507749775632,75.38317607393213,20.68572537414801,43.190470989418834
1773.png,True,1473,1475,3,uint8,ce2769b84b7e9fbb4e7c8c16cc393ea886911bb6973f305bcf0bd97020e0ad65,0.7864328522504892,87.30975038394992,19.0634203032002,158.0926291335368,64.93293512704368,16.8866813118451,56.06720017912982
1774.png,True,1472,1474,3,uint8,e0159aef650cc8fd0cdf275a622db9abda116bc4897f1719dc1f4f4674c4d36a,0.7854658451565558,74.94099356213778,26.607005342266163,143.64045780353572,51.49584677595948,15.464139209646575,100.8488909353113
1775.png,True,1472,1476,3,uint8,327df2c9b50d3fbc1cdbe055abf20b86a36f55aa1977efb998fc91861bb501ce,0.7853511802837574,72.78906717670935,14.97012560938649,129.66606318105056,56.9797978323186,4.994403157592481,48.38198456274681
1776.png,True,1471,1475,3,uint8,cec4cbaf6fe399b925b8764ef54aa21f1fa3dd42aeb0f42ba04d67ffaca87de1,0.787545101516634,84.0584672429106,23.27921593907779,119.36260173649701,72.29822807417725,52.004736783355256,63.240222620908135
1777.png,True,1472,1475,3,uint8,8aa90d5b11c69d255aadd7dab83deb71bd22f386fe6435290b85444c835d708d,0.7864481409001957,82.4741932348367,18.01658193879662,131.9297433903577,66.24378402021773,36.31213063763608,69.39125736571299
1778.png,True,1469,1475,3,uint8,d115e8f5db2baa0b701f45625d5dbb59b369ae66ee0059c7601843c781a6f10e,0.7882621017156862,78.3935461616569,20.93564852643398,109.53044002118243,69.61997949774329,41.88967162380788,40.73776743880928
1779.png,True,1470,1474,3,uint8,3dcf67a3b3e2fab224a5b74c08ca609a52bf5a843401f8c79a5ac387a644a8b6,0.7883515777886497,89.33395068312502,26.02064605768891,131.97821175421075,74.82405046107303,52.18099176759205,59.770695245592854
178.png,True,1389,1390,3,uint8,2571b83fb92c46d396d9fc531fe1c1045b1852bc311fb2e490a090b33b3faefb,0.7877731323242188,134.8716091230449,28.07124573773592,171.79824705825385,129.9163042951915,63.514139751101645,28.879454404604832
1780.png,True,1469,1473,3,uint8,190636247ec0777aab44c81591d887c3222b0714483a1f808220ed08e8df5e0b,0.7869985322896281,67.30843985546663,19.489504395788444,104.30359293651411,56.649827103893074,25.134242171108866,76.1796403094413
1781.png,True,1472,1476,3,uint8,0ac24f5a393a1a15940f278b65339103da1570a293eb0d0d323be7fe09b539eb,0.7878050085616438,97.80787424496033,16.04336205950251,157.4423501443369,79.85292676418504,33.8395701428814,41.9519168593057
1782.png,True,1469,1473,3,uint8,9c7df47b87f2279cdfd750c2c993cb0cf0ff4415fca95dc45ba24bfc583e8fb8,0.7845943921232876,52.7126245280721,17.860944961881575,88.5509682133723,43.78971623431981,4.673910607721349,71.44969635211004
1783.png,True,1472,1476,3,uint8,eacfa7f37a28fa89f718111db50298b43e14532759d21c6323f30766ed70762b,0.7886802837573386,98.29372310316752,17.39043580654598,143.06065114565968,84.61505059512271,51.28973461791959,38.90745667850804
1784.png,True,1470,1474,3,uint8,b306b373bda8f3b54fef8c6b051f0af305d92b4e22ed1995b1af9747d2a9b9d2,0.7875336350293543,83.69091067927239,22.835716856812383,127.36312632253305,69.82153811807187,40.53211935314787,65.3445386965484
1785.png,True,1472,1475,3,uint8,c3186a750c75cb9992c044237fc675ac3767fb9794bba9c67630d03c819558d4,0.7894905821917808,105.57703479927962,19.365154385943292,145.83391428958734,91.68157303588373,71.53754429791437,46.501734294614515
1786.png,True,1472,1475,3,uint8,3489ad3429853117d036a8bfe1b0cf27c36ccb4dbf0272b90a1bf1348d1a7716,0.7875603901663405,92.03139514003814,14.401745104187684,159.54351592566888,72.29088914880296,16.579400245570273,48.67487456549018
1787.png,True,1469,1474,3,uint8,38ba44f40aea65950dfb49480faaf580f3840d53d473693f2431b52c5898f92f,0.7870059742647059,74.46158450241602,19.277815947849966,113.59841948779336,62.53722816698539,33.18868824299402,70.68022071788968
1788.png,True,1472,1475,3,uint8,aa80a7d1c1e32c431b0240abd6d06d104b40f3831ccc5003e475306eb5fd6399,0.7870902641878669,85.67175906141952,17.12735843348878,135.85142379860923,69.92084612097432,35.14446796938736,49.75522005903372
1789.png,True,1469,1482,3,uint8,9578bc3c5fd38c3003b1dcdd91674c1298fa3238b670055272c8daf60b8dd129,0.7453171136811023,54.61706232525509,17.576201362553917,77.38044610892733,48.37476141838703,27.032261392594428,73.83894199054474
179.png,True,1430,1391,3,uint8,43b3ccd047d0f41d2798ba1e2582b9b57603683a1797183f6b080aced97e251f,0.7669545368975904,123.62077164991946,26.621294506302018,151.1468896218455,114.63388305080412,97.6958042494439,52.30026723755635
1790.png,True,1471,1473,3,uint8,9e5e05a0850590c1f76699cffd9f202470a4ad52b44171d885d6a4074ba494a2,0.7871972847358122,79.06317368758376,15.546382123229721,119.73850239857057,66.46838645147507,37.20508263901027,58.061940005628536
1791.png,True,1471,1474,3,uint8,90e5cf62778d871c2b460971b01d14987472c6454dc02061cd4cc1deaa2c2aab,0.7885617967221135,74.36195004677359,15.45434341869495,123.02752129046642,59.490705869237516,23.275629747034845,70.08173149491981
1792.png,True,1470,1474,3,uint8,a4acb49336ae04f8dd99136c8a9ddda3672b6fed25a430d6fca4b703dcf721df,0.7868494679549902,68.28642071260292,23.677804287966914,106.65527894493964,56.383989507687076,28.938921137638744,78.37429597011261
1793.png,True,1471,1475,3,uint8,1a3ccda6d7ae068d5415f194676094e912bba9c31d6e68cf8fa9f686975f8a32,0.6294375305772995,41.49640820738276,9.135946859400505,83.75354776810926,27.34312397908684,3.5535004038110043,121.30582051179734
1794.png,True,1471,1475,3,uint8,74931f6b6c0ae0534d1c7e8b17ef9bd98d54fcbb2adb0ab6b03b475df31062ad,0.7875336350293543,89.27411135485625,15.380866997689527,142.4109364990002,71.88740754401972,39.39854594164353,41.382269306031034
1795.png,True,1472,1475,3,uint8,e25a072c9418271f8996599758d6d6195f8e7f0e8f77c0d749ae301d38f3b16b,0.7874342588062623,90.30674018775059,19.15873787701927,139.90064460386955,73.48181712277568,46.8300682464639,62.46889392151192
1796.png,True,1470,1478,3,uint8,8a17e2bbb088da32d03d7b6c0d31a5805732cb63abf34f8dbd4fec1e9389997d,0.7847840434675835,75.79352242556999,21.32470679900456,119.48428767706005,62.22513580512515,31.034162751013344,66.02408452225919
1797.png,True,1470,1478,3,uint8,215d8f7e8a9f71f54e6cd35cbec11f5b655a524979a287b86076b21fbf505d51,0.7857970591846758,73.43252191322607,21.604142633970373,107.94133359376907,63.27565007202676,35.20783260492712,63.54710856626423
1798.png,True,1470,1479,3,uint8,2d3b81aa806f47e79852c550aa36e5651ce0cf91fa45f7a81ca88ea70b27db19,0.7844003253929273,65.85102313363109,12.600915269411024,123.94943278821647,48.461982868687656,3.0165002617147945,56.64882475723034
1799.png,True,1472,1475,3,uint8,57dd4d76919c40be531409461294e906d1ae88c5331ed599f6df62fdf19a8fdf,0.7870367539138943,76.2000932428101,9.678480692779088,146.39336810513126,54.71144749749896,2.8047680099459,34.437247535408844
18.png,True,1390,1391,3,uint8,0b1d728e450e28a00983ee269674efb325607d3aad9f15072f9db15a8b646e6d,0.786529541015625,143.4249893299189,14.184505947114419,191.36559092849106,129.10866022581772,91.37753656927792,24.1046469204783
180.png,True,1388,1391,3,uint8,ab718d4123b1358786fe8dcade10d94ae74d805e55fbe36ecd37df2267824f8e,0.7873043052837574,121.87112591269225,20.51793232703638,140.95188461239707,115.8608484154109,102.75982600590338,33.34931201159923
1800.png,True,1471,1475,3,uint8,fa2114d652611b480238829ff4882c33c9bc34093d51aee2479ed4bf4bd35ffb,0.7871170193248532,70.05932454415228,12.323868286225423,129.189914293345,52.8289460266589,3.690761648092845,48.920976329552886
1801.png,True,1472,1475,3,uint8,d21739e31e664dc266000ed246378de82737f4ff9f3ef8c244d75d1f2f182bc9,0.7876750550391389,94.03076460226804,12.077308053243714,162.76219544742116,75.12995375604739,11.082414196359684,41.97900074598189
1802.png,True,1470,1475,3,uint8,714c531ca17f2f652b2af547c3113e4cc9e9828e9751936adde56334a3484d7b,0.7872280943627451,54.91034777997772,8.539717502168486,88.92395444661196,47.03796439986184,6.218013144516712,53.198460158980524
1803.png,True,1470,1475,3,uint8,65fb29fe8be5f20910b3ee94a6b98544b736122db62d5e543508499d40f93faa,0.7868527879901961,89.73992397657973,26.654109474862775,129.1343891600921,76.73434632999616,53.35868745224201,57.85611073005537
1804.png,True,1471,1473,3,uint8,2d2b0c59db87b08d68f9a6bb316ad8e411a3bf86570af56ab870d94adbc2c1b3,0.7887605491682974,85.60303346013131,24.94682897532247,120.53659293000267,74.14626026700265,52.9558500714753,63.914043574540536
1805.png,True,1472,1475,3,uint8,e3647563c91b8ce7ca30411b46019d9cacb791963a94eadd41df5aa2573ca8ce,0.7877667869373777,89.57949588801824,12.597710534600393,158.2275199534218,69.30585381237718,13.942145993546978,46.93233243542649
1806.png,True,1468,1473,3,uint8,7723253eb0c65dc78641a002f715b38a5502395e2036bc49ec2e6caff81097e4,0.7880859375,88.21880117598464,20.67480332599807,124.31267585100954,76.12438710304444,55.8134849478825,31.5970593183293
1807.png,True,1471,1475,3,uint8,2d07a778198f996ebfc378c76af6c9c01d56d4d22289d27e246dcc350ccbd303,0.7868571122798435,68.80461657283585,12.300800408338418,129.55222546595618,49.834213351338484,7.1565428164786,53.02161906108773
1808.png,True,1470,1475,3,uint8,b010eab01b36e5c8824086984ab971505d34209927837ae59e390843b9fe9ca0,0.785006893382353,61.009805786877806,15.345685117123544,106.63505885911377,48.583961440328615,5.332079558593236,71.70155237362083
1809.png,True,1471,1474,3,uint8,8bbd2203edff77a2c941dc08a3081dbd50c606f847b89e0439d7fc661c025552,0.7879387842465754,71.58663594470046,15.141676176021232,119.73190880426874,58.87060392917778,10.762168324035896,51.64817506969702
181.png,True,1407,1392,3,uint8,100cca6ae8c35b41b705237cbf53cdd3f1f86aea10a478c8f6b7387019096969,0.7768545056706114,128.23407832033283,12.80700054844432,168.3415121566605,122.01086983472099,55.03848576061569,18.504013659791017
1810.png,True,1470,1475,3,uint8,60d2ba525d4d5104354ed89145da0f8e6e2eec34d790540edd594c4e45114c4b,0.7835439644607843,74.55769089780497,16.61785936857785,121.04678908499064,59.81874300460902,28.48399552294977,65.63383333404876
1811.png,True,1469,1475,3,uint8,1f89ecbd3ece8db0e6c36591b140f0dae4271bc2670eda5e07ee1b22a74d07dc,0.7861289828431373,79.58871557040833,22.872753231789282,124.31604099886006,65.65963054259186,33.96654715161199,65.97122469313544
1812.png,True,1471,1475,3,uint8,1b88caf54573e0b2fb6798ffdd19104c285205e556b7c6d938d97f345694409e,0.7880343383072407,84.22104037831939,13.74223469153224,136.80523341821268,66.50612828907481,37.493440038801985,61.08799795237094
1813.png,True,1471,1475,3,uint8,25c10560ae6bfdcd12c02ef1c39bcc75918f2834ef39c9d3e9f0a4a61797e863,0.7858327727495108,71.79182778126352,19.812236416853725,113.7590552483232,59.32798311275833,25.883666749351892,47.58894304368448
1814.png,True,1469,1474,3,uint8,71bd01d632e9fd3cf8dc320ceb59299f35c436ce8bf2e1c5eac6c935594abf0a,0.7864315257352941,69.55857474689924,17.745194174172205,120.01478916792061,54.162675977463195,16.464449021928093,58.168759806080544
1815.png,True,1470,1474,3,uint8,6599fa769ac5aed1e876f009b4d1bd14fafa3700cfdab10b35f8b1a8288b910c,0.7871170193248532,75.67876757229223,21.09085916360136,110.83916284264453,65.33429480175784,36.70257119965037,57.477130910128274
1816.png,True,1470,1474,3,uint8,4c181cce955168ac1e64d8d4d0e29199159748b17997f4141beb04488254380b,0.787109375,72.57099639203042,12.005271440380868,115.31072727537597,59.38686368867544,28.337876882286956,67.36624179556229
1817.png,True,1471,1475,3,uint8,8fd5a76300dc02798378b07c6354eeff1d48c0a83f2ed6a5b5858f116b9a73f7,0.7863831641389433,84.37984281360727,17.10690023092693,136.50159665213397,67.24790636862494,35.868097578046395,58.78884730151896
1818.png,True,1471,1474,3,uint8,cdb6cc43bca937a3a77655c8e8daf6c0f73e53ebcd4b1b73d61cd913fcb0abc7,0.7870635090508806,80.01687054744295,19.420929809409788,124.01265048246658,66.7504576997975,32.906959465037566,69.02189082086265
1819.png,True,1470,1474,3,uint8,3b83ac8e6825026c0b64399f244446066c3623efed47f2e203085b0d54316d0e,0.7869832436399217,83.32990286546867,22.36837639818556,123.28729966002913,71.01227294803303,41.9495531811559,65.32027736244926
182.png,True,1396,1392,3,uint8,1d5908d3d612f41d3a2b19f16eaaafff566dc4ea400b3de68f91bc05b6c82de4,0.7830311276908023,129.86629797038063,14.182914755508733,167.93200433454064,123.88350433942186,60.82525162789335,17.117929040500584
1820.png,True,1470,1478,3,uint8,d1c2650d3edfbf2567601bf992735fb6716066ef20e7ca3de397c149585d4654,0.7852675282416502,72.7582080362771,17.783870956629514,119.28003342340713,57.934399233802594,27.05547601479621,83.05730622060602
1821.png,True,1470,1474,3,uint8,ef65af7441024c5f89498796320a6963875058fad51609326b66b3e8f9dcd9bd,0.7870176431017613,81.60147929425135,20.93938668759693,124.53125409768393,67.84957432652288,39.80727894361101,54.057078582723214
1822.png,True,1472,1475,3,uint8,8d1923fd821887ce4712524be3e90a0c1c2262a4e619789f8db851f895c8d847,0.7881528253424658,72.293749939381,23.247234129524074,106.32883136281194,64.19737059057448,24.68797707147222,43.98696203812744
1823.png,True,1472,1479,3,uint8,9d03f925df53ba0bff9f2b6aed5d1450c60bb4ff09f5467bc44af6028efa4599,0.7838426776960784,57.56870581452728,12.263865432929082,93.6339989349072,49.08867630461654,6.628326582859823,50.89536964975786
1824.png,True,1468,1473,3,uint8,c3f6c2e5e75aadbe71ce51a0ae5693a9bd062c06b7637f8249f824140b1cc671,0.7869868259803922,64.12099874451333,23.726529779763766,105.33971620161753,51.16464880436793,22.71304343594585,90.42005127346235
1825.png,True,1469,1304,3,uint8,a62ce913c8bd779622b2458baef24d8f8070ecfc8d200b7015f7ef2059b8a30f,0.6359314771475771,72.97195256425,25.996520730362466,104.34392948227924,63.17024644671596,41.14038600740084,58.65046957482766
1826.png,True,1471,1475,3,uint8,162184481ba9dfc6950e8066daab82ce33813468eedebc90806e67ac0aa92e6b,0.7900103962818004,121.75967623323592,30.820776670933622,158.3528051400151,110.52555009385947,83.60818028757765,33.11394712797909
1827.png,True,1472,1476,3,uint8,2ffaceba2586e5753e0e0a8054a031ab504fb4a36ceddeb14163bd21adf4d3cf,0.7877667869373777,99.31216612891487,17.164107511297555,165.61162999442033,80.15406710172,24.05475364498678,49.81067689936155
1828.png,True,1472,1475,3,uint8,f9dcbbf479a4e2f19ab80b7ec2f2e66854389e550f760b16ac547ebea586425b,0.7865589836105675,77.55142889075704,11.702972699609175,131.59321926827965,63.31264547667757,9.09120506926998,47.45628067169787
1829.png,True,1471,1479,3,uint8,6a7b358ebc0e5d63b00c9d3ad9e07ebc71a1402fbe03e404ad589bf3388fe2f6,0.7852828769646365,81.53034678550313,15.136752818975879,130.93052562655447,67.44295898871738,24.48307117971571,56.80695874636765
183.png,True,1409,1405,3,uint8,0484e85993a6fa734514464d816650bf77274c486b111f5b009ea18e11922a13,0.7719239236790607,164.23065458506636,19.068944661734662,194.16017033075858,161.7919588037235,98.25920974450386,11.065239929012332
1830.png,True,1471,1475,3,uint8,bbf7e12be481e0c9d86ef394d7fa04ef82b93ba14a6058747d28e5c03c32c1db,0.788527397260274,89.60279975182256,14.674364639771108,138.71133375988833,74.95451372731503,36.19615228013029,46.09966245099254
1831.png,True,1468,1472,3,uint8,6e9732d239f792802e75af1988198098020f4226f577efe3be272ac59507d423,0.7875183463796478,62.45732867404387,9.889366371913098,111.43641040574646,48.87042321879247,3.993734226363813,42.25463885836534
1832.png,True,1472,1479,3,uint8,530309fdbaf3f6ff1c63e6484d2b1e820a939fc74d0f8e40e75c57d46cebcc7a,0.7854970894607843,87.62249828140159,16.2907641077514,147.00029252738787,69.77507569146161,23.761663310727467,49.310673695968525
1833.png,True,1471,1479,3,uint8,cbb29452a33351b801914118df69eced219136e14aa136712810076ea4d36253,0.7855361308939096,83.17950145811047,13.847029679775282,147.9342702364728,64.45393885217153,9.753532925941666,52.19684930406883
1834.png,True,1471,1479,3,uint8,349bffa1572ae4318239174f9e769408d27b174d7e1e00df94c2c822b523b731,0.7839743983300589,60.172600460085164,12.251642460329569,114.38243845137292,43.597126914982134,3.343027751945573,67.30317399084187
1835.png,True,1470,1474,3,uint8,7f6eca63de7607f26353d228b307e421ada03af0e37cf07bded86e974bec98b5,0.7869985322896281,57.26550722666874,14.866302001507355,94.8206057191701,48.24850901390939,5.178510373766415,48.59375281374349
1836.png,True,1470,1479,3,uint8,18bf7476fb66516fbfba9848306c348ec12b5df807ba500e13de01dd1a8b26b8,0.7863841478388998,90.88026622685885,15.899785513171398,130.6197288936166,77.91077789380203,53.42233260791068,36.62712601636176
1837.png,True,1467,1471,3,uint8,4a6110c487a61161042bef25b66dec5ac7dc5ae13259934f38575c8d49a19169,0.7875642123287672,72.85132393764681,22.73020742216941,111.89178459806263,61.030113757692234,31.300972570030865,71.9567050959105
1838.png,True,1471,1479,3,uint8,f369b378ba46f3711ce06b8178960dda073365fc5bb077d0a95905da0d021d5f,0.784507766453831,82.74686596657357,20.2339031989807,127.35565348815597,68.99113226281371,36.5514724943629,53.22783208140146
1839.png,True,1469,1478,3,uint8,6358ed6872833e286fc2b19a4824aacc1902a5bfd7408453d6236028b734518e,0.7841816060903732,63.43702413340902,16.938757199741378,106.48985633477521,50.78773169442759,15.638130981973342,66.92842017428279
184.png,True,1465,1401,3,uint8,441ef5088bb35bceea88f2fa38feacaa3d6f5bcd533e0b39c0512d18036e8f93,0.7461774553571429,142.6264229357749,27.651233499680032,192.77854819151608,129.6890187552417,77.69303582780006,20.624785841182504
1840.png,True,1472,1475,3,uint8,dc81fa776cf31d5bfe66005e07f8f2929d7d355357cfaf72edb559d46a8cec8f,0.7823316719667319,63.01087535359556,16.12008177550177,96.55021179091571,53.244329035630706,25.314647528128862,72.91531959860798
1841.png,True,1470,1474,3,uint8,0998716ea10419f3ea309587f7127e524adbe41c0de35f0e9d8aa8ea6d70fbe1,0.788110781555773,88.975998448071,18.4315019965001,131.28151992046364,74.79694948956086,51.016271005601496,50.12115493320192
1842.png,True,1472,1475,3,uint8,cdb16d94463880abe4c879b8dcdabe7ac890be171bc6eaa4ab471120366fb1fa,0.7890892551369864,105.3233745537682,16.938603143703038,161.41378825968388,86.63096812318662,54.43446144605742,54.63197094819582
1843.png,True,1471,1476,3,uint8,381414fabf455b9ac505e4630c23240128cdb7483d8ce11683952875a586f5a3,0.7428615196078432,58.44527673526622,23.054841355912796,111.53494246710933,41.02142017569184,8.902317812512889,83.95827762557145
1844.png,True,1470,1475,3,uint8,c6aaade7313e4de2fd14ea17b63dc01da90ab1d9a6458db6ec4423d923da1b21,0.7865962009803922,81.15286081520576,19.216356011886138,121.53144657150091,68.50759021597305,40.34753354495706,50.02914916218602
1845.png,True,1471,1475,3,uint8,c9c7c5a81f330f6d265218faec0de9333ed618494455759a4884443942fbcb97,0.7895861362524462,87.54687991635242,42.038016028233095,131.40912765452777,76.34608216631733,30.132930908457215,42.420516628919145
1846.png,True,1470,1474,3,uint8,555fa1973cebc2faa80b4a73f052f1420e0e339ff845e1d903b1c65dd8a72a11,0.7886229513209393,87.68366540815882,23.515419790587583,130.61642813177014,73.17159972665016,49.791750069064456,52.28198845563833
1847.png,True,1468,1478,3,uint8,aefa88ed15b4e04bf4369e075fa97105386c77f5837fff2604bd482fb0bbd723,0.6419871991650294,53.0678692463555,17.91757462338606,96.048145026807,40.35716377676965,5.784019795943983,80.61337685651733
1848.png,True,1471,1484,3,uint8,997b40134601a547102ca4815d72c457cf8c86b9eb83aa1281a3df54c3a1a209,0.7829070804625984,80.25970014388771,18.53205272089298,125.31165195868998,68.15805550235476,24.38243685882798,50.77179439788762
1849.png,True,1472,1475,3,uint8,bf199cd1030c76449a244625fb29d8902d3285ef16fea2f9f0ba57cf9239b75f,0.787258439334638,94.25500553473287,18.92917751851,180.1104130658536,63.66674596547104,26.563251315712815,96.347331172143
185.png,True,1404,1393,3,uint8,2fedd14f2842f622574a3cc7b5c864ec027a5c2eb55eb57a31beb4444bb3dd67,0.7774744709645669,121.95816396166514,22.09452772727177,185.54309210851656,102.98369086827087,52.860526758251,21.756997114068152
1850.png,True,1470,1473,3,uint8,2838a14763beb70d4a8969bbbf255d9a61b1d926a589e74d9fb9e42c633d03da,0.786406097113503,73.43542860475628,21.13013981497575,115.77911435778546,60.668780893224266,28.089866779425417,71.96716734831278
1851.png,True,1468,1473,3,uint8,b15ab6a0f5205974087c13577f087ab3e4920910440d8b2ec63f051986df7ef1,0.7871170343137255,71.84184457894635,12.709676726406132,122.31924469182414,55.409186890605845,24.0426113695191,48.41467017406958
1852.png,True,1470,1475,3,uint8,04ca862397c043bd1b90e86973e054d3a2a54c4150041e44eda542790d7ada32,0.7868030024509803,77.46071550255536,16.927473228146418,114.87141883669993,65.87878802628377,38.97319055731322,47.7130886198561
1853.png,True,1471,1474,3,uint8,9075361203b9b7943300aa6fc039067ddcfd1cd483859f333567ae8d8921042d,0.7884547761741683,96.52025595656495,20.606305232983903,147.14222556172285,78.6446469689992,55.77783648835349,92.25796964036981
1854.png,True,1472,1476,3,uint8,6274d16df9ad884b66d98bb554b9de2b3a726d285e2323d995a9cc9800244b3f,0.790113594667319,116.76695417450742,27.68547242912676,150.28750139077684,104.58032885221,91.58404887794542,49.36023944874381
1855.png,True,1469,1474,3,uint8,150c45adb7a46cba72dfbb7bbe4f7220cfdbdb66f3b2af27318a41625ec0bcd7,0.7875,81.18502470432618,17.553964714432635,124.30180613912232,67.21276844070962,40.02088196389667,57.073850591910045
1856.png,True,1470,1473,3,uint8,c245f6ac0ceced098ad9640515c916766e85bf482f79dc8c6c170c99ac851fad,0.7877285653131115,72.95738858293505,19.024331494270132,123.02493995487518,57.073330260316844,23.4127999223659,79.19559875251545
1857.png,True,1471,1474,3,uint8,9be93818e32588def5e96b1e264edd699310d19dbddae2e4dfd03da4d1448ee6,0.7877706090998043,90.13234937362328,21.703233457529755,152.95445062249522,71.09846389721794,23.35105237111001,54.98356423012962
1858.png,True,1470,1474,3,uint8,38bd89f37edc5e9df34e474fa61050f299619f6cb6fcddfeeee23f49022965ff,0.7884127323874756,89.94606203399363,22.993932752693333,142.78722960722146,71.88227309307038,44.340905785508596,66.12062908423063
1859.png,True,1470,1474,3,uint8,85eb70799500769fda97cd1803460b42b15aa955ae6baeead70c09e79ab159c5,0.7872393285225049,59.29640185078192,10.09600652375012,96.303689425976,50.33300965688678,8.363873824447605,48.321564573714866
186.png,True,1390,1392,3,uint8,0f8c185a3c7b8484e9cd642a0ad77b20361b2137190a02a4e217b5ff0f5803e8,0.7864022749510763,135.79818515854345,13.865004333625834,174.1247594144293,129.23126834768746,69.06743200419932,19.50426109052557
1860.png,True,1471,1475,3,uint8,5f5c02002b8bd878b3852f50e7c9e653fba3f4354c63363fbbee0be42bc81f1a,0.7862226333170255,64.81852300183276,10.650359646070896,105.07691746758645,54.98254262254437,9.836033854964244,47.46079681701938
1861.png,True,1471,1474,3,uint8,746545ce62694ac99883c8766f96cd1c155ec74330ed0a8e8a3beadd9af607b2,0.7887376161937377,95.63638125790492,16.405259475546398,148.7916495040197,76.43504765966108,55.08680018802185,75.89265648820567
1862.png,True,1470,1475,3,uint8,9a9bd7b11df6cba27373642466b045577323df67662b0490e7c352e38c35993f,0.7866076899509804,72.51359062118121,22.942576189440715,124.71660037293269,56.873694613897825,16.117366686303242,71.84519529278201
1863.png,True,1471,1474,3,uint8,6ee2502ffc6c14865460d8fb8b483799637ac706258bf6d133e4bc9179987078,0.7872890166340509,87.1467763860569,20.579655562656583,129.8845616079231,72.90271871055442,48.392504126614234,67.83594929557229
1864.png,True,1470,1474,3,uint8,76eb9756d0b95adf743d357e45be6ca2080a49ad59254097e47f2031563c1869,0.7874304366438356,87.90211487401525,22.515962577480767,135.0802894906731,72.06912050947253,45.65267914783731,43.816620228563785
1865.png,True,1471,1475,3,uint8,5b01979704b735ebc73f020451ce2f0d45cce0f9f228d02bc721f32b451008ca,0.7884853534735812,86.32642891421425,19.925643588064187,129.056094971715,74.20663813120174,36.63010378442313,41.284032023224675
1866.png,True,1467,1474,3,uint8,64afaebba55529910b0a3959ea394714828529c92e5e7ef50f3f65ae4b9d690d,0.7871438419117647,62.16825030772749,19.901229255672984,107.00348838906486,49.34120531869864,10.60540335410798,62.96748629928482
1867.png,True,1471,1475,3,uint8,d2665163663e438df15be38406933a67ca875824a851c119f218171df06e8a8d,0.7881986912915852,95.42257222938832,18.48299648904286,158.57693314841575,75.69980797020628,31.327532029211806,38.55612299126733
1868.png,True,1472,1476,3,uint8,dd5fd0e87300362839ee09d6dc5053ce46f4519e99a295abd7d05f067e8003da,0.7865475171232876,84.19992127744356,12.837847839110676,138.5187038962806,69.14172975809822,19.229408220189907,55.26584016492611
1869.png,True,1470,1475,3,uint8,4703d77460a441cecf11421e640a52ab95a64b27976b3c92a7656a9ae9717c51,0.7887867647058824,88.74738794375826,19.841509461771235,120.45320632331236,78.64057523498796,57.638152528548126,45.38281608312958
187.png,True,1390,1394,3,uint8,597bbbbe0364f7381218cde1bb79090cfcbbbbe8591db45bfd74b91c48723c31,0.7852250489236791,128.07758956386292,17.506280751861784,156.36903718847353,122.26635514018692,83.77722936137071,29.76322953569925
1870.png,True,1472,1475,3,uint8,43b5460f3ace876f41d91a3fd388b8f6f6879b3bcc4624b6812be26ed62ce09d,0.7881298923679061,79.84229388942774,17.13582055366709,129.97517458777887,66.72233753637245,15.875916585838992,43.64779236879889
1871.png,True,1470,1475,3,uint8,7ca84a3827dfd3699412c1a46cc9e7d596b197594b424599b5b20d0b9f8d7c11,0.7874310661764706,74.58439114068108,13.277435636652358,121.05998618771095,63.30714348244769,10.746340229750892,33.965450892756564
1872.png,True,1470,1474,3,uint8,b8f650cdef297b7f2df0261667f0881525be05a3f2e5d0ac2239dbcd41efe404,0.7867844911937377,72.38658621895767,14.757672704940335,124.34062512144884,55.61730014379542,22.44067953052738,63.81223508680026
1873.png,True,1470,1475,3,uint8,c44dca7bf4acd02ec0556d4830f324af42367cebe10ba327488cc5bb99c316b9,0.787124693627451,90.23160158416613,23.032700557999192,138.99118394036995,73.69511127112789,47.47317718722936,73.88080361778565
1874.png,True,1470,1477,3,uint8,4b64bb5b518b825690c9e8c0f7fbd1cb9b8099a6d339b6ea0836da48e6c765b8,0.7242455575980392,44.18891150887026,14.449492099953375,81.01585278798615,32.15943737937234,9.52608730137747,118.24394713966714
1875.png,True,1470,1484,3,uint8,87be5d593a057377362b604f00a9b7b19fa2a3230dd2de34155a884da000be93,0.7833032852564102,104.1212542971382,21.314450525395443,153.91923593317367,85.94857204683942,67.05724599548523,52.146118945234214
1876.png,True,1470,1478,3,uint8,b299e129c33ca2124bde0c33f707e9c8c8fcab5e0b9270138dca0b254d0588ee,0.78527903978389,76.41463474224285,16.7851948610397,123.14516491570974,61.68683117517713,29.668683117517713,73.03737876151826
1877.png,True,1472,1476,3,uint8,ff6cbe2c2af24e7f71661412e3aec30c6abb24fd07305c1b3ed690956e2b75eb,0.7887567270058709,96.26610746060359,13.58181254949573,139.50474889031034,82.8714310635576,51.7972466127813,32.55514944052496
1878.png,True,1470,1477,3,uint8,317ee5d92a5d1f070c1464e4eb93442a492627cfbd65db58cc4e1f658ca82d4b,0.7849992340686275,74.33114123885862,18.249857243572315,109.73059191429365,63.73349465067153,36.03184716483152,68.10781550731252
1879.png,True,1469,1474,3,uint8,6554b331186ba0155d13622959eb75ab4ece48637c9093a34c1841301586d550,0.7884880514705882,137.20667832337656,28.896424728216175,192.9698091213755,124.07517120792656,58.5507504006994,203.86873561706605
188.png,True,1388,1391,3,uint8,e964cad53303c1f533b4a62c05b145808d4178930b3d334fcc9e5972874b89eb,0.7875107020547946,123.45238742367913,22.353620763477558,158.61997786816025,115.73450043195915,70.92100000970694,26.59124304868431
1880.png,True,1472,1474,3,uint8,c8307dd9c6785441f79eaba4c5e1b454d2c0450761aff2f548fba32e9e626f93,0.7889937010763209,114.06828112737736,22.969509092868243,164.5890246383692,95.01972135293035,79.64405646575528,91.45094833271278
1881.png,True,1471,1475,3,uint8,bffbf1699c6ae0b0a5b8b56f7739b81cbd28cb517bc55117e833f47bfa074e89,0.788160469667319,86.64276846679081,14.858984190021324,154.93689381595283,66.34125737119801,12.077421826505276,47.29817965162743
1882.png,True,1471,1475,3,uint8,8e73eac5e1091d3237f31b70fdc925fd6206e88ca866a0e732910c47dfc399a8,0.7879464285714286,99.19724281112966,18.654123845807444,174.33550001940316,72.01256354534519,42.10306957972758,70.44240580943125
1883.png,True,1470,1475,3,uint8,c9b7cc08961b5e6ff480f03b38d8ff3572bd2cc566ea36d81def97f1c3f658a3,0.7870902267156863,92.48783846247416,24.37515079774444,148.009847950371,72.8387300814986,48.0074297530714,53.05791742489284
1884.png,True,1473,1475,3,uint8,844966fed388ed50ee82fb2d4f9757b0391a13a8bb89bbaba62302afb9abe0cf,0.7862761435909981,97.3171669542814,15.863709339854926,174.47191502807283,69.57020149235593,37.82646865809494,64.02027125435775
1885.png,True,1472,1474,3,uint8,7c00306ab9de9c65865fa8e3f0cc3bee1e5c904c08e33c332c78e54898c17220,0.7882483794031311,111.54455925636786,19.412302276752563,170.41562616677416,90.62471209468994,64.83895243683054,84.07918541596077
1886.png,True,1470,1474,3,uint8,682646920c3fd13802c05ed267b83b6f46661e1372431833d53ad571a80125cb,0.7869335555283757,53.32640234691846,12.779246875174449,85.20506394284243,46.233715581848294,6.206613336441834,54.555559674502234
1887.png,True,1470,1474,3,uint8,87b6f1227e353277f5ec85e149df3b80efb6ea94bfb6e5252dffb637334a378d,0.7872240398727984,88.99690235624846,21.503026665428084,148.3742225545365,67.90836703679787,41.81801585721707,55.309955610489226
1888.png,True,1470,1476,3,uint8,3329f5354a6fcbab211ce40010e8387454daaf2541d6050d7523dfd949ac9c06,0.7850834865196078,57.21092580036195,13.238586673555641,98.47898790737607,46.22319891122482,5.556489968341618,64.13856341459169
1889.png,True,1471,1475,3,uint8,e8727dd54f2bbb79938dbf6552c0338612d5066d71db2d8ca02046282f9a5ad3,0.7883477556262231,94.21317579524573,14.30945786819968,155.276683942848,75.31901947570265,31.33416077999777,45.27899270430642
189.png,True,1388,1390,3,uint8,595362b7d61ab4aaf8f7b7cb045831ab3b65193de10cff0ef66c053f9b615e0a,0.7864404965753424,74.54920343315935,21.163647293854055,112.97357089396282,62.81805810709669,34.136159954898474,24.20973526658363
1890.png,True,1471,1475,3,uint8,76c8dd9733cf8bd1f8cbe7e95b24e748240a4ba0d58c82254b2c9b74e8786d91,0.7887796599804305,88.5039007607695,17.908337970917096,139.30152638464892,70.81959102582739,46.31365993119155,58.44567855174697
1891.png,True,3832,2847,3,uint8,0f7399ae35f0f833a291bbbadd1ac810b41e83fdfa3a7897cc9d49152e14ae21,0.8887232730263158,61.706338557631135,19.868431355553426,134.29769822450987,36.698207159794116,0.04499450581227228,12.862564748561908
1892.png,True,3801,2847,3,uint8,c70a179d2fc0e784e8593dd0f7666e56083fde420f6652b54f24a1ee0f896665,0.8958469321148825,64.13288401111161,20.369095235993747,138.8973484675987,38.48913884967439,0.02892891297417915,12.178657400149854
1893.png,True,3412,2847,3,uint8,147c604829314cd6ffad678c30a79432fc103c0c9596a4fabb204493e35db4e2,0.8671143149882904,61.16160086932669,16.70941933644809,114.27674445593232,45.34604793956913,3.2592840714873503,24.281412556372057
1894.png,True,3412,2847,3,uint8,c92c48888b16014e3c9e86e25659960a41ebb8d67a9d0a8f9a7b83785ef2c34b,0.8667163714871194,59.32196216059319,17.40283359296727,110.4650500039581,44.36984457872655,2.1844473177296355,17.80966147620391
1895.png,True,3426,2847,3,uint8,f6cc8e14f8cba6a2bff52f01ec4a52b2920152c0652e8c7aa43b7f6b0f76d55d,0.8637545955882353,62.30308108942129,13.824927961702773,114.822695035461,47.09295941006528,2.8439131059360583,16.5701627372471
1896.png,True,3415,2847,3,uint8,b73d83f1cd747ee0361cc9ebee2793325e91d25a0f4f01d770b54a1bb4490ddc,0.8665791495901639,63.148832176506296,11.651538565760426,114.68684384154548,48.37046792114222,4.041360745295717,18.15554627381689
1897.png,True,3409,2847,3,uint8,bcb9ea71eb1ac0ba53514fca0f2f2847455bc66297aa0adae4cdb01308a373e5,0.8673426547897196,57.27951869350647,16.145080269340394,105.40417013037576,42.8318057937769,5.416544779181969,25.14216402336945
1898.png,True,3410,2847,3,uint8,084034ca6a03c8f998ecde954198d8e4e73a474b98ec0b2861d86a052fa04a5b,0.86706400029274,57.019956636649944,21.278324560482226,102.39005913663675,43.5937455489262,7.126228496367924,27.23058164572588
1899.png,True,3422,2847,3,uint8,92f9ed9128f196233f54505b392e55a537d07552f161a7b44d438804d05701fe,0.8648996845657277,71.98082111903311,19.58283838541507,143.94346523894086,49.15540830660765,0.8366614540539108,23.4817017944587
19.png,True,1389,1390,3,uint8,ff51d91873aef72d676f1407dda01c5c4a7e5da2b697ffadaf7702bdb6b46059,0.7863883972167969,95.03411158057115,21.60726837913987,127.22714858814341,84.29726845406434,65.87147035853056,28.63071591120352
190.png,True,1389,1391,3,uint8,c17cc9ac82dd4622e1c12c1ff28277044384b312ebc5740b8d59e34b93750548,0.7867156922700587,90.41818005149881,18.113310185602167,138.95860175873293,76.33075353447019,35.57968226206092,25.76503524070625
1900.png,True,3435,2847,3,uint8,0c905439490a1e472d46fd5d824a781debfdba6ef9f265f5bc211b962b752059,0.8620190890330188,71.37049387070228,16.38570315415106,141.0778479592164,49.57342866608954,0.8541579830495795,22.941590622749196
1901.png,True,3433,2847,3,uint8,a43059f9d059ba59db5c0eee3258400f5f036ce7438f66f2f03044eb0c832986,0.8619761029411764,58.27839267244597,18.239397004655423,103.29430707057783,44.1492114775599,12.919985498437883,16.83056812688863
1902.png,True,3925,2847,3,uint8,5d2093e93cd5164d3524d6617147f3296f630619590f13320a93331cf20581b3,0.8693985849056604,92.5433682119847,20.60267644822673,181.2800949474398,65.26056048055031,0.35835997674756576,11.740883160691725
1903.png,True,3887,2847,3,uint8,9cbcc304b52f5c724a136eddd1a6af63f7e42f86191806d16a623b1f039cb934,0.877203125,82.6249562114438,16.626909466421143,175.39701228454547,51.41854141061494,0.09379954044281363,8.37950180614955
1904.png,True,3409,2841,4,uint8,d1d912b0f542fbf82f2a0108ac3d23ca345d21fc17b2a84086df03dc0f56d1da,0.8785906396370023,130.45662506963208,20.37293129951316,199.155866535472,110.89305553386332,50.992477132043255,33.134215054818654
1905.png,True,3543,2847,3,uint8,242f3740344c1346be0d2d3ac8814fefad7cca1b4c4180c1b20be8ebf21814eb,0.8358614659367397,88.53465763081891,19.3617953055295,155.92008732631388,66.4417426602688,25.54619880381143,40.29517869069577
1906.png,True,3459,2847,3,uint8,e36c4796708e74db5763ffff54706668dd1834034b0434426f7cb97bb1936596,0.8564244358669834,84.65513748347814,18.388483470242775,165.79326016771034,59.721782843275335,0.25596953478797857,17.07472197972689
1907.png,True,3460,2847,3,uint8,ea9cfd3681c822be1f99f52f996e9b0e7a0cd0ec2bc1b877c0587b07f30241d0,0.8563641255938242,85.07085935934037,19.013764596809544,162.69840891484418,61.93774886099539,0.6779799665205779,21.427362757962662
1908.png,True,3431,2847,3,uint8,cb195d346da6dee6939977ba672ecf9318ea4be4fe9dcf89a46b2bb3eb8b394f,0.864140625,86.11389247860794,19.803498276893546,125.65062195206262,76.35965262155852,32.63263613012332,18.062622168765564
1909.png,True,3605,2847,3,uint8,19752bc6dc348eaab386ce48715423c737e32b3be899ef45f7672fee37a2beea,0.8224009900990099,100.48401053423626,21.59558603361644,187.04533483822422,73.9963670993228,9.818784095184348,35.22349983979378
191.png,True,1391,1391,3,uint8,ef0029164f2da412ccb141f290545b078cffa019c3c11bc5ef2fd21700be6a51,0.7858695983886719,131.75713918188833,18.93919646991393,184.36865507181656,117.43597671968972,67.48317808272374,23.539999843604022
1910.png,True,3552,2847,3,uint8,bec983cf0f8fad6c2c56bf3a236778a0dbed0236715bda02a26d34fe3ddaad37,0.8342987804878049,99.05620774712223,23.998347975877678,190.14653754796274,70.48894002375297,7.23326443449662,35.75499223734172
1911.png,True,3445,2847,3,uint8,6ad49f4761092f42103c8b11fe0aee63be120480e4794e331a2561cca784e129,0.859624335106383,93.14795836153276,26.41824817267433,153.92375949380687,73.27278782214488,36.033382749470924,48.03050383897463
1912.png,True,3480,2847,3,uint8,7dd82f12d6a4e641426c0c11fb8aad180ee7d78a982808fc0a55fcd7e968246e,0.8519913484486874,100.43255679082593,25.336992802844144,161.59860703812316,81.95694730161509,35.111327526589925,47.741153539362855
1913.png,True,3444,2847,3,uint8,050818899519dcde52aff83637a132d1daca9083a1fa6d4bd77d16f777d5beb2,0.8596289524231678,78.66858600778838,20.220377149699576,134.9115026185041,60.050318248959314,26.947114274204377,13.821123962049569
1914.png,True,3491,2847,3,uint8,82ff15a84b58824b46be3a6bd98026ce776c9e35f87c431747fb1b93ae16b225,0.8485954321172249,83.69671223976258,13.310262859659808,156.06864046075998,61.756014161981795,6.848446972408363,11.117904017821424
1915.png,True,3429,2844,4,uint8,069961d0c8517aade1fc4830d40022e21194aa323c03a82961ebc8e163ec6212,0.864921875,103.14468643567986,16.970238548426973,177.97550037990086,82.09077770752417,15.26969241314085,12.003275532937081
1916.png,True,3493,2847,3,uint8,50e94090dc62363bff1c43c1e318fcfd111e7eb458b28c8b0a19f663d554f7e4,0.8482229841127098,87.51074826476126,15.821424106977588,170.92451090287634,61.96567623233701,0.025858784421780353,11.13588578057163
1917.png,True,3559,2847,3,uint8,45684f595140bec4c94f885a56ada6e2e31653768626bf58e9dcc2c786a10225,0.8331030868902439,100.23883694999572,12.46714572386688,167.54205906738713,82.97142121965864,12.614958401235098,30.164307748155032
1918.png,True,3461,2847,3,uint8,7b17127dea2940f5e2631bf97adce5e86957013d605805a65b361e2f232d6345,0.8553945219714965,72.2376533501101,16.970139177198327,138.73670423360198,49.81420637589353,13.260567734377542,27.717600606373782
1919.png,True,3408,2847,3,uint8,8fc736808bc0cc5b0122c5babe642911bebbb2143f4d9b13ebe997608b78ecbf,0.4195887485397196,26.67413836231742,8.346676561415785,52.22744624620705,17.628949286001717,6.2337977313017285,8.954247406702079
192.png,True,1389,1391,3,uint8,028bebc5bc5ebbbd3680f0f31e494029a3e4a0833599feb0de8c7c6e7b4b8586,0.7860124143835616,65.8392334399891,24.974413240614677,78.30289429407817,63.714592065977456,44.04536922672943,15.84367909110419
1920.png,True,3413,2847,3,uint8,46f00b0181f9bc10fee29ef495875b06f856e1104bca31d78ff31e3a4a13b4b9,0.8667712602459017,59.971783194456904,24.18837717328523,114.22572916721637,42.58513855100608,7.184192889597197,24.213475582545797
193.png,True,1412,1391,3,uint8,6c0404dfacd4d9dac5a27b77d7b56dd8efedd7926ca8cced9281004559345752,0.7745884486607143,110.78012917686023,23.648903179749762,160.79057539235845,99.32507341868411,38.55192839739645,19.561286225846445
194.png,True,1408,1392,3,uint8,e269a8529a5b0016aaa5824dadf5aab82f785cfb74a3825284cd262d71eac68d,0.7774634078557312,144.66196833466554,13.30239106443608,192.12973949825985,136.45247965683475,62.409549248084836,14.143365808668687
195.png,True,1390,1391,3,uint8,14da8f507f2dec0be4fa23bd00d37229dceea3a13bbb0dadf549e5b213baa900,0.7863655090332031,112.76621826807865,11.651634192871386,161.8579127878491,103.68200406517869,30.71844029086887,17.412762454610824
196.png,True,1396,1392,3,uint8,092df2f652a59bd3b7bf7be233b09f1005cce832d08a0bd3b7ec6bd494dcff0b,0.7849995413405088,115.71124398069928,14.465021744291183,167.96454394515558,105.2089628544023,32.66288507700323,15.690571280399421
197.png,True,1418,1393,3,uint8,19b288e86d43b3f48ce5fd9246a8845103b734162c87cd3f3f0a6325da0531a6,0.7723658051689861,151.12236566924068,19.658204110175692,204.0131615990991,139.58224239864865,71.81016228281854,19.78746736394425
198.png,True,1401,1392,3,uint8,2d9f610aa4d6dc202baecaf3548d5082bd6ec4fc10f3753141c7b46f466974e9,0.7800374508840865,133.42805139607643,23.75927506571962,180.5322455284233,123.60935931996616,60.43651246531945,14.53180329793338
199.png,True,1390,1391,3,uint8,99e17cb3db63d448b0a5f560c32c6453fd286ecafc53eb9cd3524cd0954c0adc,0.7864570617675781,128.89607353333494,14.121632666327447,167.03914825503844,122.18428928285597,63.38031188611064,23.52567319231711
2.png,True,1390,1391,3,uint8,30d7f81de4a38dabebed672ebf742cd4578c6b9484eb7c5389da3b5a5b7b6742,0.7872276306152344,121.82020381165593,19.40872195304009,160.3497313039391,114.68035102511546,57.503307214816324,30.72908778901613
20.png,True,1389,1392,3,uint8,cb3dfdcfb838407f5562f180b96040068f18daa317b866d3de1daa71e9bc16ca,0.7874457252935421,118.55101664393436,21.068567148072937,164.24588755515214,110.7987583790002,38.57327165677285,21.203254347263076
200.png,True,1403,1392,3,uint8,7e607712c3b1b21c9c15871c16f50bff50ab366ff0702d7be80c1b9529caa15f,0.7795929195374016,142.8010445383663,15.621487170481194,179.97043433660963,137.22318993534515,74.01080046752709,20.461603479467076
201.png,True,1391,1392,3,uint8,28bfec797c6bfcd0584de63283f50e2160031d611d4c32ad508796605fba4d21,0.7860107421875,141.64303948594502,18.45569672696798,185.24070604907595,140.50129581456747,33.13237692188228,19.889845034455604
202.png,True,1392,1392,3,uint8,84004d14ebd601b1bd0f6c4eff2fa3757f22d30823adb2b4986337f013a436e9,0.7847137451171875,121.18990510821163,14.761077799425976,172.80500029167558,113.70075543974954,24.322816808291364,22.130431547861075
203.png,True,1390,1392,3,uint8,0fb2e2e6d1a2cb55ad5bc8dff079026b2f87845a6001633dd5753b1e736447f2,0.78540469055773,121.20294714507487,17.45578727140018,177.52040275053898,106.58920029004268,48.71393810800683,24.408178718212334
204.png,True,1390,1392,3,uint8,e6d2eda68558249e8316a8711ae77084e28d1ea6d4971c7f757b3f269429d7ea,0.7853664689334638,119.92410342763424,17.542901146505145,173.66594314692156,106.68304481766816,47.09487193213839,21.711243307729127
205.png,True,1388,1390,3,uint8,30b95d38c1293d9dd2acc15666f5f57926d4b9158729ca31bbd826f6f58e9507,0.7873960371819961,117.86898081627898,16.208477187407528,131.12010698613645,122.2216370238049,60.67778435788902,16.91937608246026
206.png,True,1388,1391,3,uint8,4dc8255028592a31816d23ff1557f4c4d5167edab8ba04835aa031f293429c0c,0.786910622553816,108.14269893773587,20.17405485016896,133.02813761347574,100.33300790262336,83.05171919701186,39.634619652785524
207.png,True,1398,1393,3,uint8,8b4c3932d5558e6117e3e43d034652b82e29403cba1b34117ce82651baecb023,0.7819661458333333,143.39557856278805,18.506927907259875,190.99916253238453,130.34894973725065,85.69684162067125,19.1218453535714
208.png,True,1404,1397,3,uint8,9bba780f416902e9fd95a3318193ef6ed012b069bc128f29576161cb78530468,0.7770904960707269,159.96848150269608,14.663096487197386,195.98357166841137,151.26694187125955,110.28499476584567,14.13249136148323
209.png,True,1388,1390,3,uint8,2f8683b74e4c1b0a59d16db8123d63ebfc79c2b66b63e7f6873f23ca8a000b85,0.7872240398727984,108.96635803518107,20.084013893166453,146.93868316153873,97.70410704835335,67.32281040769459,40.613829884710036
21.png,True,1389,1391,3,uint8,15df5e9fd72d64c8b345129df73a0f849ae7733f90f58fc349f4e5d667dc69bb,0.7868303571428571,122.05990964733314,17.91913164740372,158.4304721655494,111.00324978140483,83.56438356164384,55.94117263898151
210.png,True,1389,1390,3,uint8,2902159562db303dce05bc17f077769df3c4663a1b9b7df5513454dfaaa72c23,0.7872276306152344,136.42504857850335,25.21440644313713,167.4678945761677,130.38864740971184,86.05748496610407,26.295027019269956
211.png,True,1390,1393,3,uint8,f1f5992581d1f7c467e3f68f9d7ff5e82464fb62db22ddc0c9028e132f54fbfd,0.7851753608121331,112.93602593622066,20.051412455503783,148.72212026656672,104.24551300461965,63.786220895987384,37.8120332322651
212.png,True,1406,1401,3,uint8,73a0121dcb67e06939497a5089bf8a28e3d5cde34beb493ecb6436f36ce84b82,0.7775352328431373,162.43884155050978,26.61637937371527,207.71724375708024,150.21480569373983,106.59418805102695,14.187491245370188
213.png,True,1486,1413,3,uint8,ac23e0ccd0e5c5c226df8b5687dbe99d321b17cf575793714428d1f141c05bea,0.7741794468685832,181.82848883892726,37.36348391220153,220.37953345731648,174.7368846386962,117.21083522847951,38.139522450832246
214.png,True,1400,1390,3,uint8,87493f799a3b9a0313fcb7aeae5053f45ca5961d40b81bf0bb853f5eb57c02fd,0.7813922551673228,102.19879746306037,19.498976251812536,154.0110363762504,90.88375640262353,24.5190934721532,42.11526698607264
215.png,True,1390,1391,3,uint8,3f96ed6ff6fb344d72d0e8bd57a1970e830f273724167eda2b9d9165088be7e4,0.7859153747558594,102.14837178373288,18.358770099308053,154.15956956262164,90.43273323852192,25.992563937036156,35.972858506830214
216.png,True,1388,1395,3,uint8,f15bb528f02ebe60acc7aa5fe2d5cc1a93f24d51663fc9352ced1777c74220b0,0.7856781065815324,125.14746964650263,17.616011262181832,158.31063617804782,116.7297244498276,81.47176123543375,28.437210645262763
217.png,True,1391,1394,3,uint8,bf8b25f3503a11605c6e7c05c0a5139bd61b6b979b19af6f2f135093d5aeef71,0.7845982142857143,121.9270202069409,15.194162168741544,150.33304429158792,118.65930259747851,64.24574718915022,18.737674921579032
218.png,True,1390,1391,3,uint8,8dfbd192d4838171a1e346bb2cb74b4b5dd8b61103ca10455cebdd20cfed0395,0.7859420776367188,120.79400572732126,22.589006745087715,142.91365820511575,114.06428190069407,97.4182352084648,50.04655658716785
219.png,True,1404,1391,3,uint8,f6b220575bfaf0fb8760813980a81e7f01cedc2beb3ad272a7ff918acb15d0d3,0.7791697485207101,127.87762780579452,21.215917131953827,153.50529022050824,127.35240779195095,63.34088796598438,21.309396027425933
22.png,True,1389,1391,3,uint8,64a3be7f8d8d75522d43aa0ee2f670130a8e75fdd53a3a98b811adbd80b38d83,0.787743853962818,137.14442088510862,12.340980872267927,157.82948000718102,137.60059000771474,80.50195779698106,20.228145620372292
220.png,True,1389,1391,3,uint8,32d3e8a556fbdf52764183752e954f23ffaafff55faadadadccc44f832b58e9e,0.7861614787181996,116.07114276685222,27.226795853811765,172.38276004570096,99.72040741911175,52.531720835257794,37.106327421878866
221.png,True,1390,1391,3,uint8,109e931fdf61763e3697aee302904d8b106b0aa35b28f5fe7b4293e91c3f4ffd,0.7861251831054688,119.03236153301177,26.240866159642636,176.80319587728917,102.4263240132377,52.978411087064124,27.168825279435687
222.png,True,1391,1391,3,uint8,d3250772992ee7c12b41a14d29db128cb27ad02c6c35a54ae4cb569dd822f10e,0.7855415344238281,123.55725142649023,23.391349214736348,162.43572174335316,109.91847031686294,91.79750394561127,56.29588424494114
223.png,True,1397,1395,3,uint8,450f5903b1698e23716f1e10164fbc72b2a1136838173eb5f9fd9f208f2c273a,0.7805925880626223,123.0407975400043,20.327681929283916,165.19370017823218,108.88504514562156,85.35082848580998,59.15869943534902
224.png,True,1406,1391,3,uint8,5f322c7343bc0bd0f641234291d8550089b5e2640e24abedd1db02f28c572985,0.7774439102564102,143.83558955859908,31.673217681191684,184.50182347927773,131.19951241749746,102.22976334410244,24.239090457152955
225.png,True,1389,1392,3,uint8,21550665da2512b02a0e14f07127cf1d151ecbab700eeb4fee7ab3d06c91c6a5,0.7858442392367906,110.76650032587231,32.942377009723664,149.73001235396544,99.1662678378615,68.27150514100057,31.021823046373758
226.png,True,1404,1396,3,uint8,d7e232c183e6d2679e56e3e397c345eefd488a7f7bb95c377e339cd3e1ef7c28,0.7769523575638507,126.35296325563019,21.31342469929036,197.8112949427104,107.97514322402212,33.60816376926116,19.904835852019698
227.png,True,1389,1391,3,uint8,de8f3fdc578cf2d91881b1b925fd544376c46899286f128d6345ab14b22b3a20,0.7865666279354208,110.30985805987628,15.566568618963748,184.24702732383827,88.73290377130195,27.519624279001512,19.55708345385685
228.png,True,1457,1405,3,uint8,8ec7793fa107e5843babb50829fa6efcb77bf8efda1cecced447acff1d77c14c,0.7850771761133604,136.11816103299626,35.347122135873505,199.32211635308812,122.16736835743926,42.166280568873134,43.192080560375565
229.png,True,1391,1393,3,uint8,a240264590a6ed6d4d772140f7c3cbc28245abaf993898090862fdc02577c89c,0.785075984589041,115.83094532159045,18.157699867427365,157.70120398634865,108.26953617557851,44.895453284063855,33.29401449370799
23.png,True,1390,1391,3,uint8,23e95ecaef3d1ca81ec5d1baff0f25b9b05cb14bd27e21843bf8910710510aad,0.7874412536621094,127.7452948557089,20.812761211196463,172.78805656346435,115.8514555064116,70.81417768368834,31.205646607506136
230.png,True,1390,1392,3,uint8,e180cb7581f1911aa762f8e48accd49a67c30af13b1fe1ee6f6309a26b6b491d,0.7856072651663405,110.46647854432227,19.184539113571322,156.1167218059745,98.92129999026953,50.129108689306214,33.527513658807685
231.png,True,1391,1391,3,uint8,db26807e35235660a2d9104b6eb26dcaa96255c2d6f0ac0ecb77a5f101b61b94,0.7852859497070312,107.31817563563233,13.217057028656566,171.14332695353107,90.82477727365466,24.79824927862896,13.72378830775139
232.png,True,1394,1392,3,uint8,1241b9a989bd1f1df9d4e8751d9570c8d0e20eb464fd923758c98d97cca16110,0.7839293358610567,110.69605218892156,13.224305557949132,169.75730981321396,96.62875851409794,28.147166517959445,13.661754404889763
233.png,True,1392,1391,3,uint8,accb90127d09c575a61cb12d166fd5054e6d1459c052821a52997cd61e2d089b,0.7848587036132812,126.37852497739932,19.648047668788585,163.10914914506236,113.14499431337669,98.16153412460024,29.264513684260248
234.png,True,1390,1392,3,uint8,c0b853d2e8f5dff47e7d0eb84b3ce64ade65e07ad70beae0c4708133a9d859aa,0.7851753608121331,122.42103034167856,22.06386826376719,169.00701952518412,105.86323122082297,85.4402439796132,20.70528640535167
235.png,True,1404,1391,3,uint8,33b73f3dcf601a78a675094f4f0099ff6d9793ca9d80a47f67c106ed1cd08cc1,0.7798670179980276,131.40307546396235,14.02062053458924,149.1440716060482,134.84555994092105,67.14114235752639,16.680195082436704
236.png,True,1399,1395,3,uint8,5411df1e0ef892d5a2f61dad0c062aff28f47ae78355b9ebb119ac5d7e03eb01,0.7809365826810176,139.22309341320883,16.20320713669653,152.76801358666393,144.1748255170861,78.18844154700027,17.100178130435676
237.png,True,1401,1391,3,uint8,562245c5c5aac736d76f4b9f4e8865d7f2b3b453c098120ca09da50446ab391d,0.7812576894685039,136.9297447859765,14.463341295752171,155.2123650357772,139.8192685111367,74.06628871763073,17.484903562954663
238.png,True,1389,1390,3,uint8,5add81db3e851fbda439791d25105080c09a55448bf7f7e47e7a5dc284b0278d,0.7863731384277344,98.55045769199052,24.60896138517129,116.68550957345144,92.05444764071542,84.42997336800182,67.00536552180841
239.png,True,1387,1390,3,uint8,55ff7fd91c1fa10e8e0d522ef5cf7815e76cb3d838d550efc77d7454019be87e,0.7870329317514677,94.08855681768515,25.422709966487268,110.78399129729546,88.39115063157742,79.63654553136519,71.2754179931568
24.png,True,1391,1392,3,uint8,1299f423e3ae705c7bf24011755a05b685e1855d9dd20615096fe259b6f9d6a5,0.7854843139648438,114.2379437618377,9.907406528461024,182.33950269535234,94.86256616968579,35.345903550094704,13.756355334747525
240.png,True,1389,1390,3,uint8,5ee61827537af058013393d7977bd50203c0d87bc26d23f4d76c1c4264076b98,0.785888671875,112.2934480817024,29.186334340659847,164.55060771978876,93.38727089158124,72.5401716371544,20.12658168996744
241.png,True,1420,1392,3,uint8,d96b43f2ac95c1edb5758baad1ff5c0edaf8cad43676ae4b3fdd39609ac9704f,0.7698619584163346,102.98858864018841,18.309629032728512,145.78216836051408,95.30069792240478,30.299237389638808,20.570613945342643
242.png,True,1390,1392,3,uint8,97de472ad70d06e049b122ddea23f23720ae2967775ca0ab1aa8ee49fdda1003,0.7854773116438356,111.0823820229093,19.19824427252931,152.77429369458798,104.55731219526437,35.29009371989139,23.047422760230667
243.png,True,1389,1391,3,uint8,f55094dbb5d8b5d9b55531e7f2aac3217298195ab42de2941901733ca6514f2d,0.7864825403620352,125.53095947397324,21.26540963826559,166.80735679329734,114.84864581156539,72.23362119658452,20.94009952158817
244.png,True,1390,1396,3,uint8,7d881d80ed9b30622aba9e78b95001336016e3b7bd04e6c6a8845afdb75f6b77,0.784631587009804,147.4078181205859,11.932563547572201,166.1164859944456,145.9518749725453,105.83637002581962,18.05451510876012
245.png,True,1391,1392,3,uint8,042a011061fada10cc242736c75312f47a74d89a0bbe7da7d75f14daa69063fb,0.7850532531738281,112.1688848719855,16.586269092298032,171.12978323299174,95.69685661112649,42.27510119195129,37.4461947906259
246.png,True,1389,1391,3,uint8,e4c4665be7bc460a32613ea17710e98486b322b06e0eedabf9430993d2041258,0.7866354268590998,119.15166975205166,17.084655971856414,155.83856391119923,108.34841041936942,78.53227021170115,23.47917579046546
247.png,True,1390,1391,3,uint8,04c6baa118e03dfe6bc97d31ba5213d69e77c8b522316929f9be5fee2a21f9af,0.7858924865722656,117.87476761626468,12.336487791603764,122.16171966391123,117.18375668027396,110.2587747613061,14.056027471024995
248.png,True,1409,1393,3,uint8,0b99944c3166fd706ff28551ebdf78393d6e20cfe9af6c9b389161201b36154d,0.7753211462450593,115.1525957862036,21.52065797469579,149.94207025649195,104.04248148000637,81.10769973713558,47.48830295035963
249.png,True,1395,1391,3,uint8,5e7235e6538ee05a7b318e0fab07773dcceb2549cec12860b63fdae5b934e645,0.7832375244618396,121.08724868241265,21.293904946313052,153.27333105602187,112.75408940074175,79.54782842084715,34.05083179337053
25.png,True,1390,1391,3,uint8,6006e1a8ed1f6cab05e9c05eb30e2faac913f356835e94ef0dd49fc78940b8c3,0.7870216369628906,138.43431097410246,14.800676023675816,186.2005205682628,129.2167531856936,60.578073121907,25.768657433624924
250.png,True,1389,1391,3,uint8,395e48e0a5922e9f062571c3970cfcfafc37e899c6fa09c2486d47a8db42679e,0.7869450220156555,126.9301374520375,22.495992173810915,153.85996405847783,119.21934042449851,95.96325222206032,17.42854778119237
251.png,True,1401,1391,3,uint8,80b86d3df08fb66985cce22d84d2297c8999d9da35871eef843ac70f5ad3840f,0.7815114419291339,154.4921827341244,19.545796966258692,170.67900013774917,152.49994588425133,122.29291870830627,14.277222542477435
252.png,True,1390,1391,3,uint8,7448e6bb87ce3adb54d5bb5c6421e6c02b810f02ff156c10f8028b030043229f,0.7857780456542969,96.88358003174957,19.547219943898476,145.59335297858604,85.28569764111327,28.810721064921573,38.344193332596106
253.png,True,1390,1391,3,uint8,ac7c13a1d650ada4201fad9cefefd5c34e900dc7a8d1901ffc12f7f73824d8e6,0.7855911254882812,97.91617379988152,20.016021211275245,146.55395798735543,86.26641513465218,30.286775631500742,46.931013259430536
254.png,True,1404,1391,3,uint8,23efce1b978fda464d08299011d0fc1b5c732f6138b6a7b3f5e77365dbad6f67,0.7815042529585798,134.3787475476423,21.95361306744422,155.09179458361677,130.198894836986,101.55667287766309,22.350048882082508
255.png,True,1390,1391,3,uint8,c70d3451f94bc8cccdf2f1e99ee2e922f96088dcd49347b9dc9b10273a9a4a15,0.78692626953125,125.7300036841697,16.674887821146232,151.1833068331653,119.35910959435353,91.74583591871558,23.893581254172293
256.png,True,1389,1391,3,uint8,a6106331f46d00017fe4d5ad04a76a6ad26f894cdb66ad4b3741d19a41a7b407,0.7870176431017613,120.22334137895866,21.60079635660704,179.06461106605346,103.5553424085397,51.66973274601887,25.208536775517942
257.png,True,1393,1394,3,uint8,6f403f42b7f2fc728ff4c0973b3077fb5ccaba0cb213cd53d710b531439a3f35,0.7837028503417969,122.06639311147131,18.433727304368933,180.2989004249354,106.34771201744523,50.226233067079434,31.11456072397093
258.png,True,1389,1391,3,uint8,fb9b9e70786e2d1bb38dbe424d424a3ba7ab703508464e58a22933d742d68921,0.7862876100782779,110.86524757191884,24.34746361878474,148.84242020630182,100.19222430706112,66.1547555391361,50.034413914131505
259.png,True,1390,1394,3,uint8,b4e1194bdf6e87845d1010f29f6425e009cff3db82eb2aca306c3ce9c86c2bb6,0.7850874510763209,125.11340577593425,29.789528873172152,155.90859476933264,118.18914432046114,79.9666121399778,24.141783467914216
26.png,True,1388,1391,3,uint8,581d5423a065de57de6e25c0da807ee1a9f03399fa7857e3faa8277345eedc07,0.7878699853228963,158.90305726427727,15.536406296210703,194.10681019928978,150.49123377253412,109.85618923796402,25.833262177277373
260.png,True,1390,1392,3,uint8,3de4891cd569a7310d9f8bce0ea2b3c62348705166751e1c73dca6bdfb1233df,0.7858213062622309,112.99235393684702,17.469890268556142,175.20223642483316,95.23906107122707,41.1799062238565,31.31375792115575
261.png,True,1389,1391,3,uint8,53ccdf1299b8f3d02ce2798d4d7fca859f37fe61d4704f8555d3a62b404f99b1,0.7868838674168297,109.46011638186464,20.63370104403585,141.881859778311,98.75230480779506,79.54625644811875,39.178529945650645
262.png,True,1388,1392,3,uint8,8ebd5dea26fccbaa8d2ac315d828892e0e4bb5a04a10f32de6c1d2b6cdcaae2f,0.7868762230919765,113.58281845029921,20.65198108679715,143.63628856765368,104.37774442371959,82.13369958032175,25.33883431694808
263.png,True,1388,1391,3,uint8,f43c49d12d262f346134745903564298114b6aa8a33bb3bccd4c07e9d781b09c,0.786524584148728,103.07850617163962,20.824873956817015,154.01002526970552,92.3767227135776,24.551263485275538,22.308355588864227
264.png,True,1389,1393,3,uint8,435cc9989fd48b10f5ef40a2398609095c83ea2cfe6050514c7f495e764132c7,0.7850110078277887,101.29577766525144,18.940089233827976,152.5599072956024,90.5598780820317,22.066567989716823,20.978444986336115
265.png,True,1394,1392,3,uint8,3554ade4fb54e00e142a22b1c02e5ae22134089bd06824d7279e562f6398c67b,0.7833254341976517,110.23102521188818,19.330372595258147,140.41924827878972,101.27549123414803,77.13598903109646,14.497610028786852
266.png,True,1396,1393,3,uint8,0ad8354442db30870365bdf940047c229d2fd360e36a0868273411e0912a4f30,0.7823393162915852,114.36723257688644,17.597495367725067,164.42457923150207,104.44739966289664,34.092556855656255,21.333216927505767
267.png,True,1398,1391,3,uint8,abfef7adeca51941da65913e6673d5956b543584ce46732f78bb156025350e28,0.7824049914047151,120.15453577961854,24.492184369633527,173.37064555838373,101.91034864958975,74.48896768529826,17.18741193537837
268.png,True,1405,1391,3,uint8,0105eea1a806cbfeab8c64c98a5b2fbad89b170f8f41135f265247b2d38b5161,0.7777212771203156,105.77497969130788,25.410950013370243,153.11810742802797,89.65018030155932,64.57898099898952,23.52669015229396
269.png,True,1389,1391,3,uint8,4eedf2bd296b4c44fe03d23127b77cd005aa097b9df6145ddc3b6962b44f5aed,0.7862226333170255,102.25802985887283,14.24320095207678,149.10209478806618,89.94290742388223,42.74029294947521,19.379962005198063
27.png,True,1390,1393,3,uint8,dd9222af84822fe11fad4f7e9f42c9f31e50476b58b4e90238a96d82e2005178,0.7864596073874756,145.3588400246886,19.727324619282783,205.337232641437,132.34783221473248,55.003785909031265,28.315305835103068
270.png,True,1390,1392,3,uint8,67bf143847e9c052d0974bfee7a74ad4e7d7bc882882e4f9d40c6c88ae4d719c,0.7855422884050881,103.50489726210692,15.910177884406949,152.2234445779791,91.42187492397444,37.87975068483819,35.259742568288075
271.png,True,1389,1391,3,uint8,4f44fd1b13e833b0f8e1d2ed40605c46b2778ca91174541bb502e4a8a9759d25,0.7865398727984344,117.76867006181239,18.872628225753992,162.6611301170159,103.10106227889437,75.49719122963884,47.83340692451577
272.png,True,1394,1393,3,uint8,05509a0d8584b6fdddc698d5307dd35baadd4ca7f39460bbd1aabe0490910dfe,0.78265380859375,126.54964224440458,20.411169220519195,151.40320615300632,120.79804842860484,90.9361157685409,18.5997307891184
273.png,True,1389,1391,3,uint8,0a6f50bf2b7599acd987b1ec5d848a8153b44ef2e30e6e9d5df1efb771356e50,0.786325831702544,126.53703919738685,18.700048275262326,155.44414469590916,118.13046838544098,93.99601901539897,27.143999436878378
274.png,True,1390,1393,3,uint8,86878458becc484ba1ea66c86634061df5ad8b8bf36d4ac0c917efd5998d21d4,0.7846020364481409,103.6420397803943,24.025565613367903,151.1974551459735,86.87095485612124,65.20326193387471,33.67813301640764
275.png,True,1412,1404,3,uint8,b77b4dcba2a8ff6f71e075c9a0a6b8bd70139bd34c507d8859bbedb3fd8adf5a,0.7694429948428291,142.12881315360332,20.236756224755343,173.1815053634745,133.7752327663161,103.646529325813,14.525085837875245
276.png,True,1388,1390,3,uint8,bd582b7b972806b01d9970c2d240c11835bd21cb772d4c1b6a949024b1f89c60,0.7873998593444227,114.66020416583741,23.41929985556901,134.67584911338824,109.48216340062812,88.80845497041392,44.41822316890998
277.png,True,1388,1392,3,uint8,1ec63fb82aeaa4476795b0a4fd95019b96190c01ad9c59058026bac525c7a0a0,0.7865666279354208,110.18561550310753,15.227532599561847,160.25592470030273,98.83049307306928,37.28130481896682,20.31106122491064
278.png,True,1403,1392,3,uint8,4ae2521cc68cba7570a1d28ae301486785c7085865e50a035225fcd320790be4,0.7801465612696851,128.99719091433275,24.181967304877876,155.15232636647232,121.70366117498632,97.90473749833673,16.928312305494977
279.png,True,1390,1402,3,uint8,43a87ae1f6b3da945ed8314f2de378d7e9295e88ef408beb9979ac329df71992,0.7814576156496063,137.59358241412224,17.91242658241313,166.5754474696685,129.90244718431126,101.17673452920975,21.36379305356715
28.png,True,1391,1393,3,uint8,5843024b7c2b1dcf9199aafd11d04149bc14329e466116d1eb95b4166f7d0150,0.7856034430039139,135.17607850578236,18.45146098208235,199.97466174302687,119.1406010538146,47.75759831467507,31.186538321321503
280.png,True,1389,1391,3,uint8,ddf417afd0b7df26fac4c79e70bc58923ab77e48a07ee429b0d4b45a4e5b8692,0.7872049290606654,108.78537371697142,13.591767135693232,144.94148321502442,105.11598966779634,32.79757037842667,21.916995809261557
281.png,True,1389,1391,3,uint8,c08e53d161d67d886d61c31c55c319c1b4eaa67f8f1a6eccf0d9e1ce3824134c,0.7866086717221135,109.34844656514514,17.90382530131616,151.83007453766243,98.81911254506758,52.12866250085033,29.656954974991432
282.png,True,1392,1396,3,uint8,76616af40fe139e1a1271a00ad731c811b20011fbce9dd085140063d8387235e,0.7831343260763209,111.32454012582177,18.124382735661825,155.0594993484404,100.20684942872622,53.863519007481955,31.670598116021978
283.png,True,1404,1392,3,uint8,2f7899599fe31d8ca8cd722af951911a512c64fe01e787186f03cd7107c526c6,0.7794429749015748,128.8469195481675,16.265372135070834,171.79318305134908,122.81304690968283,47.22338085137868,15.304596919576646
284.png,True,1389,1391,3,uint8,9520baad1d75c84afcc33d754c112e4fd918e9eb84207e7296efb023c9cd1d12,0.7868227128180039,105.4441362492592,13.62681395338887,138.6935071748487,102.05406153756473,35.64210766644969,22.465301812260716
285.png,True,1389,1391,3,uint8,8552ff2f1cccc67560d328c9496970d0f5323af99fb1680936306358bd81aba3,0.7870214652641878,118.91001408382303,12.02991908485206,157.3729202078578,114.45870040308873,40.895842843960956,16.28663494130458
286.png,True,1417,1402,3,uint8,12f0a8bf43f717fbc08890a256bd71437209a23ab12d95173254e63fb0a910f7,0.7702901565581854,138.17077842514567,33.323058340893,179.2307319146808,127.03403765847315,87.79607411667625,15.392076443378395
287.png,True,1411,1393,3,uint8,d2185512fd7fd51bd3ee05042d47aff29009b68821fc9fba57cfe00f02e79c37,0.7765973081683168,147.79311443896074,19.403772310463484,200.47653600402396,135.23002335692266,74.28055200027889,16.829509816357774
288.png,True,1389,1391,3,uint8,13c1110a72a005fe9a87a8b18976aff3e69302ca98bbaa5194bd9878c11cb24b,0.7858480613992173,97.63367752416065,24.864434186240242,127.18479788719036,88.54053685987073,66.94157672796604,52.309935794367505
289.png,True,1389,1391,3,uint8,eeb9efad8d104f04f497df0bc01c149d11115fe5cc45d9a01da2a6331ee70a05,0.7864022749510763,99.80704551198554,23.504034408336192,129.2246923420884,92.10631938099034,62.26395396310049,33.58986127341702
29.png,True,1388,1391,3,uint8,060af62d013b7152f71e186aa59a8a1adcc952aad521ef9980cabe887ad95fc8,0.7867539138943248,111.16547804119705,17.28278994966473,159.9605421686747,99.00520792848815,45.75451807228916,20.37868519313706
290.png,True,1402,1394,3,uint8,2f0dca351fe0541f74bc690511503081fbcd37f51a4b51b81722e6ff89bd7904,0.7786944376227898,119.50033015660264,18.50286104425752,172.52894044369106,103.85920052825057,60.909640572797066,31.4898391217044
291.png,True,1401,1394,3,uint8,406d027e56f62e235d7b9c436368b0ca8dac991bf123bce0af847261a514bea9,0.7790819928781926,123.76463663900313,18.725062590693256,171.47851355677594,111.40544733666609,62.20365454232029,28.497893009473
292.png,True,1389,1391,3,uint8,88623608223d2cc8d873584a9662dc33b602d79d3578973c6f1c04e2b7c2a150,0.7870673312133072,121.81636736239936,19.098816332038023,164.7729771466866,109.90476005477802,70.45032099532833,33.87441661279629
293.png,True,1389,1392,3,uint8,b96dccd7b1957d2ea3ca46b0cf9b4f9215404fbfb788b7b0d2cf800ba1fb6ec7,0.7861461900684932,114.1572921174051,19.964617513185885,160.36041248340877,100.83566299269256,61.505204661587605,42.70961383544591
294.png,True,1390,1392,3,uint8,fe04121460cafd1dbefe7b1367eaa7b9c4c792b6aa7c10957d8df7d24a7efa6f,0.7859894814090019,103.15904007002528,15.007494657934918,144.70194514685858,96.47949328924334,28.521727290410425,16.01431587529883
295.png,True,1394,1391,3,uint8,82c7f911732280f18e46fa213be8e28f1ca3969302c12afc06057c7673d151ce,0.7841242661448141,124.86575319762908,19.135766629090078,172.74963929184216,112.29979234908751,63.94040516300109,34.857896768637076
296.png,True,1401,1392,3,uint8,257f49ad3fe38da0cd4db1ed79ec90108ad80255f610469e46b4760526a6150b,0.7802062868369352,118.35679296506137,21.899251934541414,161.9956228360088,106.83551207900535,63.183373662259996,34.37079696612865
297.png,True,1390,1391,3,uint8,af0fe9498ad2ecd95572debc484f5b98a6f447ae478c986aa9a054feeed7c975,0.7867317199707031,120.26435605638173,22.41290058204641,161.42884642425946,109.23689735595455,69.04301846904289,31.136609592073363
298.png,True,1388,1391,3,uint8,e6aa4fa42c67d8d049e932b65aff6d5faf72e3f21a7644bcc68374739a7bd598,0.7878164750489237,126.92071531840985,24.12665900931766,169.9861001950339,115.76903036124938,71.35096401090638,30.511367219792007
299.png,True,1389,1391,3,uint8,39cb2bb2296e1d2f44b3b8bf83685c268d303c74dcd4e3eb4f0631683cead1e4,0.7873501712328768,120.78181129730675,14.595681204930507,149.04517563447834,117.59410376900523,63.07148682498689,23.723278242418605
3.png,True,1389,1391,3,uint8,ace661ae9eb5fa81e1b0bd2652d4339efa50b589ffa8bef106e15e33b5ae0c3d,0.786643071183953,123.95674672393604,19.95683898814847,175.09952334909212,117.34056488720233,23.846553391218155,29.238984564773013
30.png,True,1389,1391,3,uint8,b0b4eaabbd009f732164e6517a56c01fc10cea94e2d52c29562928f993c532d2,0.7869068003913894,121.12754517194482,14.168703383955897,127.41680104915484,123.4584029531766,92.61625704293763,35.0538598865161
300.png,True,1390,1392,3,uint8,7b39f55e0e42822efc7be8c15188c606a594ab8ac0c7d4028149a3bea5270de7,0.7863411203522505,117.7529747438415,14.27172262265532,147.95139307448525,113.3096601403768,61.40595045982152,22.93483202327698
301.png,True,1399,1390,3,uint8,ef237d7fdbde084d1765eb99af60c7f6245f59293976d36aab7955045340e63e,0.7840204444990176,125.85363299106312,20.346469747819754,152.3675619854935,121.43498008046123,79.04173804093539,22.664149244424653
302.png,True,1389,1391,3,uint8,6328e27ae7f5b1c809de1f89df3d1356564385a52b432d8a5815548ef64b89c1,0.7876024339530333,121.42734225621415,19.361396899511632,149.8251254476808,115.922207879182,75.26174161174792,23.739033534242694
303.png,True,1405,1393,3,uint8,fbc4af16e97539ae7a9de3ccae4a668d250e930a7ef626f575fd8580e076d26b,0.7802196112204725,140.3346786115546,16.49078634574,176.02358425482427,136.28167563518815,67.58666942621174,15.9405081137224
304.png,True,1397,1392,3,uint8,9f5efbb6aac6c075bba41a8008c343ed2048a27b2ead29a2a8f037e849be9f90,0.7830116421568627,129.73611464345103,19.19491656960813,168.68681404675732,124.45524307933093,54.73237797124132,15.875127953507072
305.png,True,1390,1393,3,uint8,92e2d0a0f338f8443ad83c1595b914dcadd7d4c1f50a495766666fa9bbda52ea,0.7854314456947162,122.95723476111225,13.643083500573676,156.94049947930353,126.20966062269459,17.018336301789834,18.424155943885804
306.png,True,1388,1392,3,uint8,70e78eaa8198fa8b60f4e295b50ba79e1e2349d54945437fb66de0062f091e37,0.7867004036203522,119.37865964455413,15.84319081167037,156.2178199061343,120.86765034543741,15.02757669099142,18.765042564118037
307.png,True,1389,1391,3,uint8,60a68fca4fc487183caf5a98e9ad4dbd958e2e65be848d56b0a5dac1a052e236,0.7868112463307241,109.5835855335066,20.490203147716663,122.75549780185082,107.7258410045906,84.61353865585,17.301387938476218
308.png,True,1398,1393,3,uint8,21001e9c08e1070b66b425aad712a50a799f7316682ff8ebfa56b0d58c1714c1,0.7815104166666667,120.3719985495031,14.146821589255543,191.7615745731815,101.55006664445185,30.050767391261736,18.996929663540595
309.png,True,1388,1389,3,uint8,79ac0003a5e26561ed40ab180453ff42549ac388f0542687bd868d7d18240698,0.7877922058105469,96.1469965862044,23.197851670570387,141.90357116916448,79.8239643609423,60.138948744643244,34.17494085805496
31.png,True,1389,1391,3,uint8,ff1eb38583bacc4f843e6b1836bd1b95ebb3cbcc2cb53f80804f80df71f3c396,0.7875795009784736,141.65697189113638,20.8589297106785,147.72027992390417,144.2376878130217,112.4388078968824,48.96979479337525
310.png,True,1388,1391,3,uint8,57a895e53bfb9686ea2720d0c2a1d54bba950f2c315ea891189a8956d2038312,0.7867806690313112,99.06175460414774,21.702142681339083,146.58440492210235,82.64020850437461,58.90356915573217,39.261517316925094
311.png,True,1398,1391,3,uint8,518b7528d156e793ab8c8227f3c533ce3d072f3553ca3720bf4e161679ce62f8,0.7815799975442044,114.99360780809678,15.894133745252834,151.39019863908172,103.65175809824926,77.93246467602093,25.11552887814577
312.png,True,1388,1390,3,uint8,2ab413aaf9be229e2f1e8a611920d562009a29f6e33c975c80a42b979e113542,0.7866201382093934,105.29262165642234,21.25291748262377,144.73426301596172,91.6661645732611,71.97362066033381,47.6552367778746
313.png,True,1389,1394,3,uint8,c355c6a2cdca3ade4f7ad9a70a924d6c6bbbbf73110d027583852d969dc98b17,0.7854013480392157,103.63144857716838,22.595066189261217,124.93783522849174,98.17483080103763,75.79996001638354,36.2127421456498
314.png,True,1388,1390,3,uint8,308e8aed4578127d01763c9b3362e69c4a7300c1b368e580bf69ef04f5b2894c,0.7868150684931506,99.43929737292088,25.64798478180411,118.16075800559615,94.09798597077568,77.83334952588217,43.17690862392584
315.png,True,1389,1392,3,uint8,79a363bc2f4cf7aeca194e5ff1420a0282cb126cfd141a817a05fc228324a035,0.7863831641389433,120.57316166285122,21.054073921372407,138.29643778889198,118.84662418648509,82.95117209333975,31.3884310345612
316.png,True,1391,1394,3,uint8,dffb26a4706ebb960adaf5ff96841dd9140feab82b794eb95c1a23b049c462d6,0.7844071061643836,98.94623488251976,13.446279276336318,137.52830050773295,88.90906610273552,49.382295615565276,17.142528111416713
317.png,True,1389,1391,3,uint8,5637f056e87318bb2eff08efb4036c80a7e5ae20de9d266e52713abfd0e5c73c,0.7867577360567515,111.80566553796376,16.05612853924634,154.75552975354765,102.09115288013564,49.13977778965318,26.211619724174184
318.png,True,1391,1393,3,uint8,82267a6a45058616acda7bbcf39001134d77b6f9fd7108528d585a9c599c8209,0.7845103045499021,105.41191602558793,14.71674230955865,169.8024243251012,88.95008111939899,21.2239821098839,15.482485042503539
319.png,True,1390,1391,3,uint8,05587414c820dc3b3a904c35fbb4a0636a6bfa2cbecb992579fca6914b07062e,0.7855415344238281,105.28484642466917,14.195800832073473,168.82783537695764,88.80402088138885,23.409241228602646,15.482979044435151
32.png,True,1390,1391,3,uint8,07e4e9f46ab1abbefa867ccecfe5518adc0ecfbce021f0c371691f763ec96ebc,0.7866020202636719,127.59291571897596,21.859796723642056,167.4189948739834,115.82213643836414,83.72601271562489,40.74848605310156
320.png,True,1391,1392,3,uint8,334bc87d6cd9e5bfbe0b5c3a1a8f9e1a4ebfc74d40ddea6abc71597c442da8cb,0.7859458923339844,125.29414505584111,13.667104302866692,159.1848993598051,119.00899379219632,68.74578097470769,24.26446783420783
321.png,True,1389,1392,3,uint8,615e229855ecb0e6964fdeb151a1d07a67b8b8d051c456ba380ae3be90128ce2,0.786761558219178,120.26451841703832,12.987272705352458,157.00564024834583,112.69730667210773,62.834504134238884,23.58319266255853
322.png,True,1394,1391,3,uint8,de9690747499c50d81977fb7c8206b0eac17413ccf25f98dfe9146791e6ec3ea,0.786039169520548,156.85791114158314,13.548595363169584,180.40451634549459,152.77195081034557,116.12099021166722,14.266697745669848
323.png,True,1419,1404,3,uint8,b9d2ce6ac73468a87f6be53aa4900aff8d423caf5d6fa5908d0a7b83830181ef,0.7731216099605522,186.5623000647765,21.72251790094324,203.03577158802133,186.3692261697145,144.33914993273208,7.192772297706263
324.png,True,1391,1392,3,uint8,93ffef09d0ce82f089cbdf35a9ae4ba6564eb14fdd5c656085cd64ce809a9215,0.7858200073242188,115.06635015873941,15.926652334230017,137.32668763774404,108.66507927261429,89.62125360440393,52.02058693534665
325.png,True,1389,1391,3,uint8,5eb4beba1114bdb3fb4d2694dd1623048813596274e5473796b1c16524d58338,0.788011405332681,119.62717964388439,18.282724873030503,139.11556538567874,114.06073658018421,97.16611129704272,49.71138865726979
326.png,True,1400,1392,3,uint8,20d1d3a73bdc749f52a74a75f03128711fca150819ae0ddcaf6ea81387706836,0.7804365176817288,111.50759140165594,18.055281546587185,143.47420201781816,103.95595610360493,66.51530080437391,16.522776488659026
327.png,True,1388,1389,3,uint8,43135698dfc1669951a62a171534e9016af482b2d67655c153aecd719b27e4ab,0.7879829406738281,95.58533633480987,20.73817038711588,141.57611405610825,81.52834700941592,47.314821000653545,28.526310331064302
328.png,True,1389,1391,3,uint8,73e1e28c2afff6ddfbcb2f7d75f696671f42c5add5c857c8d91b07b3c45737c3,0.7872890166340509,116.44482959510633,12.807938396446767,150.1754879114477,112.93135255850082,46.0148169725216,16.67660650301571
329.png,True,1390,1391,3,uint8,6b1373bf60afcce89a637900c37da3fb86467347f8f850223a8a03a268f41782,0.786956787109375,117.6739006088339,17.315568218243506,156.0082018071121,112.06521696979098,45.96064392911157,19.614807464765565
33.png,True,1389,1391,3,uint8,bc5b84137d511fafa93d52496341251f740b07655804068840decba09a060e92,0.78686093444227,128.55495268813027,20.556168223540677,164.44766549439447,118.22340528882584,87.57899722152058,30.73344779731303
330.png,True,1388,1390,3,uint8,f26c533a925ac3778f974f82f6e0b6ebd8d16a2fed4f1f35e5ee0ac0590b1989,0.7865169398238747,84.03556259658467,35.41257078173582,96.38357841946176,81.96322250191955,62.28815033677069,18.05072781997899
331.png,True,1387,1389,3,uint8,0739426e39f714d4e787bc4e03ec9dc8d219dd948608645bd57847e05ce4c19a,0.7884203767123288,96.2569324594233,18.922874518250786,126.63235664837403,90.54985068548935,45.92810603269406,20.469357569390464
332.png,True,1390,1391,3,uint8,73ca791b296e8c026a6faf54d6e183d685bb9f14ff19dd76dee0b7392271fdb3,0.785400390625,89.51052028287224,23.72925603055877,107.99757149518184,83.98975170966739,69.43154044917625,40.93332197959149
333.png,True,1389,1390,3,uint8,5d5b8ceaf1d8ea0d3e11eddbb530c8ec8478620cd15279a23cfe2d956e6f68dd,0.7865142822265625,103.96869240469492,24.797222724971085,121.14468910660588,99.90997671937143,79.77609370453003,44.186822785628046
334.png,True,1388,1391,3,uint8,7029eb7441307cebaa0786e033c68feef3ebdb904c908c5e5d56a4a36b211b0f,0.7870520425636007,108.10006410318671,22.122150205429918,126.58143047232393,103.57694810555658,82.91638904806767,48.11480659630154
335.png,True,1389,1391,3,uint8,0702d331b75ce901334337137a8aacbc17810f4280dfc3ccc0ea21bc0aa7a863,0.7870482204011742,134.2275431363122,25.95602085276453,143.13231059116052,137.023460909007,96.47547798384787,15.287500849988339
336.png,True,1388,1391,3,uint8,bf9e7397d1e06033f5c6ac68df33c1e3c718c6b35294540a6d5f1a28cd6a79fb,0.7867959576810176,100.03046378205595,21.30419170896427,115.90302694667503,95.09344137264333,83.7985047437224,58.682806918549794
337.png,True,1395,1393,3,uint8,7d600cc24f9ef8104868a865fa23d5816c131e6d954f7b2508a4b2a850e0e346,0.783004372553816,115.91158797026247,18.325843091955136,167.12437334947452,104.48343006653357,40.36994713437047,27.42341267371896
338.png,True,1391,1391,3,uint8,769c68d7a8047720709f0534a5156daa2b1edc1ecc33b0b63fe82eb711bdf2dd,0.7860832214355469,118.55322298087515,15.110659900277431,157.63516235010943,113.03520214299233,44.427919074864,28.605125216764748
339.png,True,1390,1392,3,uint8,91c16750b94a6bbcfb64b615f9f61b4d5d4de5a59db0547eb8c17550f57a004e,0.7861691230430529,120.11591884756936,16.82141515775874,167.63271378356436,107.88018688589945,58.44146202725501,45.45641902942901
34.png,True,1389,1391,3,uint8,ce3fb81aa9c865c17d40a2ccdeb2127837bcb59cad3ef8b08567a20601440337,0.786593383072407,105.90302626847685,20.00973189780093,142.83666993848337,99.51996132129564,41.87617955470898,16.936407328890997
340.png,True,1416,1409,3,uint8,715641cdb89d0d73d79ae42dd994886420bfe4a36fd687652957c020cac78183,0.7728197138998035,177.66320759869515,25.992998171741043,196.924881953099,177.13007750629336,129.8890532911625,19.561169387783437
341.png,True,1392,1393,3,uint8,af7fb7cad05351b1deb8fa517e15aaac3b77a9e2dc9982b719bc8a8833703106,0.7847404479980469,147.89958437644313,14.196658137562444,173.74989670174756,145.0994871545585,94.5189704202416,16.53114023373898
342.png,True,1391,1392,3,uint8,0f5e470f077921e56356b9d941284a8529a511ac8f2f793eaa8021fd82d6a306,0.7856788635253906,135.43981142060875,11.493565549460628,177.59460771699497,128.7075125873345,59.49148625225164,19.325485249800916
343.png,True,1391,1392,3,uint8,8299ce5da05a54bc57f03949e563bb3c8b59cd75ac2efbee4dc6c3e9bc710ae7,0.7856369018554688,133.32197135226997,17.081851716677434,183.17032774945375,123.96827870842438,50.71305656712794,18.33998603109838
344.png,True,1388,1390,3,uint8,c89931bfd3e1be62f5df23b49c36d20b9aee5a6687a5534b05e3e788e48802ab,0.7870443982387475,103.8318877600575,26.0931915801697,120.79404708716176,98.51244682297636,86.73469278735018,83.46498714884139
345.png,True,1387,1390,3,uint8,f7059e094bf017f6b9b1762fb7042414995e0708bc431cb98578755ee4159c8f,0.7876062561154599,100.32940411427573,32.31323435366349,110.16989949675585,97.92414455773235,86.84406225280618,44.47108019253211
346.png,True,1390,1391,3,uint8,fc7d39629b2bf05039cdd8ff6bc877afb36a99a1fb8fd3e641c4c68a2546e3a2,0.7861671447753906,105.82184881289152,16.983089294015258,151.8487449597019,97.1323166204892,29.80173129085007,19.753405378295934
347.png,True,1391,1393,3,uint8,cfc38a8627132327c0fb5d4168b354880e1e3be385c41d144ece8432519b5bf1,0.7849001651174168,104.51516641912785,15.007395856206463,152.91812227605854,94.7300479657179,27.87506513111441,21.163434186600053
348.png,True,1409,1395,3,uint8,6d35b12b6f7151b265ca88f595a08142ff36d78316f7c32c17fed8e4bda759dd,0.782482741617357,130.99177333595904,32.8906631582219,198.68873572272548,111.39967999212288,54.30872390705002,37.887996452779376
349.png,True,1390,1392,3,uint8,257296b001270762b63b83bc4d73f9a86515535c21c62d3b6de541c73f5d7472,0.78540469055773,113.83415009221994,20.263449017556567,184.34765216291055,91.3940833240059,44.43787198216919,22.66840573278191
35.png,True,1389,1391,3,uint8,49f4103b3185fd6f5334bcd6544892db56af462874a5dfeb040b27f3150303db,0.7868876895792564,119.22168306010929,16.42424904837387,154.9506205221615,114.71006678809958,48.70528233151184,17.3036290840417
350.png,True,1391,1391,3,uint8,e2f37e298feb0a8e946055d296d004cc910debb860e02b105c3112e2c04b8a71,0.7853660583496094,117.69892023955819,23.15497742423744,155.31701144847216,104.35227002268323,87.7341350987716,18.076359846367637
351.png,True,1390,1393,3,uint8,7507da26bdc239e4c5c862a5b4ad96e341f38242f389969ffc577e223a1262a1,0.78540469055773,102.41322808742159,17.288723841942982,153.78463844428114,88.82787718931125,37.56499437920647,15.384361860927442
352.png,True,1389,1389,3,uint8,ddb06b2074c589cc81cdc547a690f92d5716eb07cd692a7c24f8b9bbd7fdbe3c,0.7871856689453125,90.7870718564035,25.110857659057842,118.03888910426642,82.11512144061719,63.95022679253329,28.409561157613226
353.png,True,1388,1391,3,uint8,029ee5a0f0809fa90efb454c8cb81c469f9d0b58e8827b3b49bd233a1bc78f7d,0.7866812928082192,87.36675072028608,26.391469647585122,114.01444459020216,79.12177571773532,59.91115581014571,29.480323170865166
354.png,True,1416,1396,3,uint8,0f6eaed697504064bb6c16f39afa2e0139996a43fa1c91c1dfdf1401c76103e3,0.7744043935643564,183.15086150926436,15.288982755213171,243.4082555061679,168.90536882585027,98.43475003745692,6.485053310897207
355.png,True,1411,1393,3,uint8,2a69dff5b04131b13e09942a2bb0119dc01954be0916d29c15c6cb2ac27c03ca,0.7758469987623763,162.22644227653623,11.846637947683353,236.46754535076744,142.65530924263345,68.27295703454087,10.747824349021867
356.png,True,1391,1393,3,uint8,6619c0715acf459511a42b66c270890e1f515c9c58a6e7674a927c49f97e1321,0.7850874510763209,109.30777881638137,17.647630426401108,156.64357071916808,96.79491635995404,49.55153745788787,20.986986762320218
357.png,True,1389,1391,3,uint8,d79289a5639d018c696eb48bda8645cd9d5ab312a4f040368bc74527308a1706,0.7867768468688845,110.07771343625818,17.349248503268093,150.4454446527987,101.79531300098131,46.81794642596893,23.620705104364305
358.png,True,1389,1391,3,uint8,6646c17a3eeee24127a2b4fce422c1b8613014a35395f130292b4d1e600ac28e,0.7870749755381604,102.3456712185078,19.86898733100664,155.50222897768109,86.73808298207105,43.26309220877605,23.746627515374417
359.png,True,1390,1391,3,uint8,075ddbc386035c2bd18ea2c07d0e62ed1e4e3a421b711768877e6b44efbdef20,0.7867279052734375,122.0721503520239,24.735427389773246,151.5681015923505,113.1882794468473,90.43520529878391,40.74459446860893
36.png,True,1390,1391,3,uint8,715aae8f87b91a9440bcfd3d6a4b8e8c20806a9c5ba308ee107f887fa5ed6f2f,0.7869834899902344,132.3046974595619,15.215200867044963,180.39401269007237,126.98685913438001,33.525765500259325,22.442480422435032
360.png,True,1390,1391,3,uint8,748ad9d265bd7542e8e982af369ed5bc0590c659aea45c958f4006ebff835966,0.7866592407226562,126.72119795556159,21.055864480657416,154.7221726522418,119.2899940839306,91.5276358028882,47.12306345614966
361.png,True,1393,1393,3,uint8,6d2aa096348091c5eebb38ef116e37ad16780c0d7b72d48385b13a95c906ae67,0.7853507995605469,147.54195992714025,13.365779152665793,191.59801335761992,138.3011778992107,79.55148512446873,17.76736926395196
362.png,True,1401,1393,3,uint8,11042691e3c8dbff8499781e210184249972d82fe52e903efc27099387bbe0b4,0.7817872053045186,147.69742809463042,21.839214705910397,201.35297928732697,131.95201236870523,88.0144596053794,32.31124439672819
363.png,True,1389,1391,3,uint8,a9420c6f0fbcfd8db304f6b16d727b14dbf95e7ac5ba8c5b42c5e02a6831b742,0.7868953339041096,108.30542022664018,16.277513563321683,141.10822967111432,101.09427473685744,59.3503305371654,23.548120442605168
364.png,True,1392,1393,3,uint8,92a6e4bff279a1034b18c0a3471705f872ce83388e5c48c079a24224d855574e,0.7849197387695312,112.46627171197791,15.99242520174368,148.4994848417103,104.29145809235914,59.97109767595572,25.58269349815354
365.png,True,1389,1391,3,uint8,905174c212e7618fb58e2d1af60b6de0b6f74fbe8a642d0681942714aaba7331,0.7865589836105675,116.33246189057724,21.997984930640037,170.26696276282988,102.09313422972073,48.16943568412306,36.04518763278611
366.png,True,1389,1391,3,uint8,9da841d787b319a146a11a542680f352151d112707582da3683fa749b40ae09c,0.7854390900195695,115.37782730564099,30.504229275945754,180.35720403316853,96.79365048468097,40.6208101374236,35.75264209536248
367.png,True,1390,1393,3,uint8,35c4ca8cf1eedc6a965bfd6d722cbf057c9caf4e19b6da84b60cabc42c594be3,0.7857677959882583,107.66819079491395,15.226711393626495,149.85094512165463,101.5330573688358,28.55380334854219,19.54930058186266
368.png,True,1391,1393,3,uint8,e0d9af2cf5fb67d35cc34828f7f8b67cc8938bb5d10ef65845d264dcba92471d,0.7855193554305284,109.40771323053568,12.901643118024298,148.95187259448124,101.09973384196928,48.43596393485697,18.60792322682183
369.png,True,1390,1392,3,uint8,c8bc39a698464af73959275e9cbdc0d5232519231394deaedb8503a15467c93e,0.7865551614481409,118.6006764242813,16.06389358812894,171.55123719556047,105.02043365016425,49.60476801368399,17.888059215454508
37.png,True,1390,1391,3,uint8,2f928311f2fcdf39b01c720861208560d6939eef81bc341a7ea4794d73ba03ed,0.7866668701171875,131.73660168751817,16.895882640772527,182.03318785762778,126.98992338279507,24.21370866065367,22.9582702350474
370.png,True,1416,1392,3,uint8,734b00f787f87f20506926f4c5a13e1dc29f1515ac7cc6a60c55c955e1173758,0.7729210673459245,125.79215794629624,15.888814396963918,174.8690161010776,114.45253321946196,55.428519755846374,19.232249398216865
371.png,True,1391,1391,3,uint8,b7e7e2c6911ba5ad81bea97995ada752ec90bafa3770b7d5c9218430b4e01108,0.7859153747558594,122.4338641802129,15.946616015228875,157.24888483324676,112.21154434213656,83.73616052576654,22.30201192664803
372.png,True,1391,1392,3,uint8,54ae6811cc682433b2ce694b85db16d98c0e3704f9e4b308b24538f1b91f545d,0.7861213684082031,117.22715780994483,10.957756199740729,150.72499599664204,114.5267351523945,43.236358254438876,15.074119218374712
373.png,True,1390,1394,3,uint8,f54d561afd64a1f58f28a0a4e7361993e5cd6e767b4cf9e31692036158a1ae5a,0.7847587451076321,103.51498163823922,17.34881304137596,128.0902745984278,97.99018595544473,67.47934423674495,47.46972902227148
374.png,True,1388,1391,3,uint8,9a739e599693d085e44eb3fca84b35e280865cfa4e3b0ef3737aee33431c41a5,0.7870252874266145,103.09202519535138,19.588264582174826,131.52638761406627,95.19844010276285,69.10829921665186,41.43642575813031
375.png,True,1390,1391,3,uint8,3ce0e457fea6ce96047ae6df2d91ff316d3db543fe20e5536cde3a80cea6cbfb,0.7865524291992188,119.0554197584752,16.099708976276883,167.17085212667928,108.55416363548184,46.88382559774965,32.37344216762963
376.png,True,1390,1392,3,uint8,e72ed810c57946655cc3a4e09d11e99806efaadee32e96898c0579dff5f60677,0.7860850354696673,114.49240755597695,18.236254075424014,168.26173145649477,101.71401064838452,39.20765322247344,28.238180460019272
377.png,True,1390,1391,3,uint8,910d8d4543ee3fcecd18ed773d4651af762892f7bccab0d963d9837ca235dd81,0.7862930297851562,111.85696335180135,24.38399892767987,143.72610880934593,105.56893005113477,60.61130786621516,38.64774893583183
378.png,True,1389,1392,3,uint8,68283afd88573a4f18ece530b05a931203e2a3ba0964a4d33a1af3163e46f496,0.7866163160469667,109.12166916094925,23.37591557381156,144.17962235913782,98.31729218090999,72.76914928767177,47.83760431831594
379.png,True,1391,1393,3,uint8,d980a83a88238146f48773a6c4cba3499af43ad30cb9fb26bd4d07c90d724835,0.78515625,107.77746297864883,15.394700433147802,150.11020728062232,102.01106989514268,26.402001733017887,21.565253941586683
38.png,True,1390,1391,3,uint8,08dfa0dd4df5f80b1b2660800fc8a3c0d752f0b82aa5688f6a12b402851f05e7,0.7863922119140625,115.56014125773716,20.45999588076543,174.48142596581098,102.9136688204591,26.071958010749558,34.76068833414203
380.png,True,1392,1394,3,uint8,61c1de35fae4422454ac3d78a6319a1338578a07384f91ee6ab5020ffc121d72,0.7844988380626223,139.36901827040194,16.573748990538363,166.64187576126676,132.2259293544458,104.58887210718636,26.01909147527286
381.png,True,1388,1391,3,uint8,857187dd48b427905b9f61e6d73c37ba8c4064796363bf61008977c3cdd74176,0.7872737279843445,115.86509107857226,22.92835487282275,140.70306734765217,112.30254981162854,69.03924243601196,20.596944946065495
382.png,True,1389,1391,3,uint8,0edd9e9c1e5fe5472c56e20d52427a0fc9c74cb83f1f89c13d7c21fd21d72894,0.7864175636007827,102.06179769819977,22.76797781975109,141.3432141607372,91.54364477623547,53.146414129631786,35.29161707747386
383.png,True,1391,1392,3,uint8,66f848a9316923c70733822a5289c42f93460db4222ff0dc59e8eaebd63e5d78,0.7861213684082031,109.91225124589353,24.240617488189038,147.7413927803685,100.111540831825,61.11166699825793,36.83431791497624
384.png,True,1388,1390,3,uint8,18bc4beeaa5295f0c4cc6649acb164a0808413662ffd7bdd0a8090a503a9fe7b,0.7864213857632094,100.03059007645089,18.72443613675149,145.460318926091,84.18877975047751,62.38994328150744,17.852978709747195
385.png,True,1388,1389,3,uint8,3c5d4e79a5b15ded03dfb55a064025dd44b9cd732fe228121f2e04db928a6144,0.7877616882324219,135.34343145752928,20.132627469052473,184.34159616865287,118.62394010856775,92.88184419898599,24.387999010485146
386.png,True,1390,1391,3,uint8,5a0c68d9609118f9111873e6a9688cc965b2aa5f2de5694610110cad822d3509,0.7860069274902344,112.72132571694807,10.851926051724654,177.95651962901667,94.4642484481696,35.57481060146471,14.630707040766334
387.png,True,1397,1393,3,uint8,7bcdc1d8491911917585f03de3f53ac3d42423334949361165a2c074162511d8,0.7821099865459883,121.8182284667074,16.75246759351984,173.1233182651191,105.49385461209529,71.25383017715333,49.42553408696931
388.png,True,1390,1391,3,uint8,b484ebee36ec82756bc08f368075b92efa4a41f71a661d5d959a7d605f61b7af,0.78668212890625,127.11774090309567,19.46664950326934,171.51890662580496,114.72280626891147,74.43720420513617,40.253514330369825
389.png,True,1389,1392,3,uint8,d71dab86dcc4f5937f05fbbc86e79c68e480f15ae8d69fc1033cba4a3d6c87ca,0.786841823630137,127.09365937540986,45.73069345668185,160.87054011648524,118.55875995200692,82.40579900224907,18.819171628006945
39.png,True,1390,1392,3,uint8,b862442b58fc62419ef591134f43b3c08f63f379485646489b105ce9739571ff,0.7858136619373777,117.43750790392716,19.048584295993614,174.733109915659,105.69840073153885,27.566232477601485,31.772129263769116
390.png,True,1390,1391,3,uint8,97347823c911f3457dd8a342305a5fe24af8ed73cfc1f4a5c7be93f57c9e439e,0.7869682312011719,137.9176341135924,17.138835743353685,196.86233573599483,124.90114833324446,50.29643381693561,33.93882672999352
391.png,True,1390,1393,3,uint8,ceb7325302fa166dc7a37d43c7ec3689aa94a5518c150a43b0a5edf117fc9cb9,0.7862035225048923,138.04728336963285,16.250191187955963,198.27093866677038,124.04959746421905,52.113239926882386,19.11497230009364
392.png,True,1391,1393,3,uint8,1a4d12cb3d7f49eb141c8505dc1c9816cf328ac81cbe568eea6e98bfeccf93b7,0.7860926797945206,155.60103468227766,18.950688837300532,242.57730214375667,131.32036252777547,52.48882902945052,34.64826437611995
393.png,True,1390,1392,3,uint8,651a719cf206dcd76822fd07772926c2f987dc210686f24735a227e73fd23cf6,0.7873692820450098,173.08430541599313,25.574961282624592,242.6054339542041,157.55151674021,70.70667618118358,28.473577843151368
394.png,True,1390,1395,3,uint8,83555527227f044f672a710b3ef07e0e2eb68a6c53a797922b658f0ba8c06611,0.7868910845588235,175.01384123461477,14.59313416267748,200.80035819791408,170.47491884578508,130.73965922529968,19.06104724170581
395.png,True,1390,1391,3,uint8,99e9c3d3d744d64d971e123e92110a5e5216e8b412f50fdc4d85299d8d57042a,0.7865562438964844,129.42070701437018,17.236149377357528,187.22464608057578,117.25658248905141,40.392490457876434,47.001279039615255
396.png,True,1390,1391,3,uint8,99d84a43b3e305e4a25a1b3c57a75dbb8bc662f676ab0016f901ada400f79b27,0.7873344421386719,142.0914605489474,16.70901332319572,179.30933404394486,135.77877371060345,76.97922914799292,25.267361035992305
397.png,True,1390,1392,3,uint8,b95a10de08fe1faa84c3e5b38e8d85580a1eb04adf3525010ca69a1ea9b922fd,0.787159063111546,147.1712876190846,19.308491243037967,194.13648723451777,136.7361298592835,77.69934351723268,32.22002125227265
398.png,True,1390,1392,3,uint8,a114441a0344b281067ffbb5b7362a8a6315c8e134ed9fe379d527d41a7a531f,0.7860162365459883,172.96623339995236,11.019343733266533,243.5475013007727,153.77236721177553,86.67026992856691,12.865782987558237
399.png,True,1390,1391,3,uint8,cc3b72d4030d178fc9782f649a847aa17a5b9f9617efef10c0c11326d7fc9650,0.7873001098632812,139.3645305398622,18.33975879699852,215.25190177628326,116.64777165117789,57.29243747153392,19.011398236999746
4.png,True,1390,1392,3,uint8,191f791af85643241ec836d3765ec6153acc0abb1be6a54670b81ed589f5a3b7,0.7871131971624267,163.3163392154768,10.478053160550893,186.14640127419466,163.5053997882817,102.43504715102897,17.51022783587569
40.png,True,1388,1392,3,uint8,d4c10ec1bdaa3f2080f7f8c5560dc0a04444552b7cb6a30366bbc646c5a3ebf3,0.7851294948630136,77.96319645595501,34.63964774147842,119.90611201713604,66.00395784144293,29.507226833483436,19.897516734312898
400.png,True,1388,1391,3,uint8,9d38df14bac6b1654df9bc71d4d01d8d241c4f62989297561e3b04848764bb2a,0.7875068798923679,140.36586147148327,21.630400964163606,171.2318127326645,132.65329528191538,99.08909564786907,39.687988079891994
401.png,True,1389,1391,3,uint8,80176519c447355f05824ef820652b924ac75ab7f0c80b52ceec9f17a9ef2dda,0.787029109589041,147.0322516414779,28.65235254068104,172.69494735615214,141.40438633979565,108.66453630677182,27.488365119679095
402.png,True,1389,1391,3,uint8,af2f0a5356ceafb1065095591568eaa336acd0def008fe89e8e44517c10ca3b6,0.7865780944227005,127.96464425590639,17.86295460017877,195.47479032430488,108.89127476991554,49.105571591008484,36.1693681478246
403.png,True,1388,1391,3,uint8,4c6ff272d3781ca66d43815ad98e55909a2f04675b550edb98d86c0268d2f744,0.7870558647260274,128.11083484282653,22.416778876024104,194.65335884498273,110.73528426225846,43.029399909673224,20.72977609163524
404.png,True,1390,1391,3,uint8,aad450d78da3e95c92600241763baba18d2326088ed4efce6e325827eaae68d0,0.7878990173339844,160.73857259747365,18.220995494962832,195.32805759575487,151.410045365856,118.03098628372784,20.94029867920787
405.png,True,1390,1392,3,uint8,712a8afad34d5fc12a38b0131515ec297dac17c14ec6069d12c2d3668f668281,0.787308127446184,153.86425710609996,17.660062680642802,208.67855426365998,140.09441464184286,80.97533801004927,19.98596903454107
406.png,True,1390,1391,3,uint8,ec73ecd1767c0a31b1ad2fd15f92a9cdc7ff1b0aadfe20d48d1458f4bedf7591,0.7867546081542969,134.02298744684668,15.614666414300737,185.9533899332341,118.34208676173252,78.53275020243112,69.91250253837586
407.png,True,1390,1391,3,uint8,3361efa56ba33cc324f653c62fbf8e4d5369f5e85351dd8cb41594b9d5be0386,0.7866744995117188,134.44145629467272,16.151998550054127,185.9528275353745,119.23576534026438,77.60478513446674,84.50205352838854
408.png,True,1389,1391,3,uint8,5b1ae89a148845c71631ac197f5bdeca58b2f43474ee35cf1d959c8fd9a846f9,0.7873463490704501,129.50594917352362,16.426378352240487,175.38595111531833,118.37230029855094,66.47331245904027,65.42326344167846
409.png,True,1389,1391,3,uint8,8b5ac34d6cf7b2c2ee0db9af1f97c571772a336522f2e46a5b64c95878dfe39f,0.787992294520548,142.81506955627557,18.125059949415782,175.0853883316195,132.93670087891192,109.0446683223065,57.30727797112678
41.png,True,1389,1392,3,uint8,cc0e567d6598f9bb4ace08f42a60b9ee82101b06bee3c85a4fd26239700b855b,0.7870940863502935,109.35858961098242,23.87170668118458,153.31768716402254,98.6981241107372,48.866157753400444,21.489016464368873
410.png,True,1390,1391,3,uint8,5cd7eecc46ab060c3323b09a6cf5317243779c7d3dd571fbafd4a1b1519d3ada,0.7871932983398438,136.55316973415134,18.01572793604062,171.62105661035676,125.19525775593871,103.05329572878202,67.44588487564492
411.png,True,1389,1392,3,uint8,b7315aae5ae4a6b8b4b5f00c67f44b6d22e8f07ddfe767746c31f3c62fb55ce6,0.7875336350293543,180.97782027139834,16.859444364356033,216.40562210013394,170.8924355962804,139.96238667469083,16.222842532494084
412.png,True,1390,1391,3,uint8,f1f6fcca75b437d06f10668a574b9fa988b349887a874002db95d9dc1c9c02ba,0.7866477966308594,136.34659942293237,17.43933411516498,174.1773585820624,126.90619014135733,85.7142787867032,49.22403442220097
413.png,True,1390,1391,3,uint8,4d259784b5c0b7ac1693cc1ad377d352cc1aa2826a14e871b7ba44ae4add8191,0.7889518737792969,198.31010206992588,29.572623810280852,206.12200523162767,198.41399968088038,177.29662168369444,26.508315331398137
414.png,True,1390,1392,3,uint8,d49b7a7b1f0c7ecb016d46a7dd28937d569de6a8e9dbf8375f4c6b72e565e383,0.7858442392367906,107.18136010350094,25.42791848260291,158.3631336271048,95.17002752891509,34.74220581511853,27.8064051818998
415.png,True,1389,1392,3,uint8,1b9b5fc81e6eac87dfd2e5dd1b422e7f489a86d1aeb6ae89ec20a49ee056025f,0.78686093444227,143.29772475566867,28.250059416330934,192.03074785785066,140.30932927895546,30.842243573551986,13.782281180965825
416.png,True,1390,1391,3,uint8,f4ad8c27dbb9d5a8ef4f94c9f8bccb73edb50bd6084ef3a15ec55bdcad372a83,0.7873497009277344,143.05709329987064,13.149750957147543,131.98852223121236,156.01055237670724,105.38313170121948,20.29391097429232
417.png,True,1389,1390,3,uint8,82611f3bf7fe447b30bf5432896c093208fc1f3928d541618fb1e1fb87d05455,0.7867317199707031,89.56024864597526,36.23278978552508,89.74944845008413,95.12441026585918,60.35706977894364,16.903343637900324
418.png,True,1390,1392,3,uint8,d8c3f668298e0c6302351ac395b8ea9048f3099362b7636893cecf0ca3774f49,0.7863525868395304,143.39424502393857,17.34569140618244,218.9343427224342,127.57418523829197,26.69248790920359,19.30397499135349
419.png,True,1390,1392,3,uint8,c5671c9a21ade8813a719745148808bdd207523fd536dee0879aec906c9814e9,0.7860544581702544,108.41426744530942,25.69039670318928,180.52923557185022,89.18746261979899,18.2453162304225,17.54043559998528
42.png,True,1389,1391,3,uint8,296820c952f8cdb3fd7aa48ffdca25602490b11073f2e1c8665ab13e0e27ec44,0.7865704500978473,115.70803043850101,14.108126861892144,169.36811440677965,106.21415312548592,23.79621170890997,27.613963854236207
420.png,True,1388,1391,3,uint8,0ccfc12765ec0ad4011d37929e60d8f1a72ef3e243e6968031e81b8a3b8bcd08,0.7871131971624267,131.80914273505104,23.47661680562674,154.84098788932377,125.54850583196558,103.62774481144444,79.44786111626017
421.png,True,1389,1391,3,uint8,a663acd6f30b5252b1f484a63502efeafdad21f94698d2a564cecc2f9212d2a9,0.7868532901174168,130.77798665151118,23.747430714607823,153.25080392099716,124.83727278909582,102.41805349110587,78.28158347182661
422.png,True,1388,1391,3,uint8,88690bc19a33aae8f8d977b72e3720ff0ca7298e74e0286de7d53f828e2308ee,0.786643071183953,136.1397690113745,37.65844180762087,176.89007876158223,134.37764259441914,38.27537886701877,17.296268623855596
423.png,True,1389,1391,3,uint8,bab01f14a023f9dc4a7f427e9ac8eebfdb7ef63d4daf582d6f177824cdbd49f5,0.787009998776908,137.9704672497778,18.554171977406483,180.54000592500498,125.39490643834353,91.05551049745759,62.38488285933464
424.png,True,1390,1391,3,uint8,9f5f31bb6a9ded1cbbd5ed47093ce9a2d6aff76dfcd1501ca3c3d368ca873529,0.7872810363769531,145.4927003939316,24.09118896069809,166.56786235166996,139.1047383237798,123.09551266831734,80.67293294103854
425.png,True,1390,1391,3,uint8,8b03240c04b8888b2cabb7c210eb05a862c15cddc3a53cdeaf08b446c94ed7ea,0.7877655029296875,146.62120111569527,22.439649399093938,163.64413485191858,141.93797334727952,126.07362426637225,64.47960618777044
426.png,True,1391,1392,3,uint8,d6c6f210a064a6f2177d446a11df8e07195f7332a99ffcdddc537299887b1a1c,0.7865371704101562,144.1253431367794,14.519802220873762,210.6092945204815,132.88840173435636,27.584506222536934,22.512257524654004
427.png,True,1389,1391,3,uint8,661474c6968997764cc0bc7c4a06e05354a48c3139da6d37ed51980a5465de22,0.7873845706947162,128.38550520618432,30.561113912033875,160.10088104657655,127.69223077109778,48.72789009975486,16.10903000500495
428.png,True,1391,1391,3,uint8,be11e670a5781ecca312eeb6366608f3fb5ac8ad20ffd2d69015d10a69b68856,0.787811279296875,142.0633546387759,40.553301168426586,163.76365485183032,135.58770579120667,118.45982471431338,27.391837149771046
429.png,True,1390,1391,3,uint8,17dab7f86baf127aed649bd3c77f54935c6d123f1f11ef195ee0df825034aa22,0.7871932983398438,139.15411081712364,13.889511328027346,191.77745471462217,124.43768111728161,76.87562876166662,35.63524631432696
43.png,True,1388,1390,3,uint8,2a8706a1af6ae063a709d69dc964a00359f52cee8d1fd2253f4c0707b52bcee5,0.7876062561154599,122.13957867254189,15.616473651976579,175.15850492325163,110.89628899899546,40.94557004411272,33.46822509123397
430.png,True,1390,1392,3,uint8,32d8895fa72a49a1aa5e6c17f666137842c777682ca35fff5722030163375b27,0.7865475171232876,128.497356477117,19.39624387082107,180.55723907360073,111.20867794699348,80.93892198691844,65.20008830562337
431.png,True,1390,1391,3,uint8,404b51d8534c11f2e423892d26be0ed358a3c2198fb8a8756e865d5dcbf9e5b1,0.7863883972167969,124.9437440273203,21.922835196194512,174.3816111803713,108.70994969609066,78.80278636118886,51.14485892405263
432.png,True,1389,1391,3,uint8,9eade4cbe5a89afbb30c7719cbafdf89d861045cf771ce67e190eda4abc55624,0.7875718566536204,143.30210527337493,20.44338163212654,177.28263464916964,137.4500082502645,84.29727158900094,30.999513144103066
433.png,True,1389,1391,3,uint8,b7b678064b2365416314980022f4c8b78c182eb6cc19610a6eabc0b83f5d10e6,0.7882751345401174,140.24133282906158,26.65077837742484,155.2953093028443,138.66056206906583,108.8826113519332,21.704184050713273
434.png,True,1390,1391,3,uint8,b80805d5120a20dc0fe3ce89749abed2696ab0d3be05e2e4cfc098d8deba39d8,0.7870864868164062,138.93483739640382,17.56746215860745,178.56777007706103,127.76712547860224,92.4798041971599,67.59701514602376
435.png,True,1390,1391,3,uint8,2b247040b76d9f7edf386e624d24820cccab5e1c23d19507826b10d716029ef3,0.7867393493652344,141.33577063503992,19.088176021235714,182.77466919447826,128.89574716712164,96.6803902268727,70.81838605525074
436.png,True,1390,1391,3,uint8,dfeff8ae413ffb7595df7f71f2e8b77c7ec0edea26a37cc8dffd38a18e6a2744,0.7865638732910156,121.9606485186209,18.27228796448312,144.59207150582222,115.53160388567993,95.67658455912664,15.729596448463512
437.png,True,1390,1391,3,uint8,65dbf465e53f05999ca97da54451531627387633e0f5a93a29d6313c62ba38f9,0.7872543334960938,143.04779187300727,20.39372280624446,176.71121362187097,137.3868122922461,83.88837256631165,22.551045353029934
438.png,True,1390,1391,3,uint8,c0a2222f8436dac9a8b6fbff7b8790216fc691a98dce474fa431516ffa6bf386,0.786956787109375,141.4961947880715,23.575219103471618,180.5821441036181,131.15105479505178,92.22020300926823,34.003486765404205
439.png,True,1390,1391,3,uint8,4f7136919372aea8e00eabd3b976d1d1b3559fb95597b4cf166c0f24d715aeaa,0.7868003845214844,148.3005308962207,24.588589252864985,179.81091852318733,140.66367360791253,104.95577804174444,25.503425505368853
44.png,True,1390,1391,3,uint8,766098f5e6f6a46ea83272fbf2065591999a80f8650baed0e6a97fbe797f4911,0.786468505859375,122.16925517054052,16.7139702188737,175.01812114392146,110.6006557758721,43.09473342128749,37.56883289573315
440.png,True,1390,1391,3,uint8,a8665b6da7359979cbdbb4190b8c2785fb926ef60a8b30bbe238f6cb1cda54fc,0.7866859436035156,127.3174590859498,15.731258425202185,179.50498727118438,120.1662310583101,27.208631349254453,21.965555152044217
441.png,True,1389,1391,3,uint8,174a5d9da19aaf0afe976e2b6c8f9124707326d00093d70f938f7e6d021e4e15,0.7865666279354208,89.97135929170858,29.30091675142758,131.74153874562055,81.73834618617919,22.751680102628395,19.42576389559736
442.png,True,1390,1391,3,uint8,0b3885cfc658be4ba9acb2cff95106b3db5c848bf4f364591c6d4f052c0e11ed,0.7870368957519531,130.07273758342745,18.411549395332607,165.5197293485268,120.32456850380724,87.29159981969494,57.831976974695074
443.png,True,1389,1391,3,uint8,6b6991673c238812196b7c46856139a6c93e281671b089dd4c186ffdf4a7f00d,0.7874724804305284,127.23687557031083,18.923279984531465,165.57028656299144,116.84756440872114,80.13974314170889,54.284505541312434
444.png,True,1390,1392,3,uint8,3519628a3445078c21b3b3b8f53a0cbacdd9299ce0b5ce6ec880d162fc7cf71c,0.7865207619863014,170.62583159603264,21.667872878203994,219.23824102556625,155.80023714761953,119.45521165911002,28.466670001146955
445.png,True,1388,1390,3,uint8,dfc9d68fd23b11f0002c666aaab49c4a18c0ea1b7d876efb13f58926898220c2,0.787812652886497,144.74483424462804,26.231796210255133,194.47805372676683,130.64545379565973,86.87698249052723,28.073015735849168
446.png,True,1389,1391,3,uint8,bc38b1eb72c617e4baccc3d6bab2b9033e27a5e2fbdd80f40bfcc287d0d4bd56,0.7892918297455969,188.2668229186844,34.00611555835977,206.12082574671678,185.07580482702514,157.838124200984,38.73386255835152
447.png,True,1390,1391,3,uint8,fb2cac684f56320c43d265020e2ee1c37980146482220ad0f9be5714413679fc,0.7867355346679688,131.79395164809588,22.327396963415342,155.79599297898545,125.78452564512844,99.76499966058631,64.5872101809418
448.png,True,1390,1392,3,uint8,6a52cf2e3a0d38ad657944bd0e84d855b08cff7b85e2f3779e90370ddee46e77,0.7862417441291585,135.22670704792276,18.089147955711574,193.9845799344696,116.58398393824196,77.08562219867189,53.348479510232316
449.png,True,1390,1392,3,uint8,386030c3b2077347996a66fb9e693530d1de38a16091599658a776f25b2d2f6b,0.7864825403620352,133.73138810996798,18.479670721483583,187.41476607263485,116.6116907794663,81.03928677303189,53.75827326804871
45.png,True,1389,1391,3,uint8,b0a01e5104b38740d2469b0dc221549ea1d025ff0e744dace630686c4f79c77d,0.7893338735322897,142.42321381013485,57.66322714375325,155.85379270270926,142.13041667675472,108.69491804469409,30.145954739746095
450.png,True,1390,1391,3,uint8,599267cd8fb8c076454d5345753e2cc4bbdf0e16c62af1fddfd8cea76db6e981,0.7871932983398438,145.76124986673645,14.995034870014008,187.75727618992238,135.80698591767705,86.8462623208211,31.421155107855327
451.png,True,1390,1391,3,uint8,7075a701aaf43448855452975e0752814959e229b43df89a69a890148d190953,0.7873497009277344,156.78825963304087,15.820799650817284,190.96917136226435,150.35628079593408,100.23337322370747,26.841104733030154
452.png,True,1390,1391,3,uint8,740acf28f12ce1903fb9ffbb032646b8028ce9711981e4a3abf7c1ba902908f5,0.7877464294433594,141.08335472123892,21.851108737038714,185.01808206176182,130.07568897304157,82.50425417548414,32.82535685669359
453.png,True,1391,1392,3,uint8,aea3f49507c6d36e3ad1e536fde770a0dd647b587a60aad2e317c44c332bc5b7,0.786865234375,150.02798246974868,14.563215856238571,187.0306585479367,141.38745927707106,97.447826171269,19.010996610470464
454.png,True,1389,1391,3,uint8,2f01d33c0fa6a1a672e02f708957f26478a61ed2da61d1b0cfd6c387bc9b4cd0,0.7872546171722113,143.155973413733,17.846927351022455,181.46364779507795,131.4330512547883,103.0276932189483,65.43366575146464
455.png,True,1390,1391,3,uint8,133bf5f4524800d301fc28a171eb0723303184f47810ebf01875b249c0a7180e,0.7870941162109375,155.83263866002366,19.332603106254638,195.18390748890138,145.73635209274374,104.58385029951728,41.0180132026729
456.png,True,1389,1391,3,uint8,2ee79922b5134b0993973eb16eecb8b0e150b3059241933998a255e250bd71d6,0.7880840264187867,160.1356189496964,19.97898806611273,172.1680165674045,156.83964149223038,145.52618969096164,20.895625130633587
457.png,True,1390,1391,3,uint8,c551a639ada7c02a3d6d5bab2a2d21b603cb24530341b0da76ef8ed6985448e8,0.7869071960449219,141.42422788111477,25.35193606731832,175.93205450764242,137.15760872199843,72.8661983779565,42.629870996843955
458.png,True,1390,1391,3,uint8,be942ab2ef576ce871cbcc6f0193a3fa4a129b244245a68d595b5b99acac9335,0.7866897583007812,130.79949666870326,18.42384343147425,174.70025602979257,122.43957115009746,58.679182062397565,32.88382713942406
459.png,True,1389,1391,3,uint8,55bf96f58ae7dc6759cd7d5f0a1662f486d608d80118740d045152a272cf90cd,0.7871475966242661,132.56028124286817,18.975145290056194,175.03072209300632,125.05525315257134,59.78187168294139,26.952362154563257
46.png,True,1387,1389,3,uint8,ea533ffdd6baf6f2daf7c891df676624980c0e4c8aeff1e029d6be5654df3f6c,0.7767780699608611,64.05133592481425,26.477105908580363,87.74216405058309,57.15746690941298,37.415809673768635,33.11113489364737
460.png,True,1389,1391,3,uint8,a06c4b6810dc6bc97ca0c353fa7dbf87f9dd5c3c353d2ebd160d36eb4c1ab631,0.7881298923679061,170.63813773035886,17.012196983119953,203.5486711930165,162.6462609117362,125.46014548981572,23.22440777185221
461.png,True,1389,1391,3,uint8,ff619c64514516cbddb5db2d61ee5ef0d9fff1432dfe36c065ec41671d800a68,0.7874075036692759,151.23418652402057,19.31292109768253,195.04269674920272,138.71276291071837,100.79881171393761,57.56617763372391
462.png,True,1390,1392,3,uint8,fa77f333962d1ff8d7bb2e588d2bbb692626820ef6d226bf86be8060bd2ad21f,0.7863028987279843,134.17474553037596,20.097156016734296,177.61774141803016,119.92142308552319,93.59833659015565,71.68942313894395
463.png,True,1390,1391,3,uint8,b80028eac974d01e6f58f68423bae907a60a0624a747809d8cf1b29f8599457e,0.7871170043945312,124.16634841861412,18.770252659639507,169.75308474444842,116.41368531244851,44.499578361717184,42.79993689467764
464.png,True,1390,1391,3,uint8,2b37b08bb0baab06eef9fbe9c77ba26b6de34d701227931d649dca8411b81ec8,0.7877082824707031,166.90666511697734,16.519023636613248,200.53327231431575,156.67145133249068,131.38708818216597,24.539233251703266
465.png,True,1390,1391,3,uint8,37d680010121d1770b540b9f6c4f299718607feac54505938cb72c3012a18b07,0.7870903015136719,143.27426804503443,16.06320410661345,199.0727084151194,127.1826240361361,79.75317814579486,49.18682526445933
466.png,True,1390,1391,3,uint8,064dce2cc2ebee8f74e772f6b68d8e074fce4aac07babd25fdd38a367baa50b8,0.7870292663574219,142.43539732932652,15.313409320608443,196.25526985434894,126.58513438189176,82.85654945108209,45.23247834812533
467.png,True,1390,1393,3,uint8,1579d09945ab320be0a99e46d740ebeb7d2092e4943825f76c594c054455c844,0.7859245046477495,141.22394381951435,21.48069705906164,207.4620105727472,123.98615913589433,56.23363631500367,24.202538647486445
468.png,True,1392,1392,3,uint8,775af2c207825078904c11d0a4201d426efea86956e6cd02346af22d7fcdf1e6,0.7861251831054688,152.96229582973436,15.521357953347623,218.63450732247014,135.3570783877949,71.34194334184144,44.39435686308062
469.png,True,1391,1393,3,uint8,6f8b9f3b01a8b8c2828a9ae0959a1c6ecc0a4e289af008b2bcb2090403eeffe9,0.7861461900684932,156.22983163247943,17.216159118303075,217.11580068163806,141.7367039250101,71.14008099921723,51.139075379104824
47.png,True,1389,1391,3,uint8,5a6f22d3e8f6df7ad329301bf8094fa7124970ecb04391e36f4be18c36992505,0.7867233365949119,125.25542189746979,33.3438074077644,181.63035873916593,110.78778809903223,51.86008006529597,22.649895066035324
470.png,True,1390,1391,3,uint8,a984163751426a2d86801fdf2d90873fa05d3a3fcff4c1997d6d5ab4bfdf905e,0.7873268127441406,152.51552135973603,18.058002902738167,208.93265275469614,137.63422209086548,81.1603978817111,56.84510223360238
471.png,True,1390,1392,3,uint8,f85c6f53824acfd6d4a1c25081c1d98fb76731d84b5e3b8cd3bc1206c6d315d4,0.7870138209393346,144.6446082716553,17.582249932135106,200.1574295316355,129.0661897546477,79.2489849835849,52.89299363176466
472.png,True,1390,1392,3,uint8,a6ee0696ca292d3364d7bc7bdd3f804856d57f6632401ef7fb22e864f4dff549,0.7861958781800391,169.44687740041033,16.77035930983459,234.453698211907,148.95939113440352,104.41958929283304,35.58675431188191
473.png,True,1390,1391,3,uint8,588d399f3f1b0983fe95a6840580e93afcbffdfdb447fb48ebe7f973559ad807,0.786590576171875,124.34245877788555,15.739884635797168,171.66423375363723,116.85927255092143,38.71089233753637,19.46945746941628
474.png,True,1390,1392,3,uint8,fbf79f9d3052dbb9255c3dcef9a54d1f400098180ade11ae38d13f09804153e4,0.7864022749510763,120.57808581371387,13.731815917885408,167.11850418959116,112.76874137294166,38.64796255613663,15.78611498700555
475.png,True,1390,1392,3,uint8,4860abcd1337b22dcce2e0ed83a472a75ef53b34a8097da82d8d7ba3ac1f8ab5,0.7866889371330724,133.11024521069075,20.090806451204106,173.50001214635876,123.63016766833638,75.96051461692814,28.13183399193172
476.png,True,1389,1392,3,uint8,2d2aaf6d57d26d6620c816cf5210c19577894792b92b4c6476703ed65580d735,0.7880687377690803,149.17046424552828,37.325186484469015,160.37829317502812,147.75630504791837,127.02605924805029,17.213429364400668
477.png,True,1389,1391,3,uint8,fc5fcb79b7694755534bff70a7f72f110242f5feda147b189e2c0e02840beb1d,0.7877782534246576,130.02323539115415,32.836505867664144,147.38778698546392,125.94475226580239,105.45485861781202,15.697583719075148
478.png,True,1390,1392,3,uint8,9a9ad5e6fe40d83ba56158dc085888771de929f8cae9f1c358ae110e2a906cdc,0.7862226333170255,126.31008113718455,18.59065009984926,189.96323304213396,111.1474275769199,37.38599228977983,29.859546103242398
479.png,True,1390,1391,3,uint8,2f97239e06a0d8e2473bec0dd6153e393a9d72c650b8b42862e1414e2aab963a,0.7867279052734375,128.4690063810392,17.70887719171268,191.50361236641518,113.14606082352256,42.00741868538955,25.565336088674925
48.png,True,1386,1390,3,uint8,a6024b1ced866f4b16703b319bec10cda1577be5d66464e0d70f5790aa14c90c,0.7863678754892368,90.10158015738386,31.18865420789912,140.37484385556456,75.42573357506355,33.780833969252306,20.47231190484464
480.png,True,1388,1391,3,uint8,40be765a09bc7cc00f006c7e3ce75693f35d15ab2c528dfb406d2a126534791e,0.7814105308219178,52.52248070357363,14.2824502060149,69.1317684233181,48.04337660558985,32.017222488529754,17.561896690571107
481.png,True,1390,1391,3,uint8,ef8f110c48c2cccbcdadeba5deaac86f58e383b4dd191a11ab936f04a5a9d6c2,0.7874717712402344,134.85010972189255,21.24737661800444,176.7215486046185,125.89143103506741,71.12853205187206,23.265632875477838
482.png,True,1389,1391,3,uint8,77810dd96bb6a9e4a0154c248c2a00b92262e38277d47c470624d0d683432372,0.7876826993639922,143.8000029114483,22.75226998804806,184.7484314572284,133.58667624209664,88.95675528791797,76.45874111406201
483.png,True,1455,1396,3,uint8,d032e4ee85dce5cc70a5e79ae95fd7adbd212766e8f4d9b20969c7dda48fa199,0.7564918533604889,145.61061332660273,32.666543724845035,185.48290530876662,139.70274377418812,71.40789058556285,25.424638022281126
484.png,True,1390,1392,3,uint8,c880bec5126f9b650e6037ba4574dbbe4cdb7b315cb7aaf3589fa6da953afcbe,0.787029109589041,191.24172947666963,22.861172051153535,241.13937507284666,177.70134814872372,130.07341485683204,23.979211662892208
485.png,True,1389,1392,3,uint8,2a3ca4e967faf471721952d6da09b716b10cdad41178ddb82553e8548f2bf331,0.7869488441780822,167.6421747429465,34.25539664446606,222.48701497394254,152.05194981810763,104.04905022560482,19.95963414791153
486.png,True,1391,1397,3,uint8,b903d835820fdac39d389dc0d66e22c688b0a9aa3cabc1a0eddf42a0763d798f,0.7870749080882353,126.72784776251575,26.471896379283926,188.48203346616648,114.56066290062816,27.354552576135774,24.968619211311438
487.png,True,1389,1391,3,uint8,f38222cfa0eec906d87482076292d9553060b04d32922197579edad3d4918356,0.7876635885518591,137.3141334834383,23.797028957598993,190.71404031483226,129.28151476625357,38.57765506264618,31.271010075673555
488.png,True,1389,1390,3,uint8,6a393e208377fc24e765f53156292327edbb99c12aea52dbaf532308c5e57507,0.7880058288574219,152.45695668801525,18.543876753089492,188.37785555571693,151.2012625199084,64.68898828974058,18.91074298293292
489.png,True,1390,1397,3,uint8,1109bec2c8c74d07110f259275b4f2635e6346d3a3f19dbe1e58fb204eac8536,0.7858738027996071,150.10516833085128,23.209990804591015,196.60254388320598,138.4065037474671,88.38808134567027,45.886865820895004
49.png,True,1390,1391,3,uint8,bdbd8f89ed1bdcd4aa12fd289637f5ed067ac241feb4d61af325d5a88444377e,0.7864761352539062,134.6779938885386,16.616517718719933,177.61010816316633,133.9038657418635,26.033729446573215,31.15012931310198
490.png,True,1390,1391,3,uint8,cfc1acf0fb1b496651bf673536fd40e6719eb1fd13b911d47ef1d101dce76191,0.7868728637695312,139.24138282090811,20.326790087957583,186.9409183901025,126.76264580121585,78.38388260275168,49.544823871382576
491.png,True,1390,1392,3,uint8,4fb4281b362368ca11e051a70a99491c684bbc088e0fb1ea23cc1f6aa4677182,0.7870558647260274,162.53578348768204,20.805837212023135,214.77572734910328,151.08886018288746,84.430212850684,22.813658774146283
492.png,True,1390,1391,3,uint8,794a0dc97651ab7a2182f97aed41f5a1da811b80c47c91a33353d524ae0b59d2,0.7870368957519531,155.75519225269852,16.11718827700546,199.10357362699148,143.37347867601798,105.803336613076,24.120681600112775
493.png,True,1390,1392,3,uint8,07728ddafad5db77cd3912de6189d380744ccc3495b8fd7af84e5a9effb7e956,0.7863181873776908,149.2212846212924,17.65960371827969,192.54296005366362,136.70579314233495,100.01999261153185,27.9233223677906
494.png,True,1391,1391,3,uint8,7f0e0009d1fbf17d69a961512ee025424b1cb0a7eebfbb08dceb921f25efe1f0,0.7876434326171875,158.84457273484568,12.669225310930017,192.09615161084096,154.68798795017338,93.00971541486662,18.654903064188403
495.png,True,1390,1391,3,uint8,d1569aeede7085b59b463b1273e612b5c1f6c46a29435a9e7fb74d044adbdfd5,0.7878952026367188,156.05542698337385,14.857485405594813,197.16542398156307,149.1718585081969,83.65288415915407,19.543445983499954
496.png,True,1389,1391,3,uint8,2f1c0c934f38fd83bfbfd1454a70f1c2859687b3e15495f84b068221cfb132fa,0.7870405760763209,125.15958040939222,24.98323048646621,166.29944394531725,119.75562732195323,45.03308646771726,21.44899942276194
497.png,True,1390,1391,3,uint8,ef6651896aed5121d1bb1cab4bca635ae557346053ffaf1c422ab860a16bfea5,0.7870903015136719,115.94602362223806,30.96820535350001,155.57617614415673,110.67547775176779,39.09256485937644,19.990392704341698
498.png,True,1388,1391,3,uint8,e7ecf2f46c8cbd4e4d35c2e2a8998674c01fde572f95122d12e360e9d233634d,0.7867692025440313,84.27474203765959,13.834366774157264,117.25814208818329,75.24196478886924,44.23668894891277,26.07701333196488
499.png,True,1388,1391,3,uint8,76e7b6b8757b6ae5b978ec1dab81ef4392e61ce2a27dba646e88d8747237b392,0.7369282045009785,67.80089106035145,28.948216878154316,94.94522416547375,61.00975083504492,31.516566046347585,21.835916695779765
5.png,True,1390,1391,3,uint8,e8a3449cfcb601b9dccda48253e8ad49d1ff7e39ec0523c04ec7b9f93b646758,0.7861671447753906,112.26339591147514,16.285831855328517,163.8313932330207,102.72928686150158,26.023713056009782,23.20135421432199
50.png,True,1390,1391,3,uint8,d883db7f9e06d6bfb8de61159d69e7b132338f3cbe90ce5c66c33c5dd8097fd2,0.7863883972167969,129.16807908919364,14.193218067004047,172.46396018375236,127.44455655430349,24.456586804561795,30.149995809335174
500.png,True,1390,1391,3,uint8,ea6eaba805ec6513ae5a214937e028056c96d8d71b221477f343c7bf4387ff39,0.7875404357910156,131.7915514243227,17.278543507488685,174.10552727307956,121.58689070908554,73.31828684081783,27.046764551994702
501.png,True,1390,1391,3,uint8,87cdc788ab5137aca05ff2891a61086e27f2eaa0036ca4f51d71f45ef284e0eb,0.7881698608398438,147.4872515899213,43.364769208406926,164.6333743115181,143.68768331284423,122.04762503992953,22.766131337951286
502.png,True,1390,1391,3,uint8,947c2c213770378ea41c52a386128d552b792d5757511626490f0e98439e1e28,0.7873458862304688,138.23863118828672,15.209575402256121,180.74203722904292,129.6917944941327,70.735753253423,20.593286690169947
503.png,True,1390,1391,3,uint8,4cd8674d1e72eacc12a9760312d2b090e9ba73c4db55876122eb1157f53aee93,0.7865409851074219,130.57814508189168,18.804954872007993,170.471470073283,121.58516783308356,72.22796296565738,22.890645198846922
504.png,True,1389,1391,3,uint8,28f280dc9ab6a772e55f2ddc9e1a90578ae2f74f029a2468113fbf55a05fc6a6,0.7869335555283757,127.08114159708967,20.77132616464261,173.35989159101837,116.93850995934663,57.91166027966797,37.98430681938718
505.png,True,1391,1392,3,uint8,ed10ae7ef2323535233c7e8468794580dcfb1c1efae9ef1c5e93dfcde2d13c69,0.7869720458984375,168.8295928259816,15.458301036797133,208.34727096461464,162.74069801260302,96.51782355792535,21.520687014318877
506.png,True,1390,1391,3,uint8,e2fdb5196428c84a2235dc3967b1a71b63e2aae94481309a73cebaba17b695ec,0.7887306213378906,177.2830611188764,20.58997163172981,216.04989335512983,169.24097871455447,117.00234086699136,23.113840226861825
507.png,True,1390,1391,3,uint8,00af9b5371f869fb53eb7d313df56b0b9c374f483ac552b7b3b0caa8f32c5c08,0.7879829406738281,130.80642412799844,31.414398811938515,140.17882022607895,131.02086026190304,105.11490814029482,19.445619529308033
508.png,True,1389,1391,3,uint8,d3e7492972ac263db7a6a6fc2ee6f708dad7a4ed2789a2b612fc3bd470998ecd,0.786494006849315,134.70634974632117,24.97391882390195,163.52242773555196,125.55586279960345,106.23861361118131,34.44067119542712
509.png,True,1390,1391,3,uint8,3919c9ddba877390ea7d85ac2e9cf7070a943ebd4e08433a9467f3a94636e6ee,0.7873764038085938,151.01807118010134,16.483767900573167,188.69824520605022,141.57353468406927,100.79601852659322,57.535383909071044
51.png,True,1389,1391,3,uint8,9591f7152868da24db8e06627462f892701693639017705b6d7be74eb27625cc,0.787208751223092,132.30207954010265,11.618047970307872,182.91166688515676,123.27373409270777,46.00856481144305,23.846191133736397
510.png,True,1391,1393,3,uint8,2defb2614e8dcfe7ff006abd1525092d4d578e71bc152890447d0b750db4b08e,0.7870711533757339,167.7589584456326,12.32968422321643,215.71722439941144,156.54125571208655,99.71871039174837,15.983035907810985
511.png,True,1389,1391,3,uint8,02a510c25923019b826e49036c1231fb1f8db964d965a5be4c44015a1926d9cf,0.7864519630626223,102.72220197219104,17.044814247863098,159.1973163038671,86.19065323360599,39.65276704526125,16.448265504005573
512.png,True,1390,1393,3,uint8,67eb69a6a5b5203b501692c2558989bc207644f82ccb8807060cc948594b7454,0.7867539138943248,157.52819665759813,16.40002961488244,196.03749514185776,150.91418091721727,90.54538962300816,17.785793115837187
513.png,True,1390,1391,3,uint8,5dedc1dab167890c6ca31c0cc7fc7e9ace049072ea4f7ddb2e2f32adb2e62c9a,0.7877616882324219,156.25848034207073,18.44598699183367,187.9856372907456,150.7207552286363,101.54051436513048,23.840270213156256
514.png,True,1391,1392,3,uint8,7724157adcfbc7b2f57bcabec0c56be8538da19ebc41a4d80d210ee6d9bca110,0.7878150939941406,168.4567477399393,24.703177659990786,202.36773500031472,165.61533693910062,94.1195568489403,26.608459627409268
515.png,True,1390,1392,3,uint8,5c9a2605f817cd4d5eb343995ffa3b5d13aca9e4860a20c690d1f5d132181644,0.7863640533268101,138.56360030718682,12.71854921686533,192.50783520788576,127.34465193595739,54.813393733777914,22.096962709004654
516.png,True,1391,1393,3,uint8,d704ecf649ce138813a8936e29c7270ffbe02a6e41f46754e7290a7e4c9ee2f4,0.7860009478962818,142.80338256104025,16.59054709201454,210.5974674557364,125.1710780332907,55.75009117742884,32.508018496074264
517.png,True,1390,1392,3,uint8,d68a6ef852cf80967d603224b8f22d052f08d8129d51f45d201adc8b3e0aa619,0.7865131176614482,138.4622722656079,18.962936074098174,203.3770295028113,124.00828080883674,42.594449331071985,45.821001714046886
518.png,True,1390,1391,3,uint8,aae82835b72801583b5f2678c5217b28f531554a03c42f6610793e051e00360b,0.7869148254394531,136.95777201444602,24.020725224951807,158.97241680199724,129.49420461982209,117.64142327362629,105.14613916060793
519.png,True,1389,1391,3,uint8,216ed2144c81a6df66e6b7f14e71360ebc66388577f24e7ceb98c7d61b81638d,0.7871284858121331,138.62900970194914,25.358727553387883,170.50741970884442,128.07007934426866,109.38741757227903,35.067958271857464
52.png,True,1390,1392,3,uint8,920d72c65f9f3a519f1185b5ace976da137fce3ee2ce0c07e2cd7919ef0a2e71,0.7867386252446184,138.77044345984183,13.379725827347563,189.3665733885229,130.9768359276317,46.1485308692357,23.537216091196616
520.png,True,1388,1391,3,uint8,b4fc7e41add548f82b05256e054ed838fc251bf87d0e5abe1f8f564c955515de,0.7871781739236791,115.642385810217,21.45036041264164,134.65640370767804,109.1761535510874,99.05282324436395,77.34001468217893
521.png,True,1389,1391,3,uint8,1e5e036352c189452e9792300fa6d666cfa8d22e4d5295957f10b322dc9a71a0,0.7874992355675147,118.21653602543257,24.672270334200853,134.58684689494504,112.42000630960759,105.13150678282815,67.43915252575073
522.png,True,1386,1391,3,uint8,74087ccb8955bf2128f7f8e78b5bd615378821f8848600788f09f08a4dd409eb,0.7862783394607843,97.34100617106564,34.975569328801896,112.94424123168041,92.43556910668102,81.6825383682475,16.63946925520252
523.png,True,1389,1391,3,uint8,43194eed5a1dead4d8cd7536edfded0673d1b9698d58ad375489239da4829665,0.7877553204500979,159.37304829647456,24.09528237878121,193.0781991441131,150.2961737392165,117.69668416609252,28.980147611885926
524.png,True,1390,1392,3,uint8,eb5412e54e3b911cd6b8c5029ed484987236f5eca8a4c54ff575f81b10558059,0.7866507155088063,140.2840685476622,20.60542888264278,193.7074042941894,124.17205424341513,83.0878272995389,66.07567306211484
525.png,True,1390,1391,3,uint8,4f026178aeb079d279e396e12fbe3d5b845c2a6d956ab5ff916142b714dcbcb5,0.7871131896972656,137.75748411579116,19.979112141760822,189.07303101237295,122.98623610888983,79.19503530631927,58.493462355376884
526.png,True,1390,1391,3,uint8,4fc0fcb36f1909c7be0a8ce8f3a35c6a116a49b5dc348c2ccfd7422fdf373ff9,0.7866134643554688,125.99778861914784,19.63231273497625,165.6067767184272,119.43135505271428,55.89125437669127,49.372490477892605
527.png,True,1390,1391,3,uint8,30fcabd6247079a0b899288caab80bb4f59c4e5e161fdcaaa13797775bf5b9cc,0.7863311767578125,115.57497622882426,17.03798520017227,158.30033182620843,107.7665622028603,43.67830322317738,45.4614927188931
528.png,True,1391,1392,3,uint8,f60ceb2970da208dcaa488982b4ef85d512dd37eff26a9bd60a6e719144bf1d6,0.7871818542480469,184.60473940539362,16.35812424615117,213.58484650238665,175.10505197354075,157.51828644811127,16.15067210337807
529.png,True,1388,1390,3,uint8,fb84c8ca732718e917a7323799ff843e9f4b18cc3211f6fde73d5d6ecffa4e3c,0.7869985322896281,112.43488713186728,16.572459474856878,163.05915863703473,99.64431482632683,45.46844646048644,22.995145973871672
53.png,True,1389,1391,3,uint8,4f30889fc6a7a6076449e2f690ce2e960e33bdd41037a8d0f97b7442a55781e6,0.7870826198630136,127.69050532715636,19.716463065285886,169.16811378844827,115.205884638171,83.15602692229247,60.54723235269018
530.png,True,1390,1391,3,uint8,5a2cd0deaa0313dd96a36772d46afbabb84b74e2b28bf74e93ea2dcb7a4ee727,0.7861785888671875,121.01894784853367,15.393967640018488,162.08702424160083,111.99594355918715,59.754726044679074,32.75863623788263
531.png,True,1389,1391,3,uint8,dc5d189f5cc4ed52f036b0fe2494a3e3f481cefaa435335bfbeed06f44d387b3,0.7864825403620352,102.19830003547668,21.874227405700125,147.41933916187568,90.14615418260283,45.60142198290316,26.75180321625975
532.png,True,1391,1392,3,uint8,71e903d195d9c2ffa81fb9e0f40200d46176c5cabf879e87c95c16d34dfb9d7c,0.7862739562988281,134.33015229214476,19.843117031849772,207.69724962036125,115.73377256606685,37.62745430993077,34.88548195765247
533.png,True,1389,1391,3,uint8,f921f10d26a9372297809f4938013b83c6f74494d0186eeb1a9564d4e2bf27d9,0.7882407350782779,156.91691275232873,27.37939659414577,215.15104568222705,144.71393450969552,66.98764965160089,25.617326271748066
534.png,True,1389,1391,3,uint8,38e6cc520deb887ad01ef27535fc4b1959812a1bcec36792a1ee8476b6aaa54a,0.7875833231409002,146.63833793561975,10.96581596142181,177.1442756130585,144.38512644559515,78.19655726328152,19.488027074157902
535.png,True,1389,1391,3,uint8,bac7e1fc82771ae30ce36f33c2af361163e90bd15f782571bfb9b32515558d17,0.787308127446184,129.83435687064593,18.42778874673151,136.18922251620265,131.7801733135908,103.0742384154186,16.28984417450862
536.png,True,1390,1391,3,uint8,cc32f893073c02eb325cbd96f548d86d8b639d4857576f615536c5be1e2fdb97,0.7867012023925781,124.13681877912418,19.067987689677416,154.8161800716679,114.27283747678551,94.43681538483918,70.47159835640073
537.png,True,1389,1391,3,uint8,0bfc65c558339a120ea1ed184b4bc22040ac6532c9ee3e65e6c9d25010535be0,0.7870749755381604,124.8525766787747,21.199195965237287,151.6075639556341,116.32705755521455,98.5651599619277,68.04653153398148
538.png,True,1389,1391,3,uint8,90f8865fd47cbd15e2b4a2617ae89f492e2d276c79e365f9ba445f08aa1bb0dc,0.7869526663405088,125.01774231150311,18.465962560760214,181.92827793211976,111.17002603306588,46.98452101101548,39.08268324500926
539.png,True,1390,1391,3,uint8,4471a3e8969c15d30d7c89bb2b2aec16bd468bf2937837c2acd66a5c5e156427,0.7858848571777344,119.47986797077883,18.448990917944283,182.48138242360994,104.09556585685509,33.38958328277067,55.74757291894602
54.png,True,1389,1391,3,uint8,2c0748dc323f1f0ef63a8c3591b516850aef646b4db8fbdde2e48d4906230aa0,0.7874915912426614,144.2352972582062,23.4794768461644,186.4335567603248,132.64310571607461,93.22201783209486,59.89988307090272
540.png,True,1389,1391,3,uint8,9f78e817512efe67d0b6ff803147996f0f55ab8ef95eb8e656cea1c83bdb6f1a,0.787277550146771,123.6337066759881,17.96778876971464,177.28419192434106,112.48027206921161,40.32084650227938,66.0080814894192
541.png,True,1390,1392,3,uint8,866b45aef59c20062f39c0730ee847f1a122052fef935aa2bbd025e08a9ed5c9,0.7861117906066536,119.27312419775176,18.41740092887085,173.66780115912715,107.14343226107589,39.03721945622156,56.70938273240388
542.png,True,1390,1392,3,uint8,ebbee2adfc3215a094b3a6f282ed02e77e6f3e1bfe1e087738a322d5e8653a30,0.7867844911937377,174.40879678209163,18.80893323419572,238.80097450546035,153.40816039019083,113.64293070615211,24.516763244957573
543.png,True,1390,1391,3,uint8,8a9b99bc0757dad872b6bf07dc023d70f31f6c78346c6adc7d6bb7d18a375268,0.7867889404296875,122.07935923045595,20.139102189520784,155.35027539126892,114.0482225626903,76.12762058064891,45.67017176737746
544.png,True,1388,1390,3,uint8,0ffadc49acd5d39018e5eafda3da70693ae6ea0dc2f0b34144cff8ed1adc9dea,0.7863716976516634,78.97414212112375,27.83897566949692,119.73901526198114,64.44205793720229,46.847360746573344,19.91561764140341
545.png,True,1394,1393,3,uint8,67fa940fbdd5f10a8a1ffe7db827ba761af80fa9deaab89fa9bb781e2a044f7c,0.783447265625,166.77327438454347,24.91059237979895,233.26336086008104,144.7580486522281,105.7301826893113,29.851578987185093
546.png,True,1390,1392,3,uint8,2d14f18e3b94df6ea43cb476226a5e7f38df72caec0c83b6586d2304a6bb6e14,0.7864290300880626,125.26723530412383,22.26847360848086,181.15039731719764,110.20880173021311,56.21434230030862,21.263832926103344
547.png,True,1410,1391,3,uint8,74f2ea5fc178983b18a6e222c24cfe9bfb99af32c2c410daa3f0ca1ce436dae3,0.775672957920792,109.05740982658384,14.999432403368559,153.89383619701033,97.92005803807378,48.786555510126746,21.126469968100533
548.png,True,1390,1391,3,uint8,4b613c4dc02e52ce81b923efa4dd622f5ea8f5e0fbcc8b020e785815baaebf95,0.7867431640625,128.5905159038014,17.536757950317078,163.29041892940265,118.51465283165244,89.4218677269201,22.173916376293317
549.png,True,1390,1392,3,uint8,a0f7bfb1c9f5ba23c3490ad0ca5360ac86d4a509088a2430f80e99513c7670b1,0.7868991560665362,128.63827606640825,21.96333024885409,158.64054925732717,124.1653357813851,72.96091374503347,17.55924039205691
55.png,True,1388,1389,3,uint8,1a86f83502b0d754e1972af54295f2623960a3df612e185f144973eb61e4df19,0.7882080078125,128.59314503639462,21.440322050885406,159.92361971503794,117.47945059625214,103.63285968716121,65.56357358345493
550.png,True,1390,1391,3,uint8,c9595b4d0dd38d971a994964a7fa06864f374412005e4099e9ff97da4b059cdb,0.7866325378417969,120.32958474572162,15.213985153343117,156.93720509575144,109.23071514128732,81.4077910489741,16.859431768510703
551.png,True,1391,1391,3,uint8,3aa22179e85b1705584430ad71907513311b0f90eb21758bc4a809ff178769a6,0.7861862182617188,119.88956010364203,11.66095662823465,157.71517851077664,113.76989140877464,52.151474569856475,18.20075705464749
552.png,True,1390,1391,3,uint8,62dc860636df1619dcb363f16078cd9d0d6fed96e6bd32b1b6516f52fa2e36b5,0.7866477966308594,109.10080740974226,22.418174718236656,144.00905365759039,99.51835705453047,66.84756201052299,28.7377966835516
553.png,True,1389,1391,3,uint8,b8af87bf0a17a1c863ae82a8d5e9f095ce6607725d4a805500ae46c1e6abf823,0.7868991560665362,112.24721922692079,21.685125111897776,149.52420851183712,102.22629907032321,66.03083379477167,53.22243646387451
554.png,True,1388,1391,3,uint8,fd3e5aff2eda7f47855065bfbce73bb245ca0fd41a06e81c424a74ff20c88edb,0.7870329317514677,104.71321383302657,26.426342403587395,154.35304230427414,85.55342790401771,73.13433343208054,64.23495548266708
555.png,True,1388,1391,3,uint8,f57b1ba79804065c1477749fc30991c6449e2e463b713cfaa0ac905ea33c52da,0.7869144447162426,103.73565440397898,25.917587683534265,151.70218863232336,85.73281297053651,70.57490698555483,56.72307858904688
556.png,True,1393,1393,3,uint8,cf1aee8963ca5aa466bab9189d43b9899e251aff2f9cbf96da9c7be3736d47a7,0.7842216491699219,116.37431352424129,16.02665962471912,185.63727326234684,98.14936350502727,28.53408178850953,23.812840875474954
557.png,True,1392,1392,3,uint8,3b3705c18514089bef3d51f12dfd8c30c3e742438dfbb84c80c71da14929a15d,0.7853889465332031,126.37569516963353,17.047112536854424,185.324928965199,113.09659275809311,40.091594822352285,16.310143696525365
558.png,True,1390,1391,3,uint8,2ffa59fc92c0ced13c836c54ea38c23e5319b0b06a9b46bce251743df1d5e3fa,0.7871437072753906,131.10312340982335,20.753225318683004,177.91197751338777,116.33664493930068,84.31744893261286,50.418549022602384
559.png,True,1390,1391,3,uint8,6d8b68310a10a41db37298c886e4bfd3a1e8286c86ef266124fd698ee48a4b99,0.7867660522460938,131.90173870038691,20.550037186738077,180.9795535428566,116.26181356244484,83.67096089136274,41.35726986393909
56.png,True,1388,1390,3,uint8,ba0bafb06e5874f1d69d93a51f0009e959659d5afa6394ef9675442c707f0806,0.7874686582681018,127.16814301038214,19.582793749454442,161.4577603906284,114.9955442733234,99.89810558810252,81.63868072826158
560.png,True,1391,1392,3,uint8,f891bb469cc9fccd12e7b60f7ac62f00df424d05bf3d8bf89deb147a53c28b02,0.7856597900390625,104.28103089980384,13.282211310943229,151.63059585542544,93.58397910233253,35.12976072559187,19.31273319653059
561.png,True,1390,1391,3,uint8,b5a3acd6c35bed51030ae52d9739dc2e4102e1d07fbc044b11d3b990ea1d8077,0.7862663269042969,106.4147053829173,12.78760741379725,158.70914780583655,94.74896538340246,29.23373844698348,23.122151774638343
562.png,True,1390,1391,3,uint8,d4272b31ec6f869b3906566cabef894eeb17aed5106bfcf6e983172e45ba7969,0.7867546081542969,112.86550816270127,15.838908068038485,143.2960779274933,105.15570467846182,72.66634988823863,24.675176600389968
563.png,True,1390,1391,3,uint8,c3a526ea1ff8ed5c89f8926d9c8b99053339bd59cd61c64b5041b695ec3ffa9b,0.7864723205566406,113.34657974768272,15.469396254002717,146.7332819192022,105.01997875529298,68.62272698611334,26.86066307212282
564.png,True,1389,1404,3,uint8,9d36a4a83908f5fb24094075ffb2f61c1278143c1f3f03b5d92c96a510fd9fa0,0.7828371548323472,147.48866700785388,28.470297946907987,213.12885065842568,126.02220341318426,85.84594413715726,24.34655144769335
565.png,True,1409,1392,3,uint8,eaf472149675fe06b0e0ab52f94532075e1265839e14198639512247912494d8,0.7762050704051383,162.42276956433093,22.38803940207594,227.49053920325423,140.8264434863471,102.94368774646557,15.10260419794466
566.png,True,1389,1391,3,uint8,cb304942cd659a4e5310933a7a8579df1af93bc54581b74d12e802adc9a97fd2,0.7878355858610567,117.13964962667922,20.482300866951825,154.4717328973477,107.11142376154044,70.81679385609563,20.951560774332496
567.png,True,1391,1393,3,uint8,6b9370156a159a06ee3e2f042d310c6216d97276e3626118ca05c19b6b6a6fd4,0.784571459148728,105.95702224885395,13.62768592129491,190.14368462846315,79.32213339569053,22.331287237722208,15.41148088144988
568.png,True,1389,1392,3,uint8,b82b70c9acc35c974ab98a644b017c2a9e14c6b9882c7053bfe895be2a908648,0.7859321489726028,112.65492522796353,17.31788721601535,196.48673556231003,87.69409848024316,21.325626747720364,17.631154821570362
569.png,True,1391,1391,3,uint8,b9ceea6420a54540d792a4b9467983c9e3248d8e9a564ea43f659e58a3a1b1df,0.7856292724609375,107.93984403830093,18.281290560414693,154.51175539456563,91.66415308718706,69.54384601938354,36.632370512118285
57.png,True,1388,1389,3,uint8,515c5b222850aada300d84e9f66acac6d2563437d405ca430fefa677eb674b69,0.7895164489746094,129.71809998695443,28.607438439146858,168.66004725391005,117.23624056008929,91.84025955828707,69.42185295669142
570.png,True,1406,1393,3,uint8,12547008385ab2af28bebbe8891c67de6e1db1657e83f9a36251bf9cf4558a35,0.7797206299309665,138.11577397568217,28.73065887631437,210.4512581335257,115.75392163159637,63.50591147364417,15.613187230989398
571.png,True,1397,1404,3,uint8,797b6d84ea2d225680bc3d02a66aada2341509af3bb8ea48122c5d277137f207,0.7781380464145383,163.91751031860701,24.61945292949904,224.48977015518594,146.75606171932404,93.38373876295066,14.433262669626252
572.png,True,1390,1392,3,uint8,df085ad99879fb836a3d35becfccf346477c7610dbf9e6c79eccf6a2b724b963,0.7867195144324853,135.18659482779563,17.87114032964012,180.29507217085862,125.1820425494702,68.36915722121546,20.550390393350906
573.png,True,1389,1392,3,uint8,da6e05111e32adb7a6769bbb3c37d0ef53ffef5a5648d7d360e080a9ef0fb148,0.7867386252446184,112.68376765969023,21.70469359727923,158.6161798713539,99.86394508249286,58.19081696107581,20.862906327146057
574.png,True,1390,1393,3,uint8,65387a7f99b94448c94ff1750654ae223ad6c90f4d941bb5862cb8b403bb9b21,0.7854773116438356,104.46446332467178,18.612981148576353,142.29484297295457,92.20662657051376,68.34344496024447,33.63655996952007
575.png,True,1389,1393,3,uint8,a280b1f719b54feea62119cc1eb4f09550ec9a82d72f75e97d3ef73b785fe63e,0.786425207925636,113.94514322929324,23.883825961652516,154.29334059119142,101.21465925328305,73.62851755008408,39.92540537131091
576.png,True,1389,1391,3,uint8,54ff79da37fcf42109fb3dade3dd970217d5a5e145702ab32a574e0eb4d80296,0.7863984527886497,103.39906292679845,24.01268380573547,130.48617962837855,95.28007698775681,74.12719991056977,22.546560103688225
577.png,True,1396,1391,3,uint8,795b0a4fa68b7c2eb40594fcef1bad72040c9223a919db11154aa6cdfdce55e2,0.7831992953431373,111.32912976935,23.66449148969935,146.5954310079263,101.3375303776362,70.24473739542024,25.559862531016652
578.png,True,1390,1391,3,uint8,d52e11b8edff18532045f0c383123def1fdb51df13bd472e628c546eeb8cb9b4,0.786773681640625,116.70304681742368,13.706237204790058,163.82281525154184,105.96829060160583,48.359247119972075,24.273937217441336
579.png,True,1390,1392,3,uint8,57cffff3fda716795fefa67c37e69c31b30629010a91e8696c845402eada03eb,0.7864672517123288,107.06706193959128,14.22243695660818,162.07406993414818,92.51319223385902,37.689991009160934,24.836585816463927
58.png,True,1389,1391,3,uint8,b5dcc02b441db2f34574f57c744a30a6a6704a0e6664fa67e3dcc9033d948730,0.7859206824853229,94.2343620818784,17.85635553234812,141.4087257200105,78.31260273706121,52.45068134732665,39.98619127587456
580.png,True,1390,1392,3,uint8,ca10b9e01a64dca4651335b198707319886e353b7063e6e09b7bb8e600752eab,0.7864481409001957,117.499766718507,19.491945138838812,150.74465396578537,108.35390260497667,77.38559972783825,43.627950268028215
581.png,True,1390,1391,3,uint8,ce872af9730c395179cec4c6479698cba40edb13f9da0ee1f23ef247d994e79f,0.7868118286132812,115.01195589989237,20.64317680400166,148.8522239137391,105.56262544967953,74.90441582871937,30.87879773659673
582.png,True,1391,1391,3,uint8,3182b4e681acbe4a247d0e5bc7d6146fb7239caec66e98f04a5b1f212bd62212,0.7862777709960938,116.33307134748057,17.353907163481566,151.30778000950912,108.25670732298974,66.14058937113693,20.07031802666898
583.png,True,1391,1392,3,uint8,c75d1051551fbc7fe32752910ef19283deda28789097a4a66f9ac4c967580ad5,0.7849922180175781,100.71077990679412,14.719013030077484,168.37043264441323,82.16774629338957,18.67716164271726,19.249184929198684
584.png,True,1389,1391,3,uint8,5d42e6cbf7b0b70b8e6f454a6a338b5a49e828b785bd68604c60fa9aa36a0fc1,0.7863372981898239,93.10196324326427,14.312208769936039,157.3805163052724,74.9247949992952,18.05339496721447,17.2583246181865
585.png,True,1391,1391,3,uint8,e4fbbd1e22469aa26b08e97594dab377a28971981e1ecae0747384d480d7affd,0.7859268188476562,109.44607962101871,16.51724227036767,173.49131177618358,93.62097016881364,22.895916049430653,29.78061341754004
586.png,True,1391,1392,3,uint8,0e1c51704b2028dafa52f71ca70431d99561c434e0954075454bd4e960b42497,0.7850761413574219,107.09159730421811,16.863795979884955,168.523379153851,92.00281822908315,23.606813311759304,31.46511730154696
587.png,True,1390,1391,3,uint8,6231f6ed56feaca20d4e8cff4d70617674e08229634c4074fa23d7d6938aad16,0.7871856689453125,123.44552133206692,20.97706714250901,140.9096755122216,125.35288045901258,67.78999883696137,30.15147193556337
588.png,True,1401,1391,3,uint8,8d7c30165e4a0c1644d791ca62b7fbb75ec13a4aa47844ebd4b2e7fa5d999aab,0.7803580216535433,100.95432777580703,24.320702984139878,126.64574218596034,94.60532202120531,66.23730834417248,51.90506764394534
589.png,True,1391,1391,3,uint8,f6071c83be98ce4bd8933f193c12e2ed66a2984dcfa11437116c220841f6c22a,0.7847709655761719,70.57544854002712,15.6214823119193,108.91019963737648,60.28253525371495,22.95787053465096,16.132854389776785
59.png,True,1390,1392,3,uint8,a012c3b20f205f73f347e6272ae1d52cbf3125c6c81ba54108a52f2f77475288,0.7862952544031311,143.34036068442543,15.808350440135602,187.08514971806338,130.16690647482014,96.40193952945752,34.74126646972155
590.png,True,1389,1391,3,uint8,9b523e4c8ad63c678216382c136b1c6c84485ba9b4b0accd1af8e34de1aa20c5,0.7864290300880626,97.01325848703556,20.134015749984847,140.13694928434302,87.91848071735802,30.718252290345312,30.064665340798786
591.png,True,1389,1391,3,uint8,28ba007881a746a5a8bbbb60775114c78f10850007bc2c56616a633a8973a998,0.7863831641389433,96.52970939473032,21.460062869867826,142.78963075292964,85.61080085349198,31.374851149249306,30.6643861875242
592.png,True,1391,1392,3,uint8,d3c923d6a5f11202a6485a67cde912ac0d3702909d9797e0b04b2fac9bb87795,0.7859268188476562,126.82731791133158,14.964692912430301,166.21894324017356,116.7968994204615,75.13008066943007,29.097833514537758
593.png,True,1390,1391,3,uint8,a8a745416fa24dc9e3b6974b766bf6b9b648b8f91cd7ef2a2c90cdcef1b47b58,0.787078857421875,110.32347039665,18.16796200101201,162.26207785661666,97.372329494785,40.75281590477298,28.961409154658817
594.png,True,1389,1391,3,uint8,5fc5f4174c1bcf9b66e7000cb742fd327cddc1210f8ac491c0d0dab072797608,0.7871858182485323,109.15771559530573,16.092020859322318,159.61512092564809,96.18833908707326,43.530596786645496,21.802794729112396
595.png,True,1392,1403,3,uint8,b724ad95a414178bc3abae7decefe3bddfc14edbcb6c7d7d91b61952f8046acf,0.7801158033956693,118.72901604199009,14.168656441315306,165.90181612084473,109.5389862250807,42.26484808161455,19.377301281628192
596.png,True,1392,1392,3,uint8,df882ada378aae6098c62aa2b7f8cc8a28be0c366a5b4cc9d8f563b3f2cb6da0,0.7861862182617188,135.84846235213058,16.637715059241085,177.3089221423234,131.4172028297767,49.88888080196415,33.698600020934784
597.png,True,1391,1395,3,uint8,1eee42b2e060d1fe5cc9d8688021992fc6bb7f09eedab5e3936903f4bad188b5,0.7852403375733855,136.9863125717957,10.933385931921203,168.40361850431262,134.02241486731177,69.8110287961683,18.665058911222317
598.png,True,1390,1393,3,uint8,0b2cc71e374c9709ea142cb031c470d7e036cbe180338e620976e5f27c29321a,0.7867692025440313,134.09808884397893,12.757436786088292,168.2725170517479,130.45450438195914,63.18726802821554,20.064874920200985
599.png,True,1389,1391,3,uint8,ac2b7e7de10d6a2b1ccc3761b547e2aa5565ca17bcb462a5d4fec1e17465958f,0.7864175636007827,109.7059129437381,23.013120129068295,150.03355981958862,95.99270966989386,74.46433084490066,18.64947942842769
6.png,True,1389,1391,3,uint8,ccd5de636ee03824950068cd7d6bf5ae1b34de10c6054d593c5aa5b2e5ba56c1,0.7873310604207436,178.72805608012,16.840428794132933,227.00508274633358,163.94013330679496,128.23747639459975,19.491490790116313
60.png,True,1390,1392,3,uint8,d8a1f1971da2dfb5369b985fff7bd5048bad78c9fb0a4f9938e39defd20163c2,0.7856875305772995,125.4239082316198,17.201477998943,164.17519860284781,112.21063333998181,91.79280602838087,35.00035619094916
600.png,True,1394,1392,3,uint8,2286f505abdb8c3ecc0f6745c130c00fb740d2345fa1685cd342ce6ea25bdbde,0.7853014921722113,145.46753139297186,13.530612583711866,165.60659982478342,145.25969531782343,93.69364353158765,17.957429362588076
601.png,True,1391,1393,3,uint8,467dd426cd106ea47ed72ce1458d0c5187f6e843371a18ba63ddbac9ffacf639,0.784789322407045,107.95990278873596,18.18441807673467,149.10032338817297,93.17278863855528,76.18641087831058,59.956359211059336
602.png,True,1390,1391,3,uint8,e90f2cd3a3dbccaca783edb10861c5a372f9b0a79c18cc8804ec5875095740ec,0.7861061096191406,107.19809484988329,18.602085516797,149.73718536635076,92.61569443837864,70.68669840299312,60.588985219775545
603.png,True,1411,1392,3,uint8,50dd6626d579012c41a843aa373125430a5a83041904c3c1fe4e7305c48caddc,0.7751121596534654,109.99590345935643,20.47831382274304,164.2886140120651,97.52331435585516,31.7903279727363,25.53315641617554
604.png,True,1391,1392,3,uint8,abf06537ab9c08255a991a435f86c87e73221469c0caa0432692768a767f33e8,0.7847251892089844,92.23202453928083,17.416129590548643,152.11253651968053,75.11674630914244,23.203401859890818,19.24133384188684
605.png,True,1390,1391,3,uint8,538adb5fb4d800d1ba36fa1d77013ebc1fa318dfcab3be384cd56c66022c040d,0.7861137390136719,98.54068179061021,22.05374526436293,125.77629018561204,90.15153706174937,70.31870435521049,46.15421947645387
606.png,True,1388,1391,3,uint8,27fd190fcd850ba7d0b5d20dba64ba2149fa4f91c3b80e678a88ad7c6220a86d,0.7865895609099804,93.070030175367,23.499437310610805,116.03352332638474,86.40225562083023,67.15334528686036,48.12397007114891
607.png,True,1388,1391,3,uint8,8c90d84321238b21dd2984e7aca524248c60402b632ee63043b694f17fb34418,0.7876368334148728,135.6606557933916,25.042581087251506,161.19631583289254,126.96860790698352,113.43071077444182,20.78352470191229
608.png,True,1388,1391,3,uint8,01cf92b14d8f0442cfec3a3edd13fca137031056c9065aba5242f58da1601dcb,0.7878164750489237,131.39297877914592,12.512231514295145,167.75398558107491,126.57753325764853,60.77999495434654,18.65299131763915
609.png,True,1398,1393,3,uint8,6f5a70df15d93746bedd4d36c7e067e6370441aa06d7349c63619ad3fcb8574f,0.781475949754902,107.53486491651924,17.752967136822445,153.25005023057057,94.44718439274915,54.940228071293106,23.4830665802995
61.png,True,1390,1392,3,uint8,8029ed8ab1015084673ac96a933f114ac93976558f93a06536d3c4738a7d9236,0.7864557852250489,140.09435172675228,13.972565632334796,193.15359007008098,132.9968750303749,37.44705047579242,48.516162728951045
610.png,True,1389,1391,3,uint8,38652a1c605da4eac64c7a3b51c3553785768e63e96cf29737624d5707ae7343,0.7869488441780822,117.16200805280464,22.519932823711063,166.43236469782556,102.29481133220976,64.42198541946952,34.53930751871614
611.png,True,1390,1392,3,uint8,4ca526f363542a2566a18756d4417a56e57a931cf8b1fff02686068bd9a1e5a3,0.7858289505870841,118.35931283378243,16.710688030271776,165.83689530053795,104.50576367474392,65.10734540219264,41.879374514030026
612.png,True,1390,1391,3,uint8,a341bdec06c1a33b50ff31977e303c0ac69fd6de6e20e28f540ba3b5e01a1184,0.7856979370117188,108.87412000038842,24.85843348206722,130.25259508850976,106.38954487633882,65.56237437246924,23.58652398819698
613.png,True,1396,1391,3,uint8,7b69522adb8a6cf35fece746625854c049c3bbbd502c5b51213539b81bff0f35,0.7834443933823529,106.3416384371349,26.95237867283644,153.31247525333256,95.51946249016244,38.83121428536513,16.151121916580443
614.png,True,1390,1392,3,uint8,5bca5f9a9d6a9bb53b07f2e56009dbf009a67b6ee7de0370a77ccc40e3afe392,0.7862761435909981,102.68232749191843,16.29628005582741,150.95654667865736,90.70660865760883,37.64936441192913,20.32801886289016
615.png,True,1392,1392,3,uint8,e289ff272e96a70a09674edf285f7900baf865598d6b2b8a5d2ee4ddbe894136,0.7850418090820312,100.45803084638037,12.74101791385871,143.14718602097244,90.2494630552883,41.02445163610212,18.47685306450182
616.png,True,1392,1393,3,uint8,26cce6ca1fa792e94ab55ddf722529d9287a0b5918c92314a6072fa7c360fed7,0.7843284606933594,100.34034347079623,15.597532012559883,150.80021594595516,87.45413823459317,34.262481335752184,19.676404016845577
617.png,True,1390,1392,3,uint8,a10496d8262dbbaac5e4daadd264cfd951554fa863cfe7d59bf8c0a71a4a0468,0.7861920560176126,105.56186160929151,22.77220799584627,142.78507289990424,93.81577399328125,68.37101894571036,47.06054469560745
618.png,True,1390,1391,3,uint8,b073770d6a6102915f32dff6dff1327bd96a4037e60bf488140e35bc34ce9c79,0.7866592407226562,111.13057541048794,11.963562265525571,156.44072292428402,101.20153914789203,43.384529963436755,17.464356517323452
619.png,True,1391,1391,3,uint8,09e5542b92ca12a721ddbfb5fc5c8c53ad284cb5f9368e3e4db15a72ea51304b,0.7858543395996094,103.53848170207809,13.383282373550232,147.47683331148943,93.69535501220832,38.914760178052205,17.96702032093239
62.png,True,1389,1391,3,uint8,8878dca659a6d5b7023115a9f98f23dc8c9a420b94ac179fc5a5c6e08792c95b,0.7871017306751468,134.37570836833697,13.226628510037393,186.9923081031996,126.28224987981412,38.00942063118229,43.836179257534376
620.png,True,1391,1392,3,uint8,6c3c5549d4bc25e619ab7a05eb564c2aa89e3eb1e9b8313188e248d13fcb20f1,0.7860755920410156,112.10553951423094,14.607100256329181,164.38134569189333,100.0714677407614,36.920287287991655,18.625401145842318
621.png,True,1391,1392,3,uint8,460f9090b9cd94cbf96bde48571b32f39492be311afa5b7bcbed06bfb3b9c90a,0.785858154296875,111.46685565609103,14.11667908453306,161.50809677294086,100.08114247990369,38.80182808434624,18.27291821597349
622.png,True,1390,1392,3,uint8,d23d3dbdf253a32710b31c4624956ee955f797ccd5b7c16ecfa56e312ad46472,0.7863372981898239,102.02558680996059,28.740733019752653,133.81250273415284,92.30950124191298,68.67459935546904,17.248408850917265
623.png,True,1391,1393,3,uint8,b8b9b6d5e216998b3707985292d246b5af938cd3cda861da925bdb11d86ec7ab,0.785255626223092,130.3428848175694,20.069429991053926,188.5699349713796,110.51417877029711,79.68870468439702,35.2957222371712
624.png,True,1390,1391,3,uint8,77b20f3d2e70e7eef7a39943d39f1e47eba27720ff0f6606aadba2d0ee7767b7,0.7864494323730469,111.07948079917347,17.618377603094842,145.95959507768126,107.3076400712058,38.96161289853175,19.01142742627438
625.png,True,1391,1391,3,uint8,7bf46cb13d788a213c953465d3431e8c4447ce4e8bd0522e162a5278b2e126ac,0.7858657836914062,114.07173923595941,20.028220559617353,148.60029124799766,103.22004757050628,79.36470074268239,31.566361311906785
626.png,True,1389,1392,3,uint8,09e4754f5858c1b0784755b97e8cf7147c2dc668394b93dc62ca67164188bdff,0.7862608549412916,104.91572643174162,19.013133978709764,138.42051227207102,97.49534055057823,55.20045597950523,30.107684163850475
627.png,True,1388,1391,3,uint8,af52ea077522ff2538271bfb1e63aa31080135538f06c9aeb8521f86a37795cb,0.7876559442270059,106.4497515479726,18.092909062929504,132.73330712940856,102.65552514606262,57.02702401055921,26.378596176629564
628.png,True,1398,1393,3,uint8,611fa2b05c4a0dbfc1ba86dc1dcf47d5206681a5f00ac927a03d1bea248f13f3,0.7832912071078432,156.40448240626208,23.865616174664137,198.95474568895972,143.29700341754142,112.28303990065173,21.44174026950702
629.png,True,1402,1392,3,uint8,7f432c6e606640ec65e3dac74f12909e712b2b1a0f0c420af7e54ca1fd62e18b,0.7795698511318898,134.0428727134635,13.876094499797198,169.2345990146131,127.46286551293875,75.57188934864843,14.30214926281899
63.png,True,1389,1391,3,uint8,8a92a72b4ecda8d80256d953ff8e8fbde6e81178281fdbc45a7be1c929b17605,0.7869488441780822,129.8326056019933,10.398161017185581,169.7472060459175,124.83977444375908,50.80328426206099,19.376915042785473
630.png,True,1391,1391,3,uint8,cd3045215e95397ee183e4170b664a6e6af311e931802054bc773f5cd014ecf5,0.7857322692871094,112.04869037504551,22.183560939126473,145.0819953877898,106.02595946109965,56.39620827770361,26.36858206642819
631.png,True,1405,1391,3,uint8,cf3f57f0c998a7c69785ab4ed958dd0cd3e8c47322b926053625b584d1bc3a99,0.7782336353550295,117.04518926624986,21.206949516790512,147.64087180781814,112.14450764044611,62.01020706178193,19.338001151158128
632.png,True,1392,1392,3,uint8,f9df7a4ec29075128c73820b2308303a962b7e2ea954596812c2fcc6ead2fff5,0.7853546142578125,115.11001768054557,22.39620647354025,135.3516922807904,110.07525889370301,87.91949037284579,20.709599854911236
633.png,True,1399,1393,3,uint8,5597faf64277bff7303e1efacf389fc150d63ae6ac15ec2cfdd3b3b4e7a1db03,0.7805338541666667,109.55333074926526,14.591611325478475,147.1757885905217,102.30933257446777,48.12757282410838,18.39542335511365
634.png,True,1389,1391,3,uint8,5c3c122fca21da8c52ee9ca572aec9574810a088f8337eb78ac6212cf6b167ad,0.7872049290606654,108.21710737140582,21.04657540738436,153.36203497800523,96.87303236582216,48.18342574699696,16.61487436854049
635.png,True,1393,1391,3,uint8,a2e8edeb1df43bb5829a03cd4789addf79e510a2148185c9349fdf2871787fc1,0.7864481409001957,127.34045003888025,20.360219802829953,175.13017107309486,116.8858816096423,55.80472395023328,18.738967908722866
636.png,True,1389,1391,3,uint8,f710ef1cc6841770e74e830313d3c380a92c911d5ea7cddbc95978b2417b68f0,0.786474896037182,92.93988346041883,18.741461205243393,117.4437932224312,88.47148959745732,51.63581137888971,19.34242819597281
637.png,True,1389,1391,3,uint8,0b05f1e238f31ab5c795e5127f3ecb7ad0a282fa850622ee32269b5b9be5cbe5,0.7868571122798435,99.41226131434372,15.01287608643103,134.1686817216941,91.5567138006577,48.660037791389584,19.2892241661076
638.png,True,1388,1390,3,uint8,8ebbcb9df7fce069146b276a6c49c9305c9841585d3125eacd2ae3b340f7c581,0.7860544581702544,84.8043781636414,20.87228986418663,99.8495650524903,79.8394900246527,70.92157329923124,19.183219898462905
639.png,True,1388,1391,3,uint8,63d263128b0f0b273cfeaf6dc3f5bedf6fd419d6150ac630ea6d6793ed5f7803,0.7849230980919765,74.9616334162767,23.422975919066545,97.28965090742643,67.51773218868237,54.73369334975969,22.20694338344923
64.png,True,1390,1391,3,uint8,76bba55ceac37bd4435cc2b42f97db8ae00b7524bf2d5379f57020908ee0b6c4,0.7866249084472656,117.82712199758497,18.168987853131842,159.85140803747655,110.97226600196888,42.87721680431019,32.15033204158471
640.png,True,1391,1392,3,uint8,1ed066cfb39b0d067cac190b7bd4ad3ececf8833bc2a8e70a89acbfb9a13a4af,0.7857093811035156,114.70117833266171,13.613277193449566,166.08112385844473,102.04177813166059,45.11116235938418,15.359299991876364
641.png,True,1390,1391,3,uint8,ba2bf0c120a2a73937c7a19be635df0114b8be7045f664de2751b6ddf7ebd845,0.786712646484375,116.43341479498817,14.453345606203657,168.37345804724777,102.62429205942821,51.30050622599791,21.79751318949509
642.png,True,1390,1393,3,uint8,b6c40b1999b81d46ac284955b8da57e0dc1dbb5f38cb2bcc4799f42234221361,0.7854620229941291,111.82446399548422,15.925379162858524,146.45624373485416,102.1837938316902,70.6010209146383,39.69561421975988
643.png,True,1395,1391,3,uint8,3b4787a36dbf342f19c33e8c49be9ff247f829401c5df93cd4c89de051efb267,0.7837344055772995,120.31750304803707,18.63864740757519,156.51975615703486,111.59962935869301,70.20733967325043,28.159658360991855
644.png,True,1393,1391,3,uint8,539289c8b226ce52c236e944025b7ce3ae133873d350aa78a578a245e9ce2259,0.7847549229452054,113.28494474398126,22.052281945704266,134.4889512315103,107.85894007802568,85.57870512427125,18.25664800140038
645.png,True,1401,1393,3,uint8,da87eb0e44190abdaf3de2d8eef4918bec464f4adf297b0d8c2af54fc2c3f740,0.7803290766208252,127.9349872147915,16.253797817106626,178.1334579071597,117.66502261998427,49.10985936270653,20.225727972333626
646.png,True,1392,1390,3,uint8,f41058e98dfaac1c9cd282a1fb12b5394ce9927c9bdc20e6b1928cc591af6f70,0.7847663894324853,106.53697642704071,28.56008694849818,134.25279076563413,98.99165692577441,72.66243911942334,20.22851194063998
647.png,True,1398,1391,3,uint8,4967dc1938c4fddd1fbb65f728390b511a7c583bcc2b0cb5cb88c1213507eabf,0.7819176694499018,119.94596464710905,21.587148630559497,152.61748800141334,110.45307055855997,83.09791730053884,21.79407688505402
648.png,True,1399,1392,3,uint8,b098e7267aeffbf513a26a578d2d0dc0d8c14a3e6c499472eb036cd2d6476130,0.7810619781434185,117.1001075897441,20.443757546031975,162.33988533586177,105.77678812680851,56.69227368079744,24.07004338855773
649.png,True,1418,1392,3,uint8,7923ac66c2623260a5053e2719e39311e8787141bdc383f67090233b8c44a55f,0.7711193774850894,116.63812055934055,21.147425510279845,166.66779964852384,103.22813722676254,54.41483753040168,31.39563643025611
65.png,True,1388,1391,3,uint8,2fb502b5d7fc3b015f694a22d7467b140b25a8d5c04497ce31d6c5c5b691c629,0.7866507155088063,115.15927565314145,20.661032693208963,159.1575119161569,99.05502081987046,82.66068226982746,34.441884061431
650.png,True,1390,1391,3,uint8,d1f052e378f3cee968339af18a8354aed283b923127051bc84a1d01ea0e8fd8c,0.7858505249023438,108.77446773394949,20.806326885721933,166.7476190013883,89.80103006708542,54.357960447753946,36.98273480617326
651.png,True,1390,1392,3,uint8,6e32842e02a5992eeb52273c72c6917816f8db19ef3666459771ffffb071592d,0.7856531311154599,108.06027671829999,19.08441077997257,164.53265353779094,89.99780590799408,52.89059216159415,29.76468606555678
652.png,True,1389,1392,3,uint8,a018f6d8a5a0057ec5a1b4babeb3eb13d63d7ce06037ea2011985f4cbaec829f,0.7855881543542075,112.37309947210937,22.26823299741178,172.9023767241589,93.50619115965651,50.725856910015324,26.319328542498724
653.png,True,1388,1392,3,uint8,eb6410ce0f5adb056081bb80b654196464149796566da108649a2677e818a404,0.7860506360078278,109.39153246197533,21.607479852699342,166.9009608277901,91.25329676741744,51.917167503014745,26.80326452031599
654.png,True,1389,1391,3,uint8,58918ccf05dc6c4a4bad0befb91397d4aba08eb0dcaadf5f814dd38f67e68ef9,0.7861423679060665,99.40129327110074,20.11905493143408,137.9328179696616,87.42644885258655,59.953612407623496,38.77799683925661
655.png,True,1390,1391,3,uint8,f1916f8cdbe8595f4821e75be7f09a9b3a2920d32edb829988b0848ce076fcd2,0.7858810424804688,98.49565563505392,19.858001596848418,131.27314163115128,89.09946411408933,60.902851262535556,38.28565295236692
656.png,True,1390,1391,3,uint8,d2e6bf441e8eea6018ae9bb1fae07550494bc9e1d5a85d7e3c7b4edc7ac8292b,0.7867546081542969,118.18247892049669,14.346439811461018,145.83135427626635,116.36599545196685,54.9882517224827,16.388943499266663
657.png,True,1390,1391,3,uint8,5cd5e567ab04c7d3c2ecbfe57778e63c3d979059c52c9215a73865c86dca4c36,0.7861557006835938,85.95963820929127,15.139859586674733,103.99421115456654,83.91364284813136,49.183268150189726,19.6204953615271
658.png,True,1389,1391,3,uint8,817a3b0919bf72cb57f1a19d8e2a10f1dc94ba16d149522c4c5eb357ccd72370,0.7863296538649707,101.90020366598777,18.11846690399054,145.80857827530392,90.34906114354321,46.15471810002479,33.78051575835938
659.png,True,1389,1391,3,uint8,efec43e0de88f2c7871da942de284a2c16884e7d41c557c4ea88f55e1813bee6,0.786306720890411,101.80802341011943,19.444383390146797,144.82966416005988,90.69773919299251,46.106055229604856,37.6295565805779
66.png,True,1388,1391,3,uint8,23c419835f42e986f0380bbf9c7e29145f2ab1f703416804985e75f369780029,0.7864366744129159,115.67094193636183,19.614577572115582,158.47357805566762,99.73949853467926,85.40572617213509,34.50332690901548
660.png,True,1389,1391,3,uint8,1bf2a259e83daed278b0c0c99954bd0a948bdbcaa1ce8afdf8c06284443b8ce4,0.7860965019569471,101.73959001886536,23.056115483343557,132.28092362448217,91.5772166793084,73.94242662932493,63.70994753863035
661.png,True,1392,1394,3,uint8,6bb68b47c697bfd8485c9485c1cdfb822ed6dff0d3007edcc1a9df8f6c823833,0.7841204439823874,115.0010577574567,10.518679722024693,176.8775292345638,99.64468123479779,31.733610852494017,16.055998682754424
662.png,True,1388,1391,3,uint8,bd49394129253408d8118deabfe7494a0fd02ea55baa343a9924f74b162322cd,0.7876635885518591,107.50428478537253,14.619674600171967,134.26377876338086,101.75741224196663,66.84530129368491,17.5783826368497
663.png,True,1388,1391,3,uint8,08faf4224f9c6729ed76c4e841847cd9706f34b56f467e161b024cf4471b1db9,0.7870558647260274,92.20655209087069,27.865618899466934,105.82799547394849,89.494233169353,70.4261384330732,19.181450963226403
664.png,True,1390,1391,3,uint8,b64f0fa38eead37febd4b27ace13fd3122a0e49752fdc8eee85bfeb2873f5321,0.7867965698242188,101.94028237028131,23.60593520613722,136.55104385854335,93.67204999660612,53.71186983040329,33.347346661003094
665.png,True,1391,1393,3,uint8,d2710f75a51067684a4f2f4f7ffe1db9233f430317b1baa0f700e330bea9e429,0.7859092159980431,115.31069599599259,16.10741132873443,153.26921150282806,106.83251547765528,59.389176097539625,26.37418733901521
666.png,True,1391,1393,3,uint8,0c0b76b4f570e59832ae0def21a1190400031c92b36d2058ddd12a162abedc2f,0.7853282473091977,115.31129573118798,15.97117260113119,157.72535735665582,105.19978390690476,56.1277869438888,34.43707563653783
667.png,True,1398,1392,3,uint8,d948fa7b01ea2c4cf3a8bf536cb21a14185d7b33fc1d04cfe494975335711fad,0.7843864889705883,137.66679849037442,16.233049693802787,188.02092579301726,125.54463208979635,68.00153306089767,20.290607137007285
668.png,True,1389,1390,3,uint8,348483e444d4038679e34db893f35c8869c960866190f5993ca3a01d726ed184,0.7850112915039062,60.062574713537366,19.68602218023682,88.20158319807956,50.60582838482696,34.934966421428086,22.79365808660071
669.png,True,1388,1390,3,uint8,69dd28890c3b549dc0570e29098146c3cba47f95c907a8378e246fd8f9063be5,0.7856187316536204,56.05061228064201,18.679293751243474,77.86955041037642,48.49344905932092,37.699055672049155,22.99575588564044
67.png,True,1390,1391,3,uint8,03120b7fb3b00d4e03d40b7b2106c367cc4be9cbea09bf18efe6816821e4518f,0.7865219116210938,133.59349991754857,18.708141366726757,192.0643509132708,117.68066077543142,62.14691874169423,49.42834942780234
670.png,True,1406,1392,3,uint8,4cc19b27411883d61d67543cb478bb7acfe6f4178f1f823ff893eaffe2613073,0.7779986439842209,126.11730773039672,21.157689233346353,176.29278654756482,111.87341302065796,67.81187981540533,23.583306606347453
671.png,True,1410,1392,3,uint8,a461a38c52e0823078bc2ef7983b2109d28f49bebc546f61d0e6c6debdb6fb49,0.7757425742574258,127.53234185545628,18.91749799546288,179.89742541480535,113.43711610561583,62.731518227504786,22.91148948392024
672.png,True,1403,1393,3,uint8,0843ffec4d1615ffbe9552278774fd6da9db95d1468219b505ea076bd9cac866,0.7783280019685039,109.15721695317131,18.821735362896064,153.85750839754988,96.70653526970955,55.92575083975499,15.112885820119955
673.png,True,1388,1390,3,uint8,1da2577ed20098cb95d6455ce647ea59bc3c9b1df74ac96abe5d49daf6e13579,0.7869755993150684,95.23402849954832,23.01749706245702,137.80272270735995,83.41557955881068,44.354515342548254,35.58027059831497
674.png,True,1390,1391,3,uint8,9d4ead4947d4cf2434281dd777385774089e055bc5c5439d6b0fec9817801113,0.7852859497070312,95.73599762943388,21.40443590555592,141.1767723382137,82.57085466680915,44.24983240874778,31.94683294085848
675.png,True,1390,1391,3,uint8,d3f295f0ec3827cee0ebaf9ec87506d0c5d91239560254a549d02e4e5a27c410,0.7865447998046875,104.17201777019031,14.697857283252976,148.09897763206394,95.42140667740121,33.94162123886938,16.027098268042707
676.png,True,1401,1393,3,uint8,9944d66794cc7f6d9f0071df272ec4de370bd577610ffdd0e8d1f1be2e5ca644,0.7798302431237721,116.09740687890567,19.08053896376333,167.97837917630272,101.48248782167987,55.243620528465286,34.25250294279471
677.png,True,1391,1391,3,uint8,62f352c289ab5978e591deba4bed9f104facc151af2c2cee85f0aaf0d7232f57,0.7858924865722656,115.47534426770606,18.74194630683081,163.61312415965673,102.36914914788585,56.63868515705015,38.72047672462
678.png,True,1421,1393,3,uint8,399fc2cbd393212327f3cbea2901afcb6da5d8977687d06fd7f5741cdc338620,0.7692900273904383,112.54088991837189,14.860909484829456,192.12778794897991,88.59061529591455,27.14473564427541,16.978483443369626
679.png,True,1393,1393,3,uint8,00bc88a83a20119c48ebac5f84c874b670d7ca4e0f29e997ff2aa9df3dfcadcf,0.78521728515625,135.30177808006218,15.256189633707235,198.94221725612127,120.26115429459774,45.81095511076564,15.180224649969228
68.png,True,1389,1390,3,uint8,6cd36aac9300f3f63821319ff83b9c40b385fbeee417af8a62a75c9dd5647ea2,0.7871894836425781,129.38162020188315,23.83504358826065,184.79971118013927,113.2873563775399,66.86650319591776,39.050120934247516
680.png,True,1389,1391,3,uint8,ff43df95c86475110d16ad064cb22b52d8c19643aea4f9941ee0d2176c2c1627,0.7864863625244618,106.63028624192059,21.536348698995777,142.56374107012684,93.65575642707877,79.18154735870147,70.81146468052582
681.png,True,1389,1391,3,uint8,d33c87e0e53eeb56ea0d74506ae73077180428a923f99f13c5ef304d152569c5,0.7864175636007827,107.86075955519266,18.891735044779292,135.42368482444886,99.85115576033283,76.77802402892803,27.096130318484757
682.png,True,1388,1389,3,uint8,794e911a22f047e6f3822c06baa4b27d7669873bc56d08b73ce43cad0f5cafc8,0.7870826721191406,87.62042660023555,21.984279625779777,107.34328184598384,82.86415385137329,60.384148617014574,23.740504133913234
683.png,True,1392,1392,3,uint8,bf179ae5b1180cbe8dfb72f595f5f726aba445b003aceb268052e9434cdcaed4,0.7847976684570312,104.431915617557,17.348266004403012,167.7177805862052,86.44175375492149,31.01205949545521,22.06226584289821
684.png,True,1390,1392,3,uint8,96f5b593289181e00636e1c346c29ea6150c2cc14288bd61e33c7304ea943d6f,0.7859627262720157,108.16849435645057,16.692293465451993,145.17254039964402,97.46483784217514,66.20820101831904,36.91805559159423
685.png,True,1389,1391,3,uint8,0e8bb2534b29383b5158f6c10673199056e4cac8c4c5ec76f7e5cd624f2d05ad,0.7861003241193738,106.00679246750848,15.521370750910712,155.23694382721752,94.119881946234,38.05661037881256,15.918678785949824
686.png,True,1393,1393,3,uint8,14fb52eb617bd672baefff254b49358729c871eb12c64bf95cc5f5e1aad80252,0.7842903137207031,116.27473163518923,21.7693757088325,140.62119583456956,110.82266764592869,80.47868889137487,20.553842475280856
687.png,True,1391,1393,3,uint8,4b4492ac479718dc895b3284d58a7e8dadad42342693bd5939bf21135e1677f1,0.7850950954011742,113.96370602611414,16.80874593033826,167.57500267762381,99.62008899447923,47.17120726755791,29.191013816470953
688.png,True,1389,1391,3,uint8,52e47619bc1f66f172ffeddee98525f9d6b53b94fdbb0e72db7431273645b81a,0.7861767673679061,112.87130570910452,20.257378701975178,147.28576637545032,102.03803800883858,78.37191585354589,30.59196959610685
689.png,True,1390,1391,3,uint8,b78cedff4cdc01e906de85625f1bfd8171a13dc640adbd0439e0d803102c74bb,0.7860145568847656,116.23018796499862,20.755330790361015,148.55907575382554,107.1981421894792,77.91282170745794,24.798066859171186
69.png,True,1389,1391,3,uint8,992dc9f2f7249f80e94050e5ddfc07e9258e254956801770a6c6e839284a6bb9,0.7871323079745597,137.80179082155396,23.062655830112654,189.1050408130563,122.02524533963941,84.43524053239067,51.477197267115365
690.png,True,1391,1393,3,uint8,204fd38707f5cc7a437a769e0e84774dd6c1f0ba0cc120ea11a6a84a094801b1,0.7854161570450098,109.34795853812838,12.128122430302104,159.8182344639642,97.25380797119081,39.20787386247506,20.358861301856688
691.png,True,1390,1392,3,uint8,10084420626277b1b07cdf4bc0b49af880eb4180c717fd36ceab97ed8e877843,0.7856951749021527,111.12514898109096,10.533576525853078,154.6634170546256,103.15266366028906,37.927146422264705,15.707644791988654
692.png,True,1389,1392,3,uint8,12f8760ca5de0d1f678793d22c7c59b667a051b1a380186c635a16c84c699abe,0.7868227128180039,121.35928649846011,16.56456023245732,160.98524225436952,110.85471538633426,71.49427275111971,22.22791635121019
693.png,True,1390,1392,3,uint8,0b017336dbb02080baec1b5926c5aad1c3c03f69c1c9eb52ba43610e90018c59,0.7867080479452054,123.90276347241387,15.349450842207974,159.6288405853431,114.85370795032746,76.76715510037506,26.825125872017463
694.png,True,1389,1391,3,uint8,223d5946c70d7defe0f7f74d0f4f3aa2b33f9ff123b0a0bcc900216469fd23e3,0.7868532901174168,119.38303556682503,18.143111671086785,161.70627009802493,107.28163465555264,70.6506465370678,29.588653803278735
695.png,True,1389,1392,3,uint8,0de0502275ab37f1b8ebcfcb9431b3007c125532cd06f7545d56b7e902b26f61,0.7865857387475538,109.22562634842271,12.324830960308434,151.2614336527435,101.85988551769714,36.84803397539311,18.242179152439785
696.png,True,1389,1391,3,uint8,08d8f726c7452cd97d6d5c4dd0dcd012ae061eb4125c993a266f78bc8adb987e,0.7871437744618396,111.1660176166105,13.09732337042208,149.74761340571618,105.8848753532548,37.09902302590049,15.661480955498309
697.png,True,1393,1394,3,uint8,02a1244218672501a99978ba42e20ed007734d1cb978f38d9ec90e35bf16bcb1,0.7842025756835938,133.23973362390186,12.352885587005586,208.2765524823178,113.08712191230408,40.22721744967749,16.587246590718742
698.png,True,1389,1391,3,uint8,9b2c12b5fe89cd86fc3ee4dac58982c37065e0640845e8259cb610802768a0d8,0.7862684992661448,104.87773256916189,18.78701808126448,138.44367152294703,97.69790436190226,53.75266512082367,38.66687445473034
699.png,True,1390,1391,3,uint8,a83c147cede62adf1d0bededf15b82ceaa3b6e5f4bbeee9e9dfad562dd171e95,0.7855072021484375,127.60622778220245,24.323975393154914,204.3282989180054,99.32623496959926,71.9991452825424,37.01293607920293
7.png,True,1389,1391,3,uint8,12e3f35679caf5321660e1af42bd3d52e318e8be8cc8845c5a9ca1e2b057a05d,0.7864787181996086,135.49466389331675,17.85888511416843,168.8704220286925,126.62263811671397,93.61130010497259,24.280772612659792
70.png,True,1391,1392,3,uint8,0cc1a24a524eb858652d3d07d8ba43296d0d15dabbec287ba862be58016f951b,0.7851181030273438,111.83763009319094,19.579679579154337,162.5502298191571,101.13152166519285,33.91170182786399,35.27093211504449
700.png,True,1390,1392,3,uint8,7f62b5e8df447e25557d331005ad88ddc4b73c9bf907e9af7bac66cc3df1df8d,0.7860238808708415,135.9044099412105,22.78556472842216,208.61233460896966,111.26577809763238,72.0374618889467,25.544859700107267
701.png,True,1388,1391,3,uint8,ed4d6a01d988a072e3fdab92b81416851927020547d6c887a77afb06102f615b,0.7864596073874756,102.65234274383636,19.28928767261284,141.5162687169219,90.96042534372069,60.87204210669557,29.708065571705635
702.png,True,1390,1391,3,uint8,619135e5bce6b579d7d16be27f67820c4b8793d749575611477d97fd32c30b90,0.7856330871582031,103.92897756240623,19.842566808485866,143.03325580604908,92.3620362322711,60.873094795313406,22.338378029586234
703.png,True,1393,1391,3,uint8,66bbf0bef893fcf0e6792396efae2bd016463e68355fc10c22f78abd24fd0eed,0.7847358121330724,121.4579371882793,21.95962486981761,178.61060727088528,105.34121239869077,54.490755533042396,34.47023393478564
704.png,True,1393,1392,3,uint8,69ac6737f865f8a51695b0bf3fed9b2634f9d89f8c0662ad6f0d2e3852dd9043,0.7846221923828125,121.17536609556407,21.142646611334357,180.7846113455592,104.36479745629218,51.34963828008012,38.72366252795455
705.png,True,1391,1391,3,uint8,1d57129b52174141249a86670d0b07fc5df357102bce5e770c2daebc4cc6a9f6,0.7856979370117188,116.81113873163532,13.179616941966323,183.47849159570026,99.93635842809007,28.812367089713835,20.01378259765168
706.png,True,1391,1391,3,uint8,99ba10705362f3e7161d7f32515c69535f3f44955acdff301e356345611f1bf4,0.7857513427734375,115.11287018157103,12.781621035704449,181.41895329643654,98.85537430818526,24.889999029031944,25.309438920762446
707.png,True,1389,1391,3,uint8,0aa8d960947a6bd23db8f20fec417d259dc0e9870b34baf2517501c1e7600d47,0.7861041462818004,108.54525696504109,14.33266460582318,136.57272329459815,98.74508192735937,85.45247726941217,17.76573964535179
708.png,True,1389,1391,3,uint8,06ace2a5467acc7b3fa1a6ae8a657fe0e993ff3563e385f0bd352c14c66619a3,0.7860735689823874,94.36043605527516,18.755692454197145,138.44262916824692,78.11859264229659,62.351528235648786,18.850114075412325
709.png,True,1391,1391,3,uint8,3065634330f18afbd802e62bbc0b87f8a4ea9c9305fb291e4bf95f375ee8b58c,0.7868690490722656,123.79400115381073,22.81506387777546,157.26874578834844,121.499154033732,47.745681693677795,16.93725983289107
71.png,True,1391,1391,3,uint8,dd45e46be0ce63e668389563ccc78c127a847150455f5aad3b6faf56d7e60245,0.785858154296875,114.7174284493806,19.490514733594885,162.7333307444371,105.4239058677333,36.598083569570115,35.620087179785614
710.png,True,1403,1392,3,uint8,479bf5bf4286d9b0d2649f6d26ae77654bf3c4770b062cf91f321124dbc68023,0.7801158033956693,139.95004558783668,21.360595574711084,172.6382247849979,140.67383751016484,50.467992410241244,25.533081361312107
711.png,True,1391,1393,3,uint8,20f7577a6ffcdef5b815e841ad7041fa346d6d9d79809218adc2c84a2e73749f,0.785355002446184,113.78455668357067,13.930594094994463,161.0836358858055,103.89122711389275,40.63645035381605,15.13895580534195
712.png,True,1389,1390,3,uint8,61cf5c3ecef697cf311ddcda0c40029b0b548d655762c31bc9af191d17fc7405,0.7872047424316406,96.53192705986112,22.188455151698115,106.79788816685323,95.89186425729667,72.9429204161639,19.58605974058166
713.png,True,1389,1390,3,uint8,2c48b4df643b2bc8e3b39a385bce6b22baec31f7a4d9d1bd5cb2c0010a6da8fd,0.7875862121582031,120.2489477431573,17.123424879669805,133.9799768479277,119.82065862317823,86.44598253423165,18.503355386978985
714.png,True,1403,1392,3,uint8,59cf3731b2653727c64b3a437330688475aab1554b23e691ea625c809693d78b,0.7788777989665354,113.24436897469185,21.378537182190687,162.48781980719014,101.19413277520819,46.11034489567239,23.127990262065364
715.png,True,1396,1391,3,uint8,55f65af4fa600bbc9e900b67cee1834c070ba19a1c3a3d33715f2d07a6f5f9c1,0.7824754901960784,98.97417776037588,16.350186574688763,150.26542678151918,85.36613155833986,34.471980227094754,19.852233391697478
716.png,True,1389,1391,3,uint8,91ef71c487586296e7ef96a806c9362cb6ff0b6511804b48a24e3943621528b5,0.7865054733365949,111.67481958449763,21.828598037299013,164.98282104240067,98.80673551208845,38.0818515368728,24.934215027987694
717.png,True,1389,1391,3,uint8,1ac021dadc0ede40b74257cefbdc04b2746e6f4a7efec1ce2810714014c1217a,0.7863793419765166,112.73925110089336,26.719452599236647,165.08617589019258,99.43420400307181,43.91134041663831,25.00857330509433
718.png,True,1390,1391,3,uint8,5f3d17ce29e81f9bc9b8c43cb5fd2eef262ef972516a7f94ac099c5d068ddbe1,0.7864913940429688,141.8515768234598,16.82767908618023,166.70487549351517,133.83654097994898,117.9155422119181,19.96722222142622
719.png,True,1389,1391,3,uint8,563ddde4f9a9499c67a918e624e10673bc93e6d02586c8c58c28fe7a096a512c,0.786841823630137,121.04753646842804,16.7391440060201,143.55885224639687,116.40884471711769,85.85481606699601,30.370863045938787
72.png,True,1390,1391,3,uint8,09e6f213f716dd8c1aacc40f899608fd1ef5d4f70660706ddc1212da87161b31,0.7865562438964844,128.13211051888783,25.418457535205462,170.41447492858563,119.32012551469269,62.55365171127741,19.826556513044434
720.png,True,1389,1391,3,uint8,fecd2a0abb6a3bc9541b4ae381e8862d2b1717dd7b14250c5f808be142bd90c1,0.7861614787181996,125.75937477210297,21.018499201388856,147.01642317135426,121.41073486156016,92.35514500328172,25.0420648006608
721.png,True,1390,1391,3,uint8,1c4d1ce302da239ac47008e67fa615d57ad62f71a62906fe16bf15be760ec00b,0.786407470703125,139.4076312623695,19.692291576215606,142.86209689937522,148.63561352788233,82.83036303310179,19.142997107510823
722.png,True,1390,1390,3,uint8,69757ab2c512ffe01e77d8fdd4531625e9683abbb4c53ff423bbcecb5973b004,0.7871971130371094,153.4820579669411,31.02335592661418,158.96334058606604,156.0795409940928,125.70857583143939,17.98345301217312
723.png,True,1391,1393,3,uint8,53c3166a74b2cea9a7cadce6d8b78ddd18bb966b5b7054df19f13cdcf84d293f,0.7854849559686888,129.70646884792805,17.027539854479596,172.26206279074293,120.18275687564474,67.09960196196742,22.973243414522255
724.png,True,1397,1392,3,uint8,9fdf4f29295ec02efa0f3c2535aebe9b7edca005a929d2c7ac5a4f985361424c,0.7822840073529411,117.87799970627111,21.1532571025436,166.6608997894943,105.45299358691928,53.86375875067313,19.527029247850173
725.png,True,1390,1392,3,uint8,61853857ebf785ab79973a765574bb400b7c58aab9021bc5a7547773212fb56d,0.7861844116927593,126.5607537519872,19.35214417453896,161.37121701970432,118.29155383560779,77.81908299342217,23.410851900888357
726.png,True,1392,1392,3,uint8,b2a5615c1e1eeb86d7a9ae90dbd4aad5896650c112541321f8a9dd4d1bb6bfec,0.7849311828613281,117.0997448545671,19.32144397166451,157.35895803465118,107.29262994192403,61.94882511603042,18.07836533408203
727.png,True,1389,1390,3,uint8,f378500c1acc9414c1a43a825cdba94ca034dadef4eee45aeb9c2148c2b025d0,0.7861709594726562,90.23210733174827,29.03333939086396,127.72712407200737,79.49573487311369,47.11769129991751,26.70128986892535
728.png,True,1390,1391,3,uint8,b428617251c001c8d26aea64d567caf8fb5de02d7e9e125fcc14a84276d48347,0.7861862182617188,99.38380544799945,23.657144172783553,138.41351033994198,88.63420575077392,52.32573000669598,23.122311530357326
729.png,True,1390,1391,3,uint8,fe1475dd3839c3873bb263cdc19d1d91ed318a0f50671f50b8ece212c186e4e7,0.7861213684082031,117.1379629944147,17.913756858713107,142.21782634646274,111.5972961562911,79.84580520873266,18.977018900320875
73.png,True,1391,1391,3,uint8,9ddbf612e65cba191043c5dfd1bef63dfb9158d3aea4e538891bb0796c5b76d9,0.7870254516601562,152.79081884893898,13.994763826089986,201.24695367255737,143.80470544897582,71.94662989423888,20.082841710669282
730.png,True,1388,1390,3,uint8,64dfb6e127c2a2ce50bde88deb70a77537f6e40dfe8b081edbf2ac9179f80442,0.7863908084637965,96.06890082383534,21.047226672960072,130.80420909378114,84.6748499355999,63.60521033317942,70.01680040361869
731.png,True,1401,1390,3,uint8,39d39413933af28f48c39549b4c50f54e1bb01c348ce9cbbce4e3ff9bdbdfc55,0.7797620878444882,89.5247050238397,19.500610659768814,123.06164792197738,81.40902703475615,43.317450064838056,35.35993827382824
732.png,True,1392,1393,3,uint8,ad29652328d6a4a80cb7cec737fc4e48db4ee1cb6a7176ff1f062aa73ed64ffe,0.7847442626953125,123.33163195862257,17.591020643900343,200.96295378094072,100.24501254156215,38.61740457718408,37.32869360294659
733.png,True,1391,1393,3,uint8,a2cfaaa8fbcb181c5f4f91994b21973d9e69965f996295120c5b477215bd9545,0.7850950954011742,118.61886215592534,19.039161269412762,196.46011314177775,95.290585474621,34.591170657137575,31.736307372787483
734.png,True,1401,1392,3,uint8,5b8afc5f511ed37d5b2016a0cf26d9779b66c2775d7af0a575768742943bf0d0,0.7798609405697446,110.22217793916492,19.44401562503159,157.44294866117556,97.08926972318169,53.931843454472094,27.65214990888727
735.png,True,1390,1392,3,uint8,cf7f71cb3998ac39db7f00260a8119b12613ceb2b5545387e1b2ff8c60248f46,0.7858060176125244,112.42981730806646,19.084738227930146,159.7125666368341,100.38866784699793,50.36321452196584,29.47692306441358
736.png,True,1405,1392,3,uint8,27ece5ea12a3469e4d0b7edc0c46fff72fa3929a2147e4feb2234463f4643f84,0.7799325073964497,114.17588833239486,24.76187700455369,147.95550682116786,104.03468373687382,77.78102618814766,26.69207999932652
737.png,True,1389,1391,3,uint8,3784dab0e33e88f991947933e1114d5e28e6d56900254b502524d4d7e1bb6447,0.7863411203522505,104.15528454494196,19.6152726205037,134.53937647035949,94.02989325919157,76.57686699200902,42.07040429932775
738.png,True,1388,1391,3,uint8,36051d29e7a292cf3913d2303586ed515803255907574aed84b02632694b2521,0.7865092954990215,98.42990922167795,20.126595572877516,138.1310016717207,88.25554486431848,46.64141590856077,44.43908859878667
739.png,True,1394,1390,3,uint8,06c00ca7b6a3b7ce5f152465f70d1d3208262b45c0b8b7d3e2c5c6ca9e3767ba,0.7841166218199609,88.31659761150378,20.935696144841565,129.22122836948574,79.94160370460638,24.094072629783085,14.408521321128301
74.png,True,1389,1391,3,uint8,6521380e562659bcd9ea5361567b9b1d9e454da5675a74c4aaced037eb8f2439,0.787277550146771,134.6370468547459,19.616940937978402,158.0251047447045,131.4560169339295,89.65412643159188,23.9171899445565
740.png,True,1390,1392,3,uint8,b7534dc2d6d86ad30337b3c60dce9266d263e3526f74c7f966b5a6eee134e035,0.7860812133072407,114.08011124941652,25.593664460742804,170.9624824957212,98.63254142679321,44.34008382604637,22.333131817519487
741.png,True,1389,1390,3,uint8,98e2a6a1627fc39b040ae5b1a770bdf22a04eda39bacf873b7b298d9371ee965,0.7867698669433594,108.63946142246918,26.683342878463158,152.69987442241583,92.34156133180119,76.959058798431,18.07345797296267
742.png,True,1390,1391,3,uint8,43ea3bc92c809b04ea9fb1638b7fa8b091adadcfecf25d94c662e03e96061a02,0.7857513427734375,97.69768909602874,11.767643363608926,163.6664579085348,79.56244781046703,18.002548791144772,15.73847267307986
743.png,True,1391,1393,3,uint8,1ebd67324fdf267c1753b26e51e4ac28957cd34be8fbdb0c8718afdd828dc336,0.7844682607632094,96.14729928572125,11.640797029615971,166.94854367039883,75.57229027197162,16.388760585065434,17.40216004245528
744.png,True,1390,1391,3,uint8,316b50fc1d7e4bf1404f14a9c7323d798b2c6eea009d477a7083b7d88cda3c98,0.7866020202636719,125.9084348918299,20.68560913288351,167.24739213299515,113.18393524827476,82.96431671702157,20.18133505724411
745.png,True,1394,1393,3,uint8,4f02f93bb1140821f404b35a8f3bc124769d35da5698b59614d5cb826bb42c61,0.784027099609375,129.63006013779145,15.8308562714695,175.06511034992798,120.21924506636566,58.913116461017474,15.291209349527795
746.png,True,1390,1391,3,uint8,234aa7bf9cdc0c696c64b2e961874e539c901019e685517fc0536fe8d47af22d,0.7874717712402344,163.37400390445234,13.61228293740404,180.4382142217012,163.6589465729469,117.145147773348,17.259219532126476
747.png,True,1388,1390,3,uint8,af16c9f65f0791fdda43a539f551cc8678abf369801d3d34c5f64a9f74b11542,0.7873425269080235,105.21258386166588,25.795646339254123,126.4933299028127,99.33913123683215,79.62549880093594,15.687056017192829
748.png,True,1389,1391,3,uint8,b3e3aa6db215e89f3dc1c26f052825f6040b6569a3d8abf28e0258dc3208acb7,0.7862379219667319,116.8231010427554,23.017985684585646,160.81718966481125,102.1073333171289,77.16515884397559,28.719252171512093
749.png,True,1389,1391,3,uint8,3e240e9d2c3ff45250c9c4132faf8ef5b0798cac40013af61ddbc662d9da9d8b,0.787029109589041,130.51913924394887,12.946155412171438,161.19883251097556,128.62624810598703,59.76497727184428,18.44295366031446
75.png,True,1390,1391,3,uint8,3d6b3b82d1fdd4d44634a947705928ae86e8f3db8c094673e3ba47d1bfa8eb0a,0.78662109375,129.75758457479827,18.623430154779943,160.0013093575419,124.1566379577902,79.24603313159528,27.693169882298978
750.png,True,1412,1410,3,uint8,5a380626f4d88e351bfebcf387ca768d4d61fa800cd80ba5c1741d1317f223e4,0.7736477189334638,150.8778030838245,29.730299949643914,228.88872146276634,126.90763347841768,69.68218624481871,37.55680393354037
751.png,True,1391,1392,3,uint8,938439ff5c4ed0e10f9b56c51ba506f79e76bc32a53fc4c45cc5793a40cc86d4,0.7852554321289062,131.13008501335923,24.279012586820233,212.8916152538256,103.43111488948263,59.31229536069954,31.541519535168955
752.png,True,1390,1393,3,uint8,7c372e5b6c9a3cef065371ee88e0bff9c8699f25b0f9590a370f8fbd6da198fa,0.7852288710861057,106.89651043365248,19.45797378570896,142.51564196046553,98.87137426317045,54.77048398323606,20.06198856335455
753.png,True,1388,1391,3,uint8,a47c7925c73bf5c29b643eeeb040840837842748c6a2f42962b8eaae12bf86b9,0.7865054733365949,97.9036569068157,18.941742143294203,141.4415307982019,86.93258170331673,40.13799052363018,23.4311435545003
754.png,True,1388,1394,3,uint8,c49456764c50299aa948136b52eb1b05434904761ef8e8fd0d2d0071e71ed11b,0.7857536764705882,123.51906655749211,35.372285310894334,187.01619097750225,102.39206339922798,65.73843919366787,21.47454823578713
755.png,True,1390,1392,3,uint8,bc87b2cdfbc82caeec518ab6a9c770c4e6ad6fc979fcc10c8f05f2c941c74d3c,0.7856760640900196,111.19598848013699,23.95201373390244,168.95068545130815,93.50379941427724,50.76125473102482,27.753668799858183
756.png,True,1409,1391,3,uint8,1dbc1022a6d8b4ef036724c1eb5fb3f09d4731c58c069a4f9bde128a4b61b796,0.7755259900990099,113.72385298224616,24.229165342158772,170.9100189507281,96.50140135647317,52.367285058846996,17.64464554191006
757.png,True,1389,1390,3,uint8,ab06544b7d250a5b2e24679c6f5cc7722ea5885a6861b5d8dd68d4ec35ef69dc,0.7851982116699219,72.89997327956858,20.494374405467816,114.22322734228872,59.92928316369908,31.26891928000583,42.4166143710277
758.png,True,1387,1390,3,uint8,725ce52a4d34e860c2da9bb093b1a374bc6c8aa3524d5cf0af6e7f9fae17d98b,0.7724819593933464,45.61643889839985,23.619602999755315,70.29994656269483,37.84713961980347,20.865046064936223,28.005774229421437
759.png,True,1397,1391,3,uint8,2afcce469d2af331a7cea33feeaf56276e4f34d2fe01407cc0573b33e1776df1,0.7822342218137255,115.31866716930142,23.91130793668928,165.2967829743901,99.71910876983408,64.48339102209471,23.489291201630216
76.png,True,1396,1392,3,uint8,5442bb10184664a47ebd3ed2e3e5f2ad9db4e2ca4e35addfdaa0ece92a501f51,0.7837955601761253,144.82520749417262,19.196866415848838,201.81168014200307,133.26971804199624,54.81352345098651,16.489088627522666
760.png,True,1389,1392,3,uint8,ede124fb7418810d18f6adf29117b5fac42b1d56342f190386cc9dfbd55dd099,0.7857563295009785,95.60120440317347,26.61251679272367,150.97322683737153,81.31736218193493,23.848544841642386,16.722945831843965
761.png,True,1391,1391,3,uint8,5261621bd510808744ef0d711feab63510b20ccd7a9873e5fa3f29840121a474,0.7864837646484375,127.82776516694798,10.808921769159008,170.47357546126534,121.5169567157519,48.407562617620236,15.325334280434648
762.png,True,1393,1393,3,uint8,bef18cc48f10448a406071cafdbbe9fed9ec9973e89ff647a679b7ccf01e24a8,0.7843666076660156,123.05074969482095,10.452427929391321,165.50210828871153,115.26218162895091,51.772786296852885,17.789586863307463
763.png,True,1389,1391,3,uint8,bbcc38170f7e513d2a80d8082aba59a1c332e75c96dd167596a11591bf78ba24,0.7865819165851272,112.17489734930392,10.332093019492548,140.47649845720255,112.40222065647853,36.66581792560558,15.841547604873085
764.png,True,1389,1391,3,uint8,fea161aff54968ec2268a930d2d376605837152040818d5b368a5b778c6c086e,0.7862876100782779,101.61823467076289,20.05383406961431,143.10887720082832,89.81444015594163,53.511472015088614,33.457026602348655
765.png,True,1388,1391,3,uint8,5817855dbff505246d61bbaf4b8d733a448bd13578d05cc3756f152ab439f95b,0.786761558219178,100.12925447673459,21.155369294825537,142.4548197160929,88.44844103730046,49.21270197530144,33.16584025174549
766.png,True,1388,1391,3,uint8,b4cd235110e1986101495161d581a1fc9191c227fa926a41211287e07d607012,0.7870864420254403,113.25370155443434,18.71548542175209,153.87666503178312,104.5745628305176,51.37196190883177,31.6509168498556
767.png,True,1390,1392,3,uint8,98302deb31be4e732d06d26ebe7aa7f92020add3ca168d5cdeabb0159943afb7,0.7863334760273972,118.7605696787051,16.28712206968905,155.04449035143148,112.20760219705438,57.32016720944928,20.397821534582704
768.png,True,1387,1390,3,uint8,5c5fd6525e55cc576363fd78cecaf47f8d500ec7429b3838e0476c1eebd0c69a,0.7872890166340509,85.01856976405476,20.395727908496703,114.60803961549665,75.40818040586464,56.884027575492766,32.74225036560214
769.png,True,1388,1391,3,uint8,596f9c2fa17ddfe6b271836c7f9344f865d7204312b524e3fe7defb5ed177355,0.7858786386986302,83.58711352991814,20.094690561981086,116.19173585070838,72.58245424612497,54.71642081406151,38.566947223960106
77.png,True,1390,1391,3,uint8,7e2466356e94a13d747221d459f515413d2a0b9fc407a3811101117c9d700172,0.78790283203125,144.23644840808737,24.72221117675669,179.83506177860409,137.75117650476412,84.22975249825703,19.08445661366765
770.png,True,1407,1392,3,uint8,1ba1c681e914fe6e4e492bf05ee0d86a50165028eaa35a13a2eb5392d4f40ee8,0.7767543454142012,108.48149360471749,13.972688141990707,172.55087212906616,92.83582052541003,20.956108375117168,15.614944349927338
771.png,True,1404,1391,3,uint8,ddb8888319d97fd46423fa10f2c9833df83c2565d1528f84c0221f3865ddf206,0.7773398976824457,107.7431325420621,37.71264767110491,184.355085858711,81.52383973040612,41.8176177614788,28.332714830049134
772.png,True,1395,1391,3,uint8,d1c89f38e8470b8191faa5b386a04cf85c4a5fdae12dfd317f2d90386e5fae91,0.7820029659980431,117.56345400958958,39.69375880393871,197.3694433447216,91.12325205159411,44.38826082493878,29.603484715395652
773.png,True,1389,1393,3,uint8,657a60ea6671a2652ea2b7b7c3de35292452531f592bc752a424f5da27cb8e2b,0.785255626223092,109.27110022974183,18.616365549882882,185.32589755071842,85.23659514816401,33.544541684513845,17.752089305719565
774.png,True,1391,1392,3,uint8,129b92a1cca344650ad260b9a8b8c18155210b280df0c099080b53ba94e4fdeb,0.7848320007324219,105.14631644948211,15.923322572578222,191.09696265656973,76.68915956624656,26.255926197755407,16.020588212462062
775.png,True,1390,1390,3,uint8,41a38b6c8c17ac8ae618d69014a9a79fbcac8632c3101dac51708fdb003c4de4,0.7864418029785156,101.52118974975869,24.868165319867686,129.6556962762113,93.00626209612875,71.56806088445438,21.4956186753801
776.png,True,1389,1391,3,uint8,40dd2e077b8500e389de528d02b728cb620e3cb518c4a8e15eed3e4a89eb9d55,0.7868112463307241,120.13401180442544,18.163765910580466,181.01158582497388,102.1351971047582,53.10801292171674,39.89762698891475
777.png,True,1388,1391,3,uint8,7432299b18b07c8413c3253f682b6e7ba9fcdaffaf452586665b0a0f493dec4b,0.787208751223092,120.01415815769158,27.28243151484867,161.44210255439188,110.08124432532689,62.44172869357494,20.120955219690682
778.png,True,1389,1391,3,uint8,011c6a6803a233df8ec477ae64195e48de1aa191d20df0c953f5164bf6863613,0.7866048495596869,123.92529676726546,31.028969560244708,164.1802226422612,114.69248448744175,65.85226019309916,20.720861752630444
779.png,True,1389,1391,3,uint8,08ccbf9aedd800bd3a85f5f0418240a84b18bb3f3f8500cb1e4a91b4ad714721,0.7861958781800391,88.8144865674254,17.609237436463644,141.10314836601944,76.71455657432885,13.902306338541717,15.6890097264613
78.png,True,1390,1391,3,uint8,3c5dc6c31c2bb108c1bc3253902fc5688766f08dca3afa1fd00d935324c4aab0,0.7882461547851562,155.896720771993,20.311085551476275,196.46697542514784,146.79253172275617,96.35401724788757,24.87140351021626
780.png,True,1389,1392,3,uint8,c27c3e3e1164a37572978724df2649f8c19142b6b00f718615abf317e6a8c4d0,0.7850721624266145,74.01423076923076,10.685518187985638,130.56919668938656,57.104347614410905,12.698583252190847,14.474574853304247
781.png,True,1390,1392,3,uint8,a94dc76244fcb04ff70daf5581cb45339064cd921917225ea08a04f752a02b66,0.7859703705968689,118.22342986359325,19.364931109724324,171.53038150120358,107.90074160527148,31.509023269385075,25.28252645597153
782.png,True,1389,1391,3,uint8,6e709ea4c232f9fc383e2cb95d91a4e1d5fad2aeb7c3b9d2c039e0dd0e53ed06,0.7865972052348337,103.54302013129316,15.230231309139713,150.57524574949343,89.69089256993475,51.460546455522135,31.204537635577367
783.png,True,1390,1391,3,uint8,9664bdca36b63c6a89d28086b816262c70a471bff21253c6102adf0aa5c24f0a,0.786163330078125,113.94593571678118,20.352634356328497,152.1480872248748,104.8103722681573,60.786033150887,23.42339210439824
784.png,True,1390,1393,3,uint8,507f7eef60e61586964e250b9fb9bdee45619708c48c0cb0c7861789095a10f9,0.7852135824363993,107.07989310591569,11.44545269574377,170.94150518163718,90.8372104343424,23.157157668774367,15.892302983042248
785.png,True,1393,1391,3,uint8,87b9ceb1ac261aa8f1e0ace9ca22dd14d651900c1e2cca84d0a26e29a0fc1c24,0.7843574180528375,103.53660343155649,16.55853900306127,173.3884451764752,83.47922889875397,23.57436907018561,14.334521059820435
786.png,True,1390,1392,3,uint8,42c0acce9a3d85e65b9708890d60a7afde0ab14daa1d18076e984309fe39da41,0.7860238808708415,116.27615500196937,15.450249812327412,171.04166808494085,102.41156047440056,43.957806748391675,17.378391736353585
787.png,True,1391,1391,3,uint8,7ea31471366157382bdc13d2bd139a6528d6c656481e571b9c76336ad76c8f1c,0.7858390808105469,121.55268127163197,14.270634196026084,176.6867230088882,108.4359936505779,44.43081411435756,18.064228643213664
788.png,True,1391,1392,3,uint8,310abe5557dd9dffe4587463cb88fb1b45e81ca0503d330ca0878814a4fd556c,0.7857704162597656,107.53524285748962,15.078180834224924,151.04837245430494,99.89475447241304,32.68483627448601,16.61464036096653
789.png,True,1441,1423,3,uint8,a5ab54244b0f341134bbc3c74c671ffc568ddbea7f79048fe8f6beb2b3b6832c,0.8269091217885376,123.51542508250517,65.43933090243819,146.58077571197177,120.62375308665027,77.87117056981081,38.67134608333793
79.png,True,1390,1391,3,uint8,1201a411dc864862a5efa8ff499f93a52d59955022abf6d5eb584080ad54edd0,0.7870521545410156,128.85919513767382,18.528422981958386,161.13064593521744,130.85004434836978,33.924714401345476,18.569330422338105
790.png,True,1459,1423,3,uint8,eebc0ddc98cf059aa99a5416d1fdc6bae91b0af61807769363336269895f488e,0.803172751753507,149.97860634207436,45.282583261447186,177.8384120935083,150.8942451547507,72.14469715059869,43.77381681263448
791.png,True,1390,1393,3,uint8,9a50d886a970ede4687d2601ada51cd4b68ed58533d3b4b619b7ac3b6e0e529c,0.7862455662915852,105.10782326318501,34.841604422406064,131.77970122552952,101.6132994988017,53.09574297423034,17.670447637086273
792.png,True,1391,1392,3,uint8,76b2a3de4b85b1fe469d8ca980a69820594779ef9feba793dbf72d1ae7937dd8,0.7852821350097656,103.50875122050743,15.725353112731687,154.24425693563978,91.97113530266155,29.796441218904384,23.208757853613527
793.png,True,1390,1391,3,uint8,f674f939cce76dbb4decd8e99dce35adbe8c3d51bb3b56cc7b8d3a980a96cecb,0.7855491638183594,97.99633365221656,17.24019794884379,149.88202129880978,84.5943562524584,30.878121858716923,21.79262891519309
794.png,True,1389,1390,3,uint8,e86ad60d5758197911406d5ee96daa1cd06140d010b3f445fef225eb6b599e5d,0.7885627746582031,105.46753290730805,25.99865451251265,149.2453789480304,90.22081396305093,69.131769520649,47.5659482729232
795.png,True,1388,1392,3,uint8,0b5582ba2319b75ebd72f934bfa7f424a1afd0b948121bd2d6c49c7fb0dd688b,0.7865398727984344,97.0689509388485,21.251860139254152,141.39162422734518,80.87689033160984,64.15256774093224,44.01279592245402
796.png,True,1404,1391,3,uint8,2de3352af853fbbf229d4df86fa059216171db02e6b34b146b38d8520b46f76b,0.7782991247534516,90.45234465486007,15.327089912095865,118.5233921023194,81.77038023303008,61.51718522624905,22.976906474751814
797.png,True,1392,1391,3,uint8,2417e44d1993576fda29497756692bc4580764229514594d2d6bfda11a3c5e7c,0.7840766906738281,90.77537328318924,20.030672907826908,122.64574464462078,80.87424893330285,58.152271322996384,39.50698613405612
798.png,True,1391,1392,3,uint8,4e8c75708cca8339cee62e15ef8db67ff0f2ec2eac42b43bfe0aa6d3eb368e73,0.7856788635253906,119.50012866513563,14.208045908829147,152.14111894970407,111.94719874150931,72.73387194663067,20.10689814365211
799.png,True,1410,1392,3,uint8,28c8d44a1dc8ab103d2541950e7a2afc14e1ac028737dbe313cd2d406cface26,0.7756304146039604,126.75895426009863,15.76021642130065,158.59288845008902,120.42495275421722,75.82688347369943,18.03120149828271
8.png,True,1388,1390,3,uint8,96441a6668a671c67e5bc0e9429da15451850be38c297279e69ae1cf12e02feb,0.7874342588062623,137.9632799075809,25.02698591211111,172.51798871943228,128.64483200497045,95.28853304080226,22.070942334249818
80.png,True,1391,1391,3,uint8,9a58ac1cc48d42171e273ac841c65a203a063bbd88b310be50cf5af85d153237,0.7862472534179688,112.26539711804377,14.148847876465469,147.29191208577944,108.65323856193295,38.959070399301346,20.867211697669457
800.png,True,1397,1392,3,uint8,a6787c7773a49e66c765df62149ad6991a6d774b072ed7f39f616939440fe814,0.7815908394607843,88.1011323491222,11.907014425510237,130.47096119830073,74.95510782060768,44.60925870576072,22.951771495565747
801.png,True,1408,1391,3,uint8,da44f03f1d6349f232c5679ced95c57cdd4b7613731e16ce4a92ff3465ab670f,0.7785480484189723,106.89533465542885,19.263390980741168,152.05429350520575,95.23627664848786,48.4201834407536,30.505181061459492
802.png,True,1388,1391,3,uint8,6dfbafbea60f4e2c4b5dfc869b23c2d2afb06f29f3874946763b434eb722f4d4,0.7857601516634051,79.74651230664462,20.261406541621625,111.89907578558226,68.63297499756786,52.61318221616889,47.94720486524106
803.png,True,1387,1391,3,uint8,59c85e0d8e508b73eefc35c9ef458ee0026fb41ce17bcee47b8b81189ec26403,0.7865704500978473,83.80600314881045,20.19832833813862,118.54271788990826,72.0338788679832,53.286930492924895,51.21654126973573
804.png,True,1389,1390,3,uint8,bf8567fae86f100e1d110b171631f5dc01f4e935eb7851beb7ea431d4e65b398,0.7863044738769531,109.67202910855063,20.1922295225948,147.72757792601575,98.86092904790782,65.47203881140085,19.095670974341544
805.png,True,1388,1391,3,uint8,544b8fe781f928bfebc02124b9ee511d5f32e2c6a7645f99fbc123f2024a73f7,0.7861117906066536,96.34192792407327,22.561328646757296,141.63951339997666,81.89011630168423,51.87016706211833,33.936490518335305
806.png,True,1390,1392,3,uint8,008661f740efd1b6e1751ab2063c0e670ae023e5775b3f96188020c36194536b,0.7849269202544031,107.55613988956087,24.40159977575323,149.28944498008394,96.23816967111735,56.31006710102161,21.132488637402517
807.png,True,1388,1390,3,uint8,a11e5d591828dc6aabba40318e0e88f902bfb3b92e354331d8d9bfd19296bf30,0.7864175636007827,106.87300730977098,32.646977100001415,148.108310004277,92.4993341498503,72.68477098643027,51.9906878802459
808.png,True,1391,1393,3,uint8,af0a32c53ee54ec6e4966aeac753dd14fb4beec913f779cace87943421d77cc4,0.7845179488747553,105.02155367713333,21.5102825237649,151.6816399113298,89.00372219921562,65.07082896884363,36.96107156347674
809.png,True,1388,1390,3,uint8,7d3921fd3e4d55150305f5aff8321efddff1a1bc077bba5864991ab05bb0e523,0.7866086717221135,103.93683248948018,26.173151730344063,148.31470053740975,88.77928785920447,65.55289550150144,51.56135527923153
81.png,True,1388,1390,3,uint8,53cd00874da9f46e2531b01fe5ed22f2ed3ee1e4c438f61db275555ae464e86c,0.7879999388454012,147.6823724571462,14.88650779156285,175.23597489401743,139.41902156514652,117.942410484755,33.04376993702151
810.png,True,1389,1392,3,uint8,25f61690918a551c0a2a4b3d181e31db499531697a8d93aa91c7af6bb838d11a,0.7850224743150684,85.14821775477513,14.22375408925841,137.49379951019296,70.94357481242727,20.985096427719377,20.070112330185378
811.png,True,1388,1390,3,uint8,3e601499a3fa48c411eb8fbd0d604170366d978b159537c4cfad117ae1af0751,0.7866583598336595,88.8651021548478,17.939140650340047,141.22496416684888,75.01452275101425,22.798022495930812,20.950695315214503
812.png,True,1389,1392,3,uint8,d263ba6d01f69a9dc765dcb0b6c7c910b933a45404c305aaa32b372847d5b3d5,0.7857754403131115,93.76532706825434,21.10226098623245,127.61743131761227,82.67754786364698,62.042483850883336,80.78294668354522
813.png,True,1427,1393,3,uint8,af7055045b0f7280d1522e8d16430db55b796b40abfcd51e39a900b3708cd3ed,0.7702265625,97.20044325431843,30.801080071895658,130.04258588686363,86.93181795129274,63.924459118157195,44.93411427089739
814.png,True,1387,1390,3,uint8,0b7e58667ce8d301c42446e7927be094e0fb8fa15244eaf8a99c11a80b10813d,0.7867195144324853,86.2271523725775,20.589398904887954,121.36876369448723,75.10021814012467,51.31015736210775,45.7991791414555
815.png,True,1387,1390,3,uint8,52b4d302e7e1c3e7e6fa4d2511c2b6e927d09521d3fd27897ff41a14af7e01fb,0.7870520425636007,89.42810244854748,19.07176751252441,125.6563389310308,78.1837721811595,52.280276614963235,48.72827953770115
816.png,True,1390,1392,3,uint8,cee4c5f82e97d280dd1d15860e0ae9046e62be8403dce97d4658fb185d14093a,0.7853129586594912,96.8974559896429,16.920156179010828,130.43231141373386,86.41814827973893,62.86742625192857,19.06874678257725
817.png,True,1389,1393,3,uint8,d6a77e88bbec49337d4da625f6c99568ad07e1d3ffb1e894397d372b9706b663,0.7857601516634051,103.36205856600837,20.788674595157875,140.29636151376593,93.52260433894348,57.08991146998735,31.638225838320103
818.png,True,1388,1390,3,uint8,31228070b72a8f5898b20dc05d4a90263a4670530d709aeb8ef084df8f3bcd13,0.7868876895792564,95.86375227686703,21.538569942067166,126.16577049180327,87.63225743776563,58.71072252580449,30.257086732852372
819.png,True,1389,1392,3,uint8,ef8be0efd73a5a6ff5919461452fccb5fbc9053df0256d5ded2274028a73ec0e,0.7861997003424658,111.98785580592624,18.756415551833527,155.5595517635334,98.36153528282165,67.82194025134301,41.54736915028234
82.png,True,1389,1391,3,uint8,e4de20be68ede14333f1d40fb61ae66df6f8e26fe776ca1373f8c10edcc1d7a1,0.7864901846868885,112.72529656754354,26.302704067218695,169.05850678667062,92.86081129022068,67.24516088272885,36.10924281594608
820.png,True,1390,1391,3,uint8,7078cdf6d6128c9a3f4470cfc4195bf4a9f3ae0c4557f28454d3572f3e74c53a,0.7859573364257812,109.7671161070503,18.24273051915614,154.26005901938515,95.74941514507314,65.18117398099344,44.37997962402592
821.png,True,1389,1390,3,uint8,f9ed8496934b594f66f2ed7cf1e95bd90ef56741a7223dbb9740dcf33172bbc3,0.7864990234375,109.47891607170573,18.721743459391288,130.49648843706348,103.19049743908117,86.7429429225516,17.928738093641588
822.png,True,1397,1393,3,uint8,76db90f657818868468fb45d042bbe0e96c9981637cd1eb539fee15a5ec2e177,0.781299688111546,107.38499019142618,19.104954792730357,172.44795585407974,90.4876989232583,23.705718325155445,15.524760173711549
823.png,True,1389,1391,3,uint8,bfe60108676efdfae3fd218e398a08b57337f8a55613c7405c3586f4939cc3a5,0.7855881543542075,98.44235288393705,17.60312503606459,159.46516165130026,82.06092393023086,22.66122071666626,24.888969731456015
824.png,True,1388,1389,3,uint8,420fbc4a17d81303fc0618af01b01dbf69f06afa320947cf0ad37622b1bbd530,0.7862052917480469,59.67719396988826,19.431259959238226,79.59873652953192,53.44010402767602,39.56078389511836,16.932239359502987
825.png,True,1387,1390,3,uint8,71bac4927c03b4e8b2f7804811b63d020368a17e1982318981ffe0bcca7ca280,0.7861920560176126,65.31723004672011,20.0840024515256,89.93830125478262,57.82435474226153,39.33823708147579,20.673590462310337
826.png,True,1412,1390,3,uint8,10fd13146bf29bc4a0a4fd026b09217efbf778f201c9c3ca9ed6945bde11c8fa,0.7751619853670635,111.75937489064086,24.442154884861242,152.2873433352164,101.15758215058817,60.03215533747606,26.552656893895797
827.png,True,1391,1393,3,uint8,c5a939c2888b11e74c9ff94127a086d18efd715d0827579a55399224f0b3d3de,0.784452972113503,106.91762733996629,17.50864203366149,171.33857277892008,90.30349642853663,23.45085218136992,15.240664321504767
828.png,True,1389,1392,3,uint8,7ddd5c7f58999e7a67c8668528686e331eef9cb8c9eff09f2c330f3184c3c567,0.7850683402641878,84.91806191850982,17.62441206654229,131.80057838645757,72.51361983261846,25.692150399953263,16.33887436869039
829.png,True,1387,1389,3,uint8,0985ef3f0dd05f1b941d8d958336af2715c9f85a8a25821cf1bb58847ed11c0c,0.7875107020547946,80.41363243673497,18.21217940619406,116.96677311952165,70.35704578767023,36.2634465486949,17.58296202305894
83.png,True,1390,1391,3,uint8,d1405ee79bde72eaf0c25a08f7fec3d87adec18b492fb519783d05c1eb798d9b,0.7860221862792969,119.68683481274053,25.307005573470814,160.0365297911682,106.41252408384332,82.16898728955452,58.054495651729624
830.png,True,1389,1392,3,uint8,73d102a919d01df6fad64fa09b0f17e22bf3c1f2c173d0c042fa021a87151b39,0.7855805100293543,103.17973269499302,22.301829350294668,153.58946251940077,85.88927325538964,59.957734281113005,45.38285803290161
831.png,True,1388,1390,3,uint8,017d8a4443df4c72149b6fe8f7b8bc78a8aae8358330b9121f00c874e23bfa76,0.7866507155088063,91.44198860130312,22.418466784788027,134.26984204107612,77.07862477103001,53.0032165120765,35.11170231303596
832.png,True,1388,1390,3,uint8,ec8d9489de41b45be35ab294d4db6885e9c4407f4448b7ece6344efdc4e310e2,0.7863525868395304,90.941774612973,24.8806454632441,120.9621795027584,81.01433397331519,63.31709723673658,43.07027323238489
833.png,True,1387,1389,3,uint8,012fd1d98524a95849b3d043092019680c70a6bd4e32d12d34129983952a2b00,0.7872163955479452,92.04033773384282,27.26571874349157,124.39073902340735,81.20916581294517,62.94764542801793,39.85249954373014
834.png,True,1396,1393,3,uint8,f21eed6ed33066aa85a9a63ad4277b13d8dc39ec6ddb6e3afaf05503e9412de3,0.7817201259784736,92.9825496398938,15.174657889844646,135.57156407836771,80.69740322604304,44.44282061186272,32.14326531431493
835.png,True,1389,1390,3,uint8,086af8c44a39ce6a0567ae0439571488042f6e1b2bdfc27e212932de15b5574f,0.786285400390625,91.23240345429846,16.039612051145603,132.77834756452552,78.58352901222588,47.328202018241804,32.32941546726748
836.png,True,1395,1392,3,uint8,111cd95cca1538459de5c9c3e1ffb7cd48e6d13257b6bc5353caecaeea6fa7e3,0.7829088184931506,112.51001786812736,25.338182875751887,153.25040764716795,101.48277629690384,62.39675053946122,30.283179823264604
837.png,True,1389,1393,3,uint8,ef4fb5f5c53833e2aba939e6b3d9fa61380687db804238858fb2a22fbfab6a97,0.7855843321917808,126.49300845602187,20.90723080483837,199.92908229295395,105.55165082176185,41.70412681113587,16.832207823573444
838.png,True,1388,1391,3,uint8,723cb7b42a10ad40941c6fd0b3fc9caa65b268df5ac3a3f665a78122abe54c32,0.7873616377201565,105.14746188088291,12.757592886031889,125.16153476473187,100.34386089252861,77.37065713911232,23.2572084487482
839.png,True,1389,1390,3,uint8,1eff8ab7cbfb56f0fdb620be504b475d1a9b4d2084b7a1552fe51bd24f3a44a0,0.78680419921875,104.16423764641998,15.638563378449154,130.27373264292916,97.45336378093243,70.22138992320224,32.33313891557601
84.png,True,1390,1390,3,uint8,1e3f8b853716188d7d5d3c2765b2ba9338c1310a9027863f063b10504e88df62,0.7867774963378906,126.4357402944984,21.380902917918778,158.8010463081033,117.82374217571964,85.8690563348186,31.657162257004444
840.png,True,1387,1390,3,uint8,b5ef8789845c8e911bd7aadbadb8f502625352e94e34da6a1024312a45bf72cd,0.7868724009295499,86.19801234753803,19.442919509514233,115.50400493512927,77.07354605553964,56.31044683321109,29.4562005715616
841.png,True,1389,1390,3,uint8,f2b2b568f89b8b853a313f2b512af6a2695ee63d962bed840a5449e8d2cb3d32,0.7858352661132812,86.90124367724586,21.495281352495866,119.82976378870109,76.8526130814264,52.25092474830341,32.209916799849246
842.png,True,1393,1392,3,uint8,cfe0eb0b95aecc05b77956f4f84f494250166c4566b395a3c70e549c16545cb2,0.784088134765625,136.79683668703538,30.756728233087575,212.86379072120812,110.63187930564746,71.99154438952243,32.58761424355621
843.png,True,1388,1391,3,uint8,009399a137cb28dc80518925e2a0186b61a0d53d948574191f8c78adc8ec572f,0.7858748165362035,91.46834784300374,35.24082926676086,135.1207723359759,75.68712611254317,58.247468508341036,27.625934441360084
844.png,True,1388,1390,3,uint8,7f7442e08ff4665f997170514b59fafdeaf65d8b1cc5c646d3c38fbacc09532e,0.7873348825831703,108.10766922987301,16.590580580421218,149.08432366305487,101.23361586857742,35.978324400947606,17.799810819441134
845.png,True,1389,1389,3,uint8,2d55ada02d488c28d093f3fe46819937750b9b9a4427fd3ed633787a93a1eabc,0.7884368896484375,134.42467244682703,12.91875931388019,137.49350699618742,149.30330843219602,49.769198389812466,18.857533966444418
846.png,True,1391,1392,3,uint8,980a62fdfc3ea46182193d1d86bea0d1aa5e452adc973c85818037ba867cbe18,0.7869949340820312,140.5427568757089,13.312939473256414,148.26995337023644,151.47082489118105,63.98911325894545,16.734559444183063
847.png,True,1388,1389,3,uint8,d28beea56fe4a0804a7062305ee0bb6230f7dca3005830412a69e71e561aa80c,0.7866477966308594,95.70516693741968,29.798334984724136,122.64444390563247,87.92979657153941,65.05528695778678,28.222137153968674
848.png,True,1389,1389,3,uint8,a58edeb31a3a8c6a5bb8bdf0b50b293eba3c236ef15f9770ca51f4f879f6b0b6,0.7863922119140625,98.14384810912549,24.85639316938207,127.39724857869103,89.57802161553835,65.50499641034597,33.852985484948334
849.png,True,1393,1391,3,uint8,84832274d5d5906d64d927a656d0a84175b475328d9631ac7bb9d8dc6433bf70,0.7857219300391389,157.86201293963126,11.197779268194695,168.71113975774676,160.7872014398988,114.32073259716884,9.633827339042103
85.png,True,1390,1391,3,uint8,bc942ae6e095c9381d8f8b108e99734947d2aaaa830945238f9822123ced88c3,0.7865867614746094,116.31177648776182,14.773588508562524,185.15421510288604,97.60782060048788,32.04125626215452,21.39919025189085
850.png,True,1388,1390,3,uint8,2d7412126814dd68408eb3c556bafa8f2256b1c2f92cf41b7fe713f98cf951fd,0.7865704500978473,93.2912601072928,17.398571375887393,133.03206635826464,79.53715401959259,59.83382250038874,41.78903683248343
851.png,True,1387,1390,3,uint8,5ec21c285e40a18edb8d982c2514ae304bd13a0529141cdd1100ac64d38ea6d8,0.7872507950097848,114.78949847065107,25.073079601496428,148.05107539933,107.2675826576686,66.26379569840267,33.648512968801995
852.png,True,1389,1391,3,uint8,97539127314b67be9f14ea6ed6b37ec7f60d4d9ad0183d73be3341685dbef5dc,0.7864328522504892,106.18812574116915,15.373579448686668,138.08113979665234,99.78029316277532,55.43193394117304,21.3392995658719
853.png,True,1388,1390,3,uint8,86ae0d504770993c8c225784f9c8c0b7cca4881931ab633d54484e71871a8830,0.7873616377201565,106.01418453487638,21.19730014388424,138.55747357996884,99.58245913815115,53.74080456701246,25.0558375989391
854.png,True,1389,1390,3,uint8,55c9dcf6ac757dc4d3b6c0fa24b1205349b2870399b608f9c5b344a06fda2baa,0.7866935729980469,107.37970294869245,15.433430341737596,137.2184001124974,100.00289001925063,67.03987838643825,25.6538301994634
855.png,True,1389,1390,3,uint8,887112ba5ce752e2b21caa3dc57e7883484dd7516de748703a98ec4349650bbf,0.7863121032714844,97.2139554740524,14.043138202767786,133.6045932847225,86.83344734071713,55.17648828149636,25.860549990951554
856.png,True,1406,1392,3,uint8,f74e9c754f55245250e408d75063a98b87cf3de3d62023a2ec740b17e9250fbd,0.7765655818540433,118.6192058893563,26.991746456065886,167.46936760854035,101.89381101674736,76.56174597190252,23.158884634922078
857.png,True,1388,1390,3,uint8,254c471e5b3d7a075339823324851e3afbd955cab1d95615cb3586857f0c21cc,0.7876979880136986,134.19053118343223,28.038464311549628,168.1102155885621,122.53906359935367,105.21873286524622,25.04671719995705
858.png,True,1399,1392,3,uint8,487d5f25bcf4e9859f04d5eddce95cfae6f72cbcaad06669eebdb8912ad04cbc,0.7824049914047151,115.75186977994223,18.639347375787363,178.9792497339395,101.14641909554146,25.11176011888122,17.91750333835905
859.png,True,1394,1399,3,uint8,c614b0a0bb66842649751ab6c0b40ccbeca19964201ad47fa67be952f6c385c1,0.7911151960784314,122.73322651227636,26.639833057074,183.42063453644178,102.6040053055534,67.17135097978468,35.23759725490922
86.png,True,1391,1392,3,uint8,63411115c9e61eaaeea38690c0b98e7a4eace2e80a6cdfa726bfca8f81b818b4,0.7860946655273438,132.11636337166982,16.906949162649234,196.95894598922698,118.48468481583927,32.21802785461251,53.566455470000484
860.png,True,1389,1391,3,uint8,2e8a4c830dd7e6d7d1bb0c4a3a444af2223f57c4e251037ce5976887a71d2a49,0.7864213857632094,116.99947995897995,18.165929540484004,177.9157533547506,95.82918839579496,66.18686483307656,40.24019357389491
861.png,True,1387,1390,3,uint8,7597c188cb6bd83314384f8189c97540eb5b15f5c6dd2886722982790f13d183,0.6988671110567515,63.37318289708279,27.360666414814386,83.16343808450827,57.04899204795292,44.01647834789932,21.605302482288092
862.png,True,1387,1391,3,uint8,21bdff1a2ed57730d159474e0866393a05a921a331f2c702643e733bd521aaa8,0.773854115704501,52.69753784604747,19.892962260810233,73.70170152865927,45.40899414713654,35.14176277381276,17.13337358059627
863.png,True,1388,1390,3,uint8,96d24186deb135d2a902d3951d9843f6a1bf2c8d8b0a15a105f71a235d59f0e3,0.7869029782289628,91.54164339247811,23.529281240856854,126.4612563690323,80.21208088246009,58.2770462261814,38.66640407611121
864.png,True,1388,1389,3,uint8,a2a78ec074cb7c0c7b46934f9ba185c15c7f35adcec1029d4924eefcb0ed479e,0.7869720458984375,89.33250605913717,23.99373033860399,116.58939893359185,80.70245273873,62.26112942317014,33.70052480197656
865.png,True,1387,1389,3,uint8,9ab460a90d91d89a17ca78236fb5d89be520cdc18ccfc15b4f8defe301337dee,0.787545101516634,93.05487582930108,22.596229903719784,127.45547860439608,81.89764471212878,60.27120996665809,39.067285864695144
866.png,True,1387,1389,3,uint8,698da24357f98eefd2766c922d002a5dc22b572f3c7f003177804a4dc2483806,0.7290163282778865,67.93635639162393,24.41677305141892,111.3319911499785,54.184891000031456,24.885290509295668,18.384756690614964
867.png,True,1390,1392,3,uint8,97981a18e98f4bf46d0635c85607dc0288621d9d259f902fc5213656527fe4b1,0.7856110873287672,103.37130791423608,16.687895467668127,146.25122481645997,90.4847500012163,57.18528176860091,23.912154517451178
868.png,True,1389,1392,3,uint8,20be2656ba5103d51792767ab40fa69bad68e1d8c53f77d0687b269e92b885d8,0.7858977495107632,105.26404559956424,17.923038652778892,143.28448175239282,94.89781923585713,58.86766107695899,36.03045182324129
869.png,True,1387,1389,3,uint8,66c4930045087bda7d4801fd22b89c2aa7ec02d18b50305e2f470a46807c5f0f,0.7870979085127201,88.67283542951489,28.448761484763455,107.38821929781965,82.23912008935075,72.70372942261933,66.60463797282758
87.png,True,1390,1391,3,uint8,aab4a6bee0360bf5cd2aa6c063d1633a24ce0c0375a3779039e6283c9b1f6807,0.7866363525390625,126.4567580936124,19.74939193530897,154.92485403371288,120.46973987934747,82.57617888386709,37.29807592230263
870.png,True,1387,1390,3,uint8,6a0f511318e2b3512e9e02a072e6d024c3fd5f031bd6ae3f2d609964089262fd,0.7868036020058709,92.32334238510005,27.107199689195962,113.64484365056619,84.95773683162257,74.32511549503772,84.13209222725094
871.png,True,1389,1391,3,uint8,d8884ce3c4e86822ceafe821cb2890656e944f0c737f3c86c0ab92af0d63e1be,0.7856951749021527,84.9575993734281,30.596761611746953,137.64863326571415,67.02878436294469,39.043052494855594,45.55574119564037
872.png,True,1389,1391,3,uint8,77d902959235e647492ef6726796474d26c04ce0a43b228c77877006bfb11196,0.7860965019569471,106.08874496761771,18.131530765341473,162.27736449034367,87.28773071163234,55.441225664663435,50.73409049733867
873.png,True,1388,1389,3,uint8,1d6d806cf88263bc436abfe6b30e97e445e80694251f3cc8d654737a80dbfa15,0.7875633239746094,104.54654525199196,22.58655810381094,116.50100506163571,101.34451091036787,89.64118573054661,16.732391222084058
874.png,True,1387,1389,3,uint8,c19b3d92ff4a47ce3f3d79d803680e962c8b1a3eb65b5e80126711ae28a1ec8e,0.787308127446184,80.97670218705245,25.000024486605543,96.47860281088428,75.91131393062602,66.36243415782702,16.732235687096335
875.png,True,1389,1390,3,uint8,54e2338538733021f6f192b25411e60db2fb73b7876d8446bac1bc876c9dba8c,0.786865234375,98.54993891560657,16.844719873839797,117.08262876202296,94.71204041265901,69.68492088116662,18.610105842649883
876.png,True,1405,1391,3,uint8,8ed874db11a250a3efec5e026b38727b9fa264cbddb110f8c606cb271b97cb93,0.7955998828895463,129.51911390872775,28.398857650178577,171.5250938143082,122.70315942379857,54.41137876770367,31.3310775517559
877.png,True,1389,1391,3,uint8,1a1aac80b888f7b53bee529d9a73c3d8031607ac7a9db40df1414282a8a2dfda,0.7865398727984344,113.56892178206274,14.138112077931718,164.21878280138398,100.39054542627221,48.535668467908096,16.08037994397205
878.png,True,1391,1392,3,uint8,eec631bca250b533de695732dfe5db71edadb2d62946f67662fd65a4ac02f5a0,0.7857208251953125,121.33648262870682,12.809369290404655,177.0284504689958,106.29952614918533,52.65023886741887,25.594727383093733
879.png,True,1391,1392,3,uint8,6ddd401c0f0d82707514a5a67adc4e160c16e177f32132b0ff4d9a810641f019,0.7857322692871094,100.45378322611967,15.291790068452224,136.85235101347251,92.51125622041509,45.870479427114944,27.583303537380747
88.png,True,1390,1391,3,uint8,8fa6326dad93b5c466000f49039222d92518b1b71bf9d0d1ec57d55137dcad29,0.786407470703125,121.73978423687376,20.126408289914725,154.13630234002096,113.96982323722303,76.72865652528232,35.554149319886726
880.png,True,1388,1391,3,uint8,504fe752c1b82af52db628c7b4f988b6aafdb4cbe7cbf9aa8712737139782c2c,0.7862035225048923,83.90321153546982,17.01070775693071,93.4809621966397,80.65115510267579,75.5406425015557,19.852133917558003
881.png,True,1385,1405,3,uint8,c23a2a28a9c454732bcaed9c791ec1af0dc693411e780ddf9889dccbdb76e2ef,0.4590307858910891,39.87762770985871,16.454106672885835,44.89550666880113,37.96860650281834,36.52978843512769,18.26705308948834
882.png,True,1390,1392,3,uint8,1eefc58186595d4d78a18c80be0cdc7ad1b4e9cae9ef27ddf0b66eb49bcfac86,0.7855499327299413,107.7720569273811,20.120679739586077,169.34453716092932,88.24031139764018,46.81691764992093,45.004986885790935
883.png,True,1393,1391,3,uint8,ffe54cada61aedff56a5ce32bd5f8f13174ab81aacde592112b7891a768f7646,0.7842351088551859,108.13919417489923,18.807350397626998,170.5444071332141,88.43961672864447,45.84077960434933,42.075136833006304
884.png,True,1389,1391,3,uint8,808d4e8024a91e8ae383b66da904718620b6da10a584e4729809dd917f3a9183,0.7864634295499021,120.24620924943139,26.929302804788406,161.1348195019537,108.36289632783189,74.15405513112108,32.27002287459095
885.png,True,1391,1391,3,uint8,29ba409100ccae6be22ab057a43ea84457042fc02c4d483f98f5a282e2304648,0.7862815856933594,111.0519069081453,25.453451722135764,156.26638980394821,95.67002556775455,71.62549789199443,54.50184926074687
886.png,True,1388,1391,3,uint8,348d54e6490babdd9a4596a4f9a313cc78b015d1de743937eb52be069bd79c23,0.7871934625733855,105.44400961375058,16.183841778402414,134.27136510402758,99.6327401616858,59.741929062173774,26.10656443416403
887.png,True,1490,1418,3,uint8,754ce0230b2e0cbd322a57d17ff8b30804afa95eca4654a9b85fd65cda28f8ab,0.6579985882956879,30.04156813028744,6.679453697554945,29.148219031133433,30.76932735207353,28.737486895677403,9.51149073795849
888.png,True,1390,1393,3,uint8,f1bcb2ecd42e52e82749530312a0dd1710cef3c2419371a0b7b2a5bb684ad638,0.7858021954500979,115.12090023395966,13.450974040444585,162.71943810769926,105.69196608800969,38.74479914004018,15.94248880892344
889.png,True,1389,1391,3,uint8,02a7ea472843636f7d32fbfc134dc8e9d3c45ed558d1c1f8f54eed750786ef44,0.7867959576810176,113.96367761147626,12.896715146135124,169.52059499346615,102.21095355378405,28.66176992096225,15.082365519991384
89.png,True,1389,1391,3,uint8,7a31b182e1ca31c2a005efbea3b1d4c96821920fbd85683a4c069bd0b36281f7,0.787793542074364,143.59194030430058,24.931387149995366,184.8141447368421,132.06812800807327,94.78797449930136,63.219150539397425
890.png,True,1389,1391,3,uint8,84970e5cac25c6771f48d1e5278593b994fb50e1ff6e1a0233d3c5a5149c98d6,0.7866583598336595,122.8211986492724,13.163047402649186,186.84630857809196,106.06666180793431,41.13134611179943,20.24409826584968
891.png,True,1389,1391,3,uint8,2ee44c95dcaecb19dac3cfc28eaefd6233a092bf5ac9a5e81394a31e35a04b92,0.7865972052348337,103.67653875869173,12.106264269633142,142.64034324753766,95.94328932599284,41.252756330205685,18.542549070002735
892.png,True,1388,1391,3,uint8,c754e8d4b3b6e61bce473ddcceceaab80660fb0496b1e0439f8355fdd3593473,0.786524584148728,114.76968607250461,27.4711811021027,149.10252697055108,104.05206531246962,79.86427738361357,34.832442954370315
893.png,True,1390,1392,3,uint8,a8ca1b432282dd46496856256cf68a252996ae78f185bc7b127bb9b5cc0cfb75,0.7851715386497065,100.86727580734669,23.160573804620462,138.4194259733432,88.07348144830742,68.23362183949452,51.423298450936635
894.png,True,1390,1392,3,uint8,359acd6d255a512a43eb99ad19b9dd3ea85ff71bc6d43729b4733332aba03557,0.7858709943737769,102.8221478631772,18.97720718330942,161.63476306970998,84.19069204169078,44.44028228336308,29.03833116899082
895.png,True,1389,1391,3,uint8,9f75ab48faf57e03c22f267592c8bff6555321eabd28c7b60cd831222ca74633,0.7855843321917808,79.82550818842624,19.168947767529108,115.02717798515087,67.3589430459194,51.676827191608204,42.33200302672261
896.png,True,1389,1391,3,uint8,c3cc8480d5e7cf451388bf6399a2d03e88196feb6dfe577d3f2e5d83d6e255d4,0.7858557057240705,79.67188054765205,18.911313200506797,119.62191580944044,65.05105906957516,50.17454342063666,41.99692790781775
897.png,True,1390,1391,3,uint8,a1ceaeffb4a346b2cf32b3a9ec6872bda50bb20ad00f602fac0fe2f475374a84,0.78668212890625,104.2471923733416,18.79590868636543,161.42602218946388,86.24416653735743,46.89719431298006,18.789461545969427
898.png,True,1389,1391,3,uint8,23f83276f46d187ee8bdcc33745f980b42f83a36e3597b805374c57829328cec,0.7875603901663405,114.86431514527956,19.389419231320442,138.779899151181,111.02444055112569,71.88263099912157,23.002963598647312
899.png,True,1389,1391,3,uint8,836291e737e6732f22e8e2a9523952116b6fe574179f3a0397d18cb1af8c8362,0.7858557057240705,70.01999951363051,19.4380221511403,85.10740983925488,66.72761362807324,47.36938790399066,19.893360750515402
9.png,True,1388,1391,3,uint8,727d8553213944170e033f0f9bd3264d8e20c75e878d1107b209c3d36a86f265,0.787457191780822,136.48492408651418,17.655189044062766,170.82993728885955,126.36767075680503,98.47927911311304,28.247728728644887
90.png,True,1390,1392,3,uint8,3e4ea134738290b93ad4865d83a04ef45f003b0f2ec7682d05ec7f3a43f9526f,0.7857639738258317,125.21292823753168,21.378683744464706,169.95737932980188,110.32339078027638,84.48136744154372,63.74051651997292
900.png,True,1387,1391,3,uint8,3be798351f3a23cfff6ab6f2ee33fc87d718ae1bce6b542eb31035dd22c50508,0.7864022749510763,82.21949180550965,21.07366215653809,113.2553123238136,72.49512510449676,50.8789052627486,37.44287201453564
901.png,True,1387,1391,3,uint8,e1e976143efbfa1602be9e02b3a42f16c62ca60dd912b02d5c019f49c3afd6eb,0.7861423679060665,76.42316219369896,22.636280058992174,106.92349280435629,66.94290159471024,45.21786269933878,37.14201978241956
902.png,True,1390,1391,3,uint8,d0a44b38242c4fec9daf6a5a39c5b78302b98aa99e2a3b9547624b225e566f90,0.7866287231445312,107.94138499587798,19.548472804893535,152.92985791183744,98.12515881867999,40.43963435332913,38.00540324448252
903.png,True,1391,1392,3,uint8,94b3acdda50441cc4e7afcd9f6c6a254188492e7595a573526dcd973e88144e7,0.78607177734375,121.1747563863654,19.26755064054118,142.62732452053731,120.0244438621011,70.78431458187748,21.33388958735918
904.png,True,1390,1393,3,uint8,298b6bc7db2e69cec1391ac3c54ff51d0564905b45b0f93417fd4d0ea837ea13,0.7856493089530333,104.82089603066879,18.858546747233213,151.76043901513492,92.77414850815613,43.66942997115071,29.014294370417076
905.png,True,1390,1391,3,uint8,971e22d207ddaa17d90200ba61e5105470e892db78f7dff01ab2c9b07f91751c,0.7861671447753906,103.403568361242,16.016663400175425,150.26635094546532,91.24422943485581,43.036445419212086,25.32278637047485
906.png,True,1388,1391,3,uint8,55ee6d05fe7a6b38edaafc22178ec038d71086dd473b06966d92013e9c59f763,0.78686093444227,97.84640643519148,16.79377101203985,135.85397924883907,87.65375871917928,50.58743952435541,29.87611032372883
907.png,True,1389,1393,3,uint8,00517e99d02a117795fd959a4c169008297a4d7869f1f113acba855a9731a308,0.7854926002935421,94.82590628193276,15.897872947031749,133.32366794803173,84.17513016398229,48.64448931925454,30.788932610024034
908.png,True,1391,1392,3,uint8,3407e933af8d45e9fa9e6da2c067fdb9e316a86bcf61de2d88f5142760f5d27b,0.7851181030273438,109.38766556210948,22.238192049986306,159.57852721389216,92.3147210588201,65.60038675697474,44.06365618225701
909.png,True,1388,1391,3,uint8,c442345f5a33b062932329709806959182efd102bbbb66ec2ec77b3ccc761379,0.7866468933463796,100.53887528423999,21.648816438247433,147.14630342254097,86.60992070433211,49.91671039589529,41.71741872363861
91.png,True,1388,1391,3,uint8,8e59d901b7d1c697d0a654a88c06bb1f447e4f4c3feb990b6c55b75e7abed306,0.7861232570939335,76.01030752400632,19.315318590753368,111.87511365017625,65.61650176248936,35.40977756168713,24.541797185034792
910.png,True,1389,1391,3,uint8,c35f84120f35e0d68ef80b0fc796e79ce9ecf65442a283ab13fd0e2e42257c55,0.7861003241193738,100.72274868842655,20.574217813453707,145.17354584307796,87.66046414384277,51.329991393938805,35.99732809000111
911.png,True,1389,1391,3,uint8,5a3c7de134bdb166211c794710c1f38ca3b54816d9ffc3170158ccdce5d275a2,0.7863487646771037,112.57261804077109,28.50554512311686,173.33665801471804,91.32473485179892,62.54351249671907,21.21783690331519
912.png,True,1389,1389,3,uint8,182c1b4bc1cee8f3022b5c928f103ca4f08a9b67cb855a9b720435902391ada8,0.7876548767089844,94.43418459020046,29.76967111688719,149.91062045050586,74.69362501755626,50.53013139350733,19.409258989317003
913.png,True,1399,1391,3,uint8,25be40368091d0a9c9858b537accbf7d47e3891c2873e39a69969e3ea90c103b,0.7809545370825147,93.11876298993234,18.834537172157464,133.56343017742466,83.43830918372862,36.86832446455683,20.87065897165177
914.png,True,1390,1391,3,uint8,3ffe883183573f69d4270fba4555d91c311c81af69e66ddf8b4f4e12a7a82d75,0.7858428955078125,91.18804489233219,19.03544549174071,135.4691607929943,79.8107318304499,33.57459078464496,22.245520363607366
915.png,True,1389,1391,3,uint8,737d9a251d376b7a9875e56fbfea2b17108d59c53ff95bb99211c364facf10b9,0.7867883133561644,103.92817550728932,15.812127366809552,147.71313924284306,90.81879435897187,56.52145504714621,24.91649431820324
916.png,True,1390,1391,3,uint8,0ee0550ab83a5b73acf171855e5034bd357ea1244397524a3a24670c6bb751c0,0.7871589660644531,133.59563167255476,17.27517600503176,161.27360927360928,129.74946328792484,80.77538054461131,21.194837022211548
917.png,True,1388,1391,3,uint8,97e48e66a5773a6fc49ab5aa17370fc45bdea5a18d6b65a8cd4971bd3a6d7e45,0.7869641328277887,95.15145098229681,14.834686693822146,144.01162728575244,84.05619369095898,24.101814031423785,22.251971215115383
918.png,True,1391,1394,3,uint8,cebbea1e482245290224625387cd9e973df0030833020292de9f4f12bf3e5113,0.785591976516634,135.44042406196482,21.51149047340764,196.44629651253308,121.56806106959365,46.84190117546318,38.68777800585708
919.png,True,1397,1392,3,uint8,dba0cfa832325fab0025e20889d4b7c47a43a258393ac2e69d2b1feeb78422e7,0.7829656862745098,118.7401931053373,11.094493314976923,103.74457563781499,141.39357685083738,41.412011856315544,13.778769681165207
92.png,True,1389,1391,3,uint8,8684e19b60552b05e14d1e43587980c0932d36c98cdfbb7026b0f5147a57e154,0.7863143652152642,109.99424960505529,20.238641896684964,152.6250528618301,100.0127889172439,49.55757929274517,39.5065207722522
920.png,True,1389,1394,3,uint8,12580bc92b1518917d5b6d5393b2694419aaa17cd36ae6692521eb97acdab05c,0.7842294730392156,74.17932102081278,12.160591591453857,63.152745900438525,86.80328453251815,38.17915987068923,17.620686652913722
921.png,True,1406,1392,3,uint8,f59fe9ed43897ef4f72397004285a396c686b00c9937dc74dcc613b49988d801,0.7809225530078896,171.99713884024368,22.853427149537794,239.51213773031103,154.39528895247022,85.53215598253706,16.765255411243295
922.png,True,1392,1394,3,uint8,9a162a2757616db1e723121659dc520cc492337452d94117f95a2b0b25aec664,0.7848046110567515,119.9166853358009,29.404655231142495,175.18913456387278,102.59560707154337,64.08595918764915,21.03229913007547
923.png,True,1397,1392,3,uint8,cfb4e04a2ddb68be641222ffc643851d29dbe317d4556529f38de68701b5af0c,0.7831073835784313,145.12156392889455,16.570863914989157,173.15684769053965,141.9892363743062,87.72070812040003,15.582439556168227
924.png,True,1389,1393,3,uint8,327a9d909d7091325f2a4d3489885e1df5c4597866939f1db687c362f59ddf53,0.7852174045988258,94.73074114818095,20.834329939086416,135.38545936000156,84.73463039943924,39.5172850202981,17.221002159400147
925.png,True,1395,1391,3,uint8,ff7e19d060821a1c83324cbea00aa7ff914f1df295dd979957e1ea256a11f70c,0.7829279293052838,99.71604528434527,17.716690991686388,145.4272575046744,89.19271720717246,33.968980516405566,18.631331940535883
926.png,True,1388,1391,3,uint8,e26894c6345c357c9f6ef039de901346a68b2a3f8fcd7e6e5b2d509bead30b11,0.7860085922211351,81.90687835833597,20.725836630201336,122.41115028325513,69.1456393299132,41.32627100099686,31.399234416400027
927.png,True,1393,1391,3,uint8,5a2497281ab78908f0a95d6a14ae4d8a41acd77a06ddeee33d50845f7a8aec2b,0.7838299596379648,91.04041935877117,15.890688087197605,123.49357064488602,81.97827136413507,52.5269438010484,16.97708554058543
928.png,True,1389,1391,3,uint8,cf7f28571bf66760c17703483784254ea5678b8839d75ed24882b62ebad34981,0.7857677959882583,86.89836172427547,23.960014594441358,111.7839791421428,78.74478310357911,63.61845881448765,54.50276098524738
929.png,True,1389,1390,3,uint8,6dee0b5005a4f51d7ec6130983f55b5a88b12d3ad0acb89eb6b0c0b138184903,0.7867088317871094,105.87263796422458,30.594394180983965,122.96008844451126,102.86220791248648,76.53115196066547,23.493077333767644
93.png,True,1389,1391,3,uint8,41c2a4436d239c75d2ba8a91e994b9f66a62577dedca9c83a80a14b20ccc20ed,0.786325831702544,115.92734095504744,22.68788192530522,155.0011763104682,102.4315066495567,82.90948728418105,74.77244388480318
930.png,True,1389,1391,3,uint8,8cd01bd78159e5d9d3fd27cffe631360888eea7f24e43b494cbb34cd4502115c,0.7865857387475538,96.48062158642539,22.728746744685836,130.08832533188206,86.93286555618185,57.464800093296276,49.59558424329946
931.png,True,1389,1391,3,uint8,ef88b592b83413a28f418e06809647c15d068765d89d3fb61c98b399c7c0763d,0.7860506360078278,99.39898665733068,21.982714968918017,134.60684832924883,89.16343797409266,59.72189967713074,35.681533338312796
932.png,True,1408,1393,3,uint8,aabc9dcca1386d42eebb048eac648ebf004d0066cf19581df7951adfc32c0f56,0.7795588325936884,157.72445777595485,17.625622922566734,202.06474567727972,143.05738754008925,116.93226461620569,13.081041643716455
933.png,True,1420,1396,3,uint8,6c99f1f89d2ad34166160822ca54e0888138ed4a1fe2dd2ea182f48bbaba9d8e,0.7710960797713717,184.74095727270438,24.172658675021708,248.75826472291462,167.6548379786993,104.8108568119445,10.912489724202048
934.png,True,1389,1391,3,uint8,47ccbb8c82ea818d60637bcbf20029208f824f99972e358d482a62313010516e,0.7860429916829745,82.06067472550984,15.678938593259454,132.72410942651248,68.0920721211355,21.0362647942661,24.88522973088142
935.png,True,1388,1391,3,uint8,41db520b9995e5fd1feaeed12e26849e1cb22471f214733ddd66e9f25c8fec3a,0.7868227128180039,104.9730542412731,22.71403218860107,126.73950004371946,100.4406144041038,71.19186040863119,35.22214398775376
936.png,True,1388,1391,3,uint8,7c098f55bccc0e4bee09dc65205e039e36058ea226606c43f6770e2575722ffc,0.7864825403620352,91.56356399652037,22.789841558682323,116.95163022612735,84.57758943281058,60.906783820692134,53.10189268066613
937.png,True,1226,1388,3,uint8,fa73bfd514ddbd60c01d102072794ac306ebd0b44872bbe7c8de941797068d65,0.7147357231747787,41.684245527698344,15.071401352462967,52.40601062832891,38.79319496756486,28.48858875380123,14.89331627743429
938.png,True,1388,1391,3,uint8,3e9bd5e2e9db550bc23625974ac9b3c0f3023070bb5e36602699d15cbfa0274b,0.7864213857632094,77.08298299417262,15.286550305116167,108.10149062225095,68.82041088100782,38.21115123473291,20.533533330260727
939.png,True,1389,1391,3,uint8,98ed8192b362468b073a2bb0646a91253aa5c555193339a0760c670ab447fdc0,0.7859818370841487,75.21728474309224,12.66111147868504,96.00930761824176,70.36548692362307,45.615022515293866,19.026499713454452
94.png,True,1388,1391,3,uint8,99fe3924ef95ba190891bc5ba9a057312a9a56c2278ae3b176b550fa38af3baf,0.7862799657534246,110.78888370374692,22.561064889954597,138.53524762293648,102.37111843512415,81.35196095588093,46.68140135430383
940.png,True,1390,1394,3,uint8,dcf89ba8b68869b83f63377e7e9851d675d5022bd1d278e630002fcc8affb573,0.7852976700097848,111.80539669715125,18.56312153159863,168.72093702393178,93.77378941784005,55.323431925590995,41.27631705636419
941.png,True,1390,1391,3,uint8,dfcced6f17784487b68b2c1d1dc221b772218c538c18a7ce13fbb69e25e65db5,0.7859458923339844,93.0312914076037,14.554091740265502,128.542335862079,84.61889230261465,43.14779814688081,25.14996929309982
942.png,True,1389,1391,3,uint8,4f42c23c8497d18e87f2b26fcdd12d7a5d0a3ff62fcae051fe69375f42d86fca,0.78637551981409,101.73646477853224,20.47253504910034,155.91280299016725,83.38597071074798,54.07019019057942,32.64799527360133
943.png,True,1389,1391,3,uint8,50b5067b910e23f1bf3ce114da36b3f65c8232091c4ad0ee0fa49224988ede3a,0.7866774706457925,102.69317850549024,22.01788217497099,145.75874064716743,90.17753376736955,54.12774754639977,29.19125533514202
944.png,True,1388,1391,3,uint8,f11851b27f47adeb3b2e88343bba00f2e934150f105bcb41700aba43a9507116,0.7862952544031311,89.00425821504959,20.326180602309808,120.13877114524597,79.39875072914641,56.78548512541318,53.12245240184353
945.png,True,1388,1390,3,uint8,d456a8e0fda1c2e239a9f9cd69afd08428ae234abdaa83bfaea2085acd7fb548,0.7869373776908023,90.37087639881878,19.584247686993947,121.85634422598694,80.4060751476531,59.09951041342866,45.04816300443994
946.png,True,1387,1389,3,uint8,a5c020a0f57af68fde2dcc9d3c77bc7786a73f5b11e4fac1b383b0590e782cf4,0.788110781555773,94.6305536021727,27.012558661320796,115.61751739857901,88.14559033924198,72.94577948058877,36.2345104521906
947.png,True,1388,1390,3,uint8,0fe999b4d45050ac097f335ab2be6a7e3ce4ac6be42291956eaf88bb0270821c,0.7868188906555773,86.40309535259914,25.366787964774748,110.14814167116008,78.88105335256999,62.84762237864148,36.666966597474364
948.png,True,1391,1393,3,uint8,9e0e09cae9125a61a38ef3392bef715b498ccf96c35d4549f62438b34d83167a,0.7853855797455969,109.61979151458522,15.633467924801584,194.33024790492598,83.850473520795,20.17994763531599,14.66880109101874
949.png,True,1390,1391,3,uint8,a64266f7930fc39ddf056f85ab24bf082d44de2e7540326564a75fc6dce43582,0.7859230041503906,85.45823079723334,12.801802749886898,135.66087125348866,72.50940419851959,20.405222667152046,27.506045694099125
95.png,True,1388,1391,3,uint8,2b5e04a552050d70b2ea080839985ea9fa92120e27d9ac3b5ab0e716d3f13117,0.7865780944227005,106.85018027736474,26.589050062122908,134.25996870657065,98.18122005500646,79.57398174873903,45.91626999927063
950.png,True,1389,1391,3,uint8,056e75f71005fc1382b39134cd99d56a2c6b74d5321c6e9920590e71a4b5d14b,0.7859971257338552,84.96474455607317,13.185313171575642,139.14857373493743,70.54300191595102,17.03812937045934,31.29080164107048
951.png,True,1391,1394,3,uint8,3945eba363f089a0d8329d254d55f8c9376aff97216ff0cc752191c6d76239cb,0.7849613197162426,115.40780343865492,18.734994002239702,161.61898223215547,103.52739189077329,55.33872357830463,22.506903072668454
952.png,True,1390,1391,3,uint8,4246249602b0b959f63466e2c8b2f311c8d002cec4591228ebaa157e6f02490b,0.7866706848144531,110.39617206783015,17.151782939647656,155.98606834415506,97.98119493165099,54.65407499721173,25.02143870716965
953.png,True,1390,1392,3,uint8,bfd5cd7076cef719d16e47397ffc899027b869d3b6805cd044d03c3f168215e9,0.7855613992172211,108.64353275466117,16.71496042551912,153.13773792378655,95.40776439219961,60.015968627145696,33.41117407511026
954.png,True,1391,1392,3,uint8,60793383b04fb8e7ae3c58d27ecc5148b5018ae13999004ef6918ad4793cbd20,0.7853622436523438,107.09339997474233,18.691305222360047,149.3711081320005,94.24797209998154,62.28355628090422,33.19972924261828
955.png,True,1391,1391,3,uint8,923c915b66c7d53d7883800c7e2f3681a1c332e4804bd6e75c54972eb3039243,0.7885208129882812,150.14441767534566,23.079950096639323,166.44630054279992,144.10879703540294,138.4500401536482,18.242734821000386
956.png,True,1390,1392,3,uint8,ef481b9629782a80ba8528704577a8a1c5cdcd1393bc007600ca7ed3d34c7e4e,0.7857257522015656,92.9868609872015,15.855678165319599,135.38511755062729,81.62666426684697,40.22363562953919,27.595296965944964
957.png,True,1389,1391,3,uint8,74f91408db2682e656c59bdb798a624c7ea0db34b29b9db2283b8c40259ac7db,0.7864596073874756,93.28311212414282,14.465272850956717,136.09234410462523,82.02467887812678,38.938526362854354,30.570850748149407
958.png,True,1390,1392,3,uint8,cff03d1f499beab202f195f27f8b319fbc9376ebad28bb10890d04b92ea0caf4,0.7862608549412916,119.70234455133658,17.288296883986824,158.94886515548512,109.07625260681247,71.45867746498729,31.012359456980192
959.png,True,1390,1391,3,uint8,e37eba75de6268112344c7be2fb6506d45b1dacc8be1b49c704eddee7b2ad627,0.78631591796875,116.51903671505085,18.884738821039274,158.36906194209422,104.8553229061554,66.76016358767367,27.58031943705488
96.png,True,1388,1391,3,uint8,3800e0fac6b0d4d0596aa79768da9b717d4d726daff4d51709119b8eec311f26,0.78784323018591,121.5159587628866,30.39049121608401,145.79969436021833,113.8386513038205,97.32556458459672,44.14322934982425
960.png,True,929,1389,3,uint8,855bedbef39d4eba9b5da4ba87c237bba3bcbbabf5010e7f30c4a372e6d3fa90,0.8185992324561403,56.329886982000836,22.69890101275593,94.34231198548905,44.286109948374495,18.61886423887261,20.238182188994962
961.png,True,944,1388,3,uint8,1377062d0dce192c3d311d4c7bd8c9e0c87a27f1eb160685320563ebbf1f01e6,0.7916217672413793,52.693416425613975,21.83768052015475,84.18879388576939,43.072166921898926,19.602326867449378,19.895103898724486
962.png,True,1389,1406,3,uint8,721e28db8bd9728625c452927efe187443e6f0763fd47f7ff1add724df182f85,0.6136247838438735,60.880853981493715,35.79511922566867,72.37070445924779,59.032087209777764,40.09161933158461,20.213668813894976
963.png,True,1392,1393,3,uint8,f18e0d37eeb294484d0f4d83add58c8b4106afe61bab59c690fbfa7b7b979d1b,0.7852706909179688,131.59582033868665,20.34404709580041,202.46549496244913,112.70632584258746,42.96427565167546,20.42278868594701
964.png,True,1388,1390,3,uint8,380834a6e8eb22db80a1ede8f61c6db90fe105096b97493a005e81973a254124,0.7874801247553816,103.52514682327816,27.355176649624266,137.5954521186235,92.90822695723924,68.81306120467893,24.216109950884896
965.png,True,1388,1391,3,uint8,316ccb883fdea67f80b2099c28add75783a5286ffed8a33f34aa03abaf2e9378,0.7863372981898239,89.01359056243346,24.54788336615346,124.67139614350778,78.00411216588653,52.145733992446445,55.45894037416488
966.png,True,1389,1391,3,uint8,cbcae3155fe908899b7b18770c69ad7d50f214c6f2c4068bc6745f2f94843008,0.7861691230430529,88.05004205418913,23.75547979295471,123.47967056741554,77.30492447262102,50.4344319281238,50.62370697096738
967.png,True,1389,1391,3,uint8,24c9a34eb9a42cac81f549f4f55e79a05ee6c5f4a4cd93d274f13f1a692427ea,0.7864213857632094,87.37423026638737,15.332649805312084,140.6374779468586,73.79461781845222,17.50279218286003,20.02091179003527
968.png,True,1392,1391,3,uint8,17c1a39fa2b114e98048099cdd521205068589954d0e22c0c9b0395e7bfb5c51,0.785247802734375,120.6046646068944,17.149211466777228,140.43878492868524,114.89482045004081,97.94901577863278,14.106366341110405
969.png,True,1388,1391,3,uint8,820b70bf7a408e835041f57da21603cffe8549cf93f4005a8fbd36822ebbce81,0.7862952544031311,86.48042971028582,16.25696028115923,122.77160703869338,76.03913571845227,45.01932724090997,33.389014098569284
97.png,True,1390,1391,3,uint8,ffebd3a6f2154822d5a3cd8f9e146366f4c2170c071ba29a989bb9f1226d93d5,0.785736083984375,114.53639744436245,22.094884917751465,151.82026546782149,102.772182195984,77.26210335184682,21.37650169345179
970.png,True,1388,1391,3,uint8,11859c95d0cba77db2f7cb73c17901cd168ba797673d4101e95a065dbb9635da,0.786226455479452,84.69657076742084,17.31124832114868,122.91869306083558,73.959835101263,39.695734606372326,23.741473700731493
971.png,True,1393,1392,3,uint8,af831f31c763b71e5e174fb0ea0ed59006e2ccb7dab8282e694c926f37664626,0.7847938537597656,115.88069742233715,16.11289574648843,147.15250645266346,114.93353878160104,38.67153877187951,14.817269738089648
972.png,True,1391,1391,3,uint8,ac55a1626f589c733b41e46f2aa27e2ee59ed555a4ae4871bf33a6984ac1cb96,0.7864303588867188,125.34628294803015,14.366297957868152,158.96978045964747,118.26516070198585,73.58252408346996,20.09637632151691
973.png,True,1389,1391,3,uint8,a30652308dc33d9d243107c949787af7b9908a4ff6e9e79bd436fc1afc54bdd7,0.7862532106164384,95.11520157115149,15.80097763095446,149.32181382438299,79.67165753564501,32.39670116523828,27.807940238156963
974.png,True,1388,1392,3,uint8,ab6591a355bf9ccaf22e310538bcea13da33e780f1e5ae53b573f90c899c626e,0.7861500122309197,87.63880650713237,18.814388420785352,133.5126360109295,74.3512995789617,35.661579525675556,20.53927130374001
975.png,True,1389,1391,3,uint8,e064d068dd9b491c80f823250af1d52ea6697874f1af60b3da68c613130a7cd0,0.7858633500489237,89.80265749706965,20.059659449974312,140.80609609595004,74.22123274013045,36.185737839664995,33.37903570710309
976.png,True,1391,1393,3,uint8,a22873c65793a8dc8b8f6dd29cf23a69cf5fa21549d23fc8dade11a6531b5b92,0.7845332375244618,104.57433291597445,14.614354047352608,156.86332876999305,93.88768336589382,22.40901982373489,20.736184834192354
977.png,True,1389,1391,3,uint8,c17a954444996445c80dfc9fb94a85e72bc02fb3e5541c7b1e1965650eb57a02,0.7863296538649707,94.23562064657875,14.906591113222708,138.17139051859485,82.71471207267814,38.25988071686539,18.211704591650665
978.png,True,1388,1391,3,uint8,7e36965f5f7d0fa2da10f6188bb929f442101f12ec63b6aa57884f260832751c,0.7862646771037182,89.15654896165513,18.999336375055226,135.2675001944466,75.60166640740452,37.939809053433926,28.537930634144804
979.png,True,1389,1391,3,uint8,7a0bde41776de6a32463abc0991383b3e8680721da8616e48e13bbd21b3a7ffb,0.7857983732876712,75.74651004426285,23.908942934995455,85.45829563694733,76.95838805389367,43.96689041295783,17.03064148572699
98.png,True,1388,1391,3,uint8,0f9e10e4aa433a6bda80f03a4969472dae4931397bcbc87b86d0a9b16ec4ddb2,0.7871934625733855,117.39013862251463,13.851613588577695,156.7987133111602,111.44747153504406,44.582418489475856,20.340024701672892
980.png,True,1390,1393,3,uint8,979ea0855fc7d37632ee6c90f1793a08bc4063e16f81fab53b3b00c7366e105d,0.7860965019569471,119.31905303693331,13.915272362492516,149.0143921271175,116.17569091934574,57.59313553882957,16.551687258811594
981.png,True,1391,1393,3,uint8,b3ad18494d9d384c657c64c67ef2db4b3c4af92de979e9a35e89aa361d66c3d8,0.785007185665362,113.70003846472201,11.701526836998607,148.6332461790898,109.70660668117614,42.60325830278066,14.808202207018923
982.png,True,1389,1391,3,uint8,d817fa1689a271fb47071ccecfdb3dc99a2fd84f8ac2e973aa086f486b62a2ea,0.7863028987279843,93.65044574717336,20.466157512571126,132.45872099240722,82.4474873858897,49.52376994196051,24.23028993918982
983.png,True,1392,1391,3,uint8,a4b58c96d332ababf6d8c540ea78030e9779216cb470fc83915791b58b825ec4,0.7848472595214844,101.64602926952557,17.842210083945396,151.57487253515308,88.2038173838235,39.86044725701482,26.075792719978914
984.png,True,1388,1391,3,uint8,b0e36274e8f7f4c88d8c580c1cd9efa4de7adf333042b8128f80a513a59b8e5d,0.7860544581702544,88.0263107990489,19.57975691713537,117.73168917177631,78.15138312821834,60.96683312505774,45.91151706119207
985.png,True,1388,1391,3,uint8,e09935a3cd0d43392e0a110150d8e8551642e15904c96a72072570791cd2523c,0.7860468138454012,87.21484525054096,23.378025409560053,116.01309474605529,77.78123070190367,60.25525272908512,42.82224671950657
986.png,True,1394,1391,3,uint8,a45f653b36f12679aabbbddcea75ad7bf3682d1113ae4cd75973664083a973aa,0.7849957191780822,135.02367319115785,25.351775244319434,163.5081069237511,131.1425844775538,80.26199727334696,29.906414598479657
987.png,True,1391,1391,3,uint8,6ebbcead31c224ab1cb76633cbaaf4c3c8a6de594c1e74dfbd85d857297d3f4a,0.7870559692382812,151.820484485416,23.605175436035513,171.66669574742392,150.96338732660598,104.16819825321585,19.11267876558136
988.png,True,1389,1391,3,uint8,1ea78b22e2e3af39c78b9bdbdb079f4913aab5cf3a9a25700778eb83ebb7127d,0.785859527886497,92.68850130832757,19.640258983488476,124.66362362966062,81.20424987597639,67.97853175490988,29.03401098780261
989.png,True,1388,1391,3,uint8,018e6554b1e8e3df9a96b5d9f1d6577723834888a999a99e3f99ff7e7dba780b,0.7868036020058709,101.62863791151939,17.067801600258136,128.97766853045619,92.232437710405,78.26099692499017,21.71442429265769
99.png,True,1392,1393,3,uint8,bbea6d2ff1461ab78f05b570563c1ecd5281bf65931f3cec1ceee1aac50723a6,0.78546142578125,164.11501476416194,14.811332625823558,235.68974376408423,139.85641852513794,101.27941176470588,17.736554890905797
990.png,True,1388,1391,3,uint8,575346ecf1d1f1f35f21df99468ba4be807bb5864b15e415dd0222d589f58ba4,0.7869526663405088,96.5516824354516,19.35506278821986,128.1683843957026,85.31024032016785,71.49744526256484,41.449947261290696
991.png,True,1390,1391,3,uint8,ee1d427b2a7c19ed0553727f4d8aaa0c1815b78f14fd3cfc4d424637fe364774,0.785369873046875,100.62029823197979,17.02451611327165,130.6564163590441,90.15826695162231,75.69726054012045,42.830367181580264
992.png,True,1393,1391,3,uint8,420feabb900219121e7b764573d3bf092e92ddeb624cd2f05390ec8b98b3d317,0.7837649828767124,107.07697822079606,30.74527464210944,129.63244545445679,100.72431214583192,80.61259741146408,51.25242802551179
993.png,True,1389,1391,3,uint8,5536d8cd17e6c43919cb6d2f8106318161223613314efcf37de2beac18ec8741,0.7871743517612525,128.3925127458121,32.53000945582684,149.19502306385044,122.69963583394028,103.12778829813061,34.01869919417994
994.png,True,1388,1391,3,uint8,f0b2986599a334cfdbf27a1c040c2dd95754342bc3f094c99a48178d863041bb,0.7868265349804305,117.60672596291637,17.701666058057828,168.4601693392079,103.89674000165162,54.76987161115132,18.517375764618638
995.png,True,1389,1391,3,uint8,5d43b5abd19b23962d9030c762198e2b0514b269e1f5082c53c9bcb2bcfb55ff,0.7860888576320939,85.40590082950025,10.697708374709153,129.3109021423084,74.49848783950678,26.4142687658631,16.701205819262608
996.png,True,1389,1391,3,uint8,0164013c34e0b3a3c9c1b88c090257f45f692309706b311767102aac7c6d814a,0.7863334760273972,86.44644436883294,12.085912751894233,123.72316142516891,78.55785738589414,29.24497156467214,17.311434220583788
997.png,True,1390,1393,3,uint8,badb3ea5bcf97c6143bd7bceffea246580c9bd99cd84c2dc076181c74a7fd6fe,0.7864022749510763,120.0097352100628,16.90002433324428,163.47054649376906,110.52843284017342,54.83614907556817,19.68753869647184
998.png,True,1387,1390,3,uint8,3d7169079a2d5d8974017f00720afc584beb94a8d04e16acc2da81cffc770151,0.7870138209393346,74.66516113992657,23.846502717634692,93.50200089360297,67.99476950871262,59.61555160557142,47.63080605775583
999.png,True,1389,1391,3,uint8,b24ef77ac3ffdc70250cfa2c8278bb0fded8214b4365e188adcba99fe6ebe925,0.7867653803816047,113.26880195100149,26.757346050875277,154.27279528572748,100.94625515562832,69.13055095388233,61.04884080762666
aria_a_10_10.tif,True,739,575,3,uint8,83d1aef72a19880b166e884cf127cf3556ea6c0261a97af5b96b28aca4653bda,0.8112240891959799,68.20662641856414,33.04454213384511,142.76928521305683,43.43521789629056,0.3167420814479638,30.85973816488266
aria_a_10_27.tif,True,725,575,3,uint8,7665db9648948acab34ee0b20f3f827fb9b7d52b86cccf1e922dc2638e16b2d7,0.7991023322044335,65.87575175635568,20.8504234857445,142.53635821829982,39.415077869617306,1.1465225060351212,15.542591442855866
aria_a_11_30.tif,True,739,575,3,uint8,75da5eb50bcc53eb1ca18d599a7bd5c5b3b938959468d79a359b3f224c99ebb7,0.8839559123743719,79.84576608985782,24.171877483880024,156.18025970276858,56.42960878037407,0.36816392696345396,28.82011536491608
aria_a_11_6.tif,True,740,575,3,uint8,07853ffee4cbe41de6e6d084e8e89b9b4510f8c6f5f4a74f45ec963d8e235e42,0.8829842572236181,89.09634804452818,44.05803813344568,154.9871228415337,72.4853138147401,1.9050080308562727,27.052254586392266
aria_a_12_15.tif,True,739,574,3,uint8,374b3bf5064ea32ce1328ee5327e9829b8e2f2328a7125a0df748ecfec68577d,0.8774242305276382,95.5858175147373,48.97680591601905,174.8727446615734,72.28906363605857,7.662048792492086,25.550267065544677
aria_a_12_34.tif,True,733,575,3,uint8,567bf9385147d393ae8c23237f7234abe313132bf17dbb9c3d0e427c75846d98,0.7805795242537313,64.49279854601586,21.40717786151897,138.23484707024684,39.253918163598115,1.1561850344200868,39.204868552684474
aria_a_13_2.tif,True,741,575,3,uint8,e2a83d5b2a4ef7f425095d5433468c76e240e2a9a45b00f8aec2d9ec909bb977,0.8929421835642317,109.88621675674783,31.400392883650465,213.4362186850906,78.32482107733756,0.8769441827407811,50.188119724703256
aria_a_13_22.tif,True,741,575,3,uint8,ac105a95ffda0e70b110c8e4a9b7ef2274926e3215a8f3f695d91f39a1e17938,0.9000068875944585,143.0193725777445,20.09873264170029,233.93012971536962,121.2229595657569,16.809051104466516,166.39132192424606
aria_a_14_11.tif,True,740,575,3,uint8,3e6d12a9c5a85cc14c90a357fb2bcfb76fe062d990eaf142d1149c41d1cf8fc9,0.8706128297738693,72.6366044755087,29.1625413539477,175.87405445014375,34.09931796403811,0.3629220449805535,18.846811241585264
aria_a_14_19.tif,True,739,575,3,uint8,2451341ff53a665fcfd7c4eb1e1d2bbe78188c723c2d4d18288d8bf2e87da168,0.8632468985552764,89.60547214753083,42.4063491930663,170.417261197551,64.44596922272311,7.21645282504022,72.83882659648583
aria_a_15_35.tif,True,739,575,3,uint8,d08824f8db1b0eece67aeb4146627152a54468597eb3bd62eaa9b1d61593842c,0.8936430197864321,66.53558151156214,26.486525185989244,123.02389856290121,50.284393996804006,2.1574328813913004,36.35803439451027
aria_a_18_23.tif,True,709,575,3,uint8,ac56fd45de4d987f171863ec28bbfec0808aeed77d64bed04e9de20fe0f31fcd,0.7764730798192772,47.640076370579145,15.161827512427681,100.73470921598933,29.55848713519411,1.5925629602691154,11.284476254329135
aria_a_20_6.tif,True,740,575,3,uint8,507a1d8706945deee322fa660ece725570621830702f541d1bc641a84cc63ccf,0.8921806297110553,104.03156128819339,27.767214386330277,198.21195236654657,76.21436154121174,0.42938863067572397,46.82831126541825
aria_a_26_10.tif,True,740,575,3,uint8,81a67f9df59d6db3849cd1a1653e7c05e70db968c6d7a3541e904e9bed9692c1,0.7418488929020101,51.9640341070708,22.042931338771822,117.41115690178673,28.32933565300223,2.1733864299369587,10.497806954171287
aria_a_27_11.tif,True,666,575,3,uint8,6142069d8de2a092083c3c1133b77d6cc5087a57538da87c3d396d56ce909ba6,0.7641888786764706,74.41480522033781,31.420481481426012,143.68342594787757,53.378347278520174,1.1990991043084556,22.255550189243767
aria_a_34_6.tif,True,730,575,3,uint8,ed7da6103fbac1d715102c0638767797461ed88046c066f49aabd059fcb84943,0.8704055521091811,74.06567518207532,16.582020312151855,170.2022984921713,39.473245506581435,0.22703178244504332,23.874485917868054
aria_a_39_1.tif,True,742,575,3,uint8,8d8c870d740a3326c6ac34980a3c6f0278b757b4f01ce595087a1cb73aaa4fe2,0.8944180966624685,94.90573862917553,24.20502543456183,227.23280143892015,45.458628295462674,2.5343311166482403,58.274248193771214
aria_a_42_1.tif,True,738,575,3,uint8,db29cd06afcae5b6ec2e8d45b2b504d707ad6f0e22700f37959c12a6f77fb0b0,0.790765977443609,62.018775070569006,28.831643741297622,124.23671569355717,42.30743326895459,0.4656935571732779,33.11923709495128
aria_a_43_9.tif,True,729,575,3,uint8,d772574a4d4e7bb630a1a47a6f4d217c3e0ebb606784c8d2c20afae33afc2169,0.5044380414603961,41.49261083743843,13.120224341743178,97.9835349140327,20.743823196795155,0.2788426520480727,31.430980956732753
aria_a_46_14.tif,True,732,575,3,uint8,d4b73aab5e21fa8775e8d46e85ad0c5aba7f60bd58a6602b2f196f526bd921f2,0.8710208722014925,89.62997484339876,26.005021035504402,163.382943712802,68.95563290327259,2.7584631603607823,61.336146388076415
aria_a_56_1.tif,True,744,575,3,uint8,40b5c1cba98d12258edbf7aabef42dd90502d16ecc3ffd1e6f1b7d51f73da053,0.8962377683080808,112.41985757839242,24.18087744939247,214.9605368876366,81.67708046710766,1.8219950031367973,49.67414314569212
aria_a_5_9.tif,True,741,575,3,uint8,8e9189db59affd049bfe15d45d05ee448d1d68d1ca5e09cf19dc8388222e679c,0.8620857603904282,96.13325838464655,44.71830474664489,194.684228247285,64.35634676512717,1.3745627200666548,121.3564104422932
aria_a_9_43.tif,True,740,575,3,uint8,42a9f9c400bf64773d4201d1af404aed40cc188b00d4dd530046b2522e59d7db,0.8825082443467337,72.69623096855989,32.028461493449356,172.6516620883704,35.6953913053149,1.1754562541010043,26.423072265048045
aria_c_1_7.tif,True,738,575,3,uint8,051b135bef8e9ee4f5f23dad86da81a7a16ced437bfe320ba67bed2aad653b3f,0.856203007518797,61.91709545371387,20.79594717192019,146.0097191730699,31.041415111598976,0.5464004756677644,15.639393071957196
aria_c_1_8.tif,True,720,575,3,uint8,03dba88a6bc893352db1aa7c72e2353556b6c8c44a5c71bb10d35e2c074e5527,0.851390586797066,71.77868392712914,29.16119720465311,166.1588777707978,37.37632370097819,1.5432614645966078,23.242107202113242
aria_c_20_1.tif,True,741,575,3,uint8,2e8bb11b6c503b1ed8ac13d6d6134e6328f986970acf336f2c0bfa0b71f57d5e,0.8893261964735516,93.0544178173128,28.534518636692123,182.89561205523103,62.944508983890955,12.488111833952912,43.92391157802934
aria_c_20_10.tif,True,737,574,3,uint8,b1c7d8f3ddcfe04e6f31b8e35570e9b7c2a5ee1f11fa728dc4d686d015e5ad55,0.8501282503132832,98.34531959855128,33.18894550079044,177.3224545260867,73.53700963315694,18.956014533226618,25.650002289800252
aria_c_20_18.tif,True,739,575,3,uint8,859cb0344fcc0a814bdbd14c4aa6b7b6b10fa203410451d20dbcafd005fd774f,0.8861102386934674,84.11479331886048,33.22737637292228,192.5002879801515,44.7285122502326,2.7236387399760753,60.954300926994925
aria_c_21_12.tif,True,740,573,3,uint8,04a302aba270e972c4f0a394c253ba0d78d59d2fc7c8a93ccaca4d29b9bc9ea6,0.8559274384469697,76.57945960896849,34.735541239376786,132.18978800398753,61.38219210445946,9.013357074120814,26.422555451360807
aria_c_21_3.tif,True,740,574,3,uint8,8b8ffcfa320f7b75d38eb528fac2cd849ab33c2cfcff8ce4261f7af767317f90,0.8877223709068011,98.15176621850789,40.64104329078417,171.61328293856198,76.86284789572272,15.105468793296462,44.04178103023133
aria_c_22_1.tif,True,739,575,3,uint8,777f17ba14de7338f5bee95724eea685e5c67a25fcea300e51b4b89a1382cd61,0.8768942368090452,76.80296603055571,38.611027629822885,133.5841289383849,60.79907101684481,10.325866024959426,56.58364407760349
aria_c_22_9.tif,True,741,575,3,uint8,26b7e0c6f5e73e233753b5d0974d8b58a1816cf24eeb0ec80fccc0ab262f32c5,0.8952150897355163,106.93428406561702,38.62534862628215,166.51174676448767,93.5309262770313,19.726771631907233,68.80467767215931
aria_c_23_23.tif,True,740,575,3,uint8,e0c2d0c2a4836217c49c30493258bcfb4249b22d49e0fcea748bf067a361843b,0.788743522298995,74.46002849552346,31.940122332133193,125.46722081541994,61.39554026392579,7.994394221257163,57.6156326991277
aria_c_23_4.tif,True,735,574,3,uint8,2fdb235186af50a36400606de097671388091b4d2623b6815c3fee9889b0613d,0.5919921875,63.02191520950181,33.954537692600795,111.46935004948861,50.07387825800066,2.67733421313098,43.47508471704833
aria_c_24_12.tif,True,739,575,3,uint8,0e65a0a426ee0f127c1e77e3925f3076af684101c70ace3a7d39efbe5b5815ed,0.8246996702261307,69.73090197198519,27.923242513690358,149.0179347114618,42.287663489116596,3.1729384602568222,54.59064200157804
aria_c_24_2.tif,True,740,575,3,uint8,302de72decf272e38ea8eca0d591e338260ab10ebf99f13bfbe0d459f828a5cd,0.8763789651381909,70.58265251840861,33.17179735654042,148.5611165551418,43.311067558865524,6.588005711565921,42.85925251467646
aria_c_25_1.tif,True,740,575,3,uint8,fa48062adf307151adbca0a25673257cd467028908949c1bb2ab97d79b88dbc6,0.8917340609296482,102.61097658958583,32.95922032983853,205.29029133693606,69.00802910067469,6.379299338520973,51.33779010868228
aria_c_25_10.tif,True,741,575,3,uint8,9ded0da054d7ee46cfa7f2ec012a11ef92427143cbd8c1e38bade7572eb6f02b,0.8963663019521411,109.90937930504558,28.73768897074198,199.29654937732917,83.3277954324667,12.319738308113656,89.78549125000733
aria_c_26_15.tif,True,741,575,3,uint8,079d49c0d76c96b005474e7bfa07c780143ba0931510af60ae91236ae9c52aa9,0.870985516372796,93.88227519204699,32.14589411878401,182.73002711251695,65.09140307275192,9.138646633529145,38.890478352066296
aria_c_26_2.tif,True,740,574,3,uint8,d93293ad6a065b20b0327d5dc1bf6db34c9c6818f372ad8444864e9d7579f8db,0.8755411681360201,88.57855994965331,32.39841596067759,161.61697740017757,65.95427778339683,13.50847914770237,23.806749975586712
aria_c_27_3.tif,True,742,575,3,uint8,603c6c14ad05c3ec362570a3fea48e54c4b6145d137b7c0342e46b0dc3507051,0.8962088712216625,130.37517772154123,23.935252610891798,230.23848995701746,102.97784450531655,9.543248777220901,104.63768058618676
aria_c_28_19.tif,True,659,575,3,uint8,355967ee6dd5d3ff9cae8d465c95e18c9c1f49feee53c7e616c12aa9ab2cd99f,0.8868847874720358,76.39222863786851,22.34702610241487,123.55241999054076,64.47162718745074,14.077009104524674,38.86141194554194
aria_c_29_2.tif,True,738,575,3,uint8,6f22fbcc063ba7ad32aa53c3c9a52dedab32ba59d007467bb0dc9b891901f549,0.8343612938596491,60.550841889117045,17.440601269065,122.02617189791728,40.96389557054855,0.2982692871809915,24.46078319280061
aria_c_2_2.tif,True,722,575,3,uint8,8cc619cbd074db9091a8d0d335e88d1afc0b92e2bde01dc91fcd83727c32bc1d,0.7397939644607843,53.68734308269703,18.86271316631036,115.58822311375695,32.43854665458781,0.8708942668564773,47.13039415595945
aria_c_2_3.tif,True,737,575,3,uint8,457b3a0bcc8fdff54afca15737a0209f143b23e8546fbd741949acbe9bc8b197,0.7757528587092731,56.67041905134499,23.38738625270205,138.78668828915238,25.806091735709284,0.38294515923446304,13.706214334137092
aria_c_2_8.tif,True,737,575,3,uint8,820bfda1102175ae937084938384554bd6f508c1d34934297c9f0eccf4ac8836,0.8683916823308271,72.78270256254157,33.00052016367925,165.23950688267325,39.39885119671706,2.2857972288925716,24.510903109599703
aria_c_30_2.tif,True,740,575,3,uint8,870d17671388b34177e3ac32826e921437216658db317e824c7cabfd6f3698a0,0.8809673366834171,81.10623885918004,27.811583740087414,182.02640931372548,45.27398061497326,1.0030748663101605,37.47625480775428
aria_c_31_2.tif,True,740,575,3,uint8,33e9bb62c8652faeeeae7b5bad7595ec51b453e032982c28c9be92dec15596d8,0.8929658055904522,113.31447256340505,30.232341657676344,230.01622839557058,73.1135438133707,14.205896738383755,64.23292986189004
aria_c_31_20.tif,True,741,575,3,uint8,d9664f9bc4da1d82a8703ffc3c0b67e4eac387f4f021d422454c5f79181064be,0.8932029282115869,101.04379915838639,24.41311007058039,218.90156756042214,59.41131111062152,6.296476018418559,47.37054945495534
aria_c_32_2.tif,True,741,575,3,uint8,f6e81913fa04fdd70187f9d2a865d722e192e0b44b9c085a99766ce7075a6b5e,0.8872992758186398,64.76739337754219,19.257773160254878,179.6538789948768,18.780694847967354,0.37323404821575107,21.54337281046495
aria_c_32_21.tif,True,741,575,3,uint8,e8849b494bcaaf44cc7bbbcb55dd0092aca82d96ebfbb9fafe7e44ffcc1486b7,0.896818915302267,101.8947671580056,21.41870125348339,216.48846624353368,62.55392751150633,3.9674641095830294,70.5612854445308
aria_c_33_4.tif,True,742,575,3,uint8,10b9f367d240060c0009e4b6de792d8bdbede4b7d406def2eac2661404d6a5c8,0.7904301794710328,59.18563355034668,22.207033096933504,124.07666214382633,36.81572330175644,4.265158776592434,31.904953150289412
aria_c_34_1.tif,True,740,575,3,uint8,ef49e8d1b55c105467e4a45e5abab0ef936c39d6797ce3214e466c4651162f1e,0.8917095241834171,96.27890198063938,30.368948316421747,199.8516364076628,61.1652752477863,5.455657122101822,47.043354519642996
aria_c_35_2.tif,True,744,575,3,uint8,eb879cd21ac9c9b58e3d11b0a169c146e1a904334904b1aa68bd322958cba40d,0.8830936316287878,60.54215885037057,19.64068118156908,154.6074259001726,24.319376260129907,0.4832531876748823,22.49090632688374
aria_c_35_26.tif,True,744,575,3,uint8,1e1746b0374f4a1473803f8fb375190310fc3ed89f79d53200e5ff2b3f94d29b,0.8167465672348485,67.38817732205294,28.445876024209888,154.26159290325307,35.847901833970425,2.052343943428927,27.50051920331236
aria_c_35_27.tif,True,744,575,3,uint8,b3cfffff47628cc67950cdc399264cb5924e7277a6ae0be2a792f132d99e4ba8,0.8605587121212122,68.82026593305822,25.92400472044045,160.1483551123338,35.36964121962403,1.6274358092618064,27.97960569563343
aria_c_36_4.tif,True,666,574,3,uint8,8876cab873c9b723550408566589b64b2921bc5ab2b157ef5d570489d4b7d480,0.8775598781179138,101.09688815317998,35.10086703544413,127.94770522745854,99.51415622823575,38.8051134012294,38.96622198260543
aria_c_36_44.tif,True,744,574,3,uint8,95804722616a89a3aa0e299e8ee90eca1aa0411c4cd172fed7ee5df551cc3ac1,0.8908376186708861,71.92928625744464,27.68048921384195,101.70664897898014,67.86952925961491,14.751225279330384,19.65861181259171
aria_c_38_2.tif,True,767,575,3,uint8,03ab09da252751cf4c8fc873028c15e9741cb2229b9105707c8695a98dbb58a4,1.0,115.90470377604167,28.436135688887276,157.74117024739584,103.86424255371094,68.19072977701823,50.42749008595839
aria_c_38_42.tif,True,767,575,3,uint8,8584030cad125f6bfd19d8e6c9641cb98316c8fbdb3d1e96931a09b148a61329,1.0,94.14830525716145,23.699474863848412,130.92773946126303,81.67680358886719,61.921000162760414,21.858827774076616
aria_c_39_a_10.tif,True,767,575,3,uint8,ec911d33b7e1c36a2587ec576036f806540eea591a98018255774bd6aea1101c,1.0,84.32316080729167,23.44984545246137,121.8832295735677,69.81920369466145,60.54722595214844,14.939041544346969
aria_c_3_2.tif,True,738,575,3,uint8,f34488f545eb7ff15749fb5478057c71a1d02e35b1988f623ab404ae8abc2e36,0.6832853618421053,53.404364303266064,23.339457035007264,102.64842714579439,38.38418334085552,1.6501751595778977,41.4658350024303
aria_c_40_a_6.tif,True,767,575,3,uint8,42e15b93d917a8d40871df8a9f0d395fba1f88f4c569060f976dcafc1fda044f,1.0,70.16078186035156,8.073987409443244,90.02248636881511,62.495951334635414,57.52613830566406,8.253445932408795
aria_c_40_b_14.tif,True,767,575,3,uint8,6eaa72ae41b39338762e4b4ab868a9407e9fed3faa173c23b1a1d654dca53853,1.0,104.15110778808594,27.796386965031125,151.46075439453125,87.67370096842448,64.92531331380208,17.20638406111134
aria_c_41_15.tif,True,767,575,3,uint8,b543a824037008a00cba5dba4bfa9b80509dfaffdf3dc16e2faa6626214ef135,1.0,93.19417317708333,23.219474113175032,153.24661254882812,68.98104349772136,60.38414001464844,13.058617485894096
aria_c_41_3.tif,True,767,575,3,uint8,d037d2edd331f2be2d875b74e1566c353366d380bf47220613910f1a1ff6861b,1.0,118.27956644694011,31.08282682715513,197.62080891927084,88.01183573404948,66.0148213704427,25.60807721479796
aria_c_43_1.tif,True,767,575,3,uint8,280565040dba133481da223d2b8cb5cacdc267db2573a75024543bfa9de940ab,1.0,98.5608622233073,25.669974676801157,130.0150400797526,88.5623779296875,67.55607604980469,16.753925660832067
aria_c_44_12.tif,True,767,575,3,uint8,a7f2d871626fb99e9222abd8a299155bcd8b23932b31d1f4386b6c48937efe61,1.0,125.50384521484375,34.55970066448797,182.86115010579428,107.55929056803386,67.47304789225261,30.71970078532792
aria_c_44_3.tif,True,767,575,3,uint8,37b7aeacbb5634c2bfd6aa28b770c8a0833efaeba97598e325984c19dc9dd00a,1.0,122.30308024088542,38.78072145487101,182.21924845377603,102.73403422037761,65.92279052734375,33.12255995875845
aria_c_45_12.tif,True,767,575,3,uint8,cbe3f056e913ffaed77e5ea972669fd8a2534ed7c25a5c872aa978d416544619,1.0,87.04445393880208,18.517187086963318,132.06881713867188,69.40344746907552,59.80025736490885,13.958999087309671
aria_c_45_2.tif,True,767,575,3,uint8,5a45644273b57c7242ece4abd7a443b6c3e5a157dc55072dc18b8c8e0b4afe4c,1.0,97.99013264973958,27.672031129841073,130.96545918782553,87.60451761881511,64.98561604817708,12.919408251738382
aria_c_46_12.tif,True,767,575,3,uint8,037825314b4d1a2f8ab2909541aa9a5c74a3824904285effea35d6beb9b86fa2,1.0,92.16803487141927,23.602366712611886,140.4817352294922,73.70242309570312,60.550506591796875,17.736357351040674
aria_c_47_15.tif,True,767,575,3,uint8,6fb7e26f4526ac7e480e7e705f5bb8d3a5418aa63c81ea1481f59083cd588d03,1.0,109.93263753255208,29.92428136499506,175.04554239908853,85.44775390625,65.25403340657552,20.61035565369659
aria_c_47_2.tif,True,767,575,3,uint8,83f55945b30200a0e20109e8ea7da4334fddf1442630dfee1ace904da3640c4e,1.0,84.20343526204427,17.11159526473168,124.60891215006511,68.34952290852864,59.895050048828125,12.86529911927775
aria_c_4_1.tif,True,737,575,3,uint8,7b018fc45ab5a041e03892264e71af079ed0634817a1290aac6ee27fc570bee7,0.7750381813909775,49.37877610827949,23.55736008631306,137.96198470293245,13.705130391395242,0.8841793458008855,20.650487273056665
aria_c_4_8.tif,True,737,575,3,uint8,15739a1278ba8da3546681d49cc475ce18699fbeadf8a5325612652d74d2e7b5,0.8083049420426065,59.50509607756454,25.7379622040652,147.76659177481574,26.000066615393,0.6356925275696887,30.154312473159113
aria_c_5_1.tif,True,661,575,3,uint8,0e2464b032a941d4fddf7908706178877002b16bee5d962675b5c2dc23ee73d1,0.844311797752809,67.24843529069284,20.36214075999525,143.70169674789986,41.268298261665144,0.6529620311070449,17.86889736388427
aria_c_5_4.tif,True,739,575,3,uint8,16a2a36f9ef61a0e2c1ed429a71baa8d0429af1274b14a59a5106d7b0791ff18,0.8522348068467337,49.08130020441655,15.973820303548296,129.40635706676647,17.683361644545535,0.2403708288947111,16.338771092386878
aria_c_6_2.tif,True,739,575,3,uint8,7b37e3f5d20cd296fcc6e672b4be30a2af1b4bacdea9d2945ac98eb91e8bd7f1,0.7663365656407035,62.8801813512977,27.56143466592222,134.56549970863404,38.08005840126536,2.6409346763916726,48.948608224467336
aria_c_6_5.tif,True,737,575,3,uint8,773454d95bed6b91efdcb0712a9b90ad075ed333ec7e3646894fdd94dc94e238,0.8105126096491229,78.02939400161857,35.61488903779254,150.22333884936404,54.20706857191173,11.39625433330515,38.00217299978762
aria_c_7_2.tif,True,739,575,3,uint8,79fb3ef8d8c1d6e703d1b65000526882d6dc8a1b10c65dd00b8753f8263f8aba,0.8589480606155779,83.9454160072672,32.083509240096106,140.0825044420195,70.30838184799438,6.944479041095108,73.66770301383676
aria_c_9_1.tif,True,738,575,3,uint8,89bab993efa3407e198056b2e3eba957c801c2de436fc02fd3a8662ab7841c02,0.8783482142857143,62.89006665329143,24.19913252983504,181.4580574689583,14.63335674000758,0.5307630575804186,24.850605499690424
aria_c_9_6.tif,True,738,575,3,uint8,dd641b4e8a640427b521835c1179a06c629bfc4572694a737e2ebb37e966e5cf,0.8887942512531328,87.78225477777166,30.54388580005823,207.43390978685906,43.27834994767858,3.1429311009528007,36.75698152338612
aria_d_10_19.tif,True,724,575,3,uint8,f28e108ab29aea4955867de77d72f4f50895aef4d06e52343a6101960b05ec5c,0.7759568872850123,80.14866695114937,38.59569431335724,159.42243826416075,54.42507282138815,4.7906392821140775,26.58984084542286
aria_d_10_2.tif,True,743,575,3,uint8,156066ef2aa0a1cac4a46feab4d67633a7e652c6ce5d611a2e5e3ec61bdc928a,0.9056482796717171,135.30545904085568,35.14922296164246,215.3991950855562,116.14099073095817,23.934365163215737,83.0928551792399
aria_d_11_1.tif,True,740,575,3,uint8,9febb9ee3d5b262cfd3c3f06688dcad3726e17891697b09eed22f7ee8cefeba8,0.8391469064070352,65.00105849191219,27.202509211040994,149.86365337606287,34.375542404004726,0.2619094960174973,27.137559707436086
aria_d_11_22.tif,True,696,575,3,uint8,cdf39caad5ac8955659b9b4943a5d7c8b4045322f8e246374533c3d69bce1d4f,0.7258375812647754,49.71413940292241,16.42948677498694,121.7973078709152,22.636486237189803,0.2682459812085319,16.325179552814927
aria_d_12_2.tif,True,741,575,3,uint8,424a8aea3628ddc16185871199057faeef5958d77d1103ae079f50ec896fcefd,0.8941524323047859,140.89024423793254,47.09919158845078,196.97127907168678,130.17317839437905,48.948434379281316,69.28028657456767
aria_d_12_20.tif,True,740,575,3,uint8,e80f831a0333f8b0535c55279aa67daeb38a2c6f3b96fbcf2961e81a80b210f3,0.8497418734296482,63.51545129564499,19.823979531752745,107.77311341730338,52.64301183319184,3.466357120994242,22.531409583248642
aria_d_13_2.tif,True,741,575,3,uint8,1e2cadc9491ea7199e7f9e6c0fcdc00682a533096da1bbdded89c3d31d15afd2,0.8984030620277078,125.47059081226419,35.075970366501146,202.60923373472863,104.25814153428288,32.35254335671612,142.567782690481
aria_d_13_22.tif,True,740,575,3,uint8,4557b819bfb3270633c309cfaa4068931cc89acaaee2ec914a5dac5a4352cd00,0.8952820744346733,96.14194489056496,22.040814623112116,172.77911827096477,73.17222931751783,13.428334164670543,29.59944928560205
aria_d_14_2.tif,True,737,575,3,uint8,f70143f20cc888cc831f1087e5d6e37645735fdabb1a6d5ac95db0af86000fd3,0.7638040413533834,61.39874131610654,28.469193797290384,133.168031736266,36.736477479556,0.3010138685944269,74.27107383307784
aria_d_14_20.tif,True,738,574,3,uint8,39e0603947f10af61ca9d112fc05d178d169a578b12335da17e50fe2ec138daa,0.8091875392587939,79.52148969331627,34.16845717396482,142.13976336169517,62.27571212847119,4.147489584154573,10.563313393724963
aria_d_15_2.tif,True,742,575,3,uint8,c7dcdb23d325376ba4bc5087d22e9a38331b32486cb792575f6282edf5bb0be9,0.8978028573677582,139.52426695015097,37.863774155162545,206.12800631264008,125.20550054523237,38.55242176326504,34.02697187779749
aria_d_15_22.tif,True,740,575,3,uint8,c8466d61b2bd0a5f92e52d62601d1bcb7675b82529c4e930f6e5db25df9d1030,0.8733265939070352,75.93436276079859,24.721814220980605,172.93785225018684,40.77980254322528,2.6419480453802193,16.46339050462443
aria_d_16_2.tif,True,740,575,3,uint8,c7f212cf5eca867be441f25a770178e33f72269ea69f61344872cdb6a90cf19e,0.8847067368090452,83.75939916353269,32.32634544610165,158.16708268157663,61.87767497587114,1.3956967417712252,39.80067661857201
aria_d_16_21.tif,True,739,575,3,uint8,9f8d657059390d17d73488a6f1526c04471f64711be1a121b4874a0436928d1a,0.7174102936557789,46.365542338447646,23.3949523209167,110.22427509217394,22.731255686054546,0.7285195395065359,26.932435369459093
aria_d_16_22.tif,True,655,574,3,uint8,46ba245e3ee28d3b3dfd17103e93b5e2eb2fb649e9adb7309b62e8635b5de580,0.7669343332405345,53.67263724483719,21.264213304484397,95.31490167830343,42.58345858691275,1.6769024837075817,17.45562368516942
aria_d_17_12.tif,True,740,575,3,uint8,8ee83e2324973112531cbd344a46564f65267690bf4178d85c2e38a3ece3191a,0.8910568467336684,97.91105652729436,23.491038859526007,224.73401220425606,51.916888795876105,2.163309027624796,55.618635287954035
aria_d_17_2.tif,True,740,575,3,uint8,12a2f80fd0894b87c915ff43f14723156f8b82b1ba037ce0a0bf94f271af0ff3,0.8947569880653267,123.54932265672133,25.582487992467797,244.7022706082378,83.03356002851972,14.389848077661384,60.757084338849985
aria_d_18_2.tif,True,721,575,3,uint8,7cd8460134fb0863bf0d2cc2abc3690ef38d9584f3ceb8c9c6db25e1736d6d1e,0.7908241421568627,108.46242736077483,53.916506431505944,181.34734866828086,89.71161016949152,13.945338983050847,42.09612705855845
aria_d_18_21.tif,True,741,575,3,uint8,78be1cffc272ddfb7420fc6603cbf63ba9fe18665c359ccc22fde1ed9b02afa2,0.7754791797858942,105.51795060490906,47.22543055269852,168.60504228336515,90.65549683747074,16.64575231400712,177.50316285542218
aria_d_1_19.tif,True,740,575,3,uint8,a7ee3d684a34026157477a30d92ae7106f1295414b6a4a6203db159bdaa234ba,0.8920972047738693,124.08149602834071,36.463817905734594,212.9982067023126,98.21418355447004,24.075235989174203,53.047943149086365
aria_d_1_2.tif,True,740,575,3,uint8,05bc563308a68efc0b00cb68455432fa23debb029072c29bcf50301f05dc646d,0.636782545540201,49.555236164949406,17.562113197220064,104.33859171862116,31.14898929570518,0.7926649763796518,60.52639354700195
aria_d_20_17.tif,True,740,575,3,uint8,9fd7e821d064f943cf0dd41d678f159f7b2938536937800f22b7fea875dd85be,0.8053548994974874,92.81251828019889,40.47470491070611,194.28562201423418,57.2471726625719,9.831913571219655,88.36868864792604
aria_d_20_2.tif,True,741,575,3,uint8,4e52e67d68eebeb3a2541e91219bfad5685851695bfb1346b265f7502c4ee3a6,0.8949346662468514,142.0425214943818,34.840134027719024,241.72267849682257,111.7409349781208,36.59345933109044,143.40349180252997
aria_d_21_2.tif,True,742,575,3,uint8,bfac00848452c8fe3a2aeb6fc33c3a93b001db81c70471391987f375ef2ce2ee,0.9010400267632241,139.9712802144702,26.054473246202257,225.537491332194,116.77749810263774,34.98694505566506,89.3199401335511
aria_d_21_21.tif,True,741,575,3,uint8,69152cee931552df92ead3b4a8999947f8cac3fa3d72dbcde7c01f6c17dba3f8,0.8961399952770781,127.65263267692544,37.42254332687211,205.91437966983798,106.85247017617058,29.477444785427636,55.144707932142815
aria_d_22_2.tif,True,740,575,3,uint8,da27988c55b484c3dfd275f2ad8a162646aac0b8d1dd5b2a825b624f9273ef55,0.8906151853015075,62.91952547303924,20.967772034704712,145.33884707360346,33.01041402642628,0.8355796039363917,26.435077958677454
aria_d_22_22.tif,True,738,574,3,uint8,45eb081e4741de7ca0ec2e62af09284731c4d40f6f90323e817ed56d5fa7cb91,0.7681424701633166,51.96952641363581,18.504025478833128,106.19191331957657,34.37276798548512,0.47962358412818074,15.131107517781341
aria_d_23_1.tif,True,730,575,3,uint8,7c825a14de163cdda4feba6e8b18497e9c8271035e01e08ef247fb61f0d04281,0.8811743951612904,81.78558228558228,19.89180879844204,158.32690382690382,58.65335115335115,0.31305481305481303,32.01325313782273
aria_d_23_4.tif,True,679,575,3,uint8,45382575e54c360e9eab2557135139b476166af9ba56c135c9116a60eff2ab21,0.8283995175691244,68.52503028623892,32.2213298106997,137.56378580702642,46.57729102495151,0.6217832754771101,21.792420565398263
aria_d_24_21.tif,True,698,575,3,uint8,a3a65e17f6505f0acf5b848eff21424dd587dc0ee293f289930e6aeb5a8e08e6,0.8454115447274881,63.65854059114325,21.77732079908059,137.62068399183195,37.574161160169275,4.167948626706011,24.420411123366904
aria_d_24_6.tif,True,710,574,3,uint8,8a0e60d1687ed2d9b01a5f60bb37216aaba1d1481e0b77a656c531b09d96ecea,0.6963881340579711,50.401017532449934,21.881118403665447,116.7316410589925,25.999464813158824,2.204651383356367,11.35742922796943
aria_d_25_2.tif,True,744,575,3,uint8,eab46f8c7d225d44f683b71c277815287a690168c6bd1695e8fa4f81fa210575,0.8434836647727273,65.30243015355109,26.526298482123966,167.61957220877335,25.83202937702464,0.2637207779298086,30.469863054428913
aria_d_25_33.tif,True,745,575,3,uint8,fe6e718afe5b508ddf73e91172e56a9b3e20aa1c9b4581b12ffe90b83938261c,0.8300237341772152,61.538924367345,25.980289039998514,163.67667873993233,21.43886717819187,0.2501608444931611,29.688992986712485
aria_d_29.tif,True,692,575,3,uint8,a2845aa8aec8cead861a8334886c45fedab0ad255a559edceccc5ebe2021c966,0.7361810661764706,41.885157279032164,13.555242880712756,132.32184302684885,3.9650296829449476,0.1691584526165313,19.103412775338157
aria_d_2_31.tif,True,732,575,3,uint8,d2de22e8931585a74e5803213c59352a10279d8e7189ac7692f455dbd548d7a0,0.7872988572761194,56.04485790983986,19.142128572599766,126.99101484155636,30.74346632108365,0.4001481070073128,12.856589733536726
aria_d_2_6.tif,True,742,575,3,uint8,2032149b8cd0bd061adc1620a0e6ba24eacc8d010a16f4bc376e69561b501776,0.9018616183879093,142.04923192738224,24.252689525790977,214.1999443583757,125.70827423683694,36.942781863012506,123.0287683470947
aria_d_3_2.tif,True,743,575,3,uint8,eb427399a32da263550ef2e8cd0f28b2ab6e2c9fb2c71cb44818d2fef595cea9,0.84829742739899,96.18796004511785,39.81280864843714,185.89398467388398,67.9614288870542,6.361640522343802,48.790852446192396
aria_d_3_32.tif,True,740,575,3,uint8,9d38f0ed19986305eff354281b3ddbd80ef9b73353c349a52b958ba66a38331f,0.8808103015075377,100.44533339276164,39.63202146268439,195.00063513995366,70.86046978070958,4.875144856480656,20.549795768360212
aria_d_3_33.tif,True,741,575,3,uint8,a7a08871f241f845a1b15f366890f964cadea779951c4b3e098a24e82115b65f,0.838559705604534,84.98951592558478,39.00524666848382,178.5834355144354,53.72404062212157,0.6828494153676467,88.97889785728182
aria_d_4_31.tif,True,740,575,3,uint8,df7c0f0082814c989103e234e3d8a966404469e2fc7b59ce398e7fd5f78c4920,0.895252630339196,105.35715969325389,33.9735024279261,226.40008551178255,63.78825967077964,2.0336181898909724,37.683005689596115
aria_d_4_5.tif,True,743,575,3,uint8,270877c2c6ac305516fac8e8d9a65158f08cfd80164e4dfd4aae2a2a5b7d8599,0.8939196654040404,118.5207289620622,16.985566640128813,244.09230650393945,77.46723753613912,0.7447860342963077,51.59147393483299
aria_d_5_2.tif,True,739,574,3,uint8,9087ba13b76315b4132f3d42b440e933a37056a132c024c6d96047f3bb80917f,0.802542988379397,74.58175725667884,29.263160989408348,158.89074165795316,46.10068546340628,0.2728890356428742,11.971566156729708
aria_d_5_22.tif,True,672,575,3,uint8,5fc0585bae12db080fad9466b194ae1d4cf62dadd82aab0d6954ef61fe8e44b0,0.8461089112442922,86.82640912804027,35.95161181173971,167.08303249097472,62.13658857940921,3.63540014229624,32.3947968496194
aria_d_6_11.tif,True,739,575,3,uint8,883950226072164b008a75345aace9edda0a36edc14fd645fdbe18970ead795a,0.8910077732412061,80.48602161197581,26.96625645841816,149.19915072205148,60.59393278477248,2.7366797748477136,49.15542582306155
aria_d_6_3.tif,True,739,575,3,uint8,483b5808a77e43335d4c76a71943602b0df3804e0a1cf79fb6c653c95f8ca649,0.8968622408919598,85.46204017312417,33.85675044485715,143.9341208914472,70.58748953539907,8.722459632630951,83.81606017632328
aria_d_7_17.tif,True,725,575,3,uint8,a1f38d3bc6a16a8f2e07da019dc940f832c95b91e47abc2c727304b3b3acf159,0.8655614993842364,92.08780276335827,24.17655042777883,177.23078932450008,64.91319764792192,8.725381545746584,31.1786659228204
aria_d_7_22.tif,True,742,575,3,uint8,4792149933c8fc244d6e334a86448e1074c238167c657c146e21b628a4125d19,0.9037065097607053,161.27469500411016,27.724317260869746,209.64495266507342,152.86547517298072,77.66225345825326,185.91646723198198
aria_d_8_2.tif,True,740,575,3,uint8,00bbe402aa2e75eb9c6310636a2deb7ada6f6b968a0cea04440d5686956d0379,0.883808691896985,64.76455727127858,24.96289847378538,162.2933775312467,27.515283260873186,0.9421207224915186,14.159330467400174
aria_d_8_23.tif,True,741,575,3,uint8,be7233eec47374fccdd057a3065405a615aa5ca0b8228790a4860d636e1e48b1,0.8867531879722922,94.7582179810813,34.96480638574271,202.3349052678299,57.062403950178926,6.778018807733917,45.19712035024666
aria_d_9_24.tif,True,742,575,3,uint8,edbcbf3c9b83d8a16ac23f7fc0daec83d3d94ae33d435c719454986559740437,0.8886226778967254,104.05904498269896,37.766066553113134,202.01339792387543,74.14387820069204,1.2767280276816608,129.45580006227271
aria_d_9_3.tif,True,741,575,3,uint8,5683cfc98d891fd51ee75cbed94b648d25c84e89732ba524ce1772c6da32eeb2,0.8841752597607053,85.60655682975279,34.48985778169564,167.7828801308695,60.30592418248285,0.44951897663600804,83.4429679551019
im0001.png,True,648,561,3,uint8,3af52073bc5757cfffca6b04a95b2de572091b9e37fa60984973bcfe1e45df7e,0.9810286752257337,98.82075204594787,35.06845404276422,146.6962829138073,91.41420501274082,11.36640555832693,27.160390528909726
im0002.png,True,647,556,3,uint8,c1e639136ee8cd9f6922ddd7e3b356ffb8ed3604cf07e738d043476a62de6ae7,0.9293057528409091,98.33033999828042,33.685709277047785,163.3178969592174,81.20377446812576,16.048659208804228,26.218649657242242
im0003.png,True,648,567,3,uint8,19069519a678ba52f726c89348f9a3bb42178eae164c0f648309708ddb841168,0.9508100237165179,119.24065421632056,35.96535349527992,193.74382946724563,101.17972608015846,16.792052014507572,34.48598220026629
im0004.png,True,645,554,3,uint8,75c94b004401f0c7259fb4d93fafd4b5627bcd2f43be5a3b45dc76b88922a891,0.9615678267045454,105.65644302056116,36.612486414527275,163.8001034059329,93.2854049911828,16.841664281559584,30.161711781252606
im0005.png,True,648,566,3,uint8,e45f432dd8dcec86dd0d394eb4aa6b44e5bbc4e9df04ba9670801a4e4dbc3327,0.8909789219798657,133.21688170935644,31.15465853777812,189.46427152756323,114.84602747250052,80.2762599736162,47.431023704167444
im0006.png,True,647,570,3,uint8,8f94555bca359d8ec560f27f4f338e54b3acd40df2d7a3e83ac5e95c2c663586,0.9987527716186253,90.59369796725406,37.566445185483666,143.23361835715278,74.65766355626474,34.5804166088525,14.490600222610876
im0007.png,True,648,556,3,uint8,b14ccaa6481001df4e7ffc54c709ba999925e33eab11ca4eeb778ca48d9e3960,0.8689092753416856,104.75630174651695,27.659586848241617,187.21665309800667,75.46087361689273,39.30947809301444,21.938414828536676
im0008.png,True,646,564,3,uint8,e76479cd2aa8aad1a898fe7dff944bbdf025f550d70d83dab870a455cba98cfa,0.904803726230425,97.17942118149287,40.72894391399124,173.36195714637552,74.26568860858521,15.327066743288729,16.542345725315784
im0009.png,True,646,552,3,uint8,9607ab623ee8a61f791b2550b066cfdea0755e0db789faadaa2f63fb8ab2e8cf,0.8681484196224256,84.53105646020705,24.94798235326729,144.8782607352646,64.04463996128561,31.721786628089557,14.789616931597878
im0010.png,True,646,555,3,uint8,e3b871871d84c1075bd5b226728fcff1f3765e291496f4de63d04502262c0b44,0.8689985795454546,103.57764292427771,30.272543705350856,181.66333108577498,74.52922847452086,48.32789832863389,26.941184200903887
im0011.png,True,646,557,3,uint8,489f7e06e1277ccc3b256771259efd24c50b3cd450c0d4dca341135f0e5afe46,0.8637551374716553,76.26642191674058,23.7284183854776,148.80133723702627,48.18319326869337,30.594270595655004,13.971881116292492
im0012.png,True,681,572,3,uint8,3fb5b2b1f231bf92819b24a40d294055d9e9712ad1247346a5da207bb076e90c,0.8826671511627907,109.3129091021366,33.176209272903634,181.1065518093121,83.43433267465316,54.23778354122926,27.887270880868936
im0013.png,True,646,560,3,uint8,7d1a0f2c3a471f404d41cee6249fc419939388e08645d2232a8f5760064f389e,0.8582400760135135,80.46666359135222,26.021336163347154,171.5423265778926,43.865003946653545,30.03704216256112,6.374462954360974
im0014.png,True,647,558,3,uint8,034cf81f582ec7b4193ffee26e41066f8ee4b66998c5d7cd95abbd76d480e787,0.8652918198529411,123.24745811182775,24.279860589418053,201.0584264039751,97.60951695187903,51.163875824102874,24.390766085706776
im0015.png,True,647,555,3,uint8,ef8f930f93141739bcae2bacf8dca196a58bd2dd520041077ae7a1292dc03230,0.8688692340546698,110.1026964474075,24.695101247892243,196.15864286665234,79.79534957551179,40.431677368480344,20.486902345470067
im0016.png,True,648,566,3,uint8,c95a2e573f83c75ead817e12893e2a1ad9ee374d9374254fc3d73029cc2345d8,0.85407927852349,114.03339165490003,21.085974883193238,213.22531053676306,76.16059917735896,48.862120654020096,28.4849066610539
im0017.png,True,648,553,3,uint8,a2815a3d6aeacbcf3c1e0485467e9e25f80969aa8bb79df75c6f7a41d1067ab9,0.8637505363272311,114.5427690301616,47.03933104017159,190.21040675984042,89.96323069042063,42.62036438147771,37.70796285777124
im0018.png,True,649,566,3,uint8,2b78d36b622c6de2a02b57962aae11243f9bc44545c106220abe13838a2ddb8b,0.8716224482662193,174.63458540326744,30.161109603901195,233.33968308076376,158.67912052656115,102.79588736884847,51.522565449151564
im0019.png,True,648,565,3,uint8,36c197af88ddbcc040932b369ae609dc651e0451442d3b8e7eaeafe4bc375265,0.8685757076793722,153.08153130215135,26.48779838937984,230.48494764067942,127.8615364448097,79.89795352448562,36.98708683554796
im0020.png,True,647,548,3,uint8,31d51ab1b1cc7b14c613a824ec9fef608c0f84009cd09e4c08d65755985fd6ca,0.8743474582373272,132.36172775327222,28.941864665917944,201.66629264953394,111.9480974022966,55.68489399702502,37.40836481670844
im0021.png,True,559,546,3,uint8,5c6848e264398215e39bf59a9904c0331e236d55bcce74a77ff9296b8b8c64a1,0.91366796875,89.36394341147248,33.69498209406974,157.73522759823683,64.18309612268543,39.68516325422512,14.214093979586277
im0022.png,True,647,551,3,uint8,0ee9c24e785d35a96063a985fdfb8d1b581f3c270fc495b4008d900149bf09f3,0.8688091313073395,108.44223649881926,35.33844602495204,181.0661163416621,83.99615356851908,43.82143998845039,64.18505074048
im0023.png,True,648,552,3,uint8,fa21265174165ea912b16173964ca0165f9918b6c91ce3311c6019a7af4818af,0.8694810779816514,114.28875401862996,30.02569813497879,212.26225166927705,77.1127225702745,48.73175645041629,12.520252446548483
im0024.png,True,648,556,3,uint8,b6dd30dfbbe4ee6ede46daf395136c107a6cceccd19b0bbf715d7e8bae07c321,0.8681084496013668,114.74180901277656,28.388335650072904,178.4868672580885,92.57725639724687,61.66293056174823,21.2251281613237
im0025.png,True,647,549,3,uint8,f278874033e008fbcc2b1ad9d89bd58ae368a163d2fc355542b20fe80078afee,0.872808359735023,115.32847456753203,26.90193536096743,196.10028100750213,87.58543917089897,46.31798190208564,35.531268053837216
im0026.png,True,648,554,3,uint8,500e36027e8179e0f427f2e791bfe1d34aabf6c513619a259a477704e4ed3b9b,0.8701216466894978,118.0060165018193,34.72436839674107,200.51839286629428,88.11343207092708,55.49395787423769,20.59287374230311
im0027.png,True,647,552,3,uint8,b23372630d46afcc8ecf08033f392162cc8fdb78e70441adb5378141cf6fc5ed,0.867299234839817,90.27059102410166,40.641824564771184,152.7027873828284,68.91494076360581,36.471963844928965,65.04090054249838
im0028.png,True,648,556,3,uint8,705198ea46e6c73ed064c1afc43ca53dc2a0ddd2165dcbd58ae7c15ac47c450f,0.8707956648633257,145.90326832782395,26.049626377873093,233.35189319817908,117.89926274862437,60.72498939849893,20.9036103761672
im0029.png,True,646,548,3,uint8,e1f34e9775b9c0e34fa70d142c13a7a1251300d8d1ff8ba17a5fdd00dabfcce2,0.8713277649769585,89.48784707875382,28.120593054194494,172.5764038096025,58.87836749029006,29.16667010990827,10.523323679562587
im0030.png,True,647,554,3,uint8,9f1d04236a0803d405034c986e82aa3b17635f101f4b8959030713ee111c47e5,0.867249928652968,95.80588319981901,30.65981458814265,186.3032249107905,61.9335839083533,32.847480024269096,8.429118976423835
im0031.png,True,645,546,3,uint8,eec80b87afa3bd4849d36f21272f146b396d56010bebcd29354c98ee2fe0ed06,0.874463228926097,97.33849328140717,27.823808463362138,146.99017357439456,82.24110076599696,44.856601243133106,25.153797176659953
im0032.png,True,648,551,3,uint8,017f531ce4915dcb85e49835819bfa45fad1a993f5ca9d305cef38f4c3d200eb,0.8713766163793103,124.04935256321075,24.369955199529276,207.74519897152103,96.09213543357396,48.476310460496826,30.01866121523158
im0033.png,True,650,558,3,uint8,0565adf8729a04f5d888519bf92a21f9ac43d5d0cee5e0fe16c2b07e9b6725c4,0.8681685014204545,89.77664497062598,33.629293624145596,155.9005936159443,66.75776788133817,34.86420460065139,16.430940396433183
im0034.png,True,648,554,3,uint8,0ff246b5ec9eeb390d2a4635603367546bd626d4ba12dacca22c11caef2a55f1,0.8673034389269406,104.06783103168156,36.326908833076224,179.28187436374668,75.87100638566977,51.97113594998406,13.489348850627767
im0035.png,True,648,555,3,uint8,803402e9cee76c0f614edf54dca29d90b91a991c76da013c31f0eb1af91f701c,0.8640375854214123,119.33295229856648,18.41870895548284,217.34592292799474,83.90290822211237,44.70504819574889,18.17551227460662
im0036.png,True,648,556,3,uint8,01df4a2580c2a6d379df40519a9a42f745104f70043f9c89277da260555d88eb,0.8661553246013668,95.5264274413922,23.26287302730089,184.3902837418586,63.22575558340696,28.76872778451234,12.352042223743235
im0037.png,True,647,554,3,uint8,7c5a489dfd4e714e3b20bbe0e65d2dbe81432b8adfb41619aaa54a5d94c0202f,0.8684093179223744,111.33935485196102,38.957303734503895,177.03441405728486,90.99983568340299,43.75669333388105,20.158784767426567
im0038.png,True,647,554,3,uint8,4790b81dd88aea73687e8e5e2a3f6debe602a6364babe43361d068c493533b9a,0.867298979737443,100.87006483390489,26.529204519061416,179.155380288642,72.74115796130532,40.3675892173144,22.98018122712158
im0039.png,True,648,563,3,uint8,a7d35fc4ca2d56539dad0e19ce7bc8fbd95bb8dd38223bd73b071d65b3c63a3e,0.8643521769662922,101.98854438542863,18.795241782242858,212.2108929895295,59.44989691978023,31.91588044725644,13.780622311982551
im0040.png,True,647,544,3,uint8,7a4fb3ecfbe19dfb6764c5d4ab07d981612810abb60abf0e0c06bef4fcbc7018,0.8762899709302325,110.0859613111899,31.855420372416912,162.0286589537849,95.60328937820074,48.398623292073566,22.56686934663859
im0041.png,True,648,546,3,uint8,00eabd16c7c8489f5e50a143aab00fb70fb4be64963290c6777cf5e4f114efce,0.8689140443735499,83.18516258572583,32.06142179418897,141.01482698375446,62.42124175337036,38.422889775483064,30.635521390329956
im0042.png,True,699,571,3,uint8,5a5dd9c08674f0487c34b1626ca52fa815b84c5aa50ff9140d40c51f8415719e,0.9462843899521531,77.27988346829943,31.489186720746545,174.19390183685562,38.297150898676676,23.816186055698203,24.330894999393514
im0043.png,True,685,570,3,uint8,ba18e93d80731f9eb75d64d9bfe153ab68609baf35bedce94d18a1072c96b365,0.9954564627347418,78.54334219168113,33.577776887895,161.75030052367114,47.756306391367026,18.81422340538225,19.017525993255596
im0044.png,True,699,581,3,uint8,e1d716e953ee1f0666a39794fa53e79961365d604e6dd65ec6af9d8061a4a249,0.9898217429577465,142.2901913919923,61.55487441157629,208.84939692068255,125.39226557723306,54.713713338150555,43.2530089076277
im0045.png,True,648,565,3,uint8,c672e515b51669ee8e3b50e7b3d7baf8efff07d5dadab6be7acb39d8c0660740,0.9034954806614349,107.73283086542423,32.53087146370172,184.58614739597218,87.6925478031166,9.327838499382013,19.19128976482629
im0046.png,True,648,566,3,uint8,bd0a32eb8595b4e78f2d7f2ef872791b65c954becc1ebdc8200b1d251c7d1e11,0.956096196868009,102.75044329482304,32.47682393668174,163.3756992176075,88.24943331383446,18.38029211757824,26.165332505262246
im0048.png,True,645,566,3,uint8,981eb292f37c07fdd317ad7a147d5762d4d49fd8a247bbd2b8410dd2fe262e93,0.9193955317371938,111.76415844207459,37.469707861282586,165.63239148742892,98.83826020306778,37.01132675365967,21.889377786599173
im0049.png,True,646,543,3,uint8,507d0f20562ae16aa5aa38a0b7a3d5eeec07fe6d540260fbcf98a2fc5f4abf96,0.957789789244186,92.30566660501643,32.27115957073445,158.55881195255776,73.34075033077723,16.1534426913647,79.74351795855344
im0050.png,True,648,559,3,uint8,2b996ad07427e56392261e7adcc483790437dfa69dd1b63257693d8a07a70a9e,0.8902803308823529,101.35517734298222,24.482218869864127,166.21488132463742,85.46265523094792,13.065829834122518,22.159662452958326
im0051.png,True,648,573,3,uint8,ff5361401d025a4f2547269d58f1dcdaf8084ff680b206e6bf4c491c9192ae97,0.9037018832781457,97.89150815120156,25.097020047070313,196.16088186602164,64.82704758087986,10.374807372102232,9.999845969164129
im0052.png,True,646,547,3,uint8,e782869f872adbce83e13348efa0e5d23b974d1df80cf427c97d2c0eb6fc62f1,0.8939282114055299,95.96044060048933,28.28779192643021,168.48895981634934,74.6281627885903,15.55409337588981,27.37276431886848
im0053.png,True,648,567,3,uint8,e2fee1edc0291d5e887d73959552b43b271bbeb4fdafedcebc08c9d8e9ec2988,0.87298583984375,120.84909759191379,30.662502134931735,219.06945096433316,93.87787277394352,2.072517254122512,22.754449754337028
im0054.png,True,648,570,3,uint8,24463da43873358a63bb103c2cad6879b5e014c5cd3f4e6b2dc6fdb66f86a561,0.8791796875,128.75290156642626,32.897655053397706,214.347704171048,108.34017564905733,9.33452308664465,34.94554128302152
im0055.png,True,623,578,3,uint8,13c37e07fea7507039df44af18670aebd17fd8fb10a43bbe053d8e24ff7fa963,0.9999917763157895,81.72107089696462,35.12547465509943,118.39790623278152,74.01542364657604,25.186897096193224,19.139970907337993
im0056.png,True,662,568,3,uint8,5ce0a7ad81f581e8318fd20c3186c96c9647cbbadbb0c984399516b795541ade,0.9569378203302962,132.81373756909932,61.933199932224,184.8667993249306,114.34474101418482,91.39081031572977,18.99872899635908
im0057.png,True,668,557,3,uint8,4f047e35f887a545a91fe891703ea1e3ea7368cb90d2a905a2aeb782b641d820,0.9340557303864169,111.12168045169852,32.207044860226276,152.35258830500425,101.3173495521701,53.45136062916551,63.349396539412375
im0058.png,True,647,551,3,uint8,918a536d710adabe5a6238f2d85859e784e5c9f5c39c57c4a962a384b07ed139,0.9050942517201835,97.78997851974303,23.944552723367675,161.93063460796057,78.95000148481039,26.547350603327956,28.27079782394352
im0059.png,True,645,567,3,uint8,37bd93dd923af815ab5efeea4a7b98c6fa30ed875f1e100a26bc38474ce52180,0.9346961805555556,108.79017803244889,38.3015548752994,180.22755091616594,89.12574644538759,22.65071928081206,16.142051135192258
im0060.png,True,645,552,3,uint8,e5d497bad742f4b1d2a6af2ea14cc7345445bac2781bfb8ff7caae832d6c2b10,0.9011085545091324,74.7021907273888,32.48055477775651,130.20443489922258,54.775335388635135,31.718422003275947,19.140641785465018
im0061.png,True,649,566,3,uint8,00b5d6895d0c66179abc2ad93aa80972f8727df3617e6b1205d377828feee624,0.920376293344519,123.5412431577898,45.12737098473811,178.99732245859067,111.76355980079852,38.71005169933679,30.461298733084778
im0062.png,True,648,568,3,uint8,452f77e259ac56a7b1597fc297df53d2c1eb9c557e61d7237e4e044f202df42a,0.8757786400334076,104.42123170301643,38.26889799289582,174.15331469073317,86.27816878672435,14.929608455727136,24.31641279556029
im0063.png,True,649,569,3,uint8,370b1598095812ba827785b0600f7cf9f7686c2d074735f403707c4010dbc7a2,0.8765616300111359,147.19205899429807,32.84060061903067,232.50948087201195,122.02420711524432,52.97870587709852,44.92352503264414
im0064.png,True,648,569,3,uint8,1c615958e06946ee33e2427a1e382ec7eb9668dc4bf0c63668245fa61edd3cae,0.8667534722222222,128.79377065598396,37.58827837584971,210.04519779669505,109.13060090135203,16.912298447671507,57.6546672238207
im0065.png,True,651,573,3,uint8,2194c880217c4cd8bd2586b499749dfd7a366b2186ad6912b277eb2d431b411d,0.9010315618070953,144.83462863899183,39.117301370541114,208.255403515349,131.48556419092662,47.207864115467245,48.19747541025511
im0066.png,True,649,575,3,uint8,3cd25ba1ac0d7c80c5bc6dc70f7dfc3e2957cc6b8c0e6b5e41af6f5a12440146,0.9917702023678414,84.23178693040103,33.894291629025034,136.48455982822566,69.62701108291583,22.371210445268613,22.215868869009107
im0067.png,True,645,572,3,uint8,360538239b190a5c88a9d6245a612a49b2543d72e83b3425500051bbecfb7bb8,0.9232559540198237,93.97535052118037,29.61188316478604,165.24526930371047,69.33092274788103,33.93253311836875,25.66937265664892
im0068.png,True,649,581,3,uint8,f46d07e356b22d42f97e1f868e3c34f6d54b9de4876e245bb1b1e5fecd80bc35,0.9186126842248908,114.6200890390927,31.669240418157038,201.90617006559555,91.6060693279359,4.154272530186481,17.25097180961943
im0069.png,True,656,579,3,uint8,4169ca777cbf39c1b16dbabc68b83288c8ff355787297806048b5c61612de275,0.9677907217920354,114.43936241460909,40.1535509354478,169.7660981381435,102.63087020583114,30.117971156851365,42.54425646751797
im0070.png,True,648,565,3,uint8,bc919d6b3d0d66f352bbebe279e23bac1ed7f630031252245f0a480194f078f3,0.8642140204596412,111.72925080442879,28.415122428881308,200.75268185157972,81.30635182041603,34.869016189921204,53.20119752226099
im0071.png,True,647,560,3,uint8,649bfccf709ef0840f0f91d75e6c2e128e99995bb9987dcbf3e1835efba2f7d0,0.9666734269187359,96.32749695562741,38.82403225543711,141.99039939431808,88.380111011279,17.454950127019888,27.71030123603816
im0072.png,True,699,580,3,uint8,47772e388320e98ceca1db062e40f1baba80aa34c8213207a6a8cad837aca2f7,0.9461534926470588,60.62558831957957,19.418798190696535,103.60400810168882,43.50899782886397,36.02095850555898,14.088417995649543
im0073.png,True,643,577,3,uint8,2630943e8961d458944ad656b1f5b689223d51501795368c8d7daea4c43fe3ac,0.9696350762527233,83.60375122876,28.79103016619092,149.30138849880635,62.09870453587979,21.995651067265833,26.709366837062834
im0074.png,True,660,568,3,uint8,cf11aafd13aae46e04af64d88588422ed77afa39fa2296a81feed199eb04158d,0.9832855017006803,75.7549793260006,24.91549791260243,110.68018809285734,65.59494725652876,36.445418839913884,29.292586998417338
im0075.png,True,647,551,3,uint8,bde66f83db9c37fe4cf88d768200e687dc16ca2227987d067d01f3e8b4272ac3,0.8710892703555045,108.626854542182,23.899931792490317,175.88452341158623,89.06670952148312,32.931053457098045,22.88409328857765
im0076.png,True,647,575,3,uint8,cc9b61e800637a0bad60699b694d4280e324488203c4fdf311ccd6d74c37cbad,0.926614010989011,95.54460215691361,30.689958649705318,138.80854612163213,84.13226383278361,40.81842271059556,30.38734409178345
im0077.png,True,648,565,3,uint8,8c69186dcc9163387907bd4433cb19ec79e6efbd4cfa5a606fad12ec146e797b,0.8907695137331838,128.38173335496464,33.91808957733974,207.94579394225428,104.6075001597766,42.09162328117242,44.17740294629008
im0078.png,True,648,574,3,uint8,58e5a09444a0ab1ea6c3d0988e7d0a0d04e947a5d94c6041512adaccdc976b1e,0.8887234994493393,160.66062386848805,37.48759106917843,224.0426174594108,141.2915500866484,94.12265347416522,45.65868800436027
im0079.png,True,648,567,3,uint8,8e0a9ec28a8149624eac97c183f9d3206c5d3e33d07f4b526d8ab097e8173e30,0.879608154296875,133.502113887223,26.355805676595836,212.86753634250425,108.14908233008362,55.8615490605221,27.50617405694271
im0080.png,True,648,567,3,uint8,73abbf61a405b7e764d58be8b7b029e07a937ff27fd67eeaafef895dd42ff7a8,0.9024701799665179,93.12882780609164,27.749646314124554,184.07434119948795,62.9127170841284,10.170474143136639,18.09472290693644
im0081.png,True,647,570,3,uint8,4a0d959776fbaafa01195e8ae050fdb3bade26f4083d14770fca61723affe7dd,0.9449877009423503,103.41425880692364,33.396093312012354,176.71155176917543,81.2778620496863,25.12763909829567,34.88817922025343
im0082.png,True,649,570,3,uint8,1cce8f08372135919f7bcb140da1a292606817f1eacc68f71a8c2626f1365dc7,0.8783159722222222,129.8539414125042,31.190515914717988,210.2717182898144,112.26497301891641,9.462824415409855,40.63374862389377
im0083.png,True,649,569,3,uint8,c920dfd2370ab29ab3569b9a5bffd9112dc01e59d97e937ddbf032d76da9fe4f,0.8968280206013363,115.44521026337489,31.728306943307697,200.95997962846195,92.31913469466944,10.214187321142747,36.37420904470497
im0084.png,True,642,569,3,uint8,8ea93aaa4191543019f62e8dbba0646d714e12452ddd63d4bf02f6ec4f1b0a01,0.9811957943281938,84.66450803895175,41.34251317299297,132.17451123962522,72.11926673886451,24.657488479767796,17.470521783619493
im0085.png,True,647,564,3,uint8,12f3096836bbffb0f5fcf3614444a5ce4fd9e7e62cbedea4c5a40913d9220cfc,0.8850239980381166,105.75222294244843,27.080968602825433,194.9246599405236,76.33245916564817,23.329698115261483,27.661305248384643
im0086.png,True,649,565,3,uint8,e7c5083ed1557ec0169970b3a84a18e042936fc01e380727365e63450a7b135a,0.9533833730381166,135.60903875392157,46.487411169408226,176.70962807810497,130.21319939184318,55.56043673377521,77.4150994990848
im0087.png,True,647,567,3,uint8,236eebc959b8ab39d7e94ad6cbe0a908d7c89257ffe6f9a16a93d213bc76ff4e,0.8798806375278396,120.09875218762669,32.93800811195245,195.71422921383865,102.48786299771596,12.426179340894034,36.84953757216415
im0088.png,True,644,566,3,uint8,5416ac4b2aa7afdf06e8cdcb9a96561a5a3f6a7106ca9ed3470a5f8f099142ec,0.9739583333333334,99.908435828877,43.254128404395765,160.58029411764707,83.14049465240642,27.07938057040998,25.97094688257403
im0089.png,True,646,549,3,uint8,9ca6033d5eb61145ac66f73b0192752e8e69ba98af9585b37b328f82f9f9b6e1,0.8814026580459771,68.22782288875531,26.673626284957248,106.02896498324046,56.21800658156144,30.918229702607153,18.616225802512993
im0090.png,True,649,564,3,uint8,9fa523aa848ba3921e6eec9518477da7b1c3dfd96abc6149961e7b26cbc1e347,0.9994557584269663,97.20885664599764,32.285750330600386,139.9331623601328,87.08500061480089,37.256644241072216,42.15188610716084
im0091.png,True,646,556,3,uint8,023eda55e8e857af210ea49c0fc02f21d23cca31219be7225dae8a2697549bd3,0.8733657525510204,102.85165746276604,23.018439713795384,167.404535519957,83.49702584698706,33.17833761834492,19.83767205205255
im0092.png,True,647,568,3,uint8,5c392e43014e75de84420e3e941457c65a41784567a6965145c6bdfddd4a4ae6,0.9158068276726058,91.0135465698964,30.03012926311756,170.88101627773318,64.90007267269264,15.973206100706303,16.309616818876712
im0093.png,True,647,558,3,uint8,8def369a66b3d0b6de96e2db796f21eeb5e360047e07d789456e4b47d5411ff2,0.8732413037330317,98.72401299476768,27.019197235352046,175.45217034885485,72.64919187523404,31.730758331730915,59.80388784095851
im0094.png,True,648,565,3,uint8,841b96e5e811cc1757022e867e4be64c771d41c718603fd3581812888ddf62cd,0.8889565232623319,145.11322938988644,33.114952155630974,218.40557649203183,132.30879085691765,18.781492154979187,42.0468363431705
im0095.png,True,647,553,3,uint8,f31d3b900673e940caa433e90b68f3e4329aff83af6dd9128ad7f4a2723b3f4e,0.8833609803082192,91.26255559089142,26.31368996358506,156.20220192933837,71.44968929676575,22.94336165250708,31.58825046095418
im0096.png,True,648,562,3,uint8,4de1c56cd43242dcffb36c8347d92d9228eb2ad2f72125806a132375f0e04329,0.8976456925675675,103.1773939037538,25.456174807366082,163.6282661962168,89.57741840635107,14.632691365284721,17.57884962803643
im0097.png,True,647,561,3,uint8,cf865bb36ffcb1c48a6ea977eb9ce2ba3c16bc532ad2a6cac1b09da6dc981a3f,0.8745425112612613,139.13580942416803,31.456065243602414,229.83907086233955,112.13060842622028,40.27490342440948,85.38951963359725
im0098.png,True,648,560,3,uint8,4e8da302da5b83eb4424591217032ccc2ba1d87e94ce5d872fd1e638f4ba23b8,0.8734931773190046,128.9006905273808,27.716212363007397,216.21853041608702,108.68859997470595,3.9190792968255974,21.107771790370286
im0099.png,True,649,572,3,uint8,1fd4ecb0f283de1c8fa317a294456997e5c6a9a61319d8152720025caa6a6fbe,0.9038334950110865,81.31872107174686,25.52372265111166,178.5505495769168,42.6743073989248,25.258938410970455,16.708666297334638
im0100.png,True,648,566,3,uint8,eaeab0839571ecbd5883928d4478bc20a5f13ed6473091e03c3d78e92b37e6eb,0.9446483501118568,101.3631473292753,30.982512868202505,181.91349053636515,76.34551055523691,18.8871486984033,32.28694917672898
im0101.png,True,649,567,3,uint8,ef3fe9ed3347ae63219b6a835f62eb4297c892e41b613f5e8090663d004af879,0.8695032857941835,145.461406647303,30.164852333134643,227.07417159971456,120.27884199841205,61.064970502216106,59.74557267292258
im0102.png,True,647,546,3,uint8,32ef75cc93c52f9a5eb8c5ff5414cae9fd0066d6ea202a4c3748fc276d9bfd76,0.9207944516782407,86.68223798885424,25.284640989588514,171.1080107038519,55.428595978690495,26.15898657108487,22.402818758621727
im0103.png,True,649,572,3,uint8,5b5b1cb33fb972210adcbec41acd65101c435c2550db06a6dec7d351db17bb08,0.8852463276053215,122.61340221315565,26.157789632035982,203.46678309704814,98.91545099650709,32.55657146770769,23.42295381806432
im0104.png,True,558,570,3,uint8,74b23e53225d3fb7e585e37e5a2f72d3ba75aa9d1e58b060e6bb27ae576cf83a,0.9359912986526946,98.06873169979966,42.87190852504781,162.04690682360587,82.11465557096625,12.38138554643409,25.82546088885956
im0105.png,True,665,572,3,uint8,60aeb11f493b8710e3913f17dd06dce76748350a8115624ffbef68ab7b564bb0,0.8805708451704546,104.4703516068053,24.242980405028394,189.845872715816,77.60152741020794,18.87796345305608,20.32472309511707
im0106.png,True,559,560,3,uint8,d9618bcb4f9d502939ae9b2f994f54e6e489f24e56386b271e09982198cba9dd,0.8149347174657534,126.58798009502235,32.967077649753634,210.7930895395684,107.22117319300418,5.425860524452074,32.16505440134412
im0107.png,True,648,558,3,uint8,4df73ddf2f4d18bc426e6888926514a8fb3ee323698799ce587556b67f63e690,0.8766475340136054,123.10637061735879,27.592013604395248,205.88896635344042,96.74594826715166,41.68541982418915,24.127788640561132
im0110.png,True,648,561,3,uint8,42f33f156aa69f5f92969186f484ea300a2f420ccefa523b5e7526f5e357ae6b,0.8755599252257337,122.3403880336974,38.45064010713788,207.71906078321777,101.7474155424969,4.4202808787910834,40.47022070459031
im0111.png,True,648,560,3,uint8,1432f19c49ecb7e4ede5ddc0612f2f53b433ee71f9d94ed45566d1a04440bd3f,0.8807930924773756,137.91186843729147,30.881168771951913,217.80876148238823,116.42499009165843,38.981116456877395,49.29676326814237
im0112.png,True,648,557,3,uint8,d4dfc6f463b3ee1bf1325758b65d5c007dbe18166af22e3e100f4ff52b66be42,0.866162109375,117.62929651666333,39.249543014074845,193.0057244182054,97.00120945630839,26.11599505967847,38.92486655533379
im0113.png,True,649,569,3,uint8,ba7752e27209e8ca2daca7fe92568360abbe1202392360469467d2f0180c13eb,0.9107130428730512,93.54331731641845,27.46269460966746,184.6895186327987,63.1368777524097,11.024756163964808,20.426508794706496
im0114.png,True,648,562,3,uint8,3ea6f2ba2ca0d1b86482225ed40ad9729bf0e05bbb3e5b9a45b5c237ae766a7d,0.8760953336148649,117.08926446442828,23.991860632653392,217.8165554501132,86.78707176605862,8.877651749087422,37.30729426448856
im0115.png,True,648,572,3,uint8,c919ece8a5ed4870615b355b8051e667afaa0c007827f2fd48865ec99db87b46,0.8757000138274337,133.0445973018583,28.039213082183075,222.20514364101098,108.91728922618401,23.390130170040166,29.64216250977039
im0116.png,True,645,544,3,uint8,8cd1c8ff510cf5f61e85ba636ed0efae3cedac134dd148c5c7f403df3a726237,0.8914071542245371,94.9178961783278,28.474582538661924,137.34849998732025,86.80655288717571,25.382801207110795,40.21148495268221
im0117.png,True,648,561,3,uint8,19fe3730192e3ce8285dc6f60190f61d128a5a319db68120204a75fcff709741,0.8999144681151241,107.346716311883,26.829973765909493,164.01409989466723,95.74362491732602,18.435813144550867,41.61259525324097
im0118.png,True,645,549,3,uint8,437ba0182b1fc41a903a6dbc65de7c70ff1c4050e44952dc53d9e9cab4ecdc2a,0.8935950043004587,94.37639049724532,27.53474517319791,138.5094671619569,85.68496433208509,23.357225572616667,40.57307424015348
im0119.png,True,648,562,3,uint8,5f49f01b08ec378ddc2d8fafd5fabdc446407ea7ad1bff69dc9aaa643c13d9bc,0.9346978814752253,115.62508059468287,35.8653313772117,195.77939411623518,88.8854778970553,43.061322552863054,31.940502622089998
im0120.png,True,647,565,3,uint8,1d1665cc774870a2c8c369a64d64886527e899a93f93a3fe5192e2524f94e428,0.8799986017897091,113.33585402184707,30.101989949142123,210.2617626613704,82.83936444885799,16.112328699106257,53.84933184920031
im0121.png,True,648,555,3,uint8,78b5d3d3a8e12a006aea362c0301e41f41eb84b23abf75718ef5f2ed4419cb47,0.8873594105922551,140.87146653296566,30.4499425588168,200.64243168713963,130.03068438205065,39.90404111306092,35.265187143503944
im0122.png,True,647,556,3,uint8,68e15c86964675a4976f44ba347fbf9f769e891ca00ed9cf73189eca743afba5,0.8981267755681818,119.3060149261108,25.64635269223377,188.65520189788958,104.40003459694559,14.14976523501211,50.55241560481569
im0123.png,True,647,573,3,uint8,1a22a7f92712aff2ac8e9511e9e144b905d7e946078d05787a97ebfecb3a9573,0.9434757864238411,89.91562702786689,29.369669667452392,151.60417866249898,72.92240410188917,15.604110114885799,18.563390207040946
im0124.png,True,647,556,3,uint8,ab57efe5aa7614907b1867e9ca54a02d400a8c98f7aad75f32c3591299415d3d,0.8709295099431819,125.61008241464198,22.22516541861912,213.37338368934215,99.17910021763174,31.49987003256831,29.49821680832182
im0125.png,True,649,566,3,uint8,0e4bdbeb661b0f1333c46be4d6634b09c686ad7fed26fb8a1f9e5b5a992d8372,0.9993402195190156,92.05896472872115,32.72534125283499,154.36643304053553,75.69877969332745,12.845190260282537,32.7123791541525
im0126.png,True,647,552,3,uint8,08db85992bf16214b9ebb094a3a2a0405dcdb68463ed6ca0b5a50fa4b3303524,0.8749195509153318,84.91537510599822,28.69723237752092,144.20612695266604,66.83128148019493,22.50457197151585,18.82753665514606
im0127.png,True,648,566,3,uint8,3d1cb3fc579e0b01477098231c66e4229ddec017f71e80e0592fcff620a9ad95,0.8937884507829977,140.56703787715833,37.96893942582019,214.4597078550617,129.66407731868046,2.8795879856860713,30.466972078472974
im0128.png,True,659,565,3,uint8,bf88b1d0b393a35c7fb1af2466ecc40a98337353ae0e0435413d792d43d8de33,0.9992881548974943,86.24219974355321,30.40747973369291,141.1034424419433,72.58022421285084,12.675910920359026,38.29993659582961
im0129.png,True,661,563,3,uint8,4fde28940f4fd4a453ea0e3a2bb9ad46f86d4d2224e9f2aa5558a8698ed694e1,0.8960632884174312,98.61617257411389,23.178617347962955,174.3012848072789,76.54504324351348,13.736729490576414,27.799079555684013
im0130.png,True,661,573,3,uint8,454ec13ab000bc49abbbcb6af2e588c9ef6e661715c257fbc533114c6883d1a4,0.9416173986486487,135.39408379115744,50.712683310862325,193.23073401352917,131.4129433419292,4.181064768098068,26.473854471180346
im0131.png,True,661,565,3,uint8,72cdffb425c03149417f47a4e17c97e2cd1f7c3b8c0e5722338847ce41577958,0.9646965967465754,114.25355576202165,46.084904985844354,164.24270704773528,109.2473479123043,8.9038453538197,28.849264551127508
im0132.png,True,661,569,3,uint8,945a1bb6353626bff3756b5cb324b2e33de9473bff1c8c619144e4430e8b9507,0.8909748795351474,110.14768733689574,31.891424715067544,175.67494469988816,96.05276003479558,10.839125139803654,18.83206267135793
im0133.png,True,648,575,3,uint8,0272ec97853bcbc6e2dbb6773b78199dd13c012c512b8996d117988fb932a735,0.9059746696035242,116.20305139796383,29.34559537406071,212.01023305728611,88.23381230056222,8.861609177936483,22.40733777939807
im0134.png,True,649,574,3,uint8,4f5f2844579e29546f21e112754313e347bf48923d55e81b63e9fc4e849cf288,0.9490117963576159,97.8296851574213,27.44067901376783,190.27507609831449,68.3298714279224,7.2439643814456405,20.96034766094278
im0135.png,True,647,575,3,uint8,ba723a803cf91937fbd24b69386952b182c52bc1d9ad76396c136398fbb5cac6,1.0,99.84271548763736,35.696682024584774,147.215912603022,90.55288890796703,23.410559752747254,30.01646913218651
im0136.png,True,648,555,3,uint8,79e7f56462a52a8a949a4fdbc6965a85b2823da42010b90435aa35849aa740c0,0.9154639450455581,97.94714895974573,28.70423251372389,144.81966982071955,84.24544752073948,45.547206306161826,22.442768780407555
im0137.png,True,647,573,3,uint8,81f515596ce5505caa122b430a458b5db98ff3dc0d48a5ffe02d7c5d2bb1ee44,0.9526334850993378,98.09988232631817,31.848398009089475,147.3363837972392,89.4214301878253,13.612088707852456,30.17270248320867
im0138.png,True,646,578,3,uint8,9beae44b25bee2fc898f76695cf14ebafbcdb6da0962a1ad16ad026aef5abe16,0.9989168258733624,79.22875487743445,32.21481968412531,112.95936680868503,73.33619504614886,21.07122121566585,36.08073192956702
im0139.png,True,646,579,3,uint8,73224cb21e8976a41dc7d9b69c7dca474080ddc1ea16286ee6e59f559ff48d81,0.9840771377995643,88.3436562227046,29.3155294090931,141.25577473558587,73.25867615646052,27.212486919823927,26.866471572123693
im0140.png,True,647,547,3,uint8,ade2f0c90a56e3b38994a1ef35901603ff8a7dbfad0b31e809516f2a86bbb868,0.9074227771362586,92.9437247728312,25.75341400494144,145.0605750303223,78.52200107370807,30.495715109458573,44.88254787473802
im0141.png,True,647,553,3,uint8,74e4a9067594db80c3a84e5a8d8580769b5a7e08bde8fc11da4a1061cdbba985,0.8906027040525114,109.22512179368425,26.865453424491673,166.32237148450605,97.90419230634429,17.74255844344417,46.25642803014664
im0142.png,True,648,556,3,uint8,10d46e4bad8088a97267f16d3b676758ac664cf70d3cdea209fe5839cce9e466,0.9090528900911162,113.346514883079,29.157331432751516,199.28569051417833,90.46375400095926,5.761973512915635,24.606944896649743
im0143.png,True,648,568,3,uint8,2ea682cc23a1397a85285a3b1d6329f73ae75f152767aee0fcc5bd0002e46957,0.8822383073496659,132.5407709450931,35.82895134747411,206.47662413221838,119.63425962448721,5.044163182391922,27.380998819792985
im0145.png,True,649,551,3,uint8,204750ca6bac659ff13eb70e2e4fc112c1536ebcd328b5be4bdd7e1131522885,0.8867411997126436,119.06435605964708,36.97104678508207,183.15551786121168,107.74734550241779,9.204040608623004,26.888938814851304
im0146.png,True,649,555,3,uint8,94b4190d98c281773493f822bf7a397e13be3ee6027cebf6d454d340f4c86f4b,0.9403895547945206,102.97295720951405,33.66193758743976,162.8647528545958,90.33883862524183,10.917458556200447,26.05209826711881
im0147.png,True,671,575,3,uint8,a2f5af05cc232ae33975f69e34610e8b984d3e3e94feef5450c6654f928f08e6,0.9057072181093394,124.07169874345446,26.23523356395607,190.71552850560485,105.71621621621621,43.768388890526296,34.79765638399403
im0148.png,True,648,564,3,uint8,52edac564cdd1ac1bc68ca9d0cc568bc0153c8b10102427e919b5398c6b5bbb2,0.8750613088565022,129.18214210647477,35.17036086097803,207.10694518121127,113.63077639098798,4.846698561719931,24.573426528878556
im0149.png,True,647,552,3,uint8,21b1f7eb6cfb328fb80cbe7961335e8b1d77000d5cfb543fb5f78aabf20919b6,0.8883992419908466,91.96458792397397,32.6055769252102,154.696192661012,75.29760431444757,13.243970539406563,18.784294916488793
im0150.png,True,648,568,3,uint8,b938c2691e217a3a6abe4080207a51893f121ca2e7a48a127f464a660f5d4214,0.872381333518931,137.9888506606831,31.867040615454425,222.9624283221142,110.52891548242333,56.50408376963351,17.912642360102648
im0151.png,True,648,571,3,uint8,7309ba92d3763d182c4571483643677249762cb6aa688f734d33341b2071707d,0.872973253880266,146.39108542514137,36.04640600880959,223.30092767139598,122.5688758805437,67.3293134239508,33.215119678731874
im0152.png,True,647,561,3,uint8,6d3c33d5e89c1bc92a2280dcbef0203fb15c044b7d2035ae1820e4b2315c4380,0.9012880067567568,148.7057514349303,43.55462513279776,187.9941870680567,145.00255749482645,64.7185340283472,64.7039428683474
im0153.png,True,648,566,3,uint8,22b41d1349592bd6d8c6dad9eb992fd698936d5f2b7646db27d13064a36d0621,0.8894321518456376,157.8751909765719,38.682376349802354,209.2367569107728,151.1987777499398,57.51568832623465,50.174527025603055
im0154.png,True,647,568,3,uint8,b25d653d3be33979249c7e2b0f12bb4f5d9bee9900c93c4383d8088a68cc4ac1,0.8806244780066815,151.59429474672135,31.82298477052037,223.8232655783052,136.02081059053077,42.3146879399343,37.51383175621123
im0155.png,True,648,562,3,uint8,80aac4492daf7d01401becf25cab20dd15039e45d81f653893b3d8dbd640b266,0.8936382671734234,119.21764320769485,25.372642383326294,202.39993797655907,96.83798591181842,16.266681105986248,45.6383403778462
im0156.png,True,647,562,3,uint8,3c79b72ad9b9b05b2e4ff55adba0fc7396a29ca0713a2073a5cc57c6af8cf6cd,0.8859682233146068,132.0507681104137,26.36843130218454,200.46131210399338,119.8230943381271,15.56302171317603,47.87171788755558
im0157.png,True,648,563,3,uint8,2139f758bd400eab3c8e28b8b089a7415753b33f216ca1dda41e636b8e3ebcf8,0.8915115870786516,121.97633934285798,25.712872680834042,203.1129665915066,102.70011126318174,8.406007227183663,36.25053425669067
im0158.png,True,670,580,3,uint8,b6eee5c754d31de08801c8843adc9b774fd9aeee7570073b5c258497fabd75cf,0.907180269469526,114.17373871881728,32.806335716433566,192.69949893809869,94.56191832350811,9.170526285094988,17.713861413618847
im0159.png,True,649,573,3,uint8,7b22023e351114f70485ad7c2ecdef900aa5a65bffdd1776d4b1a406fe701293,0.9052907217920354,95.34779433524577,21.703154506511357,194.98939409849837,61.37107767796626,8.940956344925683,11.612289870407407
im0160.png,True,648,572,3,uint8,a2ae73d6b3f62116dca06fd83bc9116e4c341604ed5a4a9748ad2065c7279a58,0.8772642422566371,124.25364003546449,26.560058564779276,224.80063047975568,96.71134370997932,2.3705004433060783,42.04335057609403
im0161.png,True,648,565,3,uint8,d05a4f5fe9011e07cca088b146069b40d1376b25b8a66baab75c85d44fe3ad5a,0.8721272421524664,122.4014873061782,26.318439655967843,217.36694082911544,96.33963003133285,7.4795081144050775,45.12149307625915
im0162.png,True,647,566,3,uint8,85f252924dfec359d29074e5febaf1adcf5b7d6f2b01907378d2db8fc23e008d,0.882354736328125,123.26744272225544,26.107751070706524,216.8383772005672,97.05164261256677,12.811720876916464,56.39895500576708
im0163.png,True,649,572,3,uint8,6ce05cf434054cb91172bf0f3ec465a59e49ad26a69f19958b861e7ff221012a,0.8660052314301552,136.23914967670314,29.316658461738825,228.2017642558171,114.22593276025023,8.38796625510699,39.55666968716861
im0164.png,True,648,557,3,uint8,3bf956c86bad910bb3c289e9893022f9b96af1fd04f2b0f02662a7f8ce39f3c4,0.8775213068181819,114.83095079114564,26.861458004894782,199.72492513455546,92.22627574764275,8.527776091619117,17.047912745206503
im0165.png,True,647,565,3,uint8,0f937414868dc8608a3539853a6c5684c07fede9ada2f2edb40b8abf44e38920,0.8896418833892618,98.31045101592774,23.686308777240072,171.97648410909252,76.28419455126789,18.49511067890593,15.84813921395267
im0166.png,True,647,562,3,uint8,cfd1822adf53e11f82760bee9e1c8f6a39ba60613a33c149c17fe9cc959a7d9a,0.9056004213483146,114.87820599810014,33.13114599042706,196.32608611364208,90.90218192040014,24.681663532559178,31.662351793852157
im0168.png,True,647,559,3,uint8,ec04ce34add5744afa73be4e9a28584130ed2e2130795efb7b7ed4ed8ea1ce98,0.8940540158371041,135.06548772290537,34.07561407856535,189.7382566921039,120.46597603890712,66.82257522438812,69.26701033872229
im0169.png,True,647,573,3,uint8,86e65a8cf217bd5b05439b744f0f77d9af30798c4b7ab17722ed10390db080e2,0.9946580091059603,104.74427929275197,41.46558195896621,144.19055297641495,93.52354820392117,59.049315769169084,38.44722638869381
im0170.png,True,647,570,3,uint8,7883789c54509082c2530ef325b6b19ea446b6dfe54adde4d70e57f482f36409,0.8842416158536586,92.51489357533964,24.061106003116684,140.49923597574713,75.22246819014408,55.69403767227278,26.565129457990867
im0171.png,True,654,569,3,uint8,3c0126856ec29e6f31b0b420ca7c0ec5bf911522fb72e000dec6cb2f506a73bb,0.8880047401685394,107.44658788175343,43.62937435001235,150.91889701121474,96.09678583255487,51.846848850600274,12.870782205832459
im0172.png,True,662,582,3,uint8,1c3bbc44be8ff5c184d5059845112fbb70562e0d913b33fa2f2e032652be2918,0.8608506944444444,127.64134818997681,35.821633459886584,180.3660784511445,112.03199556317435,69.70901482303115,14.115335016846897
im0173.png,True,649,558,3,uint8,3d0be7d1876b982106132884c9af2ce3df06300f94cf53be779104c51590cc7d,0.8840198863636364,142.93374407487747,50.29693827106157,210.09581123965614,131.909847754479,23.511071945047,48.59525511002034
im0174.png,True,648,569,3,uint8,e06833d50dc5fbc9bf3ec22b8c2ef63e6e946a8d2f274e50f473a7bcee600852,0.8625868055555556,170.0668260038241,62.47445606551137,217.5347036328872,165.89952702022742,67.00485559021837,20.464367190217253
im0175.png,True,649,571,3,uint8,c7e025d899f4dfef00ce7d4a1d3eca08574530719664b3e38e3142c748621070,0.8859852430555556,143.75936041071665,32.69576759280497,223.7149673493982,129.44063371070538,7.745173442544249,52.25630046436667
im0176.png,True,647,561,3,uint8,8af25b8afed7dee74c925f51b3f7731c805a23bf71e140c1f9d413789f3e94f4,0.8743137668918919,142.31785707098152,40.16879854677557,201.36038157338646,134.46150053331723,27.891303910322204,41.44353384845768
im0177.png,True,634,558,3,uint8,3cbc4ae7c006e44bd240a5be21ccc902fcc052e7a916c06a772a9e6b83037fba,0.8943580238359202,95.73053196331554,39.638873708182786,131.65073262379067,85.65718726696946,53.36874267618319,18.95085033753159
im0178.png,True,647,554,3,uint8,43e716fc9e3a9715eed914e205bbdd63c39d9a59f0269e4d946fb301ca2dd4ab,0.8754949700342466,129.25854279675045,38.47286448126142,166.96374054549622,123.92480708992284,57.81535640614256,93.89465434449018
im0179.png,True,683,591,3,uint8,2ff59fd9cf89f6f3d9b5a577d56a946f7056360225bbcd8b7c35220305382d80,0.8871023208239278,110.80103772694065,31.82779669522954,185.33676923000462,91.10096963853506,16.72222912493974,32.391471816820534
im0180.png,True,647,559,3,uint8,7b41cc477268b5aea250fdb0a11cc54c6b6ffd2f402c0d3b33db715dcc00feae,0.9294091134049773,93.67060177151035,24.349538816263127,183.89663336962568,62.64134760304095,16.762928554787976,29.36144534849389
im0181.png,True,649,570,3,uint8,ca9789abe35b52c949d007d7b2b44d03b9e592331d7ce4b26ee26f9a3a825535,0.891328125,144.69875147300863,31.67169586535173,220.11789425502283,124.67529533214518,49.96362520816899,46.11857155971525
im0182.png,True,647,555,3,uint8,9faae175bc786aa487a43707a3082d32a665d4a55d8ca48cee665f795984efda,0.8809572537015945,120.72428804460358,33.65608352485705,193.37222679548105,105.43116796541607,8.914242138063036,30.915603729797315
im0183.png,True,648,560,3,uint8,3a8c667640cff17c1193a1a27e75e2bf41ffa0266c2b8fd39502abddad6bb412,0.8682038320135747,120.05543623204633,36.39013899909058,197.75224707091888,101.20407373853561,13.31392318732886,39.24780314435774
im0184.png,True,647,552,3,uint8,d55a7606603a37c08df05d4ce429fe6ce9758e33a3671b0a84345dbb6628c6ce,0.9036488129290617,100.66561977584996,31.34049419364585,149.95471496542788,87.22698406417852,40.57287349272452,31.402237693334353
im0185.png,True,649,570,3,uint8,a017c1791bc46fcbc35afa748582a4d160756d8cee7b59546f186a17e7ce1faf,0.8799001736111111,137.25832515328344,33.94940889176808,224.9473237671966,118.9892171322307,1.2804630812562583,30.48574457911292
im0186.png,True,649,575,3,uint8,b7004c62d16bc29dc0c92f9a1c4b288e033d5e3cde3825dcb9f6652d7be38794,0.9053121558370044,108.18450089812677,26.993298731604103,214.45694218724756,73.9929718016708,5.471868198709359,27.063496215143186
im0187.png,True,647,558,3,uint8,a7f3748da9e8f937fe6a7d356c831cebb35108ffe8ddb98b7845a4671cf6304f,0.9067404906674208,106.38676601737825,31.961003453460865,175.27653643536274,84.28643901773401,39.47909590202681,17.514246215814993
im0188.png,True,649,562,3,uint8,fbeaedb565c1b885d75acd57b6411844e6ab4ff5b50d5c35996136ec30705e9b,0.8916434466704289,113.57819708364856,41.40815228716572,183.29637705882644,96.11544756451525,20.60878960042326,39.559719384990025
im0189.png,True,647,564,3,uint8,e0dc7ed0c20891624ddbdbfc956b8b8f005032fe5495085e5e95715a93501c2b,0.9082250210201793,102.25955784854987,29.645248630610542,182.8336411196027,78.98508160756045,10.745215651293426,24.425801468073892
im0190.png,True,643,568,3,uint8,012db8c08fdacfb8cb2053411e4c9774459e33bc22d1b97e57c840e5835ac24e,0.895594233960177,119.04876919068619,27.880040937161446,161.42768573110362,109.41187964991171,57.512587932182456,35.93949129718146
im0191.png,True,635,568,3,uint8,14ef054b88ed4347818a1b638e43a271ae675fb58eb8d81836e516bee908c093,0.8986592521834061,112.8028206442306,27.407050676007646,159.27440066055465,97.10030749957292,71.75781561414497,42.30535859949429
im0192.png,True,648,560,3,uint8,97b48c84b44bee97925e8b778e101a7b2365ca56ebee8d8b8f40812231615f26,0.8747348699095022,123.13709612237062,24.819607241385526,203.8065832811332,98.19083533714563,39.97428216371315,27.847655655253515
im0193.png,True,649,559,3,uint8,0bc1f3d63c3939c8cbc9a29b3f37d67c17272557ed0175518512799ebf87c01c,0.8808638038548753,123.28528045371357,25.667804119318546,211.86128149950727,101.88954809645436,1.111241276672767,29.05251319345366
im0194.png,True,648,564,3,uint8,00f5a4d3320bcdf85e0757e4828d0c86e55471f3cec4226e920a12d81d09fc01,0.9419580297085202,81.57722526476304,29.604184317201977,137.64012217686823,65.89207245069689,15.291323024853787,21.045816582951637
im0195.png,True,649,574,3,uint8,75a1046b8b8f262fbd4e50d46327ffb902fa65ed8063210351cf1775af8f3c6a,0.9269841680463576,107.80842414686444,29.58483135221919,204.29823117101782,78.62107618104102,4.969376886619132,18.81191642919428
im0196.png,True,647,565,3,uint8,a9c001e92db047d6ebde37b1fa6739c42a3b9ca9688201bf2dcde798fd7ae380,0.9871757899888143,104.3578070986903,33.98032533753857,184.1779762668803,82.75853033475119,6.185850422035241,46.91955579461184
im0197.png,True,649,569,3,uint8,2abe8c027c809efa75e53bdcd2ef6c486c43d5dc1526cc77893941a33127c32b,0.9457300946547884,88.73615531801373,24.24367566198366,185.27450646698435,54.094695784961274,13.886984159108053,23.623847510977203
im0198.png,True,646,562,3,uint8,6668729576103d873d79cc435897a44f7c4e3aca7bd616b93ae10fcc8d200273,0.8669856039325843,96.14795427622586,38.32840105270099,131.52897222756587,89.97429303309809,35.12844371095609,31.3388794456115
im0199.png,True,638,566,3,uint8,e033f5ec79e746a81c4001a03052eb6e39c0060f8da821adfadaa2063a4dc3e4,0.8850796737334802,95.44475174374803,33.078059607801755,134.25019564002235,88.10442073541206,31.447624371157072,39.36289752044302
im0200.png,True,647,562,3,uint8,a2cc2872269dee9269b684c7fef617e7747ae3a34b14ca443fcf9b5caf8db2bc,0.8814913974719101,134.86216322527,29.245280980436828,231.55576855092886,111.26778165595327,2.7088414102838594,46.29141140349724
im0201.png,True,648,572,3,uint8,b20967a5775ab648d48af233b5f5887b89c6261656e20438388f941304503e39,0.8814254355641593,95.3709426765956,28.35525910030345,189.4222753856939,63.74312565262792,11.536324105440158,30.891525521731566
im0202.png,True,645,568,3,uint8,b8a43e7a9715d12db26f077afa8e55deaf1919736e84b58cd8c2eaf97679add2,0.8946265243902439,126.17424726498209,28.061996544959346,216.96746054797174,103.57909284538678,4.343218123729306,28.090990295599198
im0203.png,True,639,552,3,uint8,0cc6dd3b1fac7ec27793b711a29bd92809a125d68d3769839b252330bc367fa2,0.9387416925904978,69.01760959513464,29.593930805940747,108.84578306447438,57.98575133801855,21.330195207139866,29.555918013045762
im0204.png,True,646,548,3,uint8,17ef4f3dd9be145ad89fbdc1ccd4b762924da33bd7ca754b2fb78941f237197a,0.9002601166474654,79.45983153790397,25.595811466518747,129.08564572971082,65.22889849783799,22.565397785498263,32.07909599879984
im0205.png,True,647,561,3,uint8,4d096e04698158290933313d05466f0120d97f155e0065096ca7508ffcb697e0,0.8806306306306306,110.59969429347827,27.28221645953471,154.7010370044757,102.47805606617646,36.72948469469309,55.665190483826905
im0206.png,True,647,552,3,uint8,3e389fd079df0e75e7a2faded3433e82df375db4ced62ad50b051c8b611bd7af,0.8875053632723112,112.1268897237302,31.547557748411634,191.69573055888486,91.45348333618702,9.864025501828033,18.021179589785575
im0207.png,True,648,566,3,uint8,529d058f43c61ba345722d6253d5a33dcf5f8f9d645b870a9cf33cd6fb183779,0.9413712947427293,103.0454174131801,29.00949699203942,187.62517289715288,78.30077142300159,8.588992137240886,24.192092967176073
im0208.png,True,647,551,3,uint8,4ccd337548fcde213a113411735a3eeaf9c57279868b1fabad4a82a43382770d,0.8792959790711009,124.4402227350767,28.827980693926015,206.3389934127069,105.39002582952513,7.6962203304345165,75.64727801538308
im0209.png,True,648,558,3,uint8,47fb51f96fb732d41a3facb5dceec36608cf1ba79cd8c96c751d9257bac7ea60,0.8818248653628118,134.7087826266015,27.561379871047265,218.0413341436098,116.01874350230275,12.35548367979348,65.32835855940533
im0210.png,True,648,566,3,uint8,76ca43ac8af9d79cae7553d0e31d6f0468bf4290428d30b9cf73485f2e06959a,0.8915425755033557,169.2075259015301,37.16112312449078,234.2111771105949,155.34195900843943,70.10391488026976,77.22518006461534
im0211.png,True,648,560,3,uint8,80feebca3e7b7817e3f31b2119a0a4828e241515d3e0fc7b222ce40a72e06eab,0.9496650523190046,109.23751471525686,33.70139920469707,174.11557700092595,95.87896032347973,7.8255014819950395,46.43028377418087
im0212.png,True,648,562,3,uint8,2dd1889e9da663c51d8458e4f5bdf8667814a9cac2b6987f378d408ddf97cf4d,0.8692461993243243,111.0193568956094,34.45648975212229,197.28361267990527,85.54792919171676,15.89699095160017,30.214578089069757
im0213.png,True,648,569,3,uint8,69251a53353b8f7360fea63e37ec7841c81cea4e26275111d00447d8c09d181a,0.9378732638888889,102.80827078107791,32.524570751575695,189.0107225826754,75.64966726210861,16.52727154929056,27.12019732351263
im0214.png,True,649,546,3,uint8,d97d7f205d8f6966f08b059cac0518fcec13676f6a99003378e2292b935da192,0.9416509570765661,91.12266357388978,26.207760811118177,163.62989181697435,67.53334039153785,22.3978806136788,26.39890101760788
im0215.png,True,647,555,3,uint8,83b5d6d55118212e9dcf82ad0a7cadf5d7d236d22572953ac99a5bb834988594,0.9028776338268792,102.43670480639408,21.95393744166975,184.65860016359676,76.97398220146054,17.887078812248077,23.796544139730496
im0216.png,True,647,561,3,uint8,f045fca2922876dbdf894440348b89ccbd7375ad74a1475f9dc23bdb60354a92,0.8841761683558559,118.92500920407169,32.80212866401601,199.87758584662535,98.53473168887253,11.5635379456512,55.07307075651126
im0217.png,True,647,566,3,uint8,c4d572fcd8a054d8993d9d166f9c70aa15307beff5a362b9d486b55b6634a5ef,0.88763427734375,112.0237767801888,28.59400041682459,186.4721073466862,91.5253190047249,22.2815591202444,46.0043111375983
im0218.png,True,647,562,3,uint8,d39914eaad2d702ba3587925fb87f8a0df97a2b13e9ca30a72001b20785069f2,0.9252326193820225,86.45934868717535,25.19286813306825,156.15106377932213,63.88952823699628,19.86075282844335,32.857208319347166
im0219.png,True,646,566,3,uint8,32bcd667eca4ab7bb2e4e6b4dcfaca7ac10439270bc1c60f9a7dab0612f6601b,0.9323757655902004,102.98425880135484,28.79955778480058,180.4362234186487,81.06025417323717,12.695883214675613,36.61747103431632
im0220.png,True,647,552,3,uint8,29dcb13c3ddb572a4c381a505d879fa53ad8c73dc4597f3823f6ee2721256932,0.8736055491990846,123.58645581795113,24.494103845407416,207.7334138255638,98.00246592722957,34.60318524127205,31.725851361992284
im0221.png,True,649,574,3,uint8,10c4f35c091735b81d196fec956e408c2f9931e4d6d4bb5d5b256b139f7b9334,0.9014253932119205,116.57225945004855,29.979324862587116,207.78591209768837,91.5460341603172,6.177368670273062,31.44608038001866
im0222.png,True,650,569,3,uint8,7b9418368f8737619c4c5291d6e227483b9d0a105d06bb793425d52b9cbb4c9f,0.887908935546875,136.3821520634375,29.295579126189736,224.67567819703925,110.41924238332555,38.47028699089191,44.72626970183276
im0223.png,True,647,565,3,uint8,ebd82e29686eea04624984acd48e621c9f69b779ceec5538f468dd8a42038069,0.8758913590604027,148.90394093584754,30.663620934928236,229.35363663573781,134.4997206425222,12.023007083707473,33.983290785220674
im0224.png,True,647,557,3,uint8,6f577acdfe1c58a9e80fed588a6cd3a2f3f92651a74cd9d21d7d31968e305b81,0.8867231788548753,107.92342232100492,26.94268264846154,198.36323951751868,79.62788002896886,16.388812027070898,56.157453901372214
im0225.png,True,647,553,3,uint8,dff2e64c4a6da6ae06f27d914f1e2e5f16ec22ed145b19adb5f608aa4912f90d,0.891806685216895,119.41932967653868,24.18847435571103,212.24294350302262,90.97114399003965,22.412234428204986,67.56870842606965
im0226.png,True,647,562,3,uint8,d8b3cfcc11015ab643c4dfa2d08ea941d61d4fb57affff7dcb736427dada3f3a,0.8809208216292135,122.7743449471623,26.93520721445565,218.20535700940167,96.65298516758092,6.9843255658689944,45.44688949346467
im0227.png,True,649,557,3,uint8,f0b668fff7dd8baa3a3b43bfb1dbfd6f074597a3328ce96e291a82365af7308a,0.8923467753416856,139.11025522134307,31.382873881356208,191.88663864666378,132.5680681653878,34.36771018741493,36.24860840196645
im0228.png,True,646,544,3,uint8,cebdd5433d423afe56a3523b0a2c585cd621e900e18f64866a6058f8e722ff73,0.8723127537703016,115.07900464947141,28.34984239770305,157.37562534091794,103.5776357827476,63.369952466297825,24.13958087042762
im0229.png,True,648,562,3,uint8,89165da9bbc84c4af6aa58617897aab9a3887f5a21298da2682df3abf6eac861,0.8633120425112613,135.03781304934907,25.202049726851456,212.31318437746808,110.73747929989045,57.46083411887595,32.186884371721284
im0230.png,True,649,556,3,uint8,71c97d64e94eacb705a117151aafd9fc60027a12684cc37e5d88ed5c28b6086b,0.9061743664578588,121.24371191924548,27.918086507143002,206.10547479121558,101.04662729098239,2.63893675833051,47.03435009666784
im0231.png,True,647,553,3,uint8,d6293afbf0ff67466e39f95a3e552323e3bfc570f67be174a54e3dd2439110a6,0.8813900185502284,120.2552856716433,27.124661227313467,178.05810064910426,109.22438365451262,25.43948354978574,34.01948912822805
im0232.png,True,647,562,3,uint8,4be390e21c4643cd539565bc48df083489ba22c2a38ee226d9a6fa75f59bb805,0.9877326193820225,68.36237197005043,21.46211820886403,114.25512675242729,53.28411206647559,25.610775622653247,17.467384721253
im0233.png,True,649,571,3,uint8,0f41551704ab56143216ddebcf347cce2d002ac871b1ad8aa815fb3b7056c9a7,0.9144921875,118.3908039430657,32.6356196681162,190.12067451672766,94.10646941845951,55.28493728019592,33.43691945562665
im0234.png,True,662,571,3,uint8,58f8aee404118adb107ffb56bc96c7e0076b5dc516851b463c266128025a62c3,0.9375,135.96880656108598,48.42102110148904,207.52030542986427,114.3027762066365,59.83920154600302,63.187080950355416
im0235.png,True,647,559,3,uint8,7959a6197ca25a0643668998df7c69365f841986f648d7b02ccdc951f577ee2b,0.8682259261877828,129.47473318302346,33.28589829560154,208.3994289582305,106.50763679300499,40.699378572191996,32.54352089719009
im0236.png,True,648,557,3,uint8,d0bcdedd2d81b815b7172f6f34888052cdc67733efae2214c869a14cf6d2ec14,0.872012606534091,127.82569344403325,31.491242080415624,208.48845744653775,104.07171399919571,38.54817838908204,35.95803113779974
im0237.png,True,649,569,3,uint8,56c8e8bcd93f39ce64b10a0d0350ae2ea37648028bc89123505d94d578afab93,0.8671222508351893,123.46972775294596,34.23743548241376,203.61053170195794,95.89509935236605,55.237678149502614,27.21660160404689
im0238.png,True,648,567,3,uint8,ed1e0e5731399fdafa6821d8b1337e81f1f471e86b815442399f985ffa9f260e,0.86236572265625,118.36918495900024,40.05191244591961,198.32237141441615,90.2828528962721,53.271564057713114,18.806419349713806
im0239.png,True,649,573,3,uint8,20285ba16ef863542cbd477a0cceff8f624a82576af42f695d66ac715ae2c233,0.9043098382190266,138.97444559654815,36.51696518456973,173.09472522326655,134.5122109719561,72.42744852565235,51.33887203080861
im0240.png,True,655,566,3,uint8,b0deede6de8640fbd6e8df94def03ae4980cefbf095d8c6364cb8f6f86729707,0.9993990384615384,84.95167751406035,32.49073932021537,111.57043436737293,78.47943121927064,48.43897898907007,27.931657882076195
im0241.png,True,669,567,3,uint8,adeb8ae71fb2f71ad97e629add1e02d4d5b2ee460b425e50381a77b9cfb10b7f,0.9328737039170507,86.14765644597958,29.099414636218512,121.25002894467707,72.5954933137796,63.85054415992899,29.573727843880352
im0242.png,True,646,560,3,uint8,3de7e702ee5660f4d2f107794b2c98f6f48a19eb013a0d143d70238e57c72e53,0.8648824605855856,92.06540801171852,31.052600968038046,137.29861859906822,80.45731694911807,33.20280043944418,20.887567853438938
im0243.png,True,647,566,3,uint8,fd128a0a0959949deb1af72e3aadf56618a5f204a58ed2e5f31b436eead87293,0.8687308175223214,107.89316290787188,27.728496784268657,141.37906115443678,101.47203737717423,53.127236959641884,31.12419160580646
im0244.png,True,647,567,3,uint8,5ac6508aec9f716d385c34dd269742ac12458f778d362e9efc706d512139d5c6,0.9982339226057907,87.46380544007809,27.2509991400575,158.57618462450213,66.32706268901265,9.759358032438273,19.32320518165318
im0245.png,True,699,565,3,uint8,50ac9e99317717fd4ab3b77b6ede314355a38edc40d8168bfbf1bb64c81f7457,0.9317208257850241,57.24265930783058,17.98972997415635,82.95345704954556,48.763543380845086,33.44886705992557,18.221328627439785
im0246.png,True,665,566,3,uint8,4386677a2cfb4d9458397e172db1c42cba0f134cc48db953e8995658c4d6189b,0.9942257382454128,110.97745367053703,51.678019548424956,162.96371140337834,104.0471472405077,10.284203601825695,38.25289753045094
im0247.png,True,557,566,3,uint8,ffb2651573adffe1b9d5afe4d448cc7bf932c916b85958f091ffd287fb1520c7,0.9183136470734127,96.59661812304563,38.39890089809454,160.0577332900084,71.3313555781558,60.24156746241069,21.48372276981667
im0248.png,True,648,567,3,uint8,e019fec0599ba5fd87f91d06518c27811f8f798d21047a97e646e7e339dd2ef9,0.8703656877790179,133.3247479225209,36.31060063237753,212.91821319268087,117.21688430733165,7.47764737704179,30.12362261064205
im0249.png,True,648,553,3,uint8,6689f197cdaf8982aa0165ac9254f71ea41d7201ce1974ce26f19b27cda0207b,0.9326641161327232,75.95873546804167,28.322082688193507,117.60786474855998,63.004677062268186,33.40480548979768,17.293861923264014
im0250.png,True,649,575,3,uint8,a382fb7555e44d707ecf31bbbb8703bfe9b9810b218bc3e5abd7a5b0a2cc5adc,0.9313437844162996,99.43425301054558,29.14026326118499,179.31379885352143,76.0211696668191,10.443472878529626,17.15004844322131
im0251.png,True,646,552,3,uint8,3b3534aa59e9d9c5235c013bb06014db6d38d8f9669be4f57a56286eff59136d,0.8923591247139588,76.85245918060703,24.83993209527268,131.13695281979366,59.68522488229991,22.845372132625464,16.418433101930564
im0252.png,True,612,571,3,uint8,8072773d3c05c5cde019a970b3c10a4f5f755d88a15f8ff4b7f062ebeb204ab4,0.9999673117154811,61.436145434931845,20.120294646940646,88.28804223464418,53.09056993887091,33.966052106828805,25.261100221691112
im0253.png,True,648,554,3,uint8,0a3edc9165de7fa5c3ab44e9ab9d3bb7d5d5b6841f7c71ccab7668ecce415052,0.9507348744292238,63.60745844433605,25.841823440830446,98.73863551086264,50.320077107800834,39.873334959288584,15.781333992763768
im0254.png,True,677,575,3,uint8,213e3a59ed68feb675260b84db501acbb4ad94cddafc057449661a46c4a6fb94,0.9944908405172413,73.05182556559349,22.81719228885617,103.50032732411408,64.69933587065957,36.18533317079998,22.476571056440317
im0255.png,True,648,569,3,uint8,922196cf4e5dcbecb7013f2a42346d72be61e4fbfc3129f6f054941aed140183,0.9212760416666667,94.4674835816114,26.239024447056977,159.81214725198103,70.60695272823209,45.911515014463255,40.90912363735385
im0256.png,True,648,574,3,uint8,01b1c941498ba2fc5542107435c3f837fb4e7d85d2177e3de595428793d2fb1a,0.8979900881057269,95.27875402422198,25.558531323025107,196.14546604323164,60.41460026061628,10.235479265675302,13.726523065207315
im0257.png,True,649,576,3,uint8,9f89630c9eda5bfddae8c790d0000df3a926ad60c1b6f45a8f51340193e0a933,0.8875533452643172,159.2590567592458,36.28888531471776,234.50788619068393,145.6616741796326,31.887160098880326,63.531106814536656
im0258.png,True,648,565,3,uint8,aeb4ae6acc1e7d8b6e23738d430d69f4ec6ab6ac4c15b3f9a5811d9a5b2d316d,0.8859742853139013,129.61599790424785,29.74258682239567,223.68053619620986,106.23762072817502,3.298684223533715,28.20373173400312
im0259.png,True,644,567,3,uint8,48484160eb5c01c78ee37f8db0cec534611a82f460b38e2808fd5908f7992085,0.969650776053215,101.14352133057024,35.66331690458244,165.24684686294125,82.81475989709875,27.347474810633127,25.52497966028387
im0260.png,True,649,568,3,uint8,5bc307bea53e107a7049a58fda64ef4e6269f9528d4e3e0178b6a4b00370289a,0.9906354631696429,97.08976006478075,40.39749190634611,159.83201454046156,79.47731353530375,23.185197246818174,22.144344774293888
im0261.png,True,699,585,3,uint8,2d282706c62f859460f1017cffb4a0dc77986601cccf8b027c35f5da0cae00ef,1.0,181.26135367990653,39.32670427597755,164.7152316369743,185.67607330607476,201.96134364047896,70.4584429476894
im0262.png,True,649,571,3,uint8,bf34c80aadbd0002dda3861fe5422fa6b6264a378f890688f5460e4106f318d9,0.9900303819444445,113.98736535687826,43.61796584378414,190.69928058815535,94.2192518292175,14.544337426513462,38.14894724016001
im0263.png,True,645,562,3,uint8,fe20a0742109c9bed32990a6ef55bd674902be11879742c3b44b0c80aeafb86d,0.9554065653026906,106.02045203489038,34.7202510736764,177.3108507624823,86.60511346708286,18.980281341528816,31.169282249171623
im0264.png,True,661,572,3,uint8,f6c8c4edb0a47b9d8c6ce48fac62f36d0f907104de7906c47f3e7b7887bc52e0,0.9799793665349887,131.22857271398044,53.40980239567952,205.75383196490833,111.39579799797548,37.86599482622877,38.15883822107263
im0265.png,True,650,571,3,uint8,dd62a0ecbbb4b6000a5e4f597f8ca00407ab07858b8ba39cb4d4a3f53d1d1d67,0.9906076388888889,120.50506055135912,52.32072762500243,193.87406456474878,98.09118193448886,43.462144446975934,30.522707578584914
im0266.png,True,656,574,3,uint8,5a16dfa50b5dbb8b48868ef5d35d8a568a714d15126e64bea3362fce8a440c92,0.99310302734375,120.14938936056261,45.6962272516656,203.77616179530628,98.79697884931122,10.740976496308068,35.056711612809394
im0267.png,True,646,573,3,uint8,f971dd17dc5a32b5871d1b92e04f2ba24073439e973031adb16bc54cd4289ec1,0.9722905768171806,113.00150437818297,44.08984050546808,192.24131110983288,88.6324494374068,30.62397182388156,30.687317388180887
im0268.png,True,647,567,3,uint8,2d983ce45d27d58ffb80e4faaecdfc45d9ef11ea427bf955417260b0366e8bb8,0.9882029510022272,104.14538067401486,39.19644661035217,152.02781103637707,93.90738458287848,31.24584022960172,38.1628909642928
im0269.png,True,643,567,3,uint8,6c5b0460641190883dbee91aa5a367e600cdea9636dd3b1fee46618c5cb13564,0.9852324695121951,90.80635774630552,32.56167144502038,140.21454316885126,79.20023120675862,20.942418088632188,27.85268138934148
im0270.png,True,644,561,3,uint8,187f51aa2785b5b8600f17a1722a563dd3f297f2fc6c02357b872ac12639fd1b,0.9424266045403588,109.10804581677935,35.48649981930148,168.78890825027298,94.99791361724867,25.20084105852559,28.051027333993034
im0271.png,True,648,565,3,uint8,3499f8601fa3f7f28339bee323a183057dfb6357ce355f35d113cdd8d0b652ed,0.9130859375,134.1919042708808,34.61447040297845,200.68200282966836,125.30927795496511,5.500558739598571,36.24204174676736
im0272.png,True,649,561,3,uint8,4e6209997f91168a09098a15c5c4ee507fe0c9b934a01b004f24483bf3cb9d44,0.8932614983069977,134.28820469285213,44.092406797141614,184.19883419049782,122.93247485266971,61.8351776354106,49.30960239900514
im0273.png,True,648,565,3,uint8,ecbf57839f3ea22315fd86ffb8fcb07fce0d25c846391836121046669b17b98b,0.8827555703475336,133.81201414829917,39.31794924556235,195.51151161579332,121.2841466621027,36.46818368976927,43.3512053044163
im0274.png,True,668,574,3,uint8,7ac02d79fd93514096130c237edbb0e141d01683db4e74cbd2635b5c22625547,0.9364346590909091,133.33590728100114,35.68846855817448,178.27782043989382,129.02883959044368,37.61131494122108,72.45294898889271
im0275.png,True,649,563,3,uint8,8ba3b7a030e78a90e1c878e34086d9d8057912355b2b4453192b6a7170db8619,0.8887246621621622,145.15110972519204,35.84786580690176,206.16590936089332,133.20430426863072,46.614566009345054,46.91649418264926
im0276.png,True,665,581,3,uint8,b7c483ae94ceb3b6838e665c2026b83020626706deb49225dfe6196a7122d9af,0.9641315366331096,123.90389522104643,43.07075732088737,167.97333846955655,119.87834855317124,29.01732115746301,35.87358008023995
im0277.png,True,649,576,3,uint8,09b3c41315faef20b0bf4627de1b3598162db18483ad3b5bf3dbe458a9777adc,0.8672262183370044,144.55319592231564,33.90511175234998,232.41293747054593,127.35343899595703,2.6449587022843963,26.286622381721184
im0278.png,True,646,560,3,uint8,123ab145561528c6f9e58b4c077ed6fd8dd8e98cf59bfeb6f7d7c096b01c1c36,0.8990357545045045,133.13386111872236,26.640571400826627,195.01093083336596,122.58121795122715,25.155869573726857,38.75264085507872
im0279.png,True,648,577,3,uint8,5a777373d075030fdaecb63a3b29f9958d8c6984ffae666314dbcb1679396855,0.907727693256579,147.45914433607481,39.1866677933035,218.27679081201723,132.2940277168297,39.77100821501541,42.787321695013055
im0280.png,True,648,561,3,uint8,8735693917f51e681161f9114924173344ff69840e29a84b8e644c6762f4fbf2,0.8851006983634312,112.61052028592064,35.40157655431079,165.8960723269657,101.22320739209484,31.463126696719883,31.479766531682642
im0281.png,True,648,562,3,uint8,521ecc12b1a26b27def25aafb04f3d67551ad9b803299ef5ea6df0cf246a44e4,0.9507363809121622,117.37144483155893,33.82067629206942,179.94568521577392,106.42514424255884,9.582420683943386,39.22943244867776
im0282.png,True,519,547,3,uint8,dd9a4ca6f7cc0653ec7d74cea60fb8e3149f84b2f41e0300883bf996c6a59301,0.9698752572016461,85.69572297543674,36.53644509445035,109.27139341001757,81.63520568833493,44.73914376636722,34.30762898029221
im0283.png,True,646,564,3,uint8,42c8d6e4489ea31f526bed302ffe3013d99555730f87be5e4af1569d2f594735,0.9771480005592841,101.13741649301984,39.869726468132875,126.04051709489613,96.79004981353461,58.183129577792286,45.04566215808242
im0284.png,True,653,567,3,uint8,eff7d944ab846771068100e385c3a3ba72a4c7412707df7ff045a21918c8b159,0.8987666783707865,110.73015260651935,25.085310554770032,133.1647466731779,104.91856916127458,81.7946380173361,19.26112125064782
im0285.png,True,539,549,3,uint8,474c8579fe8890c247099389a4692d7993cf6e5acda87c769b500f4b93ba80b4,0.979024291749503,90.9817200377577,37.79079344517379,94.19435696891335,97.63361149230171,48.280874455646604,27.060706759216707
im0286.png,True,648,562,3,uint8,b70e51de9c36e9e5cf210feda0b1247934f13b0ba40c5b4aee65ee5d9c0b6854,0.9405308628941441,113.90213227693876,34.899564924288384,137.93010116505855,110.65504726180843,67.5890724899326,36.741249259191086
im0287.png,True,656,567,3,uint8,fb48d6c436def5543be0aafc9b7b09bd1da32af43f463698ada05b19b78213f2,0.9991050014108352,114.71086389571649,36.268427464010095,138.95874023114297,110.18513500990676,74.40589904374418,26.490071715168686
im0288.png,True,647,571,3,uint8,cd0970f5ccee86411433ae5bfc4dfd075c9b1a311d5e37425d0315afc7e93edf,0.9734902170907079,81.47049789381639,25.575584209904598,107.56158090275157,72.37990758536813,59.83158076958928,15.18326714312863
im0289.png,True,648,551,3,uint8,c855bbfdb446fdbb52d323270d97ef9e4ab83a5e00de8d413ed4e6a4ab40a684,0.8715562140804598,100.4307181899203,31.882980080857134,138.46820151149072,93.05024393008196,38.65259925919439,16.806711044528758
im0290.png,True,649,571,3,uint8,a42c6310a8cf913fee2ffb2f8cfa15d4e305ea3ff46343326c53fc1a3cb3c662,0.9986892361111112,92.8536232387939,30.306339013640553,140.769437370164,80.8995210736295,28.706751036514877,25.770886990395685
im0291.png,True,648,558,3,uint8,a8b5abab896edcc0292f6b3644de2177ecfa39e70e2fcd3699866ec883635778,0.956827522675737,110.58021977004684,37.274759157484745,141.05733091407305,103.53081316768807,66.91614208216845,49.96116567958876
im0292.png,True,647,557,3,uint8,1bfd8af8bbc4cc166a6e3cd21780f6bf0b583ca5f881f57269630726cf9d80b7,0.9698793579931972,114.0635459904745,37.93958261200712,129.4346890968122,114.56666255690872,71.13179993698371,36.53885405992102
im0293.png,True,649,558,3,uint8,5232f83c2b0e28f2c69d25ae592b17ed807d0411643b4ce68a1b045926095628,0.8857688210227272,126.50950657993646,28.226514544485443,168.0309151774528,117.49518406783399,63.994903430787886,28.842593425801354
im0294.png,True,648,571,3,uint8,8121871f91cb8275bb89831e1b8ab1480bd77cd6593caaff0d156a589925c81f,0.9153790188470067,143.4029105084874,42.752947490105534,195.90980830005867,133.9695465813826,54.23330431656038,45.84098193328176
im0295.png,True,648,563,3,uint8,bb9076713aa6c439a1169a7648c646fc0ed7d0874ba04b67a18f8ae02d306e9a,0.9034541783707866,145.26548388820606,34.44676255520984,216.43444275491515,130.144678225638,36.4344816194867,56.86563884733156
im0296.png,True,648,566,3,uint8,5b13619fb72baa85af491d7c4cfb1c2129377e122c0b6b6bc0c4d60494b7ff2a,0.8998138632550335,115.25255541797169,35.05178827368088,186.41443659407093,98.37358875373297,15.506135431082622,25.248382730626755
im0297.png,True,648,562,3,uint8,472d4b18476d9b9005d530865a79ab90272ae4012853a67d5c9487726c9504d0,0.8981515695382883,142.73208277213175,38.187865181242806,208.98488061711768,125.61360107750704,57.08598016407493,35.64427932809787
im0298.png,True,648,569,3,uint8,fd23f452fce2effd03e0ea7b573cf2b29c456fdf6387527bec671d03b68490ad,0.9024088541666667,144.15291345020802,36.88019963981759,222.09647211600895,130.3506240530986,10.7546737849602,39.938994043565614
im0299.png,True,649,569,3,uint8,5278be85daf2d72eac6c0659a2f3d91279d1c1203c0fa963fadee18fb4e5e115,0.9039053800111359,148.7255542669047,39.97943965701735,211.81592612020384,132.42785988248147,67.1475911586789,48.44601098282143
im0300.png,True,649,569,3,uint8,206b0c57ad304508600d40a170094479d84ec9524c3e74dd9ef9368b490500f7,0.8927564727171492,151.76396698402797,38.67168796213667,222.92630850638784,137.3097878519154,39.51470029332372,43.03566207077331
im0301.png,True,697,570,3,uint8,c2efafbe22ed50ecd3941902fbe7d5e277805ebc2e4982c401e7da892d2fdd12,0.991059442124105,68.31858802502234,28.41588210271323,85.30817459197591,65.61250176379286,37.65757960585109,18.390885343702593
im0302.png,True,649,569,3,uint8,760a962b3daa4b867a11a72a8c080adf0b12c9aa32754ccff59a13287e78ce4e,0.8816380150334076,118.68045372462724,25.349950614913364,199.76008249538677,93.39661926800146,36.19610909916222,21.837986690094496
im0303.png,True,699,570,3,uint8,32934452f2b7ad13d91dc35b3881e2df5fc3f5255a19b77c2f37bfbc0eeca65d,0.9976730711722488,76.11151284669208,28.371294340285438,94.03008645641117,74.8672008917281,35.482273157298216,22.7832119606993
im0304.png,True,656,572,3,uint8,c0e0c8bff07ce6c373cbb76eb6e12332ded89cfc88b82b4e83fe833a0dbea40b,0.9876637822309418,99.57744030859955,30.83310610260092,148.45840335202962,84.20056753940631,50.521315981998356,36.13159869796718
im0305.png,True,648,550,3,uint8,c3801c863e3fe049ea822929ca73076426ccbc40d8499bfc9c457ee5511142cb,0.871399066091954,120.49281216830346,28.767127821114936,152.8273683776626,112.26069415389689,78.0714248910232,17.042239455582294
im0306.png,True,648,551,3,uint8,a3109760b3a1ada6788af9519d10582aced0bed2bb811669b55501495eda77be,0.8910425646551724,107.62278222047537,37.1643134281365,106.46805540858541,114.21816752581216,76.68030213702993,38.92041738965481
im0307.png,True,664,572,3,uint8,ae2a06ddc3f680a4a46803b9f1a50a8b22da97ab9d2ad204242c09a8610baa51,0.999437535430839,112.14180754658454,37.87388863694178,155.89084262069883,103.58477832184876,41.43799437218886,29.246897190690365
im0308.png,True,646,549,3,uint8,5d9bfa2c87a41ed32f22386649350f972d70307dc915792fcdb4b2edec7e0166,0.8719872485632184,109.86317832850177,54.05739962231033,131.109505738663,107.43006245848545,66.65753904298977,13.961191014487326
im0309.png,True,648,550,3,uint8,86f3ac08837793e345b22a3ad930826f2f0c12dce72627bcd74c38f436009ab4,0.896654992816092,88.98119207022428,26.119589252264262,119.64369588839426,82.56498900867788,41.57535940872195,20.840909216013333
im0310.png,True,649,569,3,uint8,4912140d45208e5c3f34c1bfab19e4f4318c8313de7860a8c0f81ec19f3dca3b,0.891260091870824,128.6325394113915,32.51269977618016,195.06046171116208,109.87025233051881,50.999233735174975,23.957043053056882
im0311.png,True,643,550,3,uint8,ca3af03666dd143b90830d2c869becf933cf938aac9a64595ca5e81f09c224fb,0.9026826484018264,106.8520688428707,45.44412754723025,121.66442558488777,109.1619161002213,56.08088148118875,30.954289716415378
im0312.png,True,642,547,3,uint8,a3208ed3d0210f442de55d812bcb6a6e70dbef69ec575064502691f723e5d782,0.9569864535550459,87.06040818237139,39.975278569993904,94.78856902120489,89.74325235219773,52.95663998502083,44.41063676497888
im0313.png,True,646,552,3,uint8,47d7b38139ba8dd1332b369bd092af93d7ff5067ad3f09579cfb781030e6b744,0.8810426201372997,120.31424759547096,41.83856845735365,146.96336897853172,116.33489915182014,70.89993811127795,29.877349736841563
im0314.png,True,627,555,3,uint8,0caae669866ba9281caa47466a0994888edc8998909a141f5650766ee4cf067c,0.8727235099337748,110.98133052723105,61.67965462228909,129.70936092008537,114.15911785629595,45.47654829657735,19.45436449347369
im0315.png,True,647,549,3,uint8,bce88f20a155dbd36f44685b4f20a2999f34c12c869b207ad44c697812008ae1,0.8940497191820277,112.52308156947625,49.49292958416851,133.81731054790728,113.44295170261495,51.91581305212292,26.232685606843333
im0316.png,True,648,568,3,uint8,faf80d2e297f04bce63f18ad4b6be6a78b81d240624cad665b611d2a713b6727,0.9991343610801782,72.16171867176922,27.718066979991473,87.43410002220394,70.57215190975623,40.25843640749013,24.689845943767086
im0317.png,True,649,560,3,uint8,808bcb04c960bfac43167d6d0538d15a068ccbd21e89244e863ffebebeba9f34,0.8695559954751131,137.30303784860558,23.41091867527747,217.8800004065371,116.51454386535491,32.98448044556468,23.519028773051065
im0318.png,True,649,568,3,uint8,a75343f0b97ea3a5662ebd9a8ba0cb5e436c807dd4a9e1dc0f37268a42f01cf4,0.9131513323102679,147.8274044544174,39.848503512558146,198.09174285646083,141.66691174715334,47.70015993888902,32.92515545734973
im0319.png,True,649,566,3,uint8,b30cfbc0ad4f2d70c3f907e1fd5554d1741925246cef26207de82f9c04655007,0.8994512024608501,141.58666906321045,33.91885298197258,215.81344849697842,130.25368225715562,5.187610516293259,36.09202908476345
im0320.png,True,646,557,3,uint8,c17015dae810e9beb3576a6abd6373cc688ca9e3fdd206a9ca14ba700a8cd6d9,0.9393999787414966,113.46726918706891,42.09474755078593,160.394509426757,108.2835900409695,17.051251950648016,30.110337092697357
im0321.png,True,650,563,3,uint8,ce02be03309ebc991b04357b64b829aac20e1eb45a3216b7f6c9a8b703a6bdb7,0.8717638967268623,149.16678804430285,29.792884277261937,223.79648004855105,139.41069134678602,3.6192231831285087,33.437456031475904
im0322.png,True,648,548,3,uint8,3d758c5a887f91c8618c252f1654ccdf24acb9b14efcec2a3b2122bf4009ed32,0.8829072243071594,118.12425346255435,26.591332028377145,183.81337713360276,105.2530487337601,12.08806204243449,31.622186530284434
im0323.png,True,648,556,3,uint8,a706df08691125b35f8f4e0bbf1087d2149c58aa9a95746ba61ca131ac2c9699,0.8941397351936219,126.033536676386,29.63292531684991,194.2869376138207,114.13009643038403,8.271890891359082,46.87680180575288
im0324.png,True,649,571,3,uint8,e21b77304ae2c7364fb34e2b95f0eebe8f54ecacf72ca036345bc60755000d9d,0.8976171875,145.63926967134245,35.01346384211519,227.92950568393363,131.51519019781347,2.5276846976224667,40.78584107231272
im0325.png,True,649,575,3,uint8,ceb1e413f02e12c7985ba2dee6a163a1b6d375a46a1de7bf1094f8bc05212518,0.8961789303414097,132.6221971533495,36.26047654843742,203.3014857307443,118.62143868660442,19.307702277800445,53.34982169325803
im0326.png,True,648,567,3,uint8,3929d3caedd7f7d4371ee2ed49994b310fa202b422f6191ea081432a8cb3095a,0.928680419921875,119.35181229667116,38.22247269357387,194.2282869442345,102.93924898012834,7.43395597534469,29.328442077422313
im0327.png,True,647,563,3,uint8,29301db479f2ae069ce954b3e43b935e50dda5971bda2e3d8f760a6e073c9a84,0.9253477088004485,111.99644116324744,41.86186133225069,178.11198031281796,98.15861432526442,9.80349258181302,25.493884896162697
im0328.png,True,648,566,3,uint8,14ffc7b5caf5bf739822d4d10209478603b9b5e3c3fdf2c2919ec022f918136e,0.9456008808724832,110.62879018917445,41.72420390994281,177.97537589989557,95.74028944522998,10.621064256471392,27.11546683429859
im0329.png,True,647,565,3,uint8,0fc2a721f8c1ac58e77c15cf6ff812a4e497c62db3333c2d2ef76b00361912bb,0.8943084102348994,108.02294857701234,30.83589104320887,182.13613289361183,86.05219005740808,26.74333455478197,22.307105825851437
im0330.png,True,649,574,3,uint8,b124efb9023380a25ae99ef2ba411beb5d3351a02c23c0880f314013bc96993f,0.8691880518763797,141.55959443639756,27.724100556445965,231.0916238417429,122.30729280342864,5.836638623782218,30.609508555845803
im0331.png,True,655,581,3,uint8,5fb2cc3659abab47398d55531ec62c577dc5ab00bd3a6be89e359530bc6e57d9,0.9417461109581498,106.58767878596846,29.677886709867813,173.65104816200488,88.5977926699466,23.293320907965484,34.78988544117138
im0332.png,True,646,559,3,uint8,a0b4c49368a249467d0aa14ffdc2e82702eb2448364affaa3a35d2bf6de3f378,0.8905412316591422,109.2746832748318,25.659470415086407,171.63607919243128,91.54313353697479,36.99837614919625,39.2780826614801
im0333.png,True,647,558,3,uint8,25e5083ebfd1b2ab65cf6241b46dfb8e544b964eba243a0e4197add7d1a5f815,0.9085522129524887,103.90100627890803,31.554367415780764,180.260236662792,81.73013827215735,17.76392084004105,30.370057179630475
im0334.png,True,647,569,3,uint8,2d73ff6ce87856dac967c1279ec75fe61a0779ba931f5a514643f9e29ed839f0,0.9610894097222222,68.84845214171202,33.03577942245697,97.9875132657439,61.80302571860817,28.662596247205727,25.54126646785329
im0335.png,True,648,570,3,uint8,5435d5a86e5f94428f68468576138b2c50b63bea50ece51a6a98adde0213f81d,0.9548654513888889,68.2608988140963,17.59963625433417,121.08668596960923,48.75486475061477,30.129181230994405,16.19714439107753
im0336.png,True,647,554,3,uint8,2a88fb3cd5f83d5d5c38e5d38a1fd62738774428dcc81d7c754e38a7e5b9f2b3,0.9481084118150684,68.7697430615326,24.590190267295856,101.41817993688241,57.80030006725645,39.59952309059867,12.97129163995924
im0337.png,True,648,569,3,uint8,f42acb9396c7df8d218c3ae22fe20ca750549966eb0adbe1ea398070cad4332e,0.9215885416666667,130.7885736622491,35.83100230529711,197.54957755234676,116.88252470164929,27.265331976979663,41.90319977357288
im0338.png,True,649,577,3,uint8,1a07561f719911a9d0f335189492f2cc85ee81bc54d21d9195190d03cb4a345e,0.8730125343406593,133.01166798605544,27.159951715522265,223.63753521784665,112.23719496304892,2.2729266337884817,27.9225851437878
im0339.png,True,645,552,3,uint8,1c5f01254d737a5b2adc14a928e9359bf6e1400e612372f2d939d3ccff945526,0.9364565496575342,106.18047103416093,32.640987784372314,163.4014123405998,95.36561812519642,11.763682942392123,39.58945747578426
im0340.png,True,649,576,3,uint8,0557f16f968c380055022f0c8db6da9a533e6a71b331d387a0f8cda2bf84e1e3,0.9699846847466961,127.43935140217589,48.295255762689266,161.38326880175276,118.94715506650523,82.11779785426951,28.431619215459747
im0341.png,True,647,565,3,uint8,85e6378edd4d55cfc455757cf321096d72ca03b9075c7d1a1a1c87f2eda810f1,0.9478030620805369,89.35157063959653,33.17578960316465,155.52561797545616,67.69163001687274,27.292327054462977,16.06610913331012
im0342.png,True,656,569,3,uint8,3454fe061ee76fec1c94979f77942aa6d2bf14f56aa01b76f77f78d5ee3de652,0.9805039414414415,102.5335268466011,32.61912134139604,149.5567215203503,94.25234638575839,21.81595901227478,17.259586987989877
im0343.png,True,647,555,3,uint8,823342edc98e5daf3d217bdb96c6774f88d036cc6ad4ab48f721b47757d9156b,0.9289979000569476,87.4324622022997,28.433779648417154,143.90772907298057,71.46132111163791,21.533712627329283,37.54891326140738
im0344.png,True,649,574,3,uint8,07eb531dc62eb980e50058401b2f9f24d73148e47f9b78909ce375e429f73539,0.9261304842715232,118.05746660893935,43.0501896623152,175.3759072266216,101.09611597603386,55.034678286616106,52.46025948330412
im0345.png,True,663,570,3,uint8,e4c66bdfa69a1c4ef621ae4e2275495d0fdf422c808aa23b6f4385629c498f5b,0.9286976207386364,112.68750627339078,31.0349153163963,164.68707609802263,102.91938513600711,26.590506507597375,17.647356314467057
im0346.png,True,647,561,3,uint8,182f944982a1949c1f39b6947c0a7275cfd91ee56af0e8fa55a24ea7341a9c68,0.9101606489301802,79.59660230540587,27.261381773220993,112.40327203305866,72.92458857929968,27.89106594814045,20.362826551594377
im0347.png,True,648,560,3,uint8,3ac1f0b394a49b43fc69566cca52281782b0cf430b98966296826d1d5bb85ad0,0.9039743000565611,124.21936423672723,29.167872936409665,185.88012103258984,110.88491638681546,31.135658175810104,62.628584853760614
im0348.png,True,647,542,3,uint8,1d9017c7c1c2222e460649d421aa2f69825afc826b9073cf6b5c36f08ad5415a,0.9255536130536131,93.88116834566347,31.89734125096513,145.54008440894066,80.46572977333543,27.447337871871557,37.6920298918964
im0349.png,True,571,550,3,uint8,fb9e408115e3c0a58632fe25d6437d7a98a87b37c987cac403f543601230b345,0.9623795638945233,76.84222377737527,30.803576347332122,118.29170508809484,66.37752346451506,21.986077721060433,20.37543259101177
im0350.png,True,648,545,3,uint8,e948e0a86f178eca1cab9ad9dff2ce79a29fc10b710ed436fd8123b6972cb36f,0.8898546258700696,108.84980088202641,36.00558338805379,170.69821150300967,95.72689773178656,14.181171893301284,18.687353998068364
im0351.png,True,648,572,3,uint8,3afe63ce2403d3240fc33ac1b1b885da8fabbb88de9706a0cbd3d7e4bf613b86,0.9967375898783186,94.11606674498957,32.92838469059209,140.01196086166757,82.38963189678717,34.101587122673614,33.80912728471638
im0352.png,True,648,548,3,uint8,37b884e294d44d562f62fb598131c8781646e322e3d292b4439785c61a0e46f0,0.9303821449191686,85.89206446170405,31.959182707250033,138.65404679485314,69.44658250186656,32.16081003771902,23.27566183177281
im0353.png,True,648,561,3,uint8,02c6610689b9e5aaad1f1096fb8d765f3f0a5142350fb25ba4462c3798695c69,0.8840910694130926,106.53821449587585,35.518440443426826,157.48349839921008,98.73100246352094,13.101353440451613,45.67694837277747
im0354.png,True,647,549,3,uint8,b701eb2e4837c83ec6f51cc77e30771c2b52f84e5b4ed6a69554cf5418d1484e,0.8930596558179723,128.52289551261055,26.29281782184569,199.11424324120034,109.53103882687898,41.14394920506941,52.90129930839944
im0355.png,True,646,553,3,uint8,a04e50481a9066d4099e436eaf90dfea65c9c55f9d86012b2b31b6b32f8555f2,0.937580265410959,111.50126986844734,30.60739643569443,178.53696411075916,95.84458617508014,16.2770691245993,38.292169641336585
im0356.png,True,668,575,3,uint8,83bb26b1fbf8b75404ff323e7eea035376e8961d236ee0f3dc5759242bdf9304,0.8856735402494331,89.70991309043995,19.471753394372968,150.81541969616657,71.52515776735441,23.052730800388044,15.576573770784286
im0357.png,True,648,578,3,uint8,bd16f4274662a6c34cc05f693c7301f6e5edb9c8339bbfcd0982ffa912f7991c,0.9424148659737418,82.3367693075144,32.295254549137844,148.4415309963267,61.191596752981724,17.82103305972518,18.778378539181997
im0358.png,True,648,570,3,uint8,72e88d5741a2b4de8b8c28ee479bdb12b1ac9ecbf25d31adcdac614f0c78a09b,0.8848177083333333,147.27845797647427,31.312085261498357,217.91223474703474,127.1251729110869,65.76479186900943,35.56444418209185
im0359.png,True,648,564,3,uint8,7117ebae684bd7e1e2a2e217b29f19d78237a7b69a1ba59081a88958d9abf498,0.9020591017376681,135.15216008777253,40.16689139028237,174.88772592445153,131.036133348221,52.10589017753548,46.88566610549109
im0360.png,True,648,565,3,uint8,8181e592b56f5014745a07baaa271cc207f693c481ababd9119edbbfae62b515,0.9003293161434978,132.4247490174715,40.754457109750874,182.32824720806258,119.44727421300439,68.33703159656018,22.709388469759855
im0361.png,True,649,574,3,uint8,1bf8eb86d29c48c6ee39622486c619e6ed3c168b7f6135d6109130bca31d514a,0.8980365273178808,158.3339814774806,41.39609949331757,227.0402665552819,142.3710601237715,60.30123339430689,41.346455975562556
im0362.png,True,647,579,3,uint8,d3f0be5d7f25835c98faa405f9ca6bef4590e7d8c214bc384a31ba938d454058,0.8772985466703057,93.49791224121756,33.19637713464468,182.00439911920398,63.35144344579847,16.5474351433724,15.60555296284843
im0363.png,True,534,552,3,uint8,ff19d139c619b725fd31aa3518b4d074efc8d300534e4b9f0efa7cc8e34b2fdf,0.9580255681818182,80.16317822752696,30.074146014907583,110.39578339552392,75.35644269816558,25.603499971169924,27.520326030510624
im0364.png,True,649,572,3,uint8,b008e4134ddee21978e67ca45a5c3ef813d874f7105eb6d8b6f9776145e1e15d,0.8761606152993349,149.96113011328814,33.88193456203062,217.19755728662093,134.44168528440656,53.50355384645802,33.888311768542664
im0365.png,True,650,569,3,uint8,46680cc2eeae9b47890a3823fc68fdbfbd79d59bd552176e19385fb1877c91c2,0.9206891741071429,120.77874270778089,33.777944710789626,195.88747727100537,101.76707042200167,21.659055610273505,39.14868819041403
im0366.png,True,660,590,3,uint8,3c3ccaf7ceb62590323ae27a42db6402a680a54ae75abf9a9df5bb90e39ec372,0.8893371315502183,112.44640510966406,28.658912520484165,165.55584858975956,101.17597076903897,31.165819531422326,30.577828384958405
im0367.png,True,699,571,3,uint8,11c95f1c1696190b01fc9aab999ebfaeea9e2f441ff769872e9d63b5791b49f5,1.0,75.10524446770334,28.36013068934716,90.15448377691388,75.5999691611842,33.0446134868421,35.87964145729129
im0368.png,True,649,559,3,uint8,c649f9bf094cd4e92858904680069e0208e45728caed04c61fdbb3139038e7a8,0.8852217970521542,96.309797074186,19.522042889389503,182.01097180251756,66.04363705497408,27.35360923772739,11.977510354086032
im0369.png,True,649,547,3,uint8,7bf6c7fc8dad942a6434b3e20646e648d08ac7fa4588a18fb4b003211083bb16,0.9105269820601852,121.17471722096984,32.52360550840454,190.87835784581466,107.36940028004807,9.413567434978201,42.55179215107951
im0370.png,True,651,567,3,uint8,53e051950796b7b5cb8c978d340f173978f50b440cef28bdfc7946278dc66f7a,0.8808549957959642,152.57497824952148,41.03836865343474,221.49459842402248,133.92127072509882,67.84744835814959,25.512677018692077
im0371.png,True,648,569,3,uint8,fa3945d155b462c3f16664fc11e7d300f7bb3db8e98286658245cb01879121eb,0.9739279513888889,119.83170152366607,45.56607057147028,169.43888623976684,109.89076308084476,40.8594875954241,37.48650856815585
im0372.png,True,663,577,3,uint8,e5976137fa52d029eead2feb1cbd7406a28eacc7868b4dc1fa4edd1977473f84,0.8822869955156951,138.75067006829732,32.917699803291306,210.82245671855145,123.03349845139772,30.614487372935198,31.153458166425796
im0373.png,True,647,557,3,uint8,78a3b74d242b53d1568b2b341349bcc6d9e3aadaed617a2262bba680c6ece690,0.8887604520975056,132.23971595863958,43.07565697194319,187.71522112869067,117.97386321166064,60.17112246169179,17.301944345953
im0374.png,True,649,574,3,uint8,f3cccf727aa6db397e1b80f247d00929b2b1feccc6aefe93a923b1bcfe288954,0.9886261727373068,93.37837224921282,33.44986564402756,153.3463658645082,76.07564828302034,25.16122687507087,21.53592589481567
im0375.png,True,647,572,3,uint8,40d25afe9832873774bb2b5b391e66a09943a77aa00248e0861c7747bf673734,0.8703392315121413,150.03387941326542,27.334643392028866,238.77151830697056,125.80380753283167,42.04348493780435,24.14655278394032
im0376.png,True,648,565,3,uint8,7cfa47b43796bb1d89f0ec7fe5d5ba190f97bc7769549c7e9cf55dc3c2dddc66,0.9662056824551569,89.844893149319,28.449663482963395,169.10321118589525,64.8637251569334,10.587205112516147,13.737667955217757
im0377.png,True,648,566,3,uint8,71122e2404d6f14315736b78eae68228ecd48d60cc2749e63b100aa63e256f0e,0.8723084451901566,152.2252053696654,25.593116213318265,227.53496794229613,132.3600130234422,56.98466740132238,23.97920727592362
im0378.png,True,649,570,3,uint8,fbf28fc2f150652080ce187ecc79b6ca968afb654deed3f455eb57d88d5453c3,0.8955381944444445,138.95004652695656,36.93131607116271,200.16243239051624,131.0004555764496,19.30334121706764,33.04324767557645
im0379.png,True,645,568,3,uint8,d94dc3126d86278e408d5fc277dc6ad31a82066156c30159d8be60fd710a1428,0.9146038317627494,108.18381291046579,36.85744688041176,174.88802185678503,93.08711462974625,10.934922085485788,15.107404104429955
im0380.png,True,650,571,3,uint8,f0f4f45198fc4e62767743aaa8a6be84f1f12dbc6fa9eb8cd8cc16d05eb7b088,0.899453125,160.63281121823638,39.04534914148022,236.18884449462925,153.02922782941025,1.56121582365828,48.90820919727534
im0381.png,True,649,572,3,uint8,bae5e30c384abc62b82fd9f582d6676ef2c2d43b065b27b817e86f22cd7de8a4,0.8912269609201774,160.42911635365292,41.95545998016618,225.2290045919483,144.4687042931072,72.62798415899317,50.867563493875046
im0382.png,True,662,571,3,uint8,7033a7645113bd38974217969411e1bd2b1153c6567cf749cdca6445fa486506,0.9602879312782805,123.84492239447444,37.851771709782454,181.1097751211364,113.12932720403835,28.793711490587484,37.72322256998998
im0383.png,True,650,571,3,uint8,1f7c538ea1aa16b9d07338f4e70ddb749d56b7d5dc6fe5c94fd4c9a6a55e5ca8,0.8720789930555556,147.0048923240779,27.00245860218416,235.27951445052184,125.81389260776302,24.55582873381875,29.409930372686965
im0384.png,True,649,569,3,uint8,f67aef65e20d6485ca2d3b4b20e1ae93b24ddfb853e23c612b8b524edbd961fa,0.9030788905902004,132.7057035649087,41.51458554949589,193.53197146531667,126.09417312518364,7.1964047455047275,46.14850921800557
im0385.png,True,647,553,3,uint8,69820f1c7f8a3019e638f99e27cfd06c598dc6187c9513357b00a677fe95f377,0.9507705479452054,76.78117964880684,44.60833568797723,90.02852037370553,76.74228481915053,42.203844927209964,17.20528241503459
im0395.png,True,671,587,3,uint8,a03c7bffcb0c6016f05c4cadb39e1a6393439783a06e48429ea000222f46e487,0.9695608956473214,137.7484959126595,46.0470324540958,188.80742735865175,129.1705351763087,47.97130318263982,22.94254994744315
im0396.png,True,648,572,3,uint8,d7e3ef51e724cba4c61b54b734c1d38d2dcbd068139d96fa8a7b99b48f181850,0.9430957895464602,106.36404664268859,38.006185263984825,171.4245446839706,87.73040709262102,31.659641245332296,23.827354987816072
im0397.png,True,648,569,3,uint8,d3ec1f9ae03d59e78a9be246f4ca43eb1807ac09eb5c1eab540f8e2cf99e98a5,0.8956640625,129.18301907821728,36.660952518608845,196.17567272885864,109.8388649017983,53.058082680351426,29.856828956016727
im0398.png,True,648,573,3,uint8,55c42ded5041e125d37d5cee1bef28a778e0174fb1e8e49d334c44b3e410917f,0.8872490687086093,139.79048521515173,39.99873639001095,210.65802172169984,121.94074398036786,45.8162937045946,38.41972337603465
im0399.png,True,650,573,3,uint8,03f6ed28569108b797864dd9131a469585fefd38df4e54e85fe286a62a0de051,0.8934182718957872,149.30930048812172,38.47741758803164,217.80917688232242,127.34815633467603,82.70132476333124,45.7276883503556
im0400.png,True,649,574,3,uint8,b9c670ba1a6446fbcb1c4101cf1246d6e56ae74a168233fbda1bdb3bd1b89da7,0.8927592094370861,151.92912784997802,37.365318365644434,210.48519532702608,133.16253024441838,94.96080902913606,53.441704022243144
im0401.png,True,648,571,3,uint8,e9e09e8e7a07ae4b690caee8a85f441885fb8b8ab7cb5b01be8a40b08af9f621,0.8815999168514412,137.30295914958836,28.736838779838294,227.44244788084805,114.9139469082192,16.117530898158883,27.668258538519197
im0402.png,True,647,573,3,uint8,b4085777defa913b9f25fb8150468d84b86d9c672541dce4f31c52e09e4a72e2,0.8940268004966887,140.06895836648872,32.84589933937808,228.70336665750372,121.82233539258381,1.5257358082919796,33.9967963632527
